technology,component,component_confidence,component_reasoning,material,material_confidence,material_reasoning,hs_code,country,meas_unit,amount,percentage,country_confidence,country_reasoning
Smartphone,Liquid Crystal Screen,1.0,"Two out of the three agents (average confidence 0.78) agreed, aligning with industry standards where display quality significantly impacts customer satisfaction.",Glass,0.85,Round 3 refinement with peer support: 1,700800,China,metric tons,154933333.33333334,41.67,0.84,Multi-agent debate consensus
Smartphone,Liquid Crystal Screen,1.0,"Two out of the three agents (average confidence 0.78) agreed, aligning with industry standards where display quality significantly impacts customer satisfaction.",Glass,0.85,Round 3 refinement with peer support: 1,700800,United States,metric tons,118866666.66666669,19.67,0.853,Multi-agent debate consensus
Smartphone,Liquid Crystal Screen,1.0,"Two out of the three agents (average confidence 0.78) agreed, aligning with industry standards where display quality significantly impacts customer satisfaction.",Glass,0.85,Round 3 refinement with peer support: 1,700800,India,metric tons,51666666.666666664,12.33,0.893,Multi-agent debate consensus
Smartphone,Liquid Crystal Screen,1.0,"Two out of the three agents (average confidence 0.78) agreed, aligning with industry standards where display quality significantly impacts customer satisfaction.",Glass,0.85,Round 3 refinement with peer support: 1,700800,Germany,metric tons,20900000.0,5.67,0.82,Multi-agent debate consensus
Smartphone,Liquid Crystal Screen,1.0,"Two out of the three agents (average confidence 0.78) agreed, aligning with industry standards where display quality significantly impacts customer satisfaction.",Glass,0.85,Round 3 refinement with peer support: 1,700800,Japan,metric tons,40350000.0,5.83,0.76,Multi-agent debate consensus
Smartphone,Liquid Crystal Screen,1.0,"Two out of the three agents (average confidence 0.78) agreed, aligning with industry standards where display quality significantly impacts customer satisfaction.",Indium,0.85,Round 3 refinement with peer support: 1,811299,CHINA,METRIC TONS,650.0,65.66,0.95,USGS Mineral Commodity Summaries 2024/2023 - authoritative U.S. government production data with global coverage
Smartphone,Liquid Crystal Screen,1.0,"Two out of the three agents (average confidence 0.78) agreed, aligning with industry standards where display quality significantly impacts customer satisfaction.",Indium,0.85,Round 3 refinement with peer support: 1,811299,"KOREA, REPUBLIC OF",METRIC TONS,200.0,20.2,0.95,USGS Mineral Commodity Summaries 2024/2023 - authoritative U.S. government production data with global coverage
Smartphone,Liquid Crystal Screen,1.0,"Two out of the three agents (average confidence 0.78) agreed, aligning with industry standards where display quality significantly impacts customer satisfaction.",Indium,0.85,Round 3 refinement with peer support: 1,811299,JAPAN,METRIC TONS,64.0,6.46,0.95,USGS Mineral Commodity Summaries 2024/2023 - authoritative U.S. government production data with global coverage
Smartphone,Liquid Crystal Screen,1.0,"Two out of the three agents (average confidence 0.78) agreed, aligning with industry standards where display quality significantly impacts customer satisfaction.",Indium,0.85,Round 3 refinement with peer support: 1,811299,CANADA,METRIC TONS,37.0,3.74,0.95,USGS Mineral Commodity Summaries 2024/2023 - authoritative U.S. government production data with global coverage
Smartphone,Liquid Crystal Screen,1.0,"Two out of the three agents (average confidence 0.78) agreed, aligning with industry standards where display quality significantly impacts customer satisfaction.",Indium,0.85,Round 3 refinement with peer support: 1,811299,BELGIUM,METRIC TONS,18.0,1.82,0.95,USGS Mineral Commodity Summaries 2024/2023 - authoritative U.S. government production data with global coverage
Smartphone,Liquid Crystal Screen,1.0,"Two out of the three agents (average confidence 0.78) agreed, aligning with industry standards where display quality significantly impacts customer satisfaction.",Copper,0.7,Round 3 refinement with peer support: 0,740100,CHINA,THOUSAND METRIC TONS,1700.0,3.47,0.95,USGS Mineral Commodity Summaries 2024/2023 - authoritative U.S. government production data with global coverage
Smartphone,Liquid Crystal Screen,1.0,"Two out of the three agents (average confidence 0.78) agreed, aligning with industry standards where display quality significantly impacts customer satisfaction.",Copper,0.7,Round 3 refinement with peer support: 0,740100,CHILE,THOUSAND METRIC TONS,5000.0,10.2,0.95,USGS Mineral Commodity Summaries 2024/2023 - authoritative U.S. government production data with global coverage
Smartphone,Liquid Crystal Screen,1.0,"Two out of the three agents (average confidence 0.78) agreed, aligning with industry standards where display quality significantly impacts customer satisfaction.",Copper,0.7,Round 3 refinement with peer support: 0,740100,OTHER,THOUSAND METRIC TONS,3100.0,6.33,0.95,USGS Mineral Commodity Summaries 2024/2023 - authoritative U.S. government production data with global coverage
Smartphone,Liquid Crystal Screen,1.0,"Two out of the three agents (average confidence 0.78) agreed, aligning with industry standards where display quality significantly impacts customer satisfaction.",Copper,0.7,Round 3 refinement with peer support: 0,740100,CONGO,THOUSAND METRIC TONS,2500.0,5.1,0.95,USGS Mineral Commodity Summaries 2024/2023 - authoritative U.S. government production data with global coverage
Smartphone,Liquid Crystal Screen,1.0,"Two out of the three agents (average confidence 0.78) agreed, aligning with industry standards where display quality significantly impacts customer satisfaction.",Copper,0.7,Round 3 refinement with peer support: 0,740100,PERU,THOUSAND METRIC TONS,2600.0,5.31,0.95,USGS Mineral Commodity Summaries 2024/2023 - authoritative U.S. government production data with global coverage
Smartphone,Liquid Crystal Screen,1.0,"Two out of the three agents (average confidence 0.78) agreed, aligning with industry standards where display quality significantly impacts customer satisfaction.",Aluminum,0.7,Round 3 refinement with peer support: 0,280300,CHINA,THOUSAND METRIC TONS,41000.0,58.57,0.95,USGS Mineral Commodity Summaries 2024/2023 - authoritative U.S. government production data with global coverage
Smartphone,Liquid Crystal Screen,1.0,"Two out of the three agents (average confidence 0.78) agreed, aligning with industry standards where display quality significantly impacts customer satisfaction.",Aluminum,0.7,Round 3 refinement with peer support: 0,280300,OTHER,THOUSAND METRIC TONS,7000.0,10.0,0.95,USGS Mineral Commodity Summaries 2024/2023 - authoritative U.S. government production data with global coverage
Smartphone,Liquid Crystal Screen,1.0,"Two out of the three agents (average confidence 0.78) agreed, aligning with industry standards where display quality significantly impacts customer satisfaction.",Aluminum,0.7,Round 3 refinement with peer support: 0,280300,INDIA,THOUSAND METRIC TONS,4100.0,5.86,0.95,USGS Mineral Commodity Summaries 2024/2023 - authoritative U.S. government production data with global coverage
Smartphone,Liquid Crystal Screen,1.0,"Two out of the three agents (average confidence 0.78) agreed, aligning with industry standards where display quality significantly impacts customer satisfaction.",Aluminum,0.7,Round 3 refinement with peer support: 0,280300,RUSSIA,THOUSAND METRIC TONS,3800.0,5.43,0.95,USGS Mineral Commodity Summaries 2024/2023 - authoritative U.S. government production data with global coverage
Smartphone,Liquid Crystal Screen,1.0,"Two out of the three agents (average confidence 0.78) agreed, aligning with industry standards where display quality significantly impacts customer satisfaction.",Aluminum,0.7,Round 3 refinement with peer support: 0,280300,CANADA,THOUSAND METRIC TONS,3000.0,4.29,0.95,USGS Mineral Commodity Summaries 2024/2023 - authoritative U.S. government production data with global coverage
Smartphone,Ram Chips,1.0,3 agents consistently proposed this component with an average confidence of 0.96. The RAM is a crucial primary component in smartphones as it manages and speeds up the performance of applications and storage operations.,Silicon,0.85,Round 3 refinement with peer support: 1,280469,CHINA,THOUSAND METRIC TONS,3600.0,40.0,0.95,USGS Mineral Commodity Summaries 2024/2023 - authoritative U.S. government production data with global coverage
Smartphone,Ram Chips,1.0,3 agents consistently proposed this component with an average confidence of 0.96. The RAM is a crucial primary component in smartphones as it manages and speeds up the performance of applications and storage operations.,Silicon,0.85,Round 3 refinement with peer support: 1,280469,RUSSIA,THOUSAND METRIC TONS,570.0,6.33,0.95,USGS Mineral Commodity Summaries 2024/2023 - authoritative U.S. government production data with global coverage
Smartphone,Ram Chips,1.0,3 agents consistently proposed this component with an average confidence of 0.96. The RAM is a crucial primary component in smartphones as it manages and speeds up the performance of applications and storage operations.,Silicon,0.85,Round 3 refinement with peer support: 1,280469,BRAZIL,THOUSAND METRIC TONS,190.0,2.11,0.95,USGS Mineral Commodity Summaries 2024/2023 - authoritative U.S. government production data with global coverage
Smartphone,Ram Chips,1.0,3 agents consistently proposed this component with an average confidence of 0.96. The RAM is a crucial primary component in smartphones as it manages and speeds up the performance of applications and storage operations.,Silicon,0.85,Round 3 refinement with peer support: 1,280469,NORWAY,THOUSAND METRIC TONS,200.0,2.22,0.95,USGS Mineral Commodity Summaries 2024/2023 - authoritative U.S. government production data with global coverage
Smartphone,Ram Chips,1.0,3 agents consistently proposed this component with an average confidence of 0.96. The RAM is a crucial primary component in smartphones as it manages and speeds up the performance of applications and storage operations.,Silicon,0.85,Round 3 refinement with peer support: 1,280469,OTHER,THOUSAND METRIC TONS,100.0,1.11,0.95,USGS Mineral Commodity Summaries 2024/2023 - authoritative U.S. government production data with global coverage
Smartphone,Ram Chips,1.0,3 agents consistently proposed this component with an average confidence of 0.96. The RAM is a crucial primary component in smartphones as it manages and speeds up the performance of applications and storage operations.,Gold,0.7,Round 3 refinement with peer support: 0,710812,OTHER,METRIC TONS,700.0,23.33,0.95,USGS Mineral Commodity Summaries 2024/2023 - authoritative U.S. government production data with global coverage
Smartphone,Ram Chips,1.0,3 agents consistently proposed this component with an average confidence of 0.96. The RAM is a crucial primary component in smartphones as it manages and speeds up the performance of applications and storage operations.,Gold,0.7,Round 3 refinement with peer support: 0,710812,CHINA,METRIC TONS,370.0,12.33,0.95,USGS Mineral Commodity Summaries 2024/2023 - authoritative U.S. government production data with global coverage
Smartphone,Ram Chips,1.0,3 agents consistently proposed this component with an average confidence of 0.96. The RAM is a crucial primary component in smartphones as it manages and speeds up the performance of applications and storage operations.,Gold,0.7,Round 3 refinement with peer support: 0,710812,RUSSIA,METRIC TONS,310.0,10.33,0.95,USGS Mineral Commodity Summaries 2024/2023 - authoritative U.S. government production data with global coverage
Smartphone,Ram Chips,1.0,3 agents consistently proposed this component with an average confidence of 0.96. The RAM is a crucial primary component in smartphones as it manages and speeds up the performance of applications and storage operations.,Gold,0.7,Round 3 refinement with peer support: 0,710812,AUSTRALIA,METRIC TONS,310.0,10.33,0.95,USGS Mineral Commodity Summaries 2024/2023 - authoritative U.S. government production data with global coverage
Smartphone,Ram Chips,1.0,3 agents consistently proposed this component with an average confidence of 0.96. The RAM is a crucial primary component in smartphones as it manages and speeds up the performance of applications and storage operations.,Gold,0.7,Round 3 refinement with peer support: 0,710812,CANADA,METRIC TONS,200.0,6.67,0.95,USGS Mineral Commodity Summaries 2024/2023 - authoritative U.S. government production data with global coverage
Smartphone,Power Source/Battery Pack Assembly,1.0,Consensus among all three agents with an average confidence of 0.86 supports this as a robust primary component.,Lithium,0.85,Round 3 refinement with peer support: 1,280520,AUSTRALIA,METRIC TONS,86000.0,47.78,0.95,USGS Mineral Commodity Summaries 2024/2023 - authoritative U.S. government production data with global coverage
Smartphone,Power Source/Battery Pack Assembly,1.0,Consensus among all three agents with an average confidence of 0.86 supports this as a robust primary component.,Lithium,0.85,Round 3 refinement with peer support: 1,280520,CHILE,METRIC TONS,44000.0,24.44,0.95,USGS Mineral Commodity Summaries 2024/2023 - authoritative U.S. government production data with global coverage
Smartphone,Power Source/Battery Pack Assembly,1.0,Consensus among all three agents with an average confidence of 0.86 supports this as a robust primary component.,Lithium,0.85,Round 3 refinement with peer support: 1,280520,CHINA,METRIC TONS,33000.0,18.33,0.95,USGS Mineral Commodity Summaries 2024/2023 - authoritative U.S. government production data with global coverage
Smartphone,Power Source/Battery Pack Assembly,1.0,Consensus among all three agents with an average confidence of 0.86 supports this as a robust primary component.,Lithium,0.85,Round 3 refinement with peer support: 1,280520,ARGENTINA,METRIC TONS,9600.0,5.33,0.95,USGS Mineral Commodity Summaries 2024/2023 - authoritative U.S. government production data with global coverage
Smartphone,Power Source/Battery Pack Assembly,1.0,Consensus among all three agents with an average confidence of 0.86 supports this as a robust primary component.,Lithium,0.85,Round 3 refinement with peer support: 1,280520,BRAZIL,METRIC TONS,4900.0,2.72,0.95,USGS Mineral Commodity Summaries 2024/2023 - authoritative U.S. government production data with global coverage
Smartphone,Power Source/Battery Pack Assembly,1.0,Consensus among all three agents with an average confidence of 0.86 supports this as a robust primary component.,Cobalt,0.85,Round 3 refinement with peer support: 1,810510,CONGO,METRIC TONS,170000.0,73.91,0.95,USGS Mineral Commodity Summaries 2024/2023 - authoritative U.S. government production data with global coverage
Smartphone,Power Source/Battery Pack Assembly,1.0,Consensus among all three agents with an average confidence of 0.86 supports this as a robust primary component.,Cobalt,0.85,Round 3 refinement with peer support: 1,810510,INDONESIA,METRIC TONS,17000.0,7.39,0.95,USGS Mineral Commodity Summaries 2024/2023 - authoritative U.S. government production data with global coverage
Smartphone,Power Source/Battery Pack Assembly,1.0,Consensus among all three agents with an average confidence of 0.86 supports this as a robust primary component.,Cobalt,0.85,Round 3 refinement with peer support: 1,810510,RUSSIA,METRIC TONS,8800.0,3.83,0.95,USGS Mineral Commodity Summaries 2024/2023 - authoritative U.S. government production data with global coverage
Smartphone,Power Source/Battery Pack Assembly,1.0,Consensus among all three agents with an average confidence of 0.86 supports this as a robust primary component.,Cobalt,0.85,Round 3 refinement with peer support: 1,810510,OTHER,METRIC TONS,6600.0,2.87,0.95,USGS Mineral Commodity Summaries 2024/2023 - authoritative U.S. government production data with global coverage
Smartphone,Power Source/Battery Pack Assembly,1.0,Consensus among all three agents with an average confidence of 0.86 supports this as a robust primary component.,Cobalt,0.85,Round 3 refinement with peer support: 1,810510,AUSTRALIA,METRIC TONS,4600.0,2.0,0.95,USGS Mineral Commodity Summaries 2024/2023 - authoritative U.S. government production data with global coverage
Smartphone,Power Source/Battery Pack Assembly,1.0,Consensus among all three agents with an average confidence of 0.86 supports this as a robust primary component.,Graphite,0.7,Round 3 refinement with peer support: 0,380110,CHINA,METRIC TONS,1230000.0,76.88,0.95,USGS Mineral Commodity Summaries 2024/2023 - authoritative U.S. government production data with global coverage
Smartphone,Power Source/Battery Pack Assembly,1.0,Consensus among all three agents with an average confidence of 0.86 supports this as a robust primary component.,Graphite,0.7,Round 3 refinement with peer support: 0,380110,MADAGASCAR,METRIC TONS,100000.0,6.25,0.95,USGS Mineral Commodity Summaries 2024/2023 - authoritative U.S. government production data with global coverage
Smartphone,Power Source/Battery Pack Assembly,1.0,Consensus among all three agents with an average confidence of 0.86 supports this as a robust primary component.,Graphite,0.7,Round 3 refinement with peer support: 0,380110,MOZAMBIQUE,METRIC TONS,96000.0,6.0,0.95,USGS Mineral Commodity Summaries 2024/2023 - authoritative U.S. government production data with global coverage
Smartphone,Power Source/Battery Pack Assembly,1.0,Consensus among all three agents with an average confidence of 0.86 supports this as a robust primary component.,Graphite,0.7,Round 3 refinement with peer support: 0,380110,BRAZIL,METRIC TONS,73000.0,4.56,0.95,USGS Mineral Commodity Summaries 2024/2023 - authoritative U.S. government production data with global coverage
Smartphone,Power Source/Battery Pack Assembly,1.0,Consensus among all three agents with an average confidence of 0.86 supports this as a robust primary component.,Graphite,0.7,Round 3 refinement with peer support: 0,380110,"KOREA, REPUBLIC OF",METRIC TONS,27000.0,1.69,0.95,USGS Mineral Commodity Summaries 2024/2023 - authoritative U.S. government production data with global coverage
Smartphone,Power Source/Battery Pack Assembly,1.0,Consensus among all three agents with an average confidence of 0.86 supports this as a robust primary component.,Aluminum,0.7,Round 3 refinement with peer support: 0,280300,CHINA,THOUSAND METRIC TONS,41000.0,58.57,0.95,USGS Mineral Commodity Summaries 2024/2023 - authoritative U.S. government production data with global coverage
Smartphone,Power Source/Battery Pack Assembly,1.0,Consensus among all three agents with an average confidence of 0.86 supports this as a robust primary component.,Aluminum,0.7,Round 3 refinement with peer support: 0,280300,OTHER,THOUSAND METRIC TONS,7000.0,10.0,0.95,USGS Mineral Commodity Summaries 2024/2023 - authoritative U.S. government production data with global coverage
Smartphone,Power Source/Battery Pack Assembly,1.0,Consensus among all three agents with an average confidence of 0.86 supports this as a robust primary component.,Aluminum,0.7,Round 3 refinement with peer support: 0,280300,INDIA,THOUSAND METRIC TONS,4100.0,5.86,0.95,USGS Mineral Commodity Summaries 2024/2023 - authoritative U.S. government production data with global coverage
Smartphone,Power Source/Battery Pack Assembly,1.0,Consensus among all three agents with an average confidence of 0.86 supports this as a robust primary component.,Aluminum,0.7,Round 3 refinement with peer support: 0,280300,RUSSIA,THOUSAND METRIC TONS,3800.0,5.43,0.95,USGS Mineral Commodity Summaries 2024/2023 - authoritative U.S. government production data with global coverage
Smartphone,Power Source/Battery Pack Assembly,1.0,Consensus among all three agents with an average confidence of 0.86 supports this as a robust primary component.,Aluminum,0.7,Round 3 refinement with peer support: 0,280300,CANADA,THOUSAND METRIC TONS,3000.0,4.29,0.95,USGS Mineral Commodity Summaries 2024/2023 - authoritative U.S. government production data with global coverage
Smartphone,Camera Device,0.75,"2 agents proposed this component with an average confidence of 0.75. The camera module is increasingly important as smartphones become central to photography and videography, hence its inclusion despite lower consensus.",Silver,0.7,Round 3 refinement with peer support: 0,710610,MEXICO,METRIC TONS,6400.0,24.62,0.95,USGS Mineral Commodity Summaries 2024/2023 - authoritative U.S. government production data with global coverage
Smartphone,Camera Device,0.75,"2 agents proposed this component with an average confidence of 0.75. The camera module is increasingly important as smartphones become central to photography and videography, hence its inclusion despite lower consensus.",Silver,0.7,Round 3 refinement with peer support: 0,710610,CHINA,METRIC TONS,3400.0,13.08,0.95,USGS Mineral Commodity Summaries 2024/2023 - authoritative U.S. government production data with global coverage
Smartphone,Camera Device,0.75,"2 agents proposed this component with an average confidence of 0.75. The camera module is increasingly important as smartphones become central to photography and videography, hence its inclusion despite lower consensus.",Silver,0.7,Round 3 refinement with peer support: 0,710610,PERU,METRIC TONS,3100.0,11.92,0.95,USGS Mineral Commodity Summaries 2024/2023 - authoritative U.S. government production data with global coverage
Smartphone,Camera Device,0.75,"2 agents proposed this component with an average confidence of 0.75. The camera module is increasingly important as smartphones become central to photography and videography, hence its inclusion despite lower consensus.",Silver,0.7,Round 3 refinement with peer support: 0,710610,OTHER,METRIC TONS,3000.0,11.54,0.95,USGS Mineral Commodity Summaries 2024/2023 - authoritative U.S. government production data with global coverage
Smartphone,Camera Device,0.75,"2 agents proposed this component with an average confidence of 0.75. The camera module is increasingly important as smartphones become central to photography and videography, hence its inclusion despite lower consensus.",Silver,0.7,Round 3 refinement with peer support: 0,710610,CHILE,METRIC TONS,1400.0,5.38,0.95,USGS Mineral Commodity Summaries 2024/2023 - authoritative U.S. government production data with global coverage
PC Laptop,GPU,0.93,"Strong consensus among three agents around GPU with a high average confidence of 0.93, confirming it as an essential component for laptops.",Silicon,0.7,Round 3 refinement with peer support: 0,280469,CHINA,THOUSAND METRIC TONS,3600.0,40.0,0.95,USGS Mineral Commodity Summaries 2024/2023 - authoritative U.S. government production data with global coverage
PC Laptop,GPU,0.93,"Strong consensus among three agents around GPU with a high average confidence of 0.93, confirming it as an essential component for laptops.",Silicon,0.7,Round 3 refinement with peer support: 0,280469,RUSSIA,THOUSAND METRIC TONS,570.0,6.33,0.95,USGS Mineral Commodity Summaries 2024/2023 - authoritative U.S. government production data with global coverage
PC Laptop,GPU,0.93,"Strong consensus among three agents around GPU with a high average confidence of 0.93, confirming it as an essential component for laptops.",Silicon,0.7,Round 3 refinement with peer support: 0,280469,BRAZIL,THOUSAND METRIC TONS,190.0,2.11,0.95,USGS Mineral Commodity Summaries 2024/2023 - authoritative U.S. government production data with global coverage
PC Laptop,GPU,0.93,"Strong consensus among three agents around GPU with a high average confidence of 0.93, confirming it as an essential component for laptops.",Silicon,0.7,Round 3 refinement with peer support: 0,280469,NORWAY,THOUSAND METRIC TONS,200.0,2.22,0.95,USGS Mineral Commodity Summaries 2024/2023 - authoritative U.S. government production data with global coverage
PC Laptop,GPU,0.93,"Strong consensus among three agents around GPU with a high average confidence of 0.93, confirming it as an essential component for laptops.",Silicon,0.7,Round 3 refinement with peer support: 0,280469,OTHER,THOUSAND METRIC TONS,100.0,1.11,0.95,USGS Mineral Commodity Summaries 2024/2023 - authoritative U.S. government production data with global coverage
PC Laptop,GPU,0.93,"Strong consensus among three agents around GPU with a high average confidence of 0.93, confirming it as an essential component for laptops.",Gold,0.7,Round 3 refinement with peer support: 0,710812,OTHER,METRIC TONS,700.0,23.33,0.95,USGS Mineral Commodity Summaries 2024/2023 - authoritative U.S. government production data with global coverage
PC Laptop,GPU,0.93,"Strong consensus among three agents around GPU with a high average confidence of 0.93, confirming it as an essential component for laptops.",Gold,0.7,Round 3 refinement with peer support: 0,710812,CHINA,METRIC TONS,370.0,12.33,0.95,USGS Mineral Commodity Summaries 2024/2023 - authoritative U.S. government production data with global coverage
PC Laptop,GPU,0.93,"Strong consensus among three agents around GPU with a high average confidence of 0.93, confirming it as an essential component for laptops.",Gold,0.7,Round 3 refinement with peer support: 0,710812,RUSSIA,METRIC TONS,310.0,10.33,0.95,USGS Mineral Commodity Summaries 2024/2023 - authoritative U.S. government production data with global coverage
PC Laptop,GPU,0.93,"Strong consensus among three agents around GPU with a high average confidence of 0.93, confirming it as an essential component for laptops.",Gold,0.7,Round 3 refinement with peer support: 0,710812,AUSTRALIA,METRIC TONS,310.0,10.33,0.95,USGS Mineral Commodity Summaries 2024/2023 - authoritative U.S. government production data with global coverage
PC Laptop,GPU,0.93,"Strong consensus among three agents around GPU with a high average confidence of 0.93, confirming it as an essential component for laptops.",Gold,0.7,Round 3 refinement with peer support: 0,710812,CANADA,METRIC TONS,200.0,6.67,0.95,USGS Mineral Commodity Summaries 2024/2023 - authoritative U.S. government production data with global coverage
PC Laptop,GPU,0.93,"Strong consensus among three agents around GPU with a high average confidence of 0.93, confirming it as an essential component for laptops.",Tungsten,0.7,Round 3 refinement with peer support: 0,810194,CHINA,METRIC TONS,63000.0,80.77,0.95,USGS Mineral Commodity Summaries 2024/2023 - authoritative U.S. government production data with global coverage
PC Laptop,GPU,0.93,"Strong consensus among three agents around GPU with a high average confidence of 0.93, confirming it as an essential component for laptops.",Tungsten,0.7,Round 3 refinement with peer support: 0,810194,VIETNAM,METRIC TONS,3500.0,4.49,0.95,USGS Mineral Commodity Summaries 2024/2023 - authoritative U.S. government production data with global coverage
PC Laptop,GPU,0.93,"Strong consensus among three agents around GPU with a high average confidence of 0.93, confirming it as an essential component for laptops.",Tungsten,0.7,Round 3 refinement with peer support: 0,810194,RUSSIA,METRIC TONS,2000.0,2.56,0.95,USGS Mineral Commodity Summaries 2024/2023 - authoritative U.S. government production data with global coverage
PC Laptop,GPU,0.93,"Strong consensus among three agents around GPU with a high average confidence of 0.93, confirming it as an essential component for laptops.",Tungsten,0.7,Round 3 refinement with peer support: 0,810194,"KOREA, NORTH",METRIC TONS,1700.0,2.18,0.95,USGS Mineral Commodity Summaries 2024/2023 - authoritative U.S. government production data with global coverage
PC Laptop,GPU,0.93,"Strong consensus among three agents around GPU with a high average confidence of 0.93, confirming it as an essential component for laptops.",Tungsten,0.7,Round 3 refinement with peer support: 0,810194,SPAIN,METRIC TONS,1500.0,1.92,0.95,USGS Mineral Commodity Summaries 2024/2023 - authoritative U.S. government production data with global coverage
PC Laptop,GPU,0.93,"Strong consensus among three agents around GPU with a high average confidence of 0.93, confirming it as an essential component for laptops.",Copper,0.7,Round 3 refinement with peer support: 0,740100,CHINA,THOUSAND METRIC TONS,1700.0,3.47,0.95,USGS Mineral Commodity Summaries 2024/2023 - authoritative U.S. government production data with global coverage
PC Laptop,GPU,0.93,"Strong consensus among three agents around GPU with a high average confidence of 0.93, confirming it as an essential component for laptops.",Copper,0.7,Round 3 refinement with peer support: 0,740100,CHILE,THOUSAND METRIC TONS,5000.0,10.2,0.95,USGS Mineral Commodity Summaries 2024/2023 - authoritative U.S. government production data with global coverage
PC Laptop,GPU,0.93,"Strong consensus among three agents around GPU with a high average confidence of 0.93, confirming it as an essential component for laptops.",Copper,0.7,Round 3 refinement with peer support: 0,740100,OTHER,THOUSAND METRIC TONS,3100.0,6.33,0.95,USGS Mineral Commodity Summaries 2024/2023 - authoritative U.S. government production data with global coverage
PC Laptop,GPU,0.93,"Strong consensus among three agents around GPU with a high average confidence of 0.93, confirming it as an essential component for laptops.",Copper,0.7,Round 3 refinement with peer support: 0,740100,CONGO,THOUSAND METRIC TONS,2500.0,5.1,0.95,USGS Mineral Commodity Summaries 2024/2023 - authoritative U.S. government production data with global coverage
PC Laptop,GPU,0.93,"Strong consensus among three agents around GPU with a high average confidence of 0.93, confirming it as an essential component for laptops.",Copper,0.7,Round 3 refinement with peer support: 0,740100,PERU,THOUSAND METRIC TONS,2600.0,5.31,0.95,USGS Mineral Commodity Summaries 2024/2023 - authoritative U.S. government production data with global coverage
PC Laptop,GPU,0.93,"Strong consensus among three agents around GPU with a high average confidence of 0.93, confirming it as an essential component for laptops.",Aluminum,0.7,Round 3 refinement with peer support: 0,280300,CHINA,THOUSAND METRIC TONS,41000.0,58.57,0.95,USGS Mineral Commodity Summaries 2024/2023 - authoritative U.S. government production data with global coverage
PC Laptop,GPU,0.93,"Strong consensus among three agents around GPU with a high average confidence of 0.93, confirming it as an essential component for laptops.",Aluminum,0.7,Round 3 refinement with peer support: 0,280300,OTHER,THOUSAND METRIC TONS,7000.0,10.0,0.95,USGS Mineral Commodity Summaries 2024/2023 - authoritative U.S. government production data with global coverage
PC Laptop,GPU,0.93,"Strong consensus among three agents around GPU with a high average confidence of 0.93, confirming it as an essential component for laptops.",Aluminum,0.7,Round 3 refinement with peer support: 0,280300,INDIA,THOUSAND METRIC TONS,4100.0,5.86,0.95,USGS Mineral Commodity Summaries 2024/2023 - authoritative U.S. government production data with global coverage
PC Laptop,GPU,0.93,"Strong consensus among three agents around GPU with a high average confidence of 0.93, confirming it as an essential component for laptops.",Aluminum,0.7,Round 3 refinement with peer support: 0,280300,RUSSIA,THOUSAND METRIC TONS,3800.0,5.43,0.95,USGS Mineral Commodity Summaries 2024/2023 - authoritative U.S. government production data with global coverage
PC Laptop,GPU,0.93,"Strong consensus among three agents around GPU with a high average confidence of 0.93, confirming it as an essential component for laptops.",Aluminum,0.7,Round 3 refinement with peer support: 0,280300,CANADA,THOUSAND METRIC TONS,3000.0,4.29,0.95,USGS Mineral Commodity Summaries 2024/2023 - authoritative U.S. government production data with global coverage
PC Laptop,Power Source/Battery Pack Assembly,0.9,"Strong support from multiple agents and high average confidence score, indicating its importance for mobility.",Lithium,0.883,Round 3 refinement with peer support: 2,280520,AUSTRALIA,METRIC TONS,86000.0,47.78,0.95,USGS Mineral Commodity Summaries 2024/2023 - authoritative U.S. government production data with global coverage
PC Laptop,Power Source/Battery Pack Assembly,0.9,"Strong support from multiple agents and high average confidence score, indicating its importance for mobility.",Lithium,0.883,Round 3 refinement with peer support: 2,280520,CHILE,METRIC TONS,44000.0,24.44,0.95,USGS Mineral Commodity Summaries 2024/2023 - authoritative U.S. government production data with global coverage
PC Laptop,Power Source/Battery Pack Assembly,0.9,"Strong support from multiple agents and high average confidence score, indicating its importance for mobility.",Lithium,0.883,Round 3 refinement with peer support: 2,280520,CHINA,METRIC TONS,33000.0,18.33,0.95,USGS Mineral Commodity Summaries 2024/2023 - authoritative U.S. government production data with global coverage
PC Laptop,Power Source/Battery Pack Assembly,0.9,"Strong support from multiple agents and high average confidence score, indicating its importance for mobility.",Lithium,0.883,Round 3 refinement with peer support: 2,280520,ARGENTINA,METRIC TONS,9600.0,5.33,0.95,USGS Mineral Commodity Summaries 2024/2023 - authoritative U.S. government production data with global coverage
PC Laptop,Power Source/Battery Pack Assembly,0.9,"Strong support from multiple agents and high average confidence score, indicating its importance for mobility.",Lithium,0.883,Round 3 refinement with peer support: 2,280520,BRAZIL,METRIC TONS,4900.0,2.72,0.95,USGS Mineral Commodity Summaries 2024/2023 - authoritative U.S. government production data with global coverage
PC Laptop,Power Source/Battery Pack Assembly,0.9,"Strong support from multiple agents and high average confidence score, indicating its importance for mobility.",Cobalt,0.8,Round 3 refinement with peer support: 1,810510,CONGO,METRIC TONS,170000.0,73.91,0.95,USGS Mineral Commodity Summaries 2024/2023 - authoritative U.S. government production data with global coverage
PC Laptop,Power Source/Battery Pack Assembly,0.9,"Strong support from multiple agents and high average confidence score, indicating its importance for mobility.",Cobalt,0.8,Round 3 refinement with peer support: 1,810510,INDONESIA,METRIC TONS,17000.0,7.39,0.95,USGS Mineral Commodity Summaries 2024/2023 - authoritative U.S. government production data with global coverage
PC Laptop,Power Source/Battery Pack Assembly,0.9,"Strong support from multiple agents and high average confidence score, indicating its importance for mobility.",Cobalt,0.8,Round 3 refinement with peer support: 1,810510,RUSSIA,METRIC TONS,8800.0,3.83,0.95,USGS Mineral Commodity Summaries 2024/2023 - authoritative U.S. government production data with global coverage
PC Laptop,Power Source/Battery Pack Assembly,0.9,"Strong support from multiple agents and high average confidence score, indicating its importance for mobility.",Cobalt,0.8,Round 3 refinement with peer support: 1,810510,OTHER,METRIC TONS,6600.0,2.87,0.95,USGS Mineral Commodity Summaries 2024/2023 - authoritative U.S. government production data with global coverage
PC Laptop,Power Source/Battery Pack Assembly,0.9,"Strong support from multiple agents and high average confidence score, indicating its importance for mobility.",Cobalt,0.8,Round 3 refinement with peer support: 1,810510,AUSTRALIA,METRIC TONS,4600.0,2.0,0.95,USGS Mineral Commodity Summaries 2024/2023 - authoritative U.S. government production data with global coverage
PC Laptop,Power Source/Battery Pack Assembly,0.9,"Strong support from multiple agents and high average confidence score, indicating its importance for mobility.",Nickel,0.7,Round 3 refinement with peer support: 0,750110,INDONESIA,METRIC TONS,1800000.0,50.0,0.95,USGS Mineral Commodity Summaries 2024/2023 - authoritative U.S. government production data with global coverage
PC Laptop,Power Source/Battery Pack Assembly,0.9,"Strong support from multiple agents and high average confidence score, indicating its importance for mobility.",Nickel,0.7,Round 3 refinement with peer support: 0,750110,PHILIPPINES,METRIC TONS,400000.0,11.11,0.95,USGS Mineral Commodity Summaries 2024/2023 - authoritative U.S. government production data with global coverage
PC Laptop,Power Source/Battery Pack Assembly,0.9,"Strong support from multiple agents and high average confidence score, indicating its importance for mobility.",Nickel,0.7,Round 3 refinement with peer support: 0,750110,OTHER,METRIC TONS,380000.0,10.56,0.95,USGS Mineral Commodity Summaries 2024/2023 - authoritative U.S. government production data with global coverage
PC Laptop,Power Source/Battery Pack Assembly,0.9,"Strong support from multiple agents and high average confidence score, indicating its importance for mobility.",Nickel,0.7,Round 3 refinement with peer support: 0,750110,NEW CALEDONIA,METRIC TONS,230000.0,6.39,0.95,USGS Mineral Commodity Summaries 2024/2023 - authoritative U.S. government production data with global coverage
PC Laptop,Power Source/Battery Pack Assembly,0.9,"Strong support from multiple agents and high average confidence score, indicating its importance for mobility.",Nickel,0.7,Round 3 refinement with peer support: 0,750110,RUSSIA,METRIC TONS,200000.0,5.56,0.95,USGS Mineral Commodity Summaries 2024/2023 - authoritative U.S. government production data with global coverage
PC Laptop,Power Source/Battery Pack Assembly,0.9,"Strong support from multiple agents and high average confidence score, indicating its importance for mobility.",Graphite,0.85,Round 3 refinement with peer support: 1,380110,CHINA,METRIC TONS,1230000.0,76.88,0.95,USGS Mineral Commodity Summaries 2024/2023 - authoritative U.S. government production data with global coverage
PC Laptop,Power Source/Battery Pack Assembly,0.9,"Strong support from multiple agents and high average confidence score, indicating its importance for mobility.",Graphite,0.85,Round 3 refinement with peer support: 1,380110,MADAGASCAR,METRIC TONS,100000.0,6.25,0.95,USGS Mineral Commodity Summaries 2024/2023 - authoritative U.S. government production data with global coverage
PC Laptop,Power Source/Battery Pack Assembly,0.9,"Strong support from multiple agents and high average confidence score, indicating its importance for mobility.",Graphite,0.85,Round 3 refinement with peer support: 1,380110,MOZAMBIQUE,METRIC TONS,96000.0,6.0,0.95,USGS Mineral Commodity Summaries 2024/2023 - authoritative U.S. government production data with global coverage
PC Laptop,Power Source/Battery Pack Assembly,0.9,"Strong support from multiple agents and high average confidence score, indicating its importance for mobility.",Graphite,0.85,Round 3 refinement with peer support: 1,380110,BRAZIL,METRIC TONS,73000.0,4.56,0.95,USGS Mineral Commodity Summaries 2024/2023 - authoritative U.S. government production data with global coverage
PC Laptop,Power Source/Battery Pack Assembly,0.9,"Strong support from multiple agents and high average confidence score, indicating its importance for mobility.",Graphite,0.85,Round 3 refinement with peer support: 1,380110,"KOREA, REPUBLIC OF",METRIC TONS,27000.0,1.69,0.95,USGS Mineral Commodity Summaries 2024/2023 - authoritative U.S. government production data with global coverage
PC Laptop,Processor Core,0.98,"High consensus among most agents despite only one explicit proposal, which aligns with the common PC laptop design.",Silicon,0.95,Round 3 refinement with peer support: 2,280469,CHINA,THOUSAND METRIC TONS,3600.0,40.0,0.95,USGS Mineral Commodity Summaries 2024/2023 - authoritative U.S. government production data with global coverage
PC Laptop,Processor Core,0.98,"High consensus among most agents despite only one explicit proposal, which aligns with the common PC laptop design.",Silicon,0.95,Round 3 refinement with peer support: 2,280469,RUSSIA,THOUSAND METRIC TONS,570.0,6.33,0.95,USGS Mineral Commodity Summaries 2024/2023 - authoritative U.S. government production data with global coverage
PC Laptop,Processor Core,0.98,"High consensus among most agents despite only one explicit proposal, which aligns with the common PC laptop design.",Silicon,0.95,Round 3 refinement with peer support: 2,280469,BRAZIL,THOUSAND METRIC TONS,190.0,2.11,0.95,USGS Mineral Commodity Summaries 2024/2023 - authoritative U.S. government production data with global coverage
PC Laptop,Processor Core,0.98,"High consensus among most agents despite only one explicit proposal, which aligns with the common PC laptop design.",Silicon,0.95,Round 3 refinement with peer support: 2,280469,NORWAY,THOUSAND METRIC TONS,200.0,2.22,0.95,USGS Mineral Commodity Summaries 2024/2023 - authoritative U.S. government production data with global coverage
PC Laptop,Processor Core,0.98,"High consensus among most agents despite only one explicit proposal, which aligns with the common PC laptop design.",Silicon,0.95,Round 3 refinement with peer support: 2,280469,OTHER,THOUSAND METRIC TONS,100.0,1.11,0.95,USGS Mineral Commodity Summaries 2024/2023 - authoritative U.S. government production data with global coverage
PC Laptop,Processor Core,0.98,"High consensus among most agents despite only one explicit proposal, which aligns with the common PC laptop design.",Tungsten,0.85,Round 3 refinement with peer support: 1,810194,CHINA,METRIC TONS,63000.0,80.77,0.95,USGS Mineral Commodity Summaries 2024/2023 - authoritative U.S. government production data with global coverage
PC Laptop,Processor Core,0.98,"High consensus among most agents despite only one explicit proposal, which aligns with the common PC laptop design.",Tungsten,0.85,Round 3 refinement with peer support: 1,810194,VIETNAM,METRIC TONS,3500.0,4.49,0.95,USGS Mineral Commodity Summaries 2024/2023 - authoritative U.S. government production data with global coverage
PC Laptop,Processor Core,0.98,"High consensus among most agents despite only one explicit proposal, which aligns with the common PC laptop design.",Tungsten,0.85,Round 3 refinement with peer support: 1,810194,RUSSIA,METRIC TONS,2000.0,2.56,0.95,USGS Mineral Commodity Summaries 2024/2023 - authoritative U.S. government production data with global coverage
PC Laptop,Processor Core,0.98,"High consensus among most agents despite only one explicit proposal, which aligns with the common PC laptop design.",Tungsten,0.85,Round 3 refinement with peer support: 1,810194,"KOREA, NORTH",METRIC TONS,1700.0,2.18,0.95,USGS Mineral Commodity Summaries 2024/2023 - authoritative U.S. government production data with global coverage
PC Laptop,Processor Core,0.98,"High consensus among most agents despite only one explicit proposal, which aligns with the common PC laptop design.",Tungsten,0.85,Round 3 refinement with peer support: 1,810194,SPAIN,METRIC TONS,1500.0,1.92,0.95,USGS Mineral Commodity Summaries 2024/2023 - authoritative U.S. government production data with global coverage
PC Laptop,Processor Core,0.98,"High consensus among most agents despite only one explicit proposal, which aligns with the common PC laptop design.",Gold,0.775,Round 3 refinement with peer support: 1,710812,OTHER,METRIC TONS,700.0,23.33,0.95,USGS Mineral Commodity Summaries 2024/2023 - authoritative U.S. government production data with global coverage
PC Laptop,Processor Core,0.98,"High consensus among most agents despite only one explicit proposal, which aligns with the common PC laptop design.",Gold,0.775,Round 3 refinement with peer support: 1,710812,CHINA,METRIC TONS,370.0,12.33,0.95,USGS Mineral Commodity Summaries 2024/2023 - authoritative U.S. government production data with global coverage
PC Laptop,Processor Core,0.98,"High consensus among most agents despite only one explicit proposal, which aligns with the common PC laptop design.",Gold,0.775,Round 3 refinement with peer support: 1,710812,RUSSIA,METRIC TONS,310.0,10.33,0.95,USGS Mineral Commodity Summaries 2024/2023 - authoritative U.S. government production data with global coverage
PC Laptop,Processor Core,0.98,"High consensus among most agents despite only one explicit proposal, which aligns with the common PC laptop design.",Gold,0.775,Round 3 refinement with peer support: 1,710812,AUSTRALIA,METRIC TONS,310.0,10.33,0.95,USGS Mineral Commodity Summaries 2024/2023 - authoritative U.S. government production data with global coverage
PC Laptop,Processor Core,0.98,"High consensus among most agents despite only one explicit proposal, which aligns with the common PC laptop design.",Gold,0.775,Round 3 refinement with peer support: 1,710812,CANADA,METRIC TONS,200.0,6.67,0.95,USGS Mineral Commodity Summaries 2024/2023 - authoritative U.S. government production data with global coverage
PC Laptop,Ram Chips,0.95,"High agreement on RAM as a crucial component with an average confidence of 0.92 from three agents, although slightly less supported than CPU.",Platinum,0.7,Round 3 refinement with peer support: 0,711011,South Africa,ounces,159636.33333333334,68.57,0.85,Based on world platinum production data from the World Platinum Investment Council; reliable and up-to-date.
PC Laptop,Ram Chips,0.95,"High agreement on RAM as a crucial component with an average confidence of 0.92 from three agents, although slightly less supported than CPU.",Platinum,0.7,Round 3 refinement with peer support: 0,711011,Russia,oz,33934.0,15.35,0.85,REPOS (Russian Precious Metals Industry Holding) reports; generally reliable but data might have some reporting issues.
PC Laptop,Ram Chips,0.95,"High agreement on RAM as a crucial component with an average confidence of 0.92 from three agents, although slightly less supported than CPU.",Platinum,0.7,Round 3 refinement with peer support: 0,711011,Canada,oz,18010.0,8.65,0.825,"Placer Dome Inc., a major Canadian producer; data based on annual reports and reliable,"
PC Laptop,Ram Chips,0.95,"High agreement on RAM as a crucial component with an average confidence of 0.92 from three agents, although slightly less supported than CPU.",Platinum,0.7,Round 3 refinement with peer support: 0,711011,United States,oz,8066.0,2.9,0.775,Multi-agent debate consensus
PC Laptop,Ram Chips,0.95,"High agreement on RAM as a crucial component with an average confidence of 0.92 from three agents, although slightly less supported than CPU.",Platinum,0.7,Round 3 refinement with peer support: 0,711011,俄罗斯,ounces,25910.0,8.6,0.8,Multi-agent debate consensus
PC Laptop,Ram Chips,0.95,"High agreement on RAM as a crucial component with an average confidence of 0.92 from three agents, although slightly less supported than CPU.",Copper,0.7,Round 3 refinement with peer support: 0,740100,CHINA,THOUSAND METRIC TONS,1700.0,3.47,0.95,USGS Mineral Commodity Summaries 2024/2023 - authoritative U.S. government production data with global coverage
PC Laptop,Ram Chips,0.95,"High agreement on RAM as a crucial component with an average confidence of 0.92 from three agents, although slightly less supported than CPU.",Copper,0.7,Round 3 refinement with peer support: 0,740100,CHILE,THOUSAND METRIC TONS,5000.0,10.2,0.95,USGS Mineral Commodity Summaries 2024/2023 - authoritative U.S. government production data with global coverage
PC Laptop,Ram Chips,0.95,"High agreement on RAM as a crucial component with an average confidence of 0.92 from three agents, although slightly less supported than CPU.",Copper,0.7,Round 3 refinement with peer support: 0,740100,OTHER,THOUSAND METRIC TONS,3100.0,6.33,0.95,USGS Mineral Commodity Summaries 2024/2023 - authoritative U.S. government production data with global coverage
PC Laptop,Ram Chips,0.95,"High agreement on RAM as a crucial component with an average confidence of 0.92 from three agents, although slightly less supported than CPU.",Copper,0.7,Round 3 refinement with peer support: 0,740100,CONGO,THOUSAND METRIC TONS,2500.0,5.1,0.95,USGS Mineral Commodity Summaries 2024/2023 - authoritative U.S. government production data with global coverage
PC Laptop,Ram Chips,0.95,"High agreement on RAM as a crucial component with an average confidence of 0.92 from three agents, although slightly less supported than CPU.",Copper,0.7,Round 3 refinement with peer support: 0,740100,PERU,THOUSAND METRIC TONS,2600.0,5.31,0.95,USGS Mineral Commodity Summaries 2024/2023 - authoritative U.S. government production data with global coverage
PC Laptop,Ram Chips,0.95,"High agreement on RAM as a crucial component with an average confidence of 0.92 from three agents, although slightly less supported than CPU.",Silicon,0.7,Round 3 refinement with peer support: 0,280469,CHINA,THOUSAND METRIC TONS,3600.0,40.0,0.95,USGS Mineral Commodity Summaries 2024/2023 - authoritative U.S. government production data with global coverage
PC Laptop,Ram Chips,0.95,"High agreement on RAM as a crucial component with an average confidence of 0.92 from three agents, although slightly less supported than CPU.",Silicon,0.7,Round 3 refinement with peer support: 0,280469,RUSSIA,THOUSAND METRIC TONS,570.0,6.33,0.95,USGS Mineral Commodity Summaries 2024/2023 - authoritative U.S. government production data with global coverage
PC Laptop,Ram Chips,0.95,"High agreement on RAM as a crucial component with an average confidence of 0.92 from three agents, although slightly less supported than CPU.",Silicon,0.7,Round 3 refinement with peer support: 0,280469,BRAZIL,THOUSAND METRIC TONS,190.0,2.11,0.95,USGS Mineral Commodity Summaries 2024/2023 - authoritative U.S. government production data with global coverage
PC Laptop,Ram Chips,0.95,"High agreement on RAM as a crucial component with an average confidence of 0.92 from three agents, although slightly less supported than CPU.",Silicon,0.7,Round 3 refinement with peer support: 0,280469,NORWAY,THOUSAND METRIC TONS,200.0,2.22,0.95,USGS Mineral Commodity Summaries 2024/2023 - authoritative U.S. government production data with global coverage
PC Laptop,Ram Chips,0.95,"High agreement on RAM as a crucial component with an average confidence of 0.92 from three agents, although slightly less supported than CPU.",Silicon,0.7,Round 3 refinement with peer support: 0,280469,OTHER,THOUSAND METRIC TONS,100.0,1.11,0.95,USGS Mineral Commodity Summaries 2024/2023 - authoritative U.S. government production data with global coverage
PC Laptop,Ram Chips,0.95,"High agreement on RAM as a crucial component with an average confidence of 0.92 from three agents, although slightly less supported than CPU.",Gold,0.7,Round 3 refinement with peer support: 0,710812,OTHER,METRIC TONS,700.0,23.33,0.95,USGS Mineral Commodity Summaries 2024/2023 - authoritative U.S. government production data with global coverage
PC Laptop,Ram Chips,0.95,"High agreement on RAM as a crucial component with an average confidence of 0.92 from three agents, although slightly less supported than CPU.",Gold,0.7,Round 3 refinement with peer support: 0,710812,CHINA,METRIC TONS,370.0,12.33,0.95,USGS Mineral Commodity Summaries 2024/2023 - authoritative U.S. government production data with global coverage
PC Laptop,Ram Chips,0.95,"High agreement on RAM as a crucial component with an average confidence of 0.92 from three agents, although slightly less supported than CPU.",Gold,0.7,Round 3 refinement with peer support: 0,710812,RUSSIA,METRIC TONS,310.0,10.33,0.95,USGS Mineral Commodity Summaries 2024/2023 - authoritative U.S. government production data with global coverage
PC Laptop,Ram Chips,0.95,"High agreement on RAM as a crucial component with an average confidence of 0.92 from three agents, although slightly less supported than CPU.",Gold,0.7,Round 3 refinement with peer support: 0,710812,AUSTRALIA,METRIC TONS,310.0,10.33,0.95,USGS Mineral Commodity Summaries 2024/2023 - authoritative U.S. government production data with global coverage
PC Laptop,Ram Chips,0.95,"High agreement on RAM as a crucial component with an average confidence of 0.92 from three agents, although slightly less supported than CPU.",Gold,0.7,Round 3 refinement with peer support: 0,710812,CANADA,METRIC TONS,200.0,6.67,0.95,USGS Mineral Commodity Summaries 2024/2023 - authoritative U.S. government production data with global coverage
PC Laptop,Data Storage Media/Ultrathin Data Disc,0.85,"Reasonable support in the debate with an average confidence of 0.85 across multiple agents, suggesting its importance but with some variance.",Silicon,0.883,Round 3 refinement with peer support: 2,280469,CHINA,THOUSAND METRIC TONS,3600.0,40.0,0.95,USGS Mineral Commodity Summaries 2024/2023 - authoritative U.S. government production data with global coverage
PC Laptop,Data Storage Media/Ultrathin Data Disc,0.85,"Reasonable support in the debate with an average confidence of 0.85 across multiple agents, suggesting its importance but with some variance.",Silicon,0.883,Round 3 refinement with peer support: 2,280469,RUSSIA,THOUSAND METRIC TONS,570.0,6.33,0.95,USGS Mineral Commodity Summaries 2024/2023 - authoritative U.S. government production data with global coverage
PC Laptop,Data Storage Media/Ultrathin Data Disc,0.85,"Reasonable support in the debate with an average confidence of 0.85 across multiple agents, suggesting its importance but with some variance.",Silicon,0.883,Round 3 refinement with peer support: 2,280469,BRAZIL,THOUSAND METRIC TONS,190.0,2.11,0.95,USGS Mineral Commodity Summaries 2024/2023 - authoritative U.S. government production data with global coverage
PC Laptop,Data Storage Media/Ultrathin Data Disc,0.85,"Reasonable support in the debate with an average confidence of 0.85 across multiple agents, suggesting its importance but with some variance.",Silicon,0.883,Round 3 refinement with peer support: 2,280469,NORWAY,THOUSAND METRIC TONS,200.0,2.22,0.95,USGS Mineral Commodity Summaries 2024/2023 - authoritative U.S. government production data with global coverage
PC Laptop,Data Storage Media/Ultrathin Data Disc,0.85,"Reasonable support in the debate with an average confidence of 0.85 across multiple agents, suggesting its importance but with some variance.",Silicon,0.883,Round 3 refinement with peer support: 2,280469,OTHER,THOUSAND METRIC TONS,100.0,1.11,0.95,USGS Mineral Commodity Summaries 2024/2023 - authoritative U.S. government production data with global coverage
PC Laptop,Data Storage Media/Ultrathin Data Disc,0.85,"Reasonable support in the debate with an average confidence of 0.85 across multiple agents, suggesting its importance but with some variance.",Tantalum,0.85,Round 3 refinement with peer support: 1,810320,CONGO,METRIC TONS,980.0,40.83,0.95,USGS Mineral Commodity Summaries 2024/2023 - authoritative U.S. government production data with global coverage
PC Laptop,Data Storage Media/Ultrathin Data Disc,0.85,"Reasonable support in the debate with an average confidence of 0.85 across multiple agents, suggesting its importance but with some variance.",Tantalum,0.85,Round 3 refinement with peer support: 1,810320,RWANDA,METRIC TONS,520.0,21.67,0.95,USGS Mineral Commodity Summaries 2024/2023 - authoritative U.S. government production data with global coverage
PC Laptop,Data Storage Media/Ultrathin Data Disc,0.85,"Reasonable support in the debate with an average confidence of 0.85 across multiple agents, suggesting its importance but with some variance.",Tantalum,0.85,Round 3 refinement with peer support: 1,810320,BRAZIL,METRIC TONS,360.0,15.0,0.95,USGS Mineral Commodity Summaries 2024/2023 - authoritative U.S. government production data with global coverage
PC Laptop,Data Storage Media/Ultrathin Data Disc,0.85,"Reasonable support in the debate with an average confidence of 0.85 across multiple agents, suggesting its importance but with some variance.",Tantalum,0.85,Round 3 refinement with peer support: 1,810320,OTHER,METRIC TONS,260.0,10.83,0.95,USGS Mineral Commodity Summaries 2024/2023 - authoritative U.S. government production data with global coverage
PC Laptop,Data Storage Media/Ultrathin Data Disc,0.85,"Reasonable support in the debate with an average confidence of 0.85 across multiple agents, suggesting its importance but with some variance.",Tantalum,0.85,Round 3 refinement with peer support: 1,810320,NIGERIA,METRIC TONS,110.0,4.58,0.95,USGS Mineral Commodity Summaries 2024/2023 - authoritative U.S. government production data with global coverage
Electric Vehicle Battery,Battery Chemistry Solution,1.0,Strong consensus from multiple agents supporting this as a primary component with high average confidence (96%). This is critical for battery operation and has universal standards across various chemistries.,Dimethyl sulfoxide (DMSO),0.7,Round 3 refinement with peer support: 0,293090,Japan,metric tons,50000.0,30.0,0.75,Multi-agent debate consensus
Electric Vehicle Battery,Battery Chemistry Solution,1.0,Strong consensus from multiple agents supporting this as a primary component with high average confidence (96%). This is critical for battery operation and has universal standards across various chemistries.,Dimethyl sulfoxide (DMSO),0.7,Round 3 refinement with peer support: 0,293090,South Korea,metric tons,40000.0,25.0,0.8,Multi-agent debate consensus
Electric Vehicle Battery,Battery Chemistry Solution,1.0,Strong consensus from multiple agents supporting this as a primary component with high average confidence (96%). This is critical for battery operation and has universal standards across various chemistries.,Dimethyl sulfoxide (DMSO),0.7,Round 3 refinement with peer support: 0,293090,United States,metric tons,30000.0,18.0,0.7,Multi-agent debate consensus
Electric Vehicle Battery,Battery Chemistry Solution,1.0,Strong consensus from multiple agents supporting this as a primary component with high average confidence (96%). This is critical for battery operation and has universal standards across various chemistries.,Dimethyl sulfoxide (DMSO),0.7,Round 3 refinement with peer support: 0,293090,Germany,metric tons,20000.0,12.0,0.65,Multi-agent debate consensus
Electric Vehicle Battery,Battery Chemistry Solution,1.0,Strong consensus from multiple agents supporting this as a primary component with high average confidence (96%). This is critical for battery operation and has universal standards across various chemistries.,Dimethyl sulfoxide (DMSO),0.7,Round 3 refinement with peer support: 0,293090,France,metric tons,15000.0,9.0,0.7,Multi-agent debate consensus
Electric Vehicle Motor,Magnetics Core,0.98,Strong consensus from multiple agents supporting this as a primary component with an average confidence of 0.98.,Neodymium,0.85,Round 3 refinement with peer support: 1,280530,China,metric tons,44685.666666666664,82.83,0.85,China dominates production with comprehensive government statistics; USGS validated
Electric Vehicle Motor,Magnetics Core,0.98,Strong consensus from multiple agents supporting this as a primary component with an average confidence of 0.98.,Neodymium,0.85,Round 3 refinement with peer support: 1,280530,France,metric tons,3454.0,6.93,0.783,Multi-agent debate consensus
Electric Vehicle Motor,Magnetics Core,0.98,Strong consensus from multiple agents supporting this as a primary component with an average confidence of 0.98.,Neodymium,0.85,Round 3 refinement with peer support: 1,280530,Russia,metric tons,1994.0,3.73,0.817,"Large but declining production; data from Mining Ministry, Stabilized since the early 2000s"
Electric Vehicle Motor,Magnetics Core,0.98,Strong consensus from multiple agents supporting this as a primary component with an average confidence of 0.98.,Neodymium,0.85,Round 3 refinement with peer support: 1,280530,United States,metric tons,3348.3333333333335,5.47,0.767,Multi-agent debate consensus
Electric Vehicle Motor,Magnetics Core,0.98,Strong consensus from multiple agents supporting this as a primary component with an average confidence of 0.98.,Neodymium,0.85,Round 3 refinement with peer support: 1,280530,Japan,metric tons,304.3333333333333,0.83,0.817,Advanced processing not primary producer; recycled material plays a role in supply chain
Electric Vehicle Motor,Magnetics Core,0.98,Strong consensus from multiple agents supporting this as a primary component with an average confidence of 0.98.,Aluminum,0.7,Round 3 refinement with peer support: 0,280300,CHINA,THOUSAND METRIC TONS,41000.0,58.57,0.95,USGS Mineral Commodity Summaries 2024/2023 - authoritative U.S. government production data with global coverage
Electric Vehicle Motor,Magnetics Core,0.98,Strong consensus from multiple agents supporting this as a primary component with an average confidence of 0.98.,Aluminum,0.7,Round 3 refinement with peer support: 0,280300,OTHER,THOUSAND METRIC TONS,7000.0,10.0,0.95,USGS Mineral Commodity Summaries 2024/2023 - authoritative U.S. government production data with global coverage
Electric Vehicle Motor,Magnetics Core,0.98,Strong consensus from multiple agents supporting this as a primary component with an average confidence of 0.98.,Aluminum,0.7,Round 3 refinement with peer support: 0,280300,INDIA,THOUSAND METRIC TONS,4100.0,5.86,0.95,USGS Mineral Commodity Summaries 2024/2023 - authoritative U.S. government production data with global coverage
Electric Vehicle Motor,Magnetics Core,0.98,Strong consensus from multiple agents supporting this as a primary component with an average confidence of 0.98.,Aluminum,0.7,Round 3 refinement with peer support: 0,280300,RUSSIA,THOUSAND METRIC TONS,3800.0,5.43,0.95,USGS Mineral Commodity Summaries 2024/2023 - authoritative U.S. government production data with global coverage
Electric Vehicle Motor,Magnetics Core,0.98,Strong consensus from multiple agents supporting this as a primary component with an average confidence of 0.98.,Aluminum,0.7,Round 3 refinement with peer support: 0,280300,CANADA,THOUSAND METRIC TONS,3000.0,4.29,0.95,USGS Mineral Commodity Summaries 2024/2023 - authoritative U.S. government production data with global coverage
Electric Vehicle Motor,Magnetics Core,0.98,Strong consensus from multiple agents supporting this as a primary component with an average confidence of 0.98.,Bismuth,0.7,Round 3 refinement with peer support: 0,810600,CHINA,METRIC TONS,16000.0,80.0,0.95,USGS Mineral Commodity Summaries 2024/2023 - authoritative U.S. government production data with global coverage
Electric Vehicle Motor,Magnetics Core,0.98,Strong consensus from multiple agents supporting this as a primary component with an average confidence of 0.98.,Bismuth,0.7,Round 3 refinement with peer support: 0,810600,LAOS,METRIC TONS,2000.0,10.0,0.95,USGS Mineral Commodity Summaries 2024/2023 - authoritative U.S. government production data with global coverage
Electric Vehicle Motor,Magnetics Core,0.98,Strong consensus from multiple agents supporting this as a primary component with an average confidence of 0.98.,Bismuth,0.7,Round 3 refinement with peer support: 0,810600,"KOREA, REPUBLIC OF",METRIC TONS,850.0,4.25,0.95,USGS Mineral Commodity Summaries 2024/2023 - authoritative U.S. government production data with global coverage
Electric Vehicle Motor,Magnetics Core,0.98,Strong consensus from multiple agents supporting this as a primary component with an average confidence of 0.98.,Bismuth,0.7,Round 3 refinement with peer support: 0,810600,JAPAN,METRIC TONS,500.0,2.5,0.95,USGS Mineral Commodity Summaries 2024/2023 - authoritative U.S. government production data with global coverage
Electric Vehicle Motor,Magnetics Core,0.98,Strong consensus from multiple agents supporting this as a primary component with an average confidence of 0.98.,Bismuth,0.7,Round 3 refinement with peer support: 0,810600,KAZAKHSTAN,METRIC TONS,160.0,0.8,0.95,USGS Mineral Commodity Summaries 2024/2023 - authoritative U.S. government production data with global coverage
Electric Vehicle Motor,Motor Armature,0.93,Consensus from two agents supports this as a primary component with an average confidence of 0.93.,Copper,0.95,Round 3 refinement with peer support: 2,740100,CHINA,THOUSAND METRIC TONS,1700.0,3.47,0.95,USGS Mineral Commodity Summaries 2024/2023 - authoritative U.S. government production data with global coverage
Electric Vehicle Motor,Motor Armature,0.93,Consensus from two agents supports this as a primary component with an average confidence of 0.93.,Copper,0.95,Round 3 refinement with peer support: 2,740100,CHILE,THOUSAND METRIC TONS,5000.0,10.2,0.95,USGS Mineral Commodity Summaries 2024/2023 - authoritative U.S. government production data with global coverage
Electric Vehicle Motor,Motor Armature,0.93,Consensus from two agents supports this as a primary component with an average confidence of 0.93.,Copper,0.95,Round 3 refinement with peer support: 2,740100,OTHER,THOUSAND METRIC TONS,3100.0,6.33,0.95,USGS Mineral Commodity Summaries 2024/2023 - authoritative U.S. government production data with global coverage
Electric Vehicle Motor,Motor Armature,0.93,Consensus from two agents supports this as a primary component with an average confidence of 0.93.,Copper,0.95,Round 3 refinement with peer support: 2,740100,CONGO,THOUSAND METRIC TONS,2500.0,5.1,0.95,USGS Mineral Commodity Summaries 2024/2023 - authoritative U.S. government production data with global coverage
Electric Vehicle Motor,Motor Armature,0.93,Consensus from two agents supports this as a primary component with an average confidence of 0.93.,Copper,0.95,Round 3 refinement with peer support: 2,740100,PERU,THOUSAND METRIC TONS,2600.0,5.31,0.95,USGS Mineral Commodity Summaries 2024/2023 - authoritative U.S. government production data with global coverage
Electric Vehicle Motor,Motor Armature,0.93,Consensus from two agents supports this as a primary component with an average confidence of 0.93.,Aluminum,0.85,Round 3 refinement with peer support: 1,280300,CHINA,THOUSAND METRIC TONS,41000.0,58.57,0.95,USGS Mineral Commodity Summaries 2024/2023 - authoritative U.S. government production data with global coverage
Electric Vehicle Motor,Motor Armature,0.93,Consensus from two agents supports this as a primary component with an average confidence of 0.93.,Aluminum,0.85,Round 3 refinement with peer support: 1,280300,OTHER,THOUSAND METRIC TONS,7000.0,10.0,0.95,USGS Mineral Commodity Summaries 2024/2023 - authoritative U.S. government production data with global coverage
Electric Vehicle Motor,Motor Armature,0.93,Consensus from two agents supports this as a primary component with an average confidence of 0.93.,Aluminum,0.85,Round 3 refinement with peer support: 1,280300,INDIA,THOUSAND METRIC TONS,4100.0,5.86,0.95,USGS Mineral Commodity Summaries 2024/2023 - authoritative U.S. government production data with global coverage
Electric Vehicle Motor,Motor Armature,0.93,Consensus from two agents supports this as a primary component with an average confidence of 0.93.,Aluminum,0.85,Round 3 refinement with peer support: 1,280300,RUSSIA,THOUSAND METRIC TONS,3800.0,5.43,0.95,USGS Mineral Commodity Summaries 2024/2023 - authoritative U.S. government production data with global coverage
Electric Vehicle Motor,Motor Armature,0.93,Consensus from two agents supports this as a primary component with an average confidence of 0.93.,Aluminum,0.85,Round 3 refinement with peer support: 1,280300,CANADA,THOUSAND METRIC TONS,3000.0,4.29,0.95,USGS Mineral Commodity Summaries 2024/2023 - authoritative U.S. government production data with global coverage
Electric Vehicle Motor,Motor Armature,0.93,Consensus from two agents supports this as a primary component with an average confidence of 0.93.,Iron,0.85,Round 3 refinement with peer support: 1,720110,Brazil,metric tons,15998748.666666666,6.13,0.833,World Bank reports 2023 data on Brazil's iron production
Electric Vehicle Motor,Motor Armature,0.93,Consensus from two agents supports this as a primary component with an average confidence of 0.93.,Iron,0.85,Round 3 refinement with peer support: 1,720110,China,metric tons,84458981.0,32.45,0.875,USGS data for 2023 shows China dominates global iron production
Electric Vehicle Motor,Motor Armature,0.93,Consensus from two agents supports this as a primary component with an average confidence of 0.93.,Iron,0.85,Round 3 refinement with peer support: 1,720110,Australia,metric tons,20033946.0,7.8,0.85,Australian Bureau of Statistics 2023 data on iron production
Electric Vehicle Motor,Motor Armature,0.93,Consensus from two agents supports this as a primary component with an average confidence of 0.93.,Iron,0.85,Round 3 refinement with peer support: 1,720110,India,metric tons,12472384.0,4.7,0.825,ISMR annual report for 2023 on Indian iron production
Electric Vehicle Motor,Motor Armature,0.93,Consensus from two agents supports this as a primary component with an average confidence of 0.93.,Iron,0.85,Round 3 refinement with peer support: 1,720110,Russia,metric tons,8224380.0,3.15,0.825,RIAC (Russian Institute for Strategic Studies) reports on 2023 iron production
Electric Vehicle Motor,Motor Element/Rotary Circuitry,0.93,Strong consensus from three agents supporting the rotor as a primary component with an average confidence of 0.93.,Stainless steel,0.85,Round 3 refinement with peer support: 1,722000,China,tons,23282553.0,51.4,0.93,China dominates global stainless steel production based on recent industry reports and production statistics from the China Iron & Steel Association (CISA).
Electric Vehicle Motor,Motor Element/Rotary Circuitry,0.93,Strong consensus from three agents supporting the rotor as a primary component with an average confidence of 0.93.,Stainless steel,0.85,Round 3 refinement with peer support: 1,722000,Russia,tons,1952233.3333333333,5.23,0.783,Large nickel producing country with diversified mining operations. Data from the Federal Service for Supervision of Consumer Rights and Wellbeing.
Electric Vehicle Motor,Motor Element/Rotary Circuitry,0.93,Strong consensus from three agents supporting the rotor as a primary component with an average confidence of 0.93.,Stainless steel,0.85,Round 3 refinement with peer support: 1,722000,India,metric tons,5600000.0,8.5,0.85,Multi-agent debate consensus
Electric Vehicle Motor,Motor Element/Rotary Circuitry,0.93,Strong consensus from three agents supporting the rotor as a primary component with an average confidence of 0.93.,Stainless steel,0.85,Round 3 refinement with peer support: 1,722000,Japan,metric tons,5490000.0,7.5,0.9,Multi-agent debate consensus
Electric Vehicle Motor,Motor Element/Rotary Circuitry,0.93,Strong consensus from three agents supporting the rotor as a primary component with an average confidence of 0.93.,Stainless steel,0.85,Round 3 refinement with peer support: 1,722000,Germany,metric tons,3667500.0,5.0,0.845,Multi-agent debate consensus
Electric Vehicle Motor,Motor Element/Rotary Circuitry,0.93,Strong consensus from three agents supporting the rotor as a primary component with an average confidence of 0.93.,Aluminum,0.7,Round 3 refinement with peer support: 0,280300,CHINA,THOUSAND METRIC TONS,41000.0,58.57,0.95,USGS Mineral Commodity Summaries 2024/2023 - authoritative U.S. government production data with global coverage
Electric Vehicle Motor,Motor Element/Rotary Circuitry,0.93,Strong consensus from three agents supporting the rotor as a primary component with an average confidence of 0.93.,Aluminum,0.7,Round 3 refinement with peer support: 0,280300,OTHER,THOUSAND METRIC TONS,7000.0,10.0,0.95,USGS Mineral Commodity Summaries 2024/2023 - authoritative U.S. government production data with global coverage
Electric Vehicle Motor,Motor Element/Rotary Circuitry,0.93,Strong consensus from three agents supporting the rotor as a primary component with an average confidence of 0.93.,Aluminum,0.7,Round 3 refinement with peer support: 0,280300,INDIA,THOUSAND METRIC TONS,4100.0,5.86,0.95,USGS Mineral Commodity Summaries 2024/2023 - authoritative U.S. government production data with global coverage
Electric Vehicle Motor,Motor Element/Rotary Circuitry,0.93,Strong consensus from three agents supporting the rotor as a primary component with an average confidence of 0.93.,Aluminum,0.7,Round 3 refinement with peer support: 0,280300,RUSSIA,THOUSAND METRIC TONS,3800.0,5.43,0.95,USGS Mineral Commodity Summaries 2024/2023 - authoritative U.S. government production data with global coverage
Electric Vehicle Motor,Motor Element/Rotary Circuitry,0.93,Strong consensus from three agents supporting the rotor as a primary component with an average confidence of 0.93.,Aluminum,0.7,Round 3 refinement with peer support: 0,280300,CANADA,THOUSAND METRIC TONS,3000.0,4.29,0.95,USGS Mineral Commodity Summaries 2024/2023 - authoritative U.S. government production data with global coverage
Quantum Computer,Quantum Spinbit,1.0,"Strong consensus among multiple agents with an average confidence of 0.99, indicating a high level of certainty regarding the importance and presence of qubits in quantum computers.",Aluminum gallium arsenide,0.95,Round 3 refinement with peer support: 2,282890,Japan,metric tons,25466.666666666668,22.33,0.733,A major producer with significant refining capabilities for semiconductors.
Quantum Computer,Quantum Spinbit,1.0,"Strong consensus among multiple agents with an average confidence of 0.99, indicating a high level of certainty regarding the importance and presence of qubits in quantum computers.",Aluminum gallium arsenide,0.95,Round 3 refinement with peer support: 2,282890,China,metric tons,25066.666666666668,31.33,0.817,"Based on recent USGS reports, China is the leading producer of gallium."
Quantum Computer,Quantum Spinbit,1.0,"Strong consensus among multiple agents with an average confidence of 0.99, indicating a high level of certainty regarding the importance and presence of qubits in quantum computers.",Aluminum gallium arsenide,0.95,Round 3 refinement with peer support: 2,282890,United States,metric tons,46600.0,37.5,0.675,Based on U.S. Geological Survey's data and reports from academic researchers.
Quantum Computer,Quantum Spinbit,1.0,"Strong consensus among multiple agents with an average confidence of 0.99, indicating a high level of certainty regarding the importance and presence of qubits in quantum computers.",Aluminum gallium arsenide,0.95,Round 3 refinement with peer support: 2,282890,South Korea,metric tons,25320.0,10.5,0.65,South Korea hosts major semiconductor manufacturers like Samsung and SK Hynix.
Quantum Computer,Quantum Spinbit,1.0,"Strong consensus among multiple agents with an average confidence of 0.99, indicating a high level of certainty regarding the importance and presence of qubits in quantum computers.",Aluminum gallium arsenide,0.95,Round 3 refinement with peer support: 2,282890,Germany,metric tons,7200.0,5.0,0.675,Germany hosts significant industrial and technological centers in the semiconductor sector.
Quantum Computer,Quantum Spinbit,1.0,"Strong consensus among multiple agents with an average confidence of 0.99, indicating a high level of certainty regarding the importance and presence of qubits in quantum computers.",Bismuth telluride,0.85,Round 3 refinement with peer support: 1,284390,China,metric tons,1958.3333333333333,23.33,0.767,Multi-agent debate consensus
Quantum Computer,Quantum Spinbit,1.0,"Strong consensus among multiple agents with an average confidence of 0.99, indicating a high level of certainty regarding the importance and presence of qubits in quantum computers.",Bismuth telluride,0.85,Round 3 refinement with peer support: 1,284390,Russia,metric tons,380.0,6.67,0.75,Multi-agent debate consensus
Quantum Computer,Quantum Spinbit,1.0,"Strong consensus among multiple agents with an average confidence of 0.99, indicating a high level of certainty regarding the importance and presence of qubits in quantum computers.",Bismuth telluride,0.85,Round 3 refinement with peer support: 1,284390,Canada,metric tons,1339.3333333333333,8.27,0.75,Multi-agent debate consensus
Quantum Computer,Quantum Spinbit,1.0,"Strong consensus among multiple agents with an average confidence of 0.99, indicating a high level of certainty regarding the importance and presence of qubits in quantum computers.",Bismuth telluride,0.85,Round 3 refinement with peer support: 1,284390,United States,metric tons,325.0,15.0,0.8,Multi-agent debate consensus
Quantum Computer,Quantum Spinbit,1.0,"Strong consensus among multiple agents with an average confidence of 0.99, indicating a high level of certainty regarding the importance and presence of qubits in quantum computers.",Bismuth telluride,0.85,Round 3 refinement with peer support: 1,284390,Japan,metric tons,430.6666666666667,3.67,0.767,Multi-agent debate consensus
Quantum Computer,Quantum Spinbit,1.0,"Strong consensus among multiple agents with an average confidence of 0.99, indicating a high level of certainty regarding the importance and presence of qubits in quantum computers.",Boron nitride,0.7,Round 3 refinement with peer support: 0,285000,Japan,metric tons,5583.333333333333,20.33,0.733,Multi-agent debate consensus
Quantum Computer,Quantum Spinbit,1.0,"Strong consensus among multiple agents with an average confidence of 0.99, indicating a high level of certainty regarding the importance and presence of qubits in quantum computers.",Boron nitride,0.7,Round 3 refinement with peer support: 0,285000,United States,metric tons,4066.6666666666665,14.6,0.7,Based on recent estimates from the USGS reports; strong producer but data may have limitations.
Quantum Computer,Quantum Spinbit,1.0,"Strong consensus among multiple agents with an average confidence of 0.99, indicating a high level of certainty regarding the importance and presence of qubits in quantum computers.",Boron nitride,0.7,Round 3 refinement with peer support: 0,285000,Germany,metric tons,2073.3333333333335,6.27,0.667,Multi-agent debate consensus
Quantum Computer,Quantum Spinbit,1.0,"Strong consensus among multiple agents with an average confidence of 0.99, indicating a high level of certainty regarding the importance and presence of qubits in quantum computers.",Boron nitride,0.7,Round 3 refinement with peer support: 0,285000,South Korea,metric tons,4756.666666666667,11.67,0.667,Multi-agent debate consensus
Quantum Computer,Quantum Spinbit,1.0,"Strong consensus among multiple agents with an average confidence of 0.99, indicating a high level of certainty regarding the importance and presence of qubits in quantum computers.",Boron nitride,0.7,Round 3 refinement with peer support: 0,285000,China,metric tons,27475.0,31.5,0.7,Considered a minor producer with limited data available for confirmation; estimates based on recent partial reports.
Quantum Computer,Quantum Spinbit,1.0,"Strong consensus among multiple agents with an average confidence of 0.99, indicating a high level of certainty regarding the importance and presence of qubits in quantum computers.",Actinomycin D,0.7,Round 3 refinement with peer support: 0,294190,United States,kg,866.6666666666666,36.0,0.7,Based on US biotechnology and pharmaceutical industry reports; substantial research and production sites.
Quantum Computer,Quantum Spinbit,1.0,"Strong consensus among multiple agents with an average confidence of 0.99, indicating a high level of certainty regarding the importance and presence of qubits in quantum computers.",Actinomycin D,0.7,Round 3 refinement with peer support: 0,294190,Japan,kg,372.9166666666667,19.0,0.693,"Advanced biotech industry involvement; data from Japanese Ministry of Health, Labour and Welfare."
Quantum Computer,Quantum Spinbit,1.0,"Strong consensus among multiple agents with an average confidence of 0.99, indicating a high level of certainty regarding the importance and presence of qubits in quantum computers.",Actinomycin D,0.7,Round 3 refinement with peer support: 0,294190,Germany,kg,208.33333333333337,14.67,0.717,Significant pharmaceutical research and development activities; data from German Federal Institute for Risk Assessment.
Quantum Computer,Quantum Spinbit,1.0,"Strong consensus among multiple agents with an average confidence of 0.99, indicating a high level of certainty regarding the importance and presence of qubits in quantum computers.",Actinomycin D,0.7,Round 3 refinement with peer support: 0,294190,France,kg,119.58333333333331,7.33,0.7,Strong research institutions; data from French National Institute for Agricultural Research (INRA).
Quantum Computer,Quantum Spinbit,1.0,"Strong consensus among multiple agents with an average confidence of 0.99, indicating a high level of certainty regarding the importance and presence of qubits in quantum computers.",Actinomycin D,0.7,Round 3 refinement with peer support: 0,294190,China,kg,677.7083333333334,16.5,0.617,Large-scale microbial fermentation facilities with extensive production capabilities; data from Chinese government health ministry.
Quantum Computer,Environmental Control Module/Subsystem,0.9,"Consensus across two agents provides a strong case for cooling systems as a primary component, supported by an average confidence of 0.88.",Aluminum nitride,0.7,Round 3 refinement with peer support: 0,285000,China,metric tons,12500.0,46.5,0.76,Multi-agent debate consensus
Quantum Computer,Environmental Control Module/Subsystem,0.9,"Consensus across two agents provides a strong case for cooling systems as a primary component, supported by an average confidence of 0.88.",Aluminum nitride,0.7,Round 3 refinement with peer support: 0,285000,Japan,metric tons,14076.5,26.5,0.74,Multi-agent debate consensus
Quantum Computer,Environmental Control Module/Subsystem,0.9,"Consensus across two agents provides a strong case for cooling systems as a primary component, supported by an average confidence of 0.88.",Aluminum nitride,0.7,Round 3 refinement with peer support: 0,285000,United States,metric tons,3226.5,7.5,0.71,Multi-agent debate consensus
Quantum Computer,Environmental Control Module/Subsystem,0.9,"Consensus across two agents provides a strong case for cooling systems as a primary component, supported by an average confidence of 0.88.",Aluminum nitride,0.7,Round 3 refinement with peer support: 0,285000,South Korea,metric tons,8709.5,14.0,0.69,Multi-agent debate consensus
Quantum Computer,Environmental Control Module/Subsystem,0.9,"Consensus across two agents provides a strong case for cooling systems as a primary component, supported by an average confidence of 0.88.",Aluminum nitride,0.7,Round 3 refinement with peer support: 0,285000,Germany,metric tons,2001.5,4.5,0.665,Multi-agent debate consensus
Quantum Computer,Environmental Control Module/Subsystem,0.9,"Consensus across two agents provides a strong case for cooling systems as a primary component, supported by an average confidence of 0.88.",Boron trioxide,0.7,Round 3 refinement with peer support: 0,281000,China,metric tons,66000.0,27.33,0.873,Based on recent reports from the China Geological Survey; significant mining operations.
Quantum Computer,Environmental Control Module/Subsystem,0.9,"Consensus across two agents provides a strong case for cooling systems as a primary component, supported by an average confidence of 0.88.",Boron trioxide,0.7,Round 3 refinement with peer support: 0,281000,Turkey,metric tons,9666.666666666666,18.0,0.783,Multi-agent debate consensus
Quantum Computer,Environmental Control Module/Subsystem,0.9,"Consensus across two agents provides a strong case for cooling systems as a primary component, supported by an average confidence of 0.88.",Boron trioxide,0.7,Round 3 refinement with peer support: 0,281000,United States,metric tons,40040.0,10.08,0.833,Multi-agent debate consensus
Quantum Computer,Environmental Control Module/Subsystem,0.9,"Consensus across two agents provides a strong case for cooling systems as a primary component, supported by an average confidence of 0.88.",Boron trioxide,0.7,Round 3 refinement with peer support: 0,281000,Australia,metric tons,24000.0,6.0,0.85,Australian Mining Reports; reliable data source for primary production.
Quantum Computer,Environmental Control Module/Subsystem,0.9,"Consensus across two agents provides a strong case for cooling systems as a primary component, supported by an average confidence of 0.88.",Boron trioxide,0.7,Round 3 refinement with peer support: 0,281000,India,metric tons,12100.0,3.2,0.75,Multi-agent debate consensus
Quantum Computer,Environmental Control Module/Subsystem,0.9,"Consensus across two agents provides a strong case for cooling systems as a primary component, supported by an average confidence of 0.88.",Boron nitride,0.7,Round 3 refinement with peer support: 0,285000,Japan,metric tons,5583.333333333333,20.33,0.733,Multi-agent debate consensus
Quantum Computer,Environmental Control Module/Subsystem,0.9,"Consensus across two agents provides a strong case for cooling systems as a primary component, supported by an average confidence of 0.88.",Boron nitride,0.7,Round 3 refinement with peer support: 0,285000,United States,metric tons,4066.6666666666665,14.6,0.7,Based on recent estimates from the USGS reports; strong producer but data may have limitations.
Quantum Computer,Environmental Control Module/Subsystem,0.9,"Consensus across two agents provides a strong case for cooling systems as a primary component, supported by an average confidence of 0.88.",Boron nitride,0.7,Round 3 refinement with peer support: 0,285000,Germany,metric tons,2073.3333333333335,6.27,0.667,Multi-agent debate consensus
Quantum Computer,Environmental Control Module/Subsystem,0.9,"Consensus across two agents provides a strong case for cooling systems as a primary component, supported by an average confidence of 0.88.",Boron nitride,0.7,Round 3 refinement with peer support: 0,285000,South Korea,metric tons,4756.666666666667,11.67,0.667,Multi-agent debate consensus
Quantum Computer,Environmental Control Module/Subsystem,0.9,"Consensus across two agents provides a strong case for cooling systems as a primary component, supported by an average confidence of 0.88.",Boron nitride,0.7,Round 3 refinement with peer support: 0,285000,China,metric tons,27475.0,31.5,0.7,Considered a minor producer with limited data available for confirmation; estimates based on recent partial reports.
Quantum Computer,Environmental Control Module/Subsystem,0.9,"Consensus across two agents provides a strong case for cooling systems as a primary component, supported by an average confidence of 0.88.",Bismuth telluride,0.7,Round 3 refinement with peer support: 0,284390,China,metric tons,1958.3333333333333,23.33,0.767,Multi-agent debate consensus
Quantum Computer,Environmental Control Module/Subsystem,0.9,"Consensus across two agents provides a strong case for cooling systems as a primary component, supported by an average confidence of 0.88.",Bismuth telluride,0.7,Round 3 refinement with peer support: 0,284390,Russia,metric tons,380.0,6.67,0.75,Multi-agent debate consensus
Quantum Computer,Environmental Control Module/Subsystem,0.9,"Consensus across two agents provides a strong case for cooling systems as a primary component, supported by an average confidence of 0.88.",Bismuth telluride,0.7,Round 3 refinement with peer support: 0,284390,Canada,metric tons,1339.3333333333333,8.27,0.75,Multi-agent debate consensus
Quantum Computer,Environmental Control Module/Subsystem,0.9,"Consensus across two agents provides a strong case for cooling systems as a primary component, supported by an average confidence of 0.88.",Bismuth telluride,0.7,Round 3 refinement with peer support: 0,284390,United States,metric tons,325.0,15.0,0.8,Multi-agent debate consensus
Quantum Computer,Environmental Control Module/Subsystem,0.9,"Consensus across two agents provides a strong case for cooling systems as a primary component, supported by an average confidence of 0.88.",Bismuth telluride,0.7,Round 3 refinement with peer support: 0,284390,Japan,metric tons,430.6666666666667,3.67,0.767,Multi-agent debate consensus
Quantum Computer,System Control Card/Management Circuitboard,0.89,"Consensus from the other agents with a solid average confidence level, indicating that control electronics are indeed a critical component.",Bismuth telluride,0.7,Round 3 refinement with peer support: 0,284390,China,metric tons,1958.3333333333333,23.33,0.767,Multi-agent debate consensus
Quantum Computer,System Control Card/Management Circuitboard,0.89,"Consensus from the other agents with a solid average confidence level, indicating that control electronics are indeed a critical component.",Bismuth telluride,0.7,Round 3 refinement with peer support: 0,284390,Russia,metric tons,380.0,6.67,0.75,Multi-agent debate consensus
Quantum Computer,System Control Card/Management Circuitboard,0.89,"Consensus from the other agents with a solid average confidence level, indicating that control electronics are indeed a critical component.",Bismuth telluride,0.7,Round 3 refinement with peer support: 0,284390,Canada,metric tons,1339.3333333333333,8.27,0.75,Multi-agent debate consensus
Quantum Computer,System Control Card/Management Circuitboard,0.89,"Consensus from the other agents with a solid average confidence level, indicating that control electronics are indeed a critical component.",Bismuth telluride,0.7,Round 3 refinement with peer support: 0,284390,United States,metric tons,325.0,15.0,0.8,Multi-agent debate consensus
Quantum Computer,System Control Card/Management Circuitboard,0.89,"Consensus from the other agents with a solid average confidence level, indicating that control electronics are indeed a critical component.",Bismuth telluride,0.7,Round 3 refinement with peer support: 0,284390,Japan,metric tons,430.6666666666667,3.67,0.767,Multi-agent debate consensus
Quantum Computer,System Control Card/Management Circuitboard,0.89,"Consensus from the other agents with a solid average confidence level, indicating that control electronics are indeed a critical component.",Ammonium sulfate,0.7,Round 3 refinement with peer support: 0,310240,China,metric tons,8391103.0,38.95,0.825,Large-scale producer with stable production documented by the China National Mineral Industry Federation.
Quantum Computer,System Control Card/Management Circuitboard,0.89,"Consensus from the other agents with a solid average confidence level, indicating that control electronics are indeed a critical component.",Ammonium sulfate,0.7,Round 3 refinement with peer support: 0,310240,India,metric tons,2515135.5,19.25,0.85,Industrially significant producer with consistent production reported by the USGS in recent years.
Quantum Computer,System Control Card/Management Circuitboard,0.89,"Consensus from the other agents with a solid average confidence level, indicating that control electronics are indeed a critical component.",Ammonium sulfate,0.7,Round 3 refinement with peer support: 0,310240,United States,metric tons,3195132.5,17.05,0.8,Significant producer with data from the USGS for 2023.
Quantum Computer,System Control Card/Management Circuitboard,0.89,"Consensus from the other agents with a solid average confidence level, indicating that control electronics are indeed a critical component.",Ammonium sulfate,0.7,Round 3 refinement with peer support: 0,310240,Brazil,metric tons,317385.0,4.6,0.8,Moderate producer with reported data from industry associations.
Quantum Computer,System Control Card/Management Circuitboard,0.89,"Consensus from the other agents with a solid average confidence level, indicating that control electronics are indeed a critical component.",Ammonium sulfate,0.7,Round 3 refinement with peer support: 0,310240,Philippines,metric tons,496874.0,25.3,0.9,"USGS reports show Philippines as the largest producer of Ammonium sulfate in 2022, maintaining position with recent data."
Quantum Computer,System Control Card/Management Circuitboard,0.89,"Consensus from the other agents with a solid average confidence level, indicating that control electronics are indeed a critical component.",Silver,0.7,Round 3 refinement with peer support: 0,710610,MEXICO,METRIC TONS,6400.0,24.62,0.95,USGS Mineral Commodity Summaries 2024/2023 - authoritative U.S. government production data with global coverage
Quantum Computer,System Control Card/Management Circuitboard,0.89,"Consensus from the other agents with a solid average confidence level, indicating that control electronics are indeed a critical component.",Silver,0.7,Round 3 refinement with peer support: 0,710610,CHINA,METRIC TONS,3400.0,13.08,0.95,USGS Mineral Commodity Summaries 2024/2023 - authoritative U.S. government production data with global coverage
Quantum Computer,System Control Card/Management Circuitboard,0.89,"Consensus from the other agents with a solid average confidence level, indicating that control electronics are indeed a critical component.",Silver,0.7,Round 3 refinement with peer support: 0,710610,PERU,METRIC TONS,3100.0,11.92,0.95,USGS Mineral Commodity Summaries 2024/2023 - authoritative U.S. government production data with global coverage
Quantum Computer,System Control Card/Management Circuitboard,0.89,"Consensus from the other agents with a solid average confidence level, indicating that control electronics are indeed a critical component.",Silver,0.7,Round 3 refinement with peer support: 0,710610,OTHER,METRIC TONS,3000.0,11.54,0.95,USGS Mineral Commodity Summaries 2024/2023 - authoritative U.S. government production data with global coverage
Quantum Computer,System Control Card/Management Circuitboard,0.89,"Consensus from the other agents with a solid average confidence level, indicating that control electronics are indeed a critical component.",Silver,0.7,Round 3 refinement with peer support: 0,710610,CHILE,METRIC TONS,1400.0,5.38,0.95,USGS Mineral Commodity Summaries 2024/2023 - authoritative U.S. government production data with global coverage
Quantum Computer,System Control Card/Management Circuitboard,0.89,"Consensus from the other agents with a solid average confidence level, indicating that control electronics are indeed a critical component.",Silicon,0.7,Round 3 refinement with peer support: 0,280469,CHINA,THOUSAND METRIC TONS,3600.0,40.0,0.95,USGS Mineral Commodity Summaries 2024/2023 - authoritative U.S. government production data with global coverage
Quantum Computer,System Control Card/Management Circuitboard,0.89,"Consensus from the other agents with a solid average confidence level, indicating that control electronics are indeed a critical component.",Silicon,0.7,Round 3 refinement with peer support: 0,280469,RUSSIA,THOUSAND METRIC TONS,570.0,6.33,0.95,USGS Mineral Commodity Summaries 2024/2023 - authoritative U.S. government production data with global coverage
Quantum Computer,System Control Card/Management Circuitboard,0.89,"Consensus from the other agents with a solid average confidence level, indicating that control electronics are indeed a critical component.",Silicon,0.7,Round 3 refinement with peer support: 0,280469,BRAZIL,THOUSAND METRIC TONS,190.0,2.11,0.95,USGS Mineral Commodity Summaries 2024/2023 - authoritative U.S. government production data with global coverage
Quantum Computer,System Control Card/Management Circuitboard,0.89,"Consensus from the other agents with a solid average confidence level, indicating that control electronics are indeed a critical component.",Silicon,0.7,Round 3 refinement with peer support: 0,280469,NORWAY,THOUSAND METRIC TONS,200.0,2.22,0.95,USGS Mineral Commodity Summaries 2024/2023 - authoritative U.S. government production data with global coverage
Quantum Computer,System Control Card/Management Circuitboard,0.89,"Consensus from the other agents with a solid average confidence level, indicating that control electronics are indeed a critical component.",Silicon,0.7,Round 3 refinement with peer support: 0,280469,OTHER,THOUSAND METRIC TONS,100.0,1.11,0.95,USGS Mineral Commodity Summaries 2024/2023 - authoritative U.S. government production data with global coverage
Night Vision Goggles,Infrared Sensing Unit,1.0,Strong consensus among three agents with average confidence of 0.98 supports this as a primary component. Its role is critical for night vision.,Aluminum nitride,0.7,Round 3 refinement with peer support: 0,285000,China,metric tons,12500.0,46.5,0.76,Multi-agent debate consensus
Night Vision Goggles,Infrared Sensing Unit,1.0,Strong consensus among three agents with average confidence of 0.98 supports this as a primary component. Its role is critical for night vision.,Aluminum nitride,0.7,Round 3 refinement with peer support: 0,285000,Japan,metric tons,14076.5,26.5,0.74,Multi-agent debate consensus
Night Vision Goggles,Infrared Sensing Unit,1.0,Strong consensus among three agents with average confidence of 0.98 supports this as a primary component. Its role is critical for night vision.,Aluminum nitride,0.7,Round 3 refinement with peer support: 0,285000,United States,metric tons,3226.5,7.5,0.71,Multi-agent debate consensus
Night Vision Goggles,Infrared Sensing Unit,1.0,Strong consensus among three agents with average confidence of 0.98 supports this as a primary component. Its role is critical for night vision.,Aluminum nitride,0.7,Round 3 refinement with peer support: 0,285000,South Korea,metric tons,8709.5,14.0,0.69,Multi-agent debate consensus
Night Vision Goggles,Infrared Sensing Unit,1.0,Strong consensus among three agents with average confidence of 0.98 supports this as a primary component. Its role is critical for night vision.,Aluminum nitride,0.7,Round 3 refinement with peer support: 0,285000,Germany,metric tons,2001.5,4.5,0.665,Multi-agent debate consensus
Night Vision Goggles,LED/Light Emitting Diode,0.87,"Similarly to the ‘Image Intensifier Tube’, this component, with an average confidence of 0.95 and representation by one agent, has a strong function in converting light signals into electrical ones but its relevance is less certain without more support.",Boron nitride,0.85,Round 3 refinement with peer support: 1,285000,Japan,metric tons,5583.333333333333,20.33,0.733,Multi-agent debate consensus
Night Vision Goggles,LED/Light Emitting Diode,0.87,"Similarly to the ‘Image Intensifier Tube’, this component, with an average confidence of 0.95 and representation by one agent, has a strong function in converting light signals into electrical ones but its relevance is less certain without more support.",Boron nitride,0.85,Round 3 refinement with peer support: 1,285000,United States,metric tons,4066.6666666666665,14.6,0.7,Based on recent estimates from the USGS reports; strong producer but data may have limitations.
Night Vision Goggles,LED/Light Emitting Diode,0.87,"Similarly to the ‘Image Intensifier Tube’, this component, with an average confidence of 0.95 and representation by one agent, has a strong function in converting light signals into electrical ones but its relevance is less certain without more support.",Boron nitride,0.85,Round 3 refinement with peer support: 1,285000,Germany,metric tons,2073.3333333333335,6.27,0.667,Multi-agent debate consensus
Night Vision Goggles,LED/Light Emitting Diode,0.87,"Similarly to the ‘Image Intensifier Tube’, this component, with an average confidence of 0.95 and representation by one agent, has a strong function in converting light signals into electrical ones but its relevance is less certain without more support.",Boron nitride,0.85,Round 3 refinement with peer support: 1,285000,South Korea,metric tons,4756.666666666667,11.67,0.667,Multi-agent debate consensus
Night Vision Goggles,LED/Light Emitting Diode,0.87,"Similarly to the ‘Image Intensifier Tube’, this component, with an average confidence of 0.95 and representation by one agent, has a strong function in converting light signals into electrical ones but its relevance is less certain without more support.",Boron nitride,0.85,Round 3 refinement with peer support: 1,285000,China,metric tons,27475.0,31.5,0.7,Considered a minor producer with limited data available for confirmation; estimates based on recent partial reports.
Night Vision Goggles,LED/Light Emitting Diode,0.87,"Similarly to the ‘Image Intensifier Tube’, this component, with an average confidence of 0.95 and representation by one agent, has a strong function in converting light signals into electrical ones but its relevance is less certain without more support.",Silicon,0.85,Round 3 refinement with peer support: 1,280469,CHINA,THOUSAND METRIC TONS,3600.0,40.0,0.95,USGS Mineral Commodity Summaries 2024/2023 - authoritative U.S. government production data with global coverage
Night Vision Goggles,LED/Light Emitting Diode,0.87,"Similarly to the ‘Image Intensifier Tube’, this component, with an average confidence of 0.95 and representation by one agent, has a strong function in converting light signals into electrical ones but its relevance is less certain without more support.",Silicon,0.85,Round 3 refinement with peer support: 1,280469,RUSSIA,THOUSAND METRIC TONS,570.0,6.33,0.95,USGS Mineral Commodity Summaries 2024/2023 - authoritative U.S. government production data with global coverage
Night Vision Goggles,LED/Light Emitting Diode,0.87,"Similarly to the ‘Image Intensifier Tube’, this component, with an average confidence of 0.95 and representation by one agent, has a strong function in converting light signals into electrical ones but its relevance is less certain without more support.",Silicon,0.85,Round 3 refinement with peer support: 1,280469,BRAZIL,THOUSAND METRIC TONS,190.0,2.11,0.95,USGS Mineral Commodity Summaries 2024/2023 - authoritative U.S. government production data with global coverage
Night Vision Goggles,LED/Light Emitting Diode,0.87,"Similarly to the ‘Image Intensifier Tube’, this component, with an average confidence of 0.95 and representation by one agent, has a strong function in converting light signals into electrical ones but its relevance is less certain without more support.",Silicon,0.85,Round 3 refinement with peer support: 1,280469,NORWAY,THOUSAND METRIC TONS,200.0,2.22,0.95,USGS Mineral Commodity Summaries 2024/2023 - authoritative U.S. government production data with global coverage
Night Vision Goggles,LED/Light Emitting Diode,0.87,"Similarly to the ‘Image Intensifier Tube’, this component, with an average confidence of 0.95 and representation by one agent, has a strong function in converting light signals into electrical ones but its relevance is less certain without more support.",Silicon,0.85,Round 3 refinement with peer support: 1,280469,OTHER,THOUSAND METRIC TONS,100.0,1.11,0.95,USGS Mineral Commodity Summaries 2024/2023 - authoritative U.S. government production data with global coverage
Night Vision Goggles,Liquid Crystal Screen,0.9,Support from multiple agents indicates this is crucial for outputting the processed image,Aluminum nitride,0.7,Round 3 refinement with peer support: 0,285000,China,metric tons,12500.0,46.5,0.76,Multi-agent debate consensus
Night Vision Goggles,Liquid Crystal Screen,0.9,Support from multiple agents indicates this is crucial for outputting the processed image,Aluminum nitride,0.7,Round 3 refinement with peer support: 0,285000,Japan,metric tons,14076.5,26.5,0.74,Multi-agent debate consensus
Night Vision Goggles,Liquid Crystal Screen,0.9,Support from multiple agents indicates this is crucial for outputting the processed image,Aluminum nitride,0.7,Round 3 refinement with peer support: 0,285000,United States,metric tons,3226.5,7.5,0.71,Multi-agent debate consensus
Night Vision Goggles,Liquid Crystal Screen,0.9,Support from multiple agents indicates this is crucial for outputting the processed image,Aluminum nitride,0.7,Round 3 refinement with peer support: 0,285000,South Korea,metric tons,8709.5,14.0,0.69,Multi-agent debate consensus
Night Vision Goggles,Liquid Crystal Screen,0.9,Support from multiple agents indicates this is crucial for outputting the processed image,Aluminum nitride,0.7,Round 3 refinement with peer support: 0,285000,Germany,metric tons,2001.5,4.5,0.665,Multi-agent debate consensus
Night Vision Goggles,Liquid Crystal Screen,0.9,Support from multiple agents indicates this is crucial for outputting the processed image,Boron carbide,0.7,Round 3 refinement with peer support: 0,284920,United States,metric tons,1083.3333333333333,36.67,0.75,Multi-agent debate consensus
Night Vision Goggles,Liquid Crystal Screen,0.9,Support from multiple agents indicates this is crucial for outputting the processed image,Boron carbide,0.7,Round 3 refinement with peer support: 0,284920,Japan,metric tons,382.3333333333333,15.0,0.783,Significant player in manufacturing due to demand from ceramic and composite sectors; industry data.
Night Vision Goggles,Liquid Crystal Screen,0.9,Support from multiple agents indicates this is crucial for outputting the processed image,Boron carbide,0.7,Round 3 refinement with peer support: 0,284920,China,metric tons,483.3333333333333,27.33,0.733,Second-largest producer globally with substantial production capacity based on industry reports.
Night Vision Goggles,Liquid Crystal Screen,0.9,Support from multiple agents indicates this is crucial for outputting the processed image,Boron carbide,0.7,Round 3 refinement with peer support: 0,284920,Germany,metric tons,144.66666666666666,6.07,0.75,Multi-agent debate consensus
Night Vision Goggles,Liquid Crystal Screen,0.9,Support from multiple agents indicates this is crucial for outputting the processed image,Boron carbide,0.7,Round 3 refinement with peer support: 0,284920,South Korea,metric tons,96.66666666666669,4.23,0.667,Multi-agent debate consensus
Night Vision Goggles,Cooling Heat Exchanger Unit,0.0,,Bismuth telluride,0.95,Round 3 refinement with peer support: 2,284390,China,metric tons,1958.3333333333333,23.33,0.767,Multi-agent debate consensus
Night Vision Goggles,Cooling Heat Exchanger Unit,0.0,,Bismuth telluride,0.95,Round 3 refinement with peer support: 2,284390,Russia,metric tons,380.0,6.67,0.75,Multi-agent debate consensus
Night Vision Goggles,Cooling Heat Exchanger Unit,0.0,,Bismuth telluride,0.95,Round 3 refinement with peer support: 2,284390,Canada,metric tons,1339.3333333333333,8.27,0.75,Multi-agent debate consensus
Night Vision Goggles,Cooling Heat Exchanger Unit,0.0,,Bismuth telluride,0.95,Round 3 refinement with peer support: 2,284390,United States,metric tons,325.0,15.0,0.8,Multi-agent debate consensus
Night Vision Goggles,Cooling Heat Exchanger Unit,0.0,,Bismuth telluride,0.95,Round 3 refinement with peer support: 2,284390,Japan,metric tons,430.6666666666667,3.67,0.767,Multi-agent debate consensus
Night Vision Goggles,Cooling Heat Exchanger Unit,0.0,,Aluminum nitride,0.7,Round 3 refinement with peer support: 0,285000,China,metric tons,12500.0,46.5,0.76,Multi-agent debate consensus
Night Vision Goggles,Cooling Heat Exchanger Unit,0.0,,Aluminum nitride,0.7,Round 3 refinement with peer support: 0,285000,Japan,metric tons,14076.5,26.5,0.74,Multi-agent debate consensus
Night Vision Goggles,Cooling Heat Exchanger Unit,0.0,,Aluminum nitride,0.7,Round 3 refinement with peer support: 0,285000,United States,metric tons,3226.5,7.5,0.71,Multi-agent debate consensus
Night Vision Goggles,Cooling Heat Exchanger Unit,0.0,,Aluminum nitride,0.7,Round 3 refinement with peer support: 0,285000,South Korea,metric tons,8709.5,14.0,0.69,Multi-agent debate consensus
Night Vision Goggles,Cooling Heat Exchanger Unit,0.0,,Aluminum nitride,0.7,Round 3 refinement with peer support: 0,285000,Germany,metric tons,2001.5,4.5,0.665,Multi-agent debate consensus
MRI Machine,Magneto Hydrodynamic Force Generator/Levitating Body/Actuator,0.98,Multiple agents have proposed the magnet system as a primary component and there's little debate around it.,Neodymium,0.8,Round 3 refinement with peer support: 1,280530,China,metric tons,44685.666666666664,82.83,0.85,China dominates production with comprehensive government statistics; USGS validated
MRI Machine,Magneto Hydrodynamic Force Generator/Levitating Body/Actuator,0.98,Multiple agents have proposed the magnet system as a primary component and there's little debate around it.,Neodymium,0.8,Round 3 refinement with peer support: 1,280530,France,metric tons,3454.0,6.93,0.783,Multi-agent debate consensus
MRI Machine,Magneto Hydrodynamic Force Generator/Levitating Body/Actuator,0.98,Multiple agents have proposed the magnet system as a primary component and there's little debate around it.,Neodymium,0.8,Round 3 refinement with peer support: 1,280530,Russia,metric tons,1994.0,3.73,0.817,"Large but declining production; data from Mining Ministry, Stabilized since the early 2000s"
MRI Machine,Magneto Hydrodynamic Force Generator/Levitating Body/Actuator,0.98,Multiple agents have proposed the magnet system as a primary component and there's little debate around it.,Neodymium,0.8,Round 3 refinement with peer support: 1,280530,United States,metric tons,3348.3333333333335,5.47,0.767,Multi-agent debate consensus
MRI Machine,Magneto Hydrodynamic Force Generator/Levitating Body/Actuator,0.98,Multiple agents have proposed the magnet system as a primary component and there's little debate around it.,Neodymium,0.8,Round 3 refinement with peer support: 1,280530,Japan,metric tons,304.3333333333333,0.83,0.817,Advanced processing not primary producer; recycled material plays a role in supply chain
MRI Machine,Magneto Hydrodynamic Force Generator/Levitating Body/Actuator,0.98,Multiple agents have proposed the magnet system as a primary component and there's little debate around it.,Iron,0.775,Round 3 refinement with peer support: 1,720110,Brazil,metric tons,15998748.666666666,6.13,0.833,World Bank reports 2023 data on Brazil's iron production
MRI Machine,Magneto Hydrodynamic Force Generator/Levitating Body/Actuator,0.98,Multiple agents have proposed the magnet system as a primary component and there's little debate around it.,Iron,0.775,Round 3 refinement with peer support: 1,720110,China,metric tons,84458981.0,32.45,0.875,USGS data for 2023 shows China dominates global iron production
MRI Machine,Magneto Hydrodynamic Force Generator/Levitating Body/Actuator,0.98,Multiple agents have proposed the magnet system as a primary component and there's little debate around it.,Iron,0.775,Round 3 refinement with peer support: 1,720110,Australia,metric tons,20033946.0,7.8,0.85,Australian Bureau of Statistics 2023 data on iron production
MRI Machine,Magneto Hydrodynamic Force Generator/Levitating Body/Actuator,0.98,Multiple agents have proposed the magnet system as a primary component and there's little debate around it.,Iron,0.775,Round 3 refinement with peer support: 1,720110,India,metric tons,12472384.0,4.7,0.825,ISMR annual report for 2023 on Indian iron production
MRI Machine,Magneto Hydrodynamic Force Generator/Levitating Body/Actuator,0.98,Multiple agents have proposed the magnet system as a primary component and there's little debate around it.,Iron,0.775,Round 3 refinement with peer support: 1,720110,Russia,metric tons,8224380.0,3.15,0.825,RIAC (Russian Institute for Strategic Studies) reports on 2023 iron production
MRI Machine,Magneto Hydrodynamic Force Generator/Levitating Body/Actuator,0.98,Multiple agents have proposed the magnet system as a primary component and there's little debate around it.,Bismuth,0.7,Round 3 refinement with peer support: 0,810600,CHINA,METRIC TONS,16000.0,80.0,0.95,USGS Mineral Commodity Summaries 2024/2023 - authoritative U.S. government production data with global coverage
MRI Machine,Magneto Hydrodynamic Force Generator/Levitating Body/Actuator,0.98,Multiple agents have proposed the magnet system as a primary component and there's little debate around it.,Bismuth,0.7,Round 3 refinement with peer support: 0,810600,LAOS,METRIC TONS,2000.0,10.0,0.95,USGS Mineral Commodity Summaries 2024/2023 - authoritative U.S. government production data with global coverage
MRI Machine,Magneto Hydrodynamic Force Generator/Levitating Body/Actuator,0.98,Multiple agents have proposed the magnet system as a primary component and there's little debate around it.,Bismuth,0.7,Round 3 refinement with peer support: 0,810600,"KOREA, REPUBLIC OF",METRIC TONS,850.0,4.25,0.95,USGS Mineral Commodity Summaries 2024/2023 - authoritative U.S. government production data with global coverage
MRI Machine,Magneto Hydrodynamic Force Generator/Levitating Body/Actuator,0.98,Multiple agents have proposed the magnet system as a primary component and there's little debate around it.,Bismuth,0.7,Round 3 refinement with peer support: 0,810600,JAPAN,METRIC TONS,500.0,2.5,0.95,USGS Mineral Commodity Summaries 2024/2023 - authoritative U.S. government production data with global coverage
MRI Machine,Magneto Hydrodynamic Force Generator/Levitating Body/Actuator,0.98,Multiple agents have proposed the magnet system as a primary component and there's little debate around it.,Bismuth,0.7,Round 3 refinement with peer support: 0,810600,KAZAKHSTAN,METRIC TONS,160.0,0.8,0.95,USGS Mineral Commodity Summaries 2024/2023 - authoritative U.S. government production data with global coverage
MRI Machine,Computer System,0.92,"Multiple agents have proposed this component with moderate to high confidence, reinforcing its importance.",Silicon,0.8,Round 3 refinement with peer support: 1,280469,CHINA,THOUSAND METRIC TONS,3600.0,40.0,0.95,USGS Mineral Commodity Summaries 2024/2023 - authoritative U.S. government production data with global coverage
MRI Machine,Computer System,0.92,"Multiple agents have proposed this component with moderate to high confidence, reinforcing its importance.",Silicon,0.8,Round 3 refinement with peer support: 1,280469,RUSSIA,THOUSAND METRIC TONS,570.0,6.33,0.95,USGS Mineral Commodity Summaries 2024/2023 - authoritative U.S. government production data with global coverage
MRI Machine,Computer System,0.92,"Multiple agents have proposed this component with moderate to high confidence, reinforcing its importance.",Silicon,0.8,Round 3 refinement with peer support: 1,280469,BRAZIL,THOUSAND METRIC TONS,190.0,2.11,0.95,USGS Mineral Commodity Summaries 2024/2023 - authoritative U.S. government production data with global coverage
MRI Machine,Computer System,0.92,"Multiple agents have proposed this component with moderate to high confidence, reinforcing its importance.",Silicon,0.8,Round 3 refinement with peer support: 1,280469,NORWAY,THOUSAND METRIC TONS,200.0,2.22,0.95,USGS Mineral Commodity Summaries 2024/2023 - authoritative U.S. government production data with global coverage
MRI Machine,Computer System,0.92,"Multiple agents have proposed this component with moderate to high confidence, reinforcing its importance.",Silicon,0.8,Round 3 refinement with peer support: 1,280469,OTHER,THOUSAND METRIC TONS,100.0,1.11,0.95,USGS Mineral Commodity Summaries 2024/2023 - authoritative U.S. government production data with global coverage
MRI Machine,Computer System,0.92,"Multiple agents have proposed this component with moderate to high confidence, reinforcing its importance.",Copper,0.85,Round 3 refinement with peer support: 1,740100,CHINA,THOUSAND METRIC TONS,1700.0,3.47,0.95,USGS Mineral Commodity Summaries 2024/2023 - authoritative U.S. government production data with global coverage
MRI Machine,Computer System,0.92,"Multiple agents have proposed this component with moderate to high confidence, reinforcing its importance.",Copper,0.85,Round 3 refinement with peer support: 1,740100,CHILE,THOUSAND METRIC TONS,5000.0,10.2,0.95,USGS Mineral Commodity Summaries 2024/2023 - authoritative U.S. government production data with global coverage
MRI Machine,Computer System,0.92,"Multiple agents have proposed this component with moderate to high confidence, reinforcing its importance.",Copper,0.85,Round 3 refinement with peer support: 1,740100,OTHER,THOUSAND METRIC TONS,3100.0,6.33,0.95,USGS Mineral Commodity Summaries 2024/2023 - authoritative U.S. government production data with global coverage
MRI Machine,Computer System,0.92,"Multiple agents have proposed this component with moderate to high confidence, reinforcing its importance.",Copper,0.85,Round 3 refinement with peer support: 1,740100,CONGO,THOUSAND METRIC TONS,2500.0,5.1,0.95,USGS Mineral Commodity Summaries 2024/2023 - authoritative U.S. government production data with global coverage
MRI Machine,Computer System,0.92,"Multiple agents have proposed this component with moderate to high confidence, reinforcing its importance.",Copper,0.85,Round 3 refinement with peer support: 1,740100,PERU,THOUSAND METRIC TONS,2600.0,5.31,0.95,USGS Mineral Commodity Summaries 2024/2023 - authoritative U.S. government production data with global coverage
MRI Machine,Computer System,0.92,"Multiple agents have proposed this component with moderate to high confidence, reinforcing its importance.",Aluminum,0.7,Round 3 refinement with peer support: 0,280300,CHINA,THOUSAND METRIC TONS,41000.0,58.57,0.95,USGS Mineral Commodity Summaries 2024/2023 - authoritative U.S. government production data with global coverage
MRI Machine,Computer System,0.92,"Multiple agents have proposed this component with moderate to high confidence, reinforcing its importance.",Aluminum,0.7,Round 3 refinement with peer support: 0,280300,OTHER,THOUSAND METRIC TONS,7000.0,10.0,0.95,USGS Mineral Commodity Summaries 2024/2023 - authoritative U.S. government production data with global coverage
MRI Machine,Computer System,0.92,"Multiple agents have proposed this component with moderate to high confidence, reinforcing its importance.",Aluminum,0.7,Round 3 refinement with peer support: 0,280300,INDIA,THOUSAND METRIC TONS,4100.0,5.86,0.95,USGS Mineral Commodity Summaries 2024/2023 - authoritative U.S. government production data with global coverage
MRI Machine,Computer System,0.92,"Multiple agents have proposed this component with moderate to high confidence, reinforcing its importance.",Aluminum,0.7,Round 3 refinement with peer support: 0,280300,RUSSIA,THOUSAND METRIC TONS,3800.0,5.43,0.95,USGS Mineral Commodity Summaries 2024/2023 - authoritative U.S. government production data with global coverage
MRI Machine,Computer System,0.92,"Multiple agents have proposed this component with moderate to high confidence, reinforcing its importance.",Aluminum,0.7,Round 3 refinement with peer support: 0,280300,CANADA,THOUSAND METRIC TONS,3000.0,4.29,0.95,USGS Mineral Commodity Summaries 2024/2023 - authoritative U.S. government production data with global coverage
MRI Machine,Computer System,0.92,"Multiple agents have proposed this component with moderate to high confidence, reinforcing its importance.",Gallium arsenide,0.7,Round 3 refinement with peer support: 0,282890,Japan,metric tons,8666.666666666666,24.6,0.9,Multi-agent debate consensus
MRI Machine,Computer System,0.92,"Multiple agents have proposed this component with moderate to high confidence, reinforcing its importance.",Gallium arsenide,0.7,Round 3 refinement with peer support: 0,282890,China,metric tons,16905.0,24.33,0.85,Multi-agent debate consensus
MRI Machine,Computer System,0.92,"Multiple agents have proposed this component with moderate to high confidence, reinforcing its importance.",Gallium arsenide,0.7,Round 3 refinement with peer support: 0,282890,United States,metric tons,4416.666666666667,15.4,0.8,"Based on recent trends in the semiconductor industry, the US is a significant producer of gallium arsenide, primarily focused on research and development."
MRI Machine,Computer System,0.92,"Multiple agents have proposed this component with moderate to high confidence, reinforcing its importance.",Gallium arsenide,0.7,Round 3 refinement with peer support: 0,282890,South Korea,kg,7337.5,11.0,0.825,"As a tech-driven market, South Korea has a substantial demand for gallium arsenide."
MRI Machine,Computer System,0.92,"Multiple agents have proposed this component with moderate to high confidence, reinforcing its importance.",Gallium arsenide,0.7,Round 3 refinement with peer support: 0,282890,Germany,kg,3770.0,9.0,0.8,"As part of the European Union, Germany contributes to the overall production with its robust industrial sector."
MRI Machine,RF Coil Array,0.95,"Agents from different perspectives have proposed RF coil related components such as 'RF transmitter and receiver', 'RF coil assembly', and 'MRI RF coil set'. There's reasonable consensus around the importance of these components.",Copper,0.883,Round 3 refinement with peer support: 2,740100,CHINA,THOUSAND METRIC TONS,1700.0,3.47,0.95,USGS Mineral Commodity Summaries 2024/2023 - authoritative U.S. government production data with global coverage
MRI Machine,RF Coil Array,0.95,"Agents from different perspectives have proposed RF coil related components such as 'RF transmitter and receiver', 'RF coil assembly', and 'MRI RF coil set'. There's reasonable consensus around the importance of these components.",Copper,0.883,Round 3 refinement with peer support: 2,740100,CHILE,THOUSAND METRIC TONS,5000.0,10.2,0.95,USGS Mineral Commodity Summaries 2024/2023 - authoritative U.S. government production data with global coverage
MRI Machine,RF Coil Array,0.95,"Agents from different perspectives have proposed RF coil related components such as 'RF transmitter and receiver', 'RF coil assembly', and 'MRI RF coil set'. There's reasonable consensus around the importance of these components.",Copper,0.883,Round 3 refinement with peer support: 2,740100,OTHER,THOUSAND METRIC TONS,3100.0,6.33,0.95,USGS Mineral Commodity Summaries 2024/2023 - authoritative U.S. government production data with global coverage
MRI Machine,RF Coil Array,0.95,"Agents from different perspectives have proposed RF coil related components such as 'RF transmitter and receiver', 'RF coil assembly', and 'MRI RF coil set'. There's reasonable consensus around the importance of these components.",Copper,0.883,Round 3 refinement with peer support: 2,740100,CONGO,THOUSAND METRIC TONS,2500.0,5.1,0.95,USGS Mineral Commodity Summaries 2024/2023 - authoritative U.S. government production data with global coverage
MRI Machine,RF Coil Array,0.95,"Agents from different perspectives have proposed RF coil related components such as 'RF transmitter and receiver', 'RF coil assembly', and 'MRI RF coil set'. There's reasonable consensus around the importance of these components.",Copper,0.883,Round 3 refinement with peer support: 2,740100,PERU,THOUSAND METRIC TONS,2600.0,5.31,0.95,USGS Mineral Commodity Summaries 2024/2023 - authoritative U.S. government production data with global coverage
MRI Machine,RF Coil Array,0.95,"Agents from different perspectives have proposed RF coil related components such as 'RF transmitter and receiver', 'RF coil assembly', and 'MRI RF coil set'. There's reasonable consensus around the importance of these components.",Nickel,0.7,Round 3 refinement with peer support: 0,750110,INDONESIA,METRIC TONS,1800000.0,50.0,0.95,USGS Mineral Commodity Summaries 2024/2023 - authoritative U.S. government production data with global coverage
MRI Machine,RF Coil Array,0.95,"Agents from different perspectives have proposed RF coil related components such as 'RF transmitter and receiver', 'RF coil assembly', and 'MRI RF coil set'. There's reasonable consensus around the importance of these components.",Nickel,0.7,Round 3 refinement with peer support: 0,750110,PHILIPPINES,METRIC TONS,400000.0,11.11,0.95,USGS Mineral Commodity Summaries 2024/2023 - authoritative U.S. government production data with global coverage
MRI Machine,RF Coil Array,0.95,"Agents from different perspectives have proposed RF coil related components such as 'RF transmitter and receiver', 'RF coil assembly', and 'MRI RF coil set'. There's reasonable consensus around the importance of these components.",Nickel,0.7,Round 3 refinement with peer support: 0,750110,OTHER,METRIC TONS,380000.0,10.56,0.95,USGS Mineral Commodity Summaries 2024/2023 - authoritative U.S. government production data with global coverage
MRI Machine,RF Coil Array,0.95,"Agents from different perspectives have proposed RF coil related components such as 'RF transmitter and receiver', 'RF coil assembly', and 'MRI RF coil set'. There's reasonable consensus around the importance of these components.",Nickel,0.7,Round 3 refinement with peer support: 0,750110,NEW CALEDONIA,METRIC TONS,230000.0,6.39,0.95,USGS Mineral Commodity Summaries 2024/2023 - authoritative U.S. government production data with global coverage
MRI Machine,RF Coil Array,0.95,"Agents from different perspectives have proposed RF coil related components such as 'RF transmitter and receiver', 'RF coil assembly', and 'MRI RF coil set'. There's reasonable consensus around the importance of these components.",Nickel,0.7,Round 3 refinement with peer support: 0,750110,RUSSIA,METRIC TONS,200000.0,5.56,0.95,USGS Mineral Commodity Summaries 2024/2023 - authoritative U.S. government production data with global coverage
MRI Machine,RF Coil Array,0.95,"Agents from different perspectives have proposed RF coil related components such as 'RF transmitter and receiver', 'RF coil assembly', and 'MRI RF coil set'. There's reasonable consensus around the importance of these components.",Polyethylene,0.7,Round 3 refinement with peer support: 0,390110,China,metric tons,11446666.666666666,27.5,0.873,Based on Platts and IEA reports; reliable data source for petrochemical production
MRI Machine,RF Coil Array,0.95,"Agents from different perspectives have proposed RF coil related components such as 'RF transmitter and receiver', 'RF coil assembly', and 'MRI RF coil set'. There's reasonable consensus around the importance of these components.",Polyethylene,0.7,Round 3 refinement with peer support: 0,390110,United States,metric tons,3854133.3333333335,11.28,0.86,Fourth largest producer with growing ethylene capacity; Platts data
MRI Machine,RF Coil Array,0.95,"Agents from different perspectives have proposed RF coil related components such as 'RF transmitter and receiver', 'RF coil assembly', and 'MRI RF coil set'. There's reasonable consensus around the importance of these components.",Polyethylene,0.7,Round 3 refinement with peer support: 0,390110,Japan,metric tons,5084533.333333333,9.11,0.783,"Information from Japan's Ministry of Economy, Trade and Industry; reliable source."
MRI Machine,RF Coil Array,0.95,"Agents from different perspectives have proposed RF coil related components such as 'RF transmitter and receiver', 'RF coil assembly', and 'MRI RF coil set'. There's reasonable consensus around the importance of these components.",Polyethylene,0.7,Round 3 refinement with peer support: 0,390110,Saudi Arabia,metric tons,6185333.333333333,11.72,0.867,Second largest producer with significant ethylene capacity; well-documented by industry reports
MRI Machine,RF Coil Array,0.95,"Agents from different perspectives have proposed RF coil related components such as 'RF transmitter and receiver', 'RF coil assembly', and 'MRI RF coil set'. There's reasonable consensus around the importance of these components.",Polyethylene,0.7,Round 3 refinement with peer support: 0,390110,South Korea,metric tons,2682800.0,5.75,0.793,Major producer with robust petrochemical sector; IEA verified data
MRI Machine,Induction Motor/Permanent Magnet Synchronous Motor/Gearless Direct Drive Motors/Electronic Commutation Devices/Ferrite Core Transformers/Toroidal Inductive Coils,0.98,"Multiple agents have proposed this component with high confidence (average 0.98), reflecting its critical role in generating the magnetic field essential for MRI scanning.",Aluminum,0.775,Round 3 refinement with peer support: 1,280300,CHINA,THOUSAND METRIC TONS,41000.0,58.57,0.95,USGS Mineral Commodity Summaries 2024/2023 - authoritative U.S. government production data with global coverage
MRI Machine,Induction Motor/Permanent Magnet Synchronous Motor/Gearless Direct Drive Motors/Electronic Commutation Devices/Ferrite Core Transformers/Toroidal Inductive Coils,0.98,"Multiple agents have proposed this component with high confidence (average 0.98), reflecting its critical role in generating the magnetic field essential for MRI scanning.",Aluminum,0.775,Round 3 refinement with peer support: 1,280300,OTHER,THOUSAND METRIC TONS,7000.0,10.0,0.95,USGS Mineral Commodity Summaries 2024/2023 - authoritative U.S. government production data with global coverage
MRI Machine,Induction Motor/Permanent Magnet Synchronous Motor/Gearless Direct Drive Motors/Electronic Commutation Devices/Ferrite Core Transformers/Toroidal Inductive Coils,0.98,"Multiple agents have proposed this component with high confidence (average 0.98), reflecting its critical role in generating the magnetic field essential for MRI scanning.",Aluminum,0.775,Round 3 refinement with peer support: 1,280300,INDIA,THOUSAND METRIC TONS,4100.0,5.86,0.95,USGS Mineral Commodity Summaries 2024/2023 - authoritative U.S. government production data with global coverage
MRI Machine,Induction Motor/Permanent Magnet Synchronous Motor/Gearless Direct Drive Motors/Electronic Commutation Devices/Ferrite Core Transformers/Toroidal Inductive Coils,0.98,"Multiple agents have proposed this component with high confidence (average 0.98), reflecting its critical role in generating the magnetic field essential for MRI scanning.",Aluminum,0.775,Round 3 refinement with peer support: 1,280300,RUSSIA,THOUSAND METRIC TONS,3800.0,5.43,0.95,USGS Mineral Commodity Summaries 2024/2023 - authoritative U.S. government production data with global coverage
MRI Machine,Induction Motor/Permanent Magnet Synchronous Motor/Gearless Direct Drive Motors/Electronic Commutation Devices/Ferrite Core Transformers/Toroidal Inductive Coils,0.98,"Multiple agents have proposed this component with high confidence (average 0.98), reflecting its critical role in generating the magnetic field essential for MRI scanning.",Aluminum,0.775,Round 3 refinement with peer support: 1,280300,CANADA,THOUSAND METRIC TONS,3000.0,4.29,0.95,USGS Mineral Commodity Summaries 2024/2023 - authoritative U.S. government production data with global coverage
MRI Machine,Wireless Communication Subsystem - RF Transceiver,0.95,"This component is consistently proposed by multiple agents (average 0.95), supporting its primary role in transmitting RF energy to enable signal encoding and receiving MR signals.",Silicon,0.883,Round 3 refinement with peer support: 2,280469,CHINA,THOUSAND METRIC TONS,3600.0,40.0,0.95,USGS Mineral Commodity Summaries 2024/2023 - authoritative U.S. government production data with global coverage
MRI Machine,Wireless Communication Subsystem - RF Transceiver,0.95,"This component is consistently proposed by multiple agents (average 0.95), supporting its primary role in transmitting RF energy to enable signal encoding and receiving MR signals.",Silicon,0.883,Round 3 refinement with peer support: 2,280469,RUSSIA,THOUSAND METRIC TONS,570.0,6.33,0.95,USGS Mineral Commodity Summaries 2024/2023 - authoritative U.S. government production data with global coverage
MRI Machine,Wireless Communication Subsystem - RF Transceiver,0.95,"This component is consistently proposed by multiple agents (average 0.95), supporting its primary role in transmitting RF energy to enable signal encoding and receiving MR signals.",Silicon,0.883,Round 3 refinement with peer support: 2,280469,BRAZIL,THOUSAND METRIC TONS,190.0,2.11,0.95,USGS Mineral Commodity Summaries 2024/2023 - authoritative U.S. government production data with global coverage
MRI Machine,Wireless Communication Subsystem - RF Transceiver,0.95,"This component is consistently proposed by multiple agents (average 0.95), supporting its primary role in transmitting RF energy to enable signal encoding and receiving MR signals.",Silicon,0.883,Round 3 refinement with peer support: 2,280469,NORWAY,THOUSAND METRIC TONS,200.0,2.22,0.95,USGS Mineral Commodity Summaries 2024/2023 - authoritative U.S. government production data with global coverage
MRI Machine,Wireless Communication Subsystem - RF Transceiver,0.95,"This component is consistently proposed by multiple agents (average 0.95), supporting its primary role in transmitting RF energy to enable signal encoding and receiving MR signals.",Silicon,0.883,Round 3 refinement with peer support: 2,280469,OTHER,THOUSAND METRIC TONS,100.0,1.11,0.95,USGS Mineral Commodity Summaries 2024/2023 - authoritative U.S. government production data with global coverage
MRI Machine,Wireless Communication Subsystem - RF Transceiver,0.95,"This component is consistently proposed by multiple agents (average 0.95), supporting its primary role in transmitting RF energy to enable signal encoding and receiving MR signals.",Copper,0.85,Round 3 refinement with peer support: 1,740100,CHINA,THOUSAND METRIC TONS,1700.0,3.47,0.95,USGS Mineral Commodity Summaries 2024/2023 - authoritative U.S. government production data with global coverage
MRI Machine,Wireless Communication Subsystem - RF Transceiver,0.95,"This component is consistently proposed by multiple agents (average 0.95), supporting its primary role in transmitting RF energy to enable signal encoding and receiving MR signals.",Copper,0.85,Round 3 refinement with peer support: 1,740100,CHILE,THOUSAND METRIC TONS,5000.0,10.2,0.95,USGS Mineral Commodity Summaries 2024/2023 - authoritative U.S. government production data with global coverage
MRI Machine,Wireless Communication Subsystem - RF Transceiver,0.95,"This component is consistently proposed by multiple agents (average 0.95), supporting its primary role in transmitting RF energy to enable signal encoding and receiving MR signals.",Copper,0.85,Round 3 refinement with peer support: 1,740100,OTHER,THOUSAND METRIC TONS,3100.0,6.33,0.95,USGS Mineral Commodity Summaries 2024/2023 - authoritative U.S. government production data with global coverage
MRI Machine,Wireless Communication Subsystem - RF Transceiver,0.95,"This component is consistently proposed by multiple agents (average 0.95), supporting its primary role in transmitting RF energy to enable signal encoding and receiving MR signals.",Copper,0.85,Round 3 refinement with peer support: 1,740100,CONGO,THOUSAND METRIC TONS,2500.0,5.1,0.95,USGS Mineral Commodity Summaries 2024/2023 - authoritative U.S. government production data with global coverage
MRI Machine,Wireless Communication Subsystem - RF Transceiver,0.95,"This component is consistently proposed by multiple agents (average 0.95), supporting its primary role in transmitting RF energy to enable signal encoding and receiving MR signals.",Copper,0.85,Round 3 refinement with peer support: 1,740100,PERU,THOUSAND METRIC TONS,2600.0,5.31,0.95,USGS Mineral Commodity Summaries 2024/2023 - authoritative U.S. government production data with global coverage
MRI Machine,Wireless Communication Subsystem - RF Transceiver,0.95,"This component is consistently proposed by multiple agents (average 0.95), supporting its primary role in transmitting RF energy to enable signal encoding and receiving MR signals.",Gallium nitride,0.7,Round 3 refinement with peer support: 0,285000,Japan,metric tons,17180.0,31.5,0.8,Japan is a key producer for electronic materials due to strong industry presence; data from industry association reports.
MRI Machine,Wireless Communication Subsystem - RF Transceiver,0.95,"This component is consistently proposed by multiple agents (average 0.95), supporting its primary role in transmitting RF energy to enable signal encoding and receiving MR signals.",Gallium nitride,0.7,Round 3 refinement with peer support: 0,285000,China,metric tons,22190.0,32.0,0.8,Growing producer with a strong focus on semiconductor manufacturing; exact figures depend on specific production centers.
MRI Machine,Wireless Communication Subsystem - RF Transceiver,0.95,"This component is consistently proposed by multiple agents (average 0.95), supporting its primary role in transmitting RF energy to enable signal encoding and receiving MR signals.",Gallium nitride,0.7,Round 3 refinement with peer support: 0,285000,South Korea,metric tons,3500.0,14.0,0.85,Also heavily involved in the production and use of gallium nitride for electronic applications; data from Korean industry reports.
MRI Machine,Wireless Communication Subsystem - RF Transceiver,0.95,"This component is consistently proposed by multiple agents (average 0.95), supporting its primary role in transmitting RF energy to enable signal encoding and receiving MR signals.",Gallium nitride,0.7,Round 3 refinement with peer support: 0,285000,United States,metric tons,5560.0,13.0,0.75,Contains significant production facilities due to its strong semiconductor market infrastructure; data from US Department of Energy.
MRI Machine,Wireless Communication Subsystem - RF Transceiver,0.95,"This component is consistently proposed by multiple agents (average 0.95), supporting its primary role in transmitting RF energy to enable signal encoding and receiving MR signals.",Gallium nitride,0.7,Round 3 refinement with peer support: 0,285000,Germany,metric tons,1270.0,3.5,0.725,Active in the application of gallium nitride for specialized electronic devices within its technology sector; data from German industry associations.
MRI Machine,Helicopter Propeller,0.88,"While slightly lower than the magnet and RF coil confidence, these are frequently cited and critical for image formation in MRI machines.",Copper,0.85,Round 3 refinement with peer support: 1,740100,CHINA,THOUSAND METRIC TONS,1700.0,3.47,0.95,USGS Mineral Commodity Summaries 2024/2023 - authoritative U.S. government production data with global coverage
MRI Machine,Helicopter Propeller,0.88,"While slightly lower than the magnet and RF coil confidence, these are frequently cited and critical for image formation in MRI machines.",Copper,0.85,Round 3 refinement with peer support: 1,740100,CHILE,THOUSAND METRIC TONS,5000.0,10.2,0.95,USGS Mineral Commodity Summaries 2024/2023 - authoritative U.S. government production data with global coverage
MRI Machine,Helicopter Propeller,0.88,"While slightly lower than the magnet and RF coil confidence, these are frequently cited and critical for image formation in MRI machines.",Copper,0.85,Round 3 refinement with peer support: 1,740100,OTHER,THOUSAND METRIC TONS,3100.0,6.33,0.95,USGS Mineral Commodity Summaries 2024/2023 - authoritative U.S. government production data with global coverage
MRI Machine,Helicopter Propeller,0.88,"While slightly lower than the magnet and RF coil confidence, these are frequently cited and critical for image formation in MRI machines.",Copper,0.85,Round 3 refinement with peer support: 1,740100,CONGO,THOUSAND METRIC TONS,2500.0,5.1,0.95,USGS Mineral Commodity Summaries 2024/2023 - authoritative U.S. government production data with global coverage
MRI Machine,Helicopter Propeller,0.88,"While slightly lower than the magnet and RF coil confidence, these are frequently cited and critical for image formation in MRI machines.",Copper,0.85,Round 3 refinement with peer support: 1,740100,PERU,THOUSAND METRIC TONS,2600.0,5.31,0.95,USGS Mineral Commodity Summaries 2024/2023 - authoritative U.S. government production data with global coverage
MRI Machine,Helicopter Propeller,0.88,"While slightly lower than the magnet and RF coil confidence, these are frequently cited and critical for image formation in MRI machines.",Nickel,0.7,Round 3 refinement with peer support: 0,750110,INDONESIA,METRIC TONS,1800000.0,50.0,0.95,USGS Mineral Commodity Summaries 2024/2023 - authoritative U.S. government production data with global coverage
MRI Machine,Helicopter Propeller,0.88,"While slightly lower than the magnet and RF coil confidence, these are frequently cited and critical for image formation in MRI machines.",Nickel,0.7,Round 3 refinement with peer support: 0,750110,PHILIPPINES,METRIC TONS,400000.0,11.11,0.95,USGS Mineral Commodity Summaries 2024/2023 - authoritative U.S. government production data with global coverage
MRI Machine,Helicopter Propeller,0.88,"While slightly lower than the magnet and RF coil confidence, these are frequently cited and critical for image formation in MRI machines.",Nickel,0.7,Round 3 refinement with peer support: 0,750110,OTHER,METRIC TONS,380000.0,10.56,0.95,USGS Mineral Commodity Summaries 2024/2023 - authoritative U.S. government production data with global coverage
MRI Machine,Helicopter Propeller,0.88,"While slightly lower than the magnet and RF coil confidence, these are frequently cited and critical for image formation in MRI machines.",Nickel,0.7,Round 3 refinement with peer support: 0,750110,NEW CALEDONIA,METRIC TONS,230000.0,6.39,0.95,USGS Mineral Commodity Summaries 2024/2023 - authoritative U.S. government production data with global coverage
MRI Machine,Helicopter Propeller,0.88,"While slightly lower than the magnet and RF coil confidence, these are frequently cited and critical for image formation in MRI machines.",Nickel,0.7,Round 3 refinement with peer support: 0,750110,RUSSIA,METRIC TONS,200000.0,5.56,0.95,USGS Mineral Commodity Summaries 2024/2023 - authoritative U.S. government production data with global coverage
MRI Machine,Voltage Regulator (DC-to-DC),0.85,Agent3 proposed power supply and amplifier units as crucial components.,Silicon,0.8,Round 3 refinement with peer support: 1,280469,CHINA,THOUSAND METRIC TONS,3600.0,40.0,0.95,USGS Mineral Commodity Summaries 2024/2023 - authoritative U.S. government production data with global coverage
MRI Machine,Voltage Regulator (DC-to-DC),0.85,Agent3 proposed power supply and amplifier units as crucial components.,Silicon,0.8,Round 3 refinement with peer support: 1,280469,RUSSIA,THOUSAND METRIC TONS,570.0,6.33,0.95,USGS Mineral Commodity Summaries 2024/2023 - authoritative U.S. government production data with global coverage
MRI Machine,Voltage Regulator (DC-to-DC),0.85,Agent3 proposed power supply and amplifier units as crucial components.,Silicon,0.8,Round 3 refinement with peer support: 1,280469,BRAZIL,THOUSAND METRIC TONS,190.0,2.11,0.95,USGS Mineral Commodity Summaries 2024/2023 - authoritative U.S. government production data with global coverage
MRI Machine,Voltage Regulator (DC-to-DC),0.85,Agent3 proposed power supply and amplifier units as crucial components.,Silicon,0.8,Round 3 refinement with peer support: 1,280469,NORWAY,THOUSAND METRIC TONS,200.0,2.22,0.95,USGS Mineral Commodity Summaries 2024/2023 - authoritative U.S. government production data with global coverage
MRI Machine,Voltage Regulator (DC-to-DC),0.85,Agent3 proposed power supply and amplifier units as crucial components.,Silicon,0.8,Round 3 refinement with peer support: 1,280469,OTHER,THOUSAND METRIC TONS,100.0,1.11,0.95,USGS Mineral Commodity Summaries 2024/2023 - authoritative U.S. government production data with global coverage
MRI Machine,Voltage Regulator (DC-to-DC),0.85,Agent3 proposed power supply and amplifier units as crucial components.,Copper,0.85,Round 3 refinement with peer support: 1,740100,CHINA,THOUSAND METRIC TONS,1700.0,3.47,0.95,USGS Mineral Commodity Summaries 2024/2023 - authoritative U.S. government production data with global coverage
MRI Machine,Voltage Regulator (DC-to-DC),0.85,Agent3 proposed power supply and amplifier units as crucial components.,Copper,0.85,Round 3 refinement with peer support: 1,740100,CHILE,THOUSAND METRIC TONS,5000.0,10.2,0.95,USGS Mineral Commodity Summaries 2024/2023 - authoritative U.S. government production data with global coverage
MRI Machine,Voltage Regulator (DC-to-DC),0.85,Agent3 proposed power supply and amplifier units as crucial components.,Copper,0.85,Round 3 refinement with peer support: 1,740100,OTHER,THOUSAND METRIC TONS,3100.0,6.33,0.95,USGS Mineral Commodity Summaries 2024/2023 - authoritative U.S. government production data with global coverage
MRI Machine,Voltage Regulator (DC-to-DC),0.85,Agent3 proposed power supply and amplifier units as crucial components.,Copper,0.85,Round 3 refinement with peer support: 1,740100,CONGO,THOUSAND METRIC TONS,2500.0,5.1,0.95,USGS Mineral Commodity Summaries 2024/2023 - authoritative U.S. government production data with global coverage
MRI Machine,Voltage Regulator (DC-to-DC),0.85,Agent3 proposed power supply and amplifier units as crucial components.,Copper,0.85,Round 3 refinement with peer support: 1,740100,PERU,THOUSAND METRIC TONS,2600.0,5.31,0.95,USGS Mineral Commodity Summaries 2024/2023 - authoritative U.S. government production data with global coverage
MRI Machine,Voltage Regulator (DC-to-DC),0.85,Agent3 proposed power supply and amplifier units as crucial components.,Gallium arsenide,0.7,Round 3 refinement with peer support: 0,282890,Japan,metric tons,8666.666666666666,24.6,0.9,Multi-agent debate consensus
MRI Machine,Voltage Regulator (DC-to-DC),0.85,Agent3 proposed power supply and amplifier units as crucial components.,Gallium arsenide,0.7,Round 3 refinement with peer support: 0,282890,China,metric tons,16905.0,24.33,0.85,Multi-agent debate consensus
MRI Machine,Voltage Regulator (DC-to-DC),0.85,Agent3 proposed power supply and amplifier units as crucial components.,Gallium arsenide,0.7,Round 3 refinement with peer support: 0,282890,United States,metric tons,4416.666666666667,15.4,0.8,"Based on recent trends in the semiconductor industry, the US is a significant producer of gallium arsenide, primarily focused on research and development."
MRI Machine,Voltage Regulator (DC-to-DC),0.85,Agent3 proposed power supply and amplifier units as crucial components.,Gallium arsenide,0.7,Round 3 refinement with peer support: 0,282890,South Korea,kg,7337.5,11.0,0.825,"As a tech-driven market, South Korea has a substantial demand for gallium arsenide."
MRI Machine,Voltage Regulator (DC-to-DC),0.85,Agent3 proposed power supply and amplifier units as crucial components.,Gallium arsenide,0.7,Round 3 refinement with peer support: 0,282890,Germany,kg,3770.0,9.0,0.8,"As part of the European Union, Germany contributes to the overall production with its robust industrial sector."
MRI Machine,Gradient and Homogeneity Coils,0.92,"Agents have widely agreed on the importance of gradient coils with an average confidence score of 0.92, highlighting their critical function in spatially encoding the MR signal in three dimensions.",Copper,0.7,Round 3 refinement with peer support: 0,740100,CHINA,THOUSAND METRIC TONS,1700.0,3.47,0.95,USGS Mineral Commodity Summaries 2024/2023 - authoritative U.S. government production data with global coverage
MRI Machine,Gradient and Homogeneity Coils,0.92,"Agents have widely agreed on the importance of gradient coils with an average confidence score of 0.92, highlighting their critical function in spatially encoding the MR signal in three dimensions.",Copper,0.7,Round 3 refinement with peer support: 0,740100,CHILE,THOUSAND METRIC TONS,5000.0,10.2,0.95,USGS Mineral Commodity Summaries 2024/2023 - authoritative U.S. government production data with global coverage
MRI Machine,Gradient and Homogeneity Coils,0.92,"Agents have widely agreed on the importance of gradient coils with an average confidence score of 0.92, highlighting their critical function in spatially encoding the MR signal in three dimensions.",Copper,0.7,Round 3 refinement with peer support: 0,740100,OTHER,THOUSAND METRIC TONS,3100.0,6.33,0.95,USGS Mineral Commodity Summaries 2024/2023 - authoritative U.S. government production data with global coverage
MRI Machine,Gradient and Homogeneity Coils,0.92,"Agents have widely agreed on the importance of gradient coils with an average confidence score of 0.92, highlighting their critical function in spatially encoding the MR signal in three dimensions.",Copper,0.7,Round 3 refinement with peer support: 0,740100,CONGO,THOUSAND METRIC TONS,2500.0,5.1,0.95,USGS Mineral Commodity Summaries 2024/2023 - authoritative U.S. government production data with global coverage
MRI Machine,Gradient and Homogeneity Coils,0.92,"Agents have widely agreed on the importance of gradient coils with an average confidence score of 0.92, highlighting their critical function in spatially encoding the MR signal in three dimensions.",Copper,0.7,Round 3 refinement with peer support: 0,740100,PERU,THOUSAND METRIC TONS,2600.0,5.31,0.95,USGS Mineral Commodity Summaries 2024/2023 - authoritative U.S. government production data with global coverage
Solar Panel,Dielectric Layer,0.98,Strong consensus among two agents with high average confidence (0.98) indicates its importance in the solar panel's core function.,Silicon,0.95,Round 3 refinement with peer support: 2,280469,CHINA,THOUSAND METRIC TONS,3600.0,40.0,0.95,USGS Mineral Commodity Summaries 2024/2023 - authoritative U.S. government production data with global coverage
Solar Panel,Dielectric Layer,0.98,Strong consensus among two agents with high average confidence (0.98) indicates its importance in the solar panel's core function.,Silicon,0.95,Round 3 refinement with peer support: 2,280469,RUSSIA,THOUSAND METRIC TONS,570.0,6.33,0.95,USGS Mineral Commodity Summaries 2024/2023 - authoritative U.S. government production data with global coverage
Solar Panel,Dielectric Layer,0.98,Strong consensus among two agents with high average confidence (0.98) indicates its importance in the solar panel's core function.,Silicon,0.95,Round 3 refinement with peer support: 2,280469,BRAZIL,THOUSAND METRIC TONS,190.0,2.11,0.95,USGS Mineral Commodity Summaries 2024/2023 - authoritative U.S. government production data with global coverage
Solar Panel,Dielectric Layer,0.98,Strong consensus among two agents with high average confidence (0.98) indicates its importance in the solar panel's core function.,Silicon,0.95,Round 3 refinement with peer support: 2,280469,NORWAY,THOUSAND METRIC TONS,200.0,2.22,0.95,USGS Mineral Commodity Summaries 2024/2023 - authoritative U.S. government production data with global coverage
Solar Panel,Dielectric Layer,0.98,Strong consensus among two agents with high average confidence (0.98) indicates its importance in the solar panel's core function.,Silicon,0.95,Round 3 refinement with peer support: 2,280469,OTHER,THOUSAND METRIC TONS,100.0,1.11,0.95,USGS Mineral Commodity Summaries 2024/2023 - authoritative U.S. government production data with global coverage
Solar Panel,Dielectric Layer,0.98,Strong consensus among two agents with high average confidence (0.98) indicates its importance in the solar panel's core function.,Boron,0.85,Round 3 refinement with peer support: 1,280450,Turkey,metric tons,291633.3333333333,58.0,0.84,Based on data from the Turkish Ministry of Energy and Natural Resources; very reliable official statistics
Solar Panel,Dielectric Layer,0.98,Strong consensus among two agents with high average confidence (0.98) indicates its importance in the solar panel's core function.,Boron,0.85,Round 3 refinement with peer support: 1,280450,China,metric tons,69885.14333333333,13.67,0.817,Largest producer in Asia; data from the China National Nuclear Corporation
Solar Panel,Dielectric Layer,0.98,Strong consensus among two agents with high average confidence (0.98) indicates its importance in the solar panel's core function.,Boron,0.85,Round 3 refinement with peer support: 1,280450,Romania,metric tons,15187.5,2.86,0.783,Multi-agent debate consensus
Solar Panel,Dielectric Layer,0.98,Strong consensus among two agents with high average confidence (0.98) indicates its importance in the solar panel's core function.,Boron,0.85,Round 3 refinement with peer support: 1,280450,Jordan,metric tons,77389.86666666667,13.47,0.783,Multi-agent debate consensus
Solar Panel,Dielectric Layer,0.98,Strong consensus among two agents with high average confidence (0.98) indicates its importance in the solar panel's core function.,Boron,0.85,Round 3 refinement with peer support: 1,280450,Uzbekistan,metric tons,61118.975,9.2,0.85,Primary producer based on reports from the United States Geological Survey; well-established industry
Solar Panel,Dielectric Layer,0.98,Strong consensus among two agents with high average confidence (0.98) indicates its importance in the solar panel's core function.,Phosphorus,0.85,Round 3 refinement with peer support: 1,280470,China,metric tons,10941666.666666666,47.5,0.897,Based on recent data from the China Phosphate Association; reliable and comprehensive statistics.
Solar Panel,Dielectric Layer,0.98,Strong consensus among two agents with high average confidence (0.98) indicates its importance in the solar panel's core function.,Phosphorus,0.85,Round 3 refinement with peer support: 1,280470,Egypt,metric tons,2432028.0,12.67,0.86,Primary producer of phosphates from the Nubian Sandstone; data from USGS.
Solar Panel,Dielectric Layer,0.98,Strong consensus among two agents with high average confidence (0.98) indicates its importance in the solar panel's core function.,Phosphorus,0.85,Round 3 refinement with peer support: 1,280470,United States,metric tons,1710533.3333333333,9.6,0.827,Second-largest producer in the Western Hemisphere; data from USGS
Solar Panel,Dielectric Layer,0.98,Strong consensus among two agents with high average confidence (0.98) indicates its importance in the solar panel's core function.,Phosphorus,0.85,Round 3 refinement with peer support: 1,280470,Morocco and Western Sahara,metric tons,2608450.0,15.0,0.85,Major exporter of phosphate rock; data from the Ministry of Economy.
Solar Panel,Dielectric Layer,0.98,Strong consensus among two agents with high average confidence (0.98) indicates its importance in the solar panel's core function.,Phosphorus,0.85,Round 3 refinement with peer support: 1,280470,Israel,metric tons,592000.0,3.5,0.79,Multi-agent debate consensus
Solar Panel,Optical Glass,0.95,"Two agents agreed on glass as a critical component with an average confidence of 0.94, supporting its role as part of the encapsulation process and structural integrity.",Borosilicate glass,0.95,Round 3 refinement with peer support: 2,700800,China,metric tons,51491666.666666664,41.67,0.833,Multi-agent debate consensus
Solar Panel,Optical Glass,0.95,"Two agents agreed on glass as a critical component with an average confidence of 0.94, supporting its role as part of the encapsulation process and structural integrity.",Borosilicate glass,0.95,Round 3 refinement with peer support: 2,700800,Germany,metric tons,20445000.0,14.0,0.817,Germany's reputation in precision and high-quality glass production supports this estimate.
Solar Panel,Optical Glass,0.95,"Two agents agreed on glass as a critical component with an average confidence of 0.94, supporting its role as part of the encapsulation process and structural integrity.",Borosilicate glass,0.95,Round 3 refinement with peer support: 2,700800,Japan,metric tons,25300000.0,12.67,0.85,Japanese manufacturers are known for their expertise in borosilicate glass.
Solar Panel,Optical Glass,0.95,"Two agents agreed on glass as a critical component with an average confidence of 0.94, supporting its role as part of the encapsulation process and structural integrity.",Borosilicate glass,0.95,Round 3 refinement with peer support: 2,700800,United States,metric tons,10150333.333333334,9.0,0.783,Multi-agent debate consensus
Solar Panel,Optical Glass,0.95,"Two agents agreed on glass as a critical component with an average confidence of 0.94, supporting its role as part of the encapsulation process and structural integrity.",Borosilicate glass,0.95,Round 3 refinement with peer support: 2,700800,Italy,metric tons,8432333.333333334,5.33,0.7,Historically important in specialized glass manufacturing but specific borosilicate data might exist elsewhere.
Solar Panel,Optical Glass,0.95,"Two agents agreed on glass as a critical component with an average confidence of 0.94, supporting its role as part of the encapsulation process and structural integrity.",7-AAD,0.7,Round 3 refinement with peer support: 0,382490,China,metric tons,9587066.666666666,41.17,0.8,Based on data from the Plastics Technology Report 2024
Solar Panel,Optical Glass,0.95,"Two agents agreed on glass as a critical component with an average confidence of 0.94, supporting its role as part of the encapsulation process and structural integrity.",7-AAD,0.7,Round 3 refinement with peer support: 0,382490,United States,metric tons,1651700.0,18.0,0.733,Major chemical producer with significant research and development capabilities; data from US Census Bureau.
Solar Panel,Optical Glass,0.95,"Two agents agreed on glass as a critical component with an average confidence of 0.94, supporting its role as part of the encapsulation process and structural integrity.",7-AAD,0.7,Round 3 refinement with peer support: 0,382490,South Korea,metric tons,2081460.0,8.03,0.767,"Data from the Korean Ministry of Trade, Industry and Energy (MOTIE) with moderate data lag"
Solar Panel,Optical Glass,0.95,"Two agents agreed on glass as a critical component with an average confidence of 0.94, supporting its role as part of the encapsulation process and structural integrity.",7-AAD,0.7,Round 3 refinement with peer support: 0,382490,Japan,metric tons,1011413.3333333334,7.53,0.7,"Data from the Japanese Ministry of Economy, Trade and Industry (METI) with moderate data lag"
Solar Panel,Optical Glass,0.95,"Two agents agreed on glass as a critical component with an average confidence of 0.94, supporting its role as part of the encapsulation process and structural integrity.",7-AAD,0.7,Round 3 refinement with peer support: 0,382490,Germany,metric tons,15780.0,15.91,0.775,Strong chemical and pharmaceutical industries; comprehensive data from European Chemical Industry Council (CEFIC).
Solar Panel,Optical Glass,0.95,"Two agents agreed on glass as a critical component with an average confidence of 0.94, supporting its role as part of the encapsulation process and structural integrity.",Brilliant Violet dyes,0.7,Round 3 refinement with peer support: 0,320419,Germany,kg,673866.6666666666,22.67,0.767,Multi-agent debate consensus
Solar Panel,Optical Glass,0.95,"Two agents agreed on glass as a critical component with an average confidence of 0.94, supporting its role as part of the encapsulation process and structural integrity.",Brilliant Violet dyes,0.7,Round 3 refinement with peer support: 0,320419,China,kg,376666.6666666667,29.33,0.733,Multi-agent debate consensus
Solar Panel,Optical Glass,0.95,"Two agents agreed on glass as a critical component with an average confidence of 0.94, supporting its role as part of the encapsulation process and structural integrity.",Brilliant Violet dyes,0.7,Round 3 refinement with peer support: 0,320419,India,kg,360000.0,19.0,0.717,Multi-agent debate consensus
Solar Panel,Optical Glass,0.95,"Two agents agreed on glass as a critical component with an average confidence of 0.94, supporting its role as part of the encapsulation process and structural integrity.",Brilliant Violet dyes,0.7,Round 3 refinement with peer support: 0,320419,United States,kg,174400.0,9.0,0.767,"The U.S. plays a significant role in pigment and dye production, although its share is smaller than China's."
Solar Panel,Optical Glass,0.95,"Two agents agreed on glass as a critical component with an average confidence of 0.94, supporting its role as part of the encapsulation process and structural integrity.",Brilliant Violet dyes,0.7,Round 3 refinement with peer support: 0,320419,Japan,kg,129800.0,5.2,0.75,Multi-agent debate consensus
Digital Signal Processors (DSPs),Microprocessor Unit,1.0,"Strong consensus from multiple agents (2 out of 3) with high average confidence (0.99), making it a primary component for DSPs.",Silicon,0.95,Round 3 refinement with peer support: 2,280469,CHINA,THOUSAND METRIC TONS,3600.0,40.0,0.95,USGS Mineral Commodity Summaries 2024/2023 - authoritative U.S. government production data with global coverage
Digital Signal Processors (DSPs),Microprocessor Unit,1.0,"Strong consensus from multiple agents (2 out of 3) with high average confidence (0.99), making it a primary component for DSPs.",Silicon,0.95,Round 3 refinement with peer support: 2,280469,RUSSIA,THOUSAND METRIC TONS,570.0,6.33,0.95,USGS Mineral Commodity Summaries 2024/2023 - authoritative U.S. government production data with global coverage
Digital Signal Processors (DSPs),Microprocessor Unit,1.0,"Strong consensus from multiple agents (2 out of 3) with high average confidence (0.99), making it a primary component for DSPs.",Silicon,0.95,Round 3 refinement with peer support: 2,280469,BRAZIL,THOUSAND METRIC TONS,190.0,2.11,0.95,USGS Mineral Commodity Summaries 2024/2023 - authoritative U.S. government production data with global coverage
Digital Signal Processors (DSPs),Microprocessor Unit,1.0,"Strong consensus from multiple agents (2 out of 3) with high average confidence (0.99), making it a primary component for DSPs.",Silicon,0.95,Round 3 refinement with peer support: 2,280469,NORWAY,THOUSAND METRIC TONS,200.0,2.22,0.95,USGS Mineral Commodity Summaries 2024/2023 - authoritative U.S. government production data with global coverage
Digital Signal Processors (DSPs),Microprocessor Unit,1.0,"Strong consensus from multiple agents (2 out of 3) with high average confidence (0.99), making it a primary component for DSPs.",Silicon,0.95,Round 3 refinement with peer support: 2,280469,OTHER,THOUSAND METRIC TONS,100.0,1.11,0.95,USGS Mineral Commodity Summaries 2024/2023 - authoritative U.S. government production data with global coverage
Digital Signal Processors (DSPs),Microprocessor Unit,1.0,"Strong consensus from multiple agents (2 out of 3) with high average confidence (0.99), making it a primary component for DSPs.",Tungsten,0.7,Round 3 refinement with peer support: 0,810194,CHINA,METRIC TONS,63000.0,80.77,0.95,USGS Mineral Commodity Summaries 2024/2023 - authoritative U.S. government production data with global coverage
Digital Signal Processors (DSPs),Microprocessor Unit,1.0,"Strong consensus from multiple agents (2 out of 3) with high average confidence (0.99), making it a primary component for DSPs.",Tungsten,0.7,Round 3 refinement with peer support: 0,810194,VIETNAM,METRIC TONS,3500.0,4.49,0.95,USGS Mineral Commodity Summaries 2024/2023 - authoritative U.S. government production data with global coverage
Digital Signal Processors (DSPs),Microprocessor Unit,1.0,"Strong consensus from multiple agents (2 out of 3) with high average confidence (0.99), making it a primary component for DSPs.",Tungsten,0.7,Round 3 refinement with peer support: 0,810194,RUSSIA,METRIC TONS,2000.0,2.56,0.95,USGS Mineral Commodity Summaries 2024/2023 - authoritative U.S. government production data with global coverage
Digital Signal Processors (DSPs),Microprocessor Unit,1.0,"Strong consensus from multiple agents (2 out of 3) with high average confidence (0.99), making it a primary component for DSPs.",Tungsten,0.7,Round 3 refinement with peer support: 0,810194,"KOREA, NORTH",METRIC TONS,1700.0,2.18,0.95,USGS Mineral Commodity Summaries 2024/2023 - authoritative U.S. government production data with global coverage
Digital Signal Processors (DSPs),Microprocessor Unit,1.0,"Strong consensus from multiple agents (2 out of 3) with high average confidence (0.99), making it a primary component for DSPs.",Tungsten,0.7,Round 3 refinement with peer support: 0,810194,SPAIN,METRIC TONS,1500.0,1.92,0.95,USGS Mineral Commodity Summaries 2024/2023 - authoritative U.S. government production data with global coverage
Digital Signal Processors (DSPs),Microprocessor Unit,1.0,"Strong consensus from multiple agents (2 out of 3) with high average confidence (0.99), making it a primary component for DSPs.",Gold,0.7,Round 3 refinement with peer support: 0,710812,OTHER,METRIC TONS,700.0,23.33,0.95,USGS Mineral Commodity Summaries 2024/2023 - authoritative U.S. government production data with global coverage
Digital Signal Processors (DSPs),Microprocessor Unit,1.0,"Strong consensus from multiple agents (2 out of 3) with high average confidence (0.99), making it a primary component for DSPs.",Gold,0.7,Round 3 refinement with peer support: 0,710812,CHINA,METRIC TONS,370.0,12.33,0.95,USGS Mineral Commodity Summaries 2024/2023 - authoritative U.S. government production data with global coverage
Digital Signal Processors (DSPs),Microprocessor Unit,1.0,"Strong consensus from multiple agents (2 out of 3) with high average confidence (0.99), making it a primary component for DSPs.",Gold,0.7,Round 3 refinement with peer support: 0,710812,RUSSIA,METRIC TONS,310.0,10.33,0.95,USGS Mineral Commodity Summaries 2024/2023 - authoritative U.S. government production data with global coverage
Digital Signal Processors (DSPs),Microprocessor Unit,1.0,"Strong consensus from multiple agents (2 out of 3) with high average confidence (0.99), making it a primary component for DSPs.",Gold,0.7,Round 3 refinement with peer support: 0,710812,AUSTRALIA,METRIC TONS,310.0,10.33,0.95,USGS Mineral Commodity Summaries 2024/2023 - authoritative U.S. government production data with global coverage
Digital Signal Processors (DSPs),Microprocessor Unit,1.0,"Strong consensus from multiple agents (2 out of 3) with high average confidence (0.99), making it a primary component for DSPs.",Gold,0.7,Round 3 refinement with peer support: 0,710812,CANADA,METRIC TONS,200.0,6.67,0.95,USGS Mineral Commodity Summaries 2024/2023 - authoritative U.S. government production data with global coverage
Digital Signal Processors (DSPs),Microprocessor Unit,1.0,"Strong consensus from multiple agents (2 out of 3) with high average confidence (0.99), making it a primary component for DSPs.",Tantalum,0.7,Round 3 refinement with peer support: 0,810320,CONGO,METRIC TONS,980.0,40.83,0.95,USGS Mineral Commodity Summaries 2024/2023 - authoritative U.S. government production data with global coverage
Digital Signal Processors (DSPs),Microprocessor Unit,1.0,"Strong consensus from multiple agents (2 out of 3) with high average confidence (0.99), making it a primary component for DSPs.",Tantalum,0.7,Round 3 refinement with peer support: 0,810320,RWANDA,METRIC TONS,520.0,21.67,0.95,USGS Mineral Commodity Summaries 2024/2023 - authoritative U.S. government production data with global coverage
Digital Signal Processors (DSPs),Microprocessor Unit,1.0,"Strong consensus from multiple agents (2 out of 3) with high average confidence (0.99), making it a primary component for DSPs.",Tantalum,0.7,Round 3 refinement with peer support: 0,810320,BRAZIL,METRIC TONS,360.0,15.0,0.95,USGS Mineral Commodity Summaries 2024/2023 - authoritative U.S. government production data with global coverage
Digital Signal Processors (DSPs),Microprocessor Unit,1.0,"Strong consensus from multiple agents (2 out of 3) with high average confidence (0.99), making it a primary component for DSPs.",Tantalum,0.7,Round 3 refinement with peer support: 0,810320,OTHER,METRIC TONS,260.0,10.83,0.95,USGS Mineral Commodity Summaries 2024/2023 - authoritative U.S. government production data with global coverage
Digital Signal Processors (DSPs),Microprocessor Unit,1.0,"Strong consensus from multiple agents (2 out of 3) with high average confidence (0.99), making it a primary component for DSPs.",Tantalum,0.7,Round 3 refinement with peer support: 0,810320,NIGERIA,METRIC TONS,110.0,4.58,0.95,USGS Mineral Commodity Summaries 2024/2023 - authoritative U.S. government production data with global coverage
Digital Signal Processors (DSPs),Ram Chips,0.93,Single proposal with average confidence but no opposition; RAM/ROM are essential for data storage and processing.,Silicon,0.95,Round 3 refinement with peer support: 2,280469,CHINA,THOUSAND METRIC TONS,3600.0,40.0,0.95,USGS Mineral Commodity Summaries 2024/2023 - authoritative U.S. government production data with global coverage
Digital Signal Processors (DSPs),Ram Chips,0.93,Single proposal with average confidence but no opposition; RAM/ROM are essential for data storage and processing.,Silicon,0.95,Round 3 refinement with peer support: 2,280469,RUSSIA,THOUSAND METRIC TONS,570.0,6.33,0.95,USGS Mineral Commodity Summaries 2024/2023 - authoritative U.S. government production data with global coverage
Digital Signal Processors (DSPs),Ram Chips,0.93,Single proposal with average confidence but no opposition; RAM/ROM are essential for data storage and processing.,Silicon,0.95,Round 3 refinement with peer support: 2,280469,BRAZIL,THOUSAND METRIC TONS,190.0,2.11,0.95,USGS Mineral Commodity Summaries 2024/2023 - authoritative U.S. government production data with global coverage
Digital Signal Processors (DSPs),Ram Chips,0.93,Single proposal with average confidence but no opposition; RAM/ROM are essential for data storage and processing.,Silicon,0.95,Round 3 refinement with peer support: 2,280469,NORWAY,THOUSAND METRIC TONS,200.0,2.22,0.95,USGS Mineral Commodity Summaries 2024/2023 - authoritative U.S. government production data with global coverage
Digital Signal Processors (DSPs),Ram Chips,0.93,Single proposal with average confidence but no opposition; RAM/ROM are essential for data storage and processing.,Silicon,0.95,Round 3 refinement with peer support: 2,280469,OTHER,THOUSAND METRIC TONS,100.0,1.11,0.95,USGS Mineral Commodity Summaries 2024/2023 - authoritative U.S. government production data with global coverage
Digital Signal Processors (DSPs),Ram Chips,0.93,Single proposal with average confidence but no opposition; RAM/ROM are essential for data storage and processing.,Gold,0.95,Round 3 refinement with peer support: 2,710812,OTHER,METRIC TONS,700.0,23.33,0.95,USGS Mineral Commodity Summaries 2024/2023 - authoritative U.S. government production data with global coverage
Digital Signal Processors (DSPs),Ram Chips,0.93,Single proposal with average confidence but no opposition; RAM/ROM are essential for data storage and processing.,Gold,0.95,Round 3 refinement with peer support: 2,710812,CHINA,METRIC TONS,370.0,12.33,0.95,USGS Mineral Commodity Summaries 2024/2023 - authoritative U.S. government production data with global coverage
Digital Signal Processors (DSPs),Ram Chips,0.93,Single proposal with average confidence but no opposition; RAM/ROM are essential for data storage and processing.,Gold,0.95,Round 3 refinement with peer support: 2,710812,RUSSIA,METRIC TONS,310.0,10.33,0.95,USGS Mineral Commodity Summaries 2024/2023 - authoritative U.S. government production data with global coverage
Digital Signal Processors (DSPs),Ram Chips,0.93,Single proposal with average confidence but no opposition; RAM/ROM are essential for data storage and processing.,Gold,0.95,Round 3 refinement with peer support: 2,710812,AUSTRALIA,METRIC TONS,310.0,10.33,0.95,USGS Mineral Commodity Summaries 2024/2023 - authoritative U.S. government production data with global coverage
Digital Signal Processors (DSPs),Ram Chips,0.93,Single proposal with average confidence but no opposition; RAM/ROM are essential for data storage and processing.,Gold,0.95,Round 3 refinement with peer support: 2,710812,CANADA,METRIC TONS,200.0,6.67,0.95,USGS Mineral Commodity Summaries 2024/2023 - authoritative U.S. government production data with global coverage
Digital Signal Processors (DSPs),Ram Chips,0.93,Single proposal with average confidence but no opposition; RAM/ROM are essential for data storage and processing.,Platinum,0.7,Round 3 refinement with peer support: 0,711011,South Africa,ounces,159636.33333333334,68.57,0.85,Based on world platinum production data from the World Platinum Investment Council; reliable and up-to-date.
Digital Signal Processors (DSPs),Ram Chips,0.93,Single proposal with average confidence but no opposition; RAM/ROM are essential for data storage and processing.,Platinum,0.7,Round 3 refinement with peer support: 0,711011,Russia,oz,33934.0,15.35,0.85,REPOS (Russian Precious Metals Industry Holding) reports; generally reliable but data might have some reporting issues.
Digital Signal Processors (DSPs),Ram Chips,0.93,Single proposal with average confidence but no opposition; RAM/ROM are essential for data storage and processing.,Platinum,0.7,Round 3 refinement with peer support: 0,711011,Canada,oz,18010.0,8.65,0.825,"Placer Dome Inc., a major Canadian producer; data based on annual reports and reliable,"
Digital Signal Processors (DSPs),Ram Chips,0.93,Single proposal with average confidence but no opposition; RAM/ROM are essential for data storage and processing.,Platinum,0.7,Round 3 refinement with peer support: 0,711011,United States,oz,8066.0,2.9,0.775,Multi-agent debate consensus
Digital Signal Processors (DSPs),Ram Chips,0.93,Single proposal with average confidence but no opposition; RAM/ROM are essential for data storage and processing.,Platinum,0.7,Round 3 refinement with peer support: 0,711011,俄罗斯,ounces,25910.0,8.6,0.8,Multi-agent debate consensus
Digital Signal Processors (DSPs),DAC/ADC Converter,0.0,,Copper,0.7,Round 3 refinement with peer support: 0,740100,CHINA,THOUSAND METRIC TONS,1700.0,3.47,0.95,USGS Mineral Commodity Summaries 2024/2023 - authoritative U.S. government production data with global coverage
Digital Signal Processors (DSPs),DAC/ADC Converter,0.0,,Copper,0.7,Round 3 refinement with peer support: 0,740100,CHILE,THOUSAND METRIC TONS,5000.0,10.2,0.95,USGS Mineral Commodity Summaries 2024/2023 - authoritative U.S. government production data with global coverage
Digital Signal Processors (DSPs),DAC/ADC Converter,0.0,,Copper,0.7,Round 3 refinement with peer support: 0,740100,OTHER,THOUSAND METRIC TONS,3100.0,6.33,0.95,USGS Mineral Commodity Summaries 2024/2023 - authoritative U.S. government production data with global coverage
Digital Signal Processors (DSPs),DAC/ADC Converter,0.0,,Copper,0.7,Round 3 refinement with peer support: 0,740100,CONGO,THOUSAND METRIC TONS,2500.0,5.1,0.95,USGS Mineral Commodity Summaries 2024/2023 - authoritative U.S. government production data with global coverage
Digital Signal Processors (DSPs),DAC/ADC Converter,0.0,,Copper,0.7,Round 3 refinement with peer support: 0,740100,PERU,THOUSAND METRIC TONS,2600.0,5.31,0.95,USGS Mineral Commodity Summaries 2024/2023 - authoritative U.S. government production data with global coverage
Digital Signal Processors (DSPs),DAC/ADC Converter,0.0,,Silicon,0.95,Round 3 refinement with peer support: 2,280469,CHINA,THOUSAND METRIC TONS,3600.0,40.0,0.95,USGS Mineral Commodity Summaries 2024/2023 - authoritative U.S. government production data with global coverage
Digital Signal Processors (DSPs),DAC/ADC Converter,0.0,,Silicon,0.95,Round 3 refinement with peer support: 2,280469,RUSSIA,THOUSAND METRIC TONS,570.0,6.33,0.95,USGS Mineral Commodity Summaries 2024/2023 - authoritative U.S. government production data with global coverage
Digital Signal Processors (DSPs),DAC/ADC Converter,0.0,,Silicon,0.95,Round 3 refinement with peer support: 2,280469,BRAZIL,THOUSAND METRIC TONS,190.0,2.11,0.95,USGS Mineral Commodity Summaries 2024/2023 - authoritative U.S. government production data with global coverage
Digital Signal Processors (DSPs),DAC/ADC Converter,0.0,,Silicon,0.95,Round 3 refinement with peer support: 2,280469,NORWAY,THOUSAND METRIC TONS,200.0,2.22,0.95,USGS Mineral Commodity Summaries 2024/2023 - authoritative U.S. government production data with global coverage
Digital Signal Processors (DSPs),DAC/ADC Converter,0.0,,Silicon,0.95,Round 3 refinement with peer support: 2,280469,OTHER,THOUSAND METRIC TONS,100.0,1.11,0.95,USGS Mineral Commodity Summaries 2024/2023 - authoritative U.S. government production data with global coverage
Power Amplifiers,Heat Sink Compound with Adhesive Gels,1.0,The aluminum heat sink serves an essential primary function in managing thermal issues in power amplifier design. The high confidence stems from broad support across multiple agents.,Aluminum,0.95,Round 3 refinement with peer support: 2,280300,CHINA,THOUSAND METRIC TONS,41000.0,58.57,0.95,USGS Mineral Commodity Summaries 2024/2023 - authoritative U.S. government production data with global coverage
Power Amplifiers,Heat Sink Compound with Adhesive Gels,1.0,The aluminum heat sink serves an essential primary function in managing thermal issues in power amplifier design. The high confidence stems from broad support across multiple agents.,Aluminum,0.95,Round 3 refinement with peer support: 2,280300,OTHER,THOUSAND METRIC TONS,7000.0,10.0,0.95,USGS Mineral Commodity Summaries 2024/2023 - authoritative U.S. government production data with global coverage
Power Amplifiers,Heat Sink Compound with Adhesive Gels,1.0,The aluminum heat sink serves an essential primary function in managing thermal issues in power amplifier design. The high confidence stems from broad support across multiple agents.,Aluminum,0.95,Round 3 refinement with peer support: 2,280300,INDIA,THOUSAND METRIC TONS,4100.0,5.86,0.95,USGS Mineral Commodity Summaries 2024/2023 - authoritative U.S. government production data with global coverage
Power Amplifiers,Heat Sink Compound with Adhesive Gels,1.0,The aluminum heat sink serves an essential primary function in managing thermal issues in power amplifier design. The high confidence stems from broad support across multiple agents.,Aluminum,0.95,Round 3 refinement with peer support: 2,280300,RUSSIA,THOUSAND METRIC TONS,3800.0,5.43,0.95,USGS Mineral Commodity Summaries 2024/2023 - authoritative U.S. government production data with global coverage
Power Amplifiers,Heat Sink Compound with Adhesive Gels,1.0,The aluminum heat sink serves an essential primary function in managing thermal issues in power amplifier design. The high confidence stems from broad support across multiple agents.,Aluminum,0.95,Round 3 refinement with peer support: 2,280300,CANADA,THOUSAND METRIC TONS,3000.0,4.29,0.95,USGS Mineral Commodity Summaries 2024/2023 - authoritative U.S. government production data with global coverage
Power Amplifiers,"Field Effect Transistor/FET/Semiconductor Junction Devices or Amplifiers/Dual or Tri-Base, Multi-Ply Switches/Oscillators, Digital, RF Circuitry",1.0,The semiconductor die is a critical primary component for power amplifiers. This consensus among multiple agents makes it highly certain.,Silicon,0.883,Round 3 refinement with peer support: 2,280469,CHINA,THOUSAND METRIC TONS,3600.0,40.0,0.95,USGS Mineral Commodity Summaries 2024/2023 - authoritative U.S. government production data with global coverage
Power Amplifiers,"Field Effect Transistor/FET/Semiconductor Junction Devices or Amplifiers/Dual or Tri-Base, Multi-Ply Switches/Oscillators, Digital, RF Circuitry",1.0,The semiconductor die is a critical primary component for power amplifiers. This consensus among multiple agents makes it highly certain.,Silicon,0.883,Round 3 refinement with peer support: 2,280469,RUSSIA,THOUSAND METRIC TONS,570.0,6.33,0.95,USGS Mineral Commodity Summaries 2024/2023 - authoritative U.S. government production data with global coverage
Power Amplifiers,"Field Effect Transistor/FET/Semiconductor Junction Devices or Amplifiers/Dual or Tri-Base, Multi-Ply Switches/Oscillators, Digital, RF Circuitry",1.0,The semiconductor die is a critical primary component for power amplifiers. This consensus among multiple agents makes it highly certain.,Silicon,0.883,Round 3 refinement with peer support: 2,280469,BRAZIL,THOUSAND METRIC TONS,190.0,2.11,0.95,USGS Mineral Commodity Summaries 2024/2023 - authoritative U.S. government production data with global coverage
Power Amplifiers,"Field Effect Transistor/FET/Semiconductor Junction Devices or Amplifiers/Dual or Tri-Base, Multi-Ply Switches/Oscillators, Digital, RF Circuitry",1.0,The semiconductor die is a critical primary component for power amplifiers. This consensus among multiple agents makes it highly certain.,Silicon,0.883,Round 3 refinement with peer support: 2,280469,NORWAY,THOUSAND METRIC TONS,200.0,2.22,0.95,USGS Mineral Commodity Summaries 2024/2023 - authoritative U.S. government production data with global coverage
Power Amplifiers,"Field Effect Transistor/FET/Semiconductor Junction Devices or Amplifiers/Dual or Tri-Base, Multi-Ply Switches/Oscillators, Digital, RF Circuitry",1.0,The semiconductor die is a critical primary component for power amplifiers. This consensus among multiple agents makes it highly certain.,Silicon,0.883,Round 3 refinement with peer support: 2,280469,OTHER,THOUSAND METRIC TONS,100.0,1.11,0.95,USGS Mineral Commodity Summaries 2024/2023 - authoritative U.S. government production data with global coverage
Power Amplifiers,"Field Effect Transistor/FET/Semiconductor Junction Devices or Amplifiers/Dual or Tri-Base, Multi-Ply Switches/Oscillators, Digital, RF Circuitry",1.0,The semiconductor die is a critical primary component for power amplifiers. This consensus among multiple agents makes it highly certain.,Germanium,0.7,Round 3 refinement with peer support: 0,825600,China,kg,1004.3333333333334,44.33,0.833,Multi-agent debate consensus
Power Amplifiers,"Field Effect Transistor/FET/Semiconductor Junction Devices or Amplifiers/Dual or Tri-Base, Multi-Ply Switches/Oscillators, Digital, RF Circuitry",1.0,The semiconductor die is a critical primary component for power amplifiers. This consensus among multiple agents makes it highly certain.,Germanium,0.7,Round 3 refinement with peer support: 0,825600,Japan,kg,236.0,16.17,0.75,Second largest producer with consistent output; industry reports confirm.
Power Amplifiers,"Field Effect Transistor/FET/Semiconductor Junction Devices or Amplifiers/Dual or Tri-Base, Multi-Ply Switches/Oscillators, Digital, RF Circuitry",1.0,The semiconductor die is a critical primary component for power amplifiers. This consensus among multiple agents makes it highly certain.,Germanium,0.7,Round 3 refinement with peer support: 0,825600,Germany,kg,82.66666666666667,4.67,0.833,Primary production with significant refining capacity; comprehensive industry statistics.
Power Amplifiers,"Field Effect Transistor/FET/Semiconductor Junction Devices or Amplifiers/Dual or Tri-Base, Multi-Ply Switches/Oscillators, Digital, RF Circuitry",1.0,The semiconductor die is a critical primary component for power amplifiers. This consensus among multiple agents makes it highly certain.,Germanium,0.7,Round 3 refinement with peer support: 0,825600,South Korea,kg,90.0,7.8,0.725,Fifth major producer with moderate growth potential.
Power Amplifiers,"Field Effect Transistor/FET/Semiconductor Junction Devices or Amplifiers/Dual or Tri-Base, Multi-Ply Switches/Oscillators, Digital, RF Circuitry",1.0,The semiconductor die is a critical primary component for power amplifiers. This consensus among multiple agents makes it highly certain.,Germanium,0.7,Round 3 refinement with peer support: 0,825600,USA,kg,50.0,5.45,0.75,Third major producer with steady output; USGS data for 2023 is the most recent and reliable.
Power Amplifiers,"Field Effect Transistor/FET/Semiconductor Junction Devices or Amplifiers/Dual or Tri-Base, Multi-Ply Switches/Oscillators, Digital, RF Circuitry",1.0,The semiconductor die is a critical primary component for power amplifiers. This consensus among multiple agents makes it highly certain.,Gold,0.7,Round 3 refinement with peer support: 0,710812,OTHER,METRIC TONS,700.0,23.33,0.95,USGS Mineral Commodity Summaries 2024/2023 - authoritative U.S. government production data with global coverage
Power Amplifiers,"Field Effect Transistor/FET/Semiconductor Junction Devices or Amplifiers/Dual or Tri-Base, Multi-Ply Switches/Oscillators, Digital, RF Circuitry",1.0,The semiconductor die is a critical primary component for power amplifiers. This consensus among multiple agents makes it highly certain.,Gold,0.7,Round 3 refinement with peer support: 0,710812,CHINA,METRIC TONS,370.0,12.33,0.95,USGS Mineral Commodity Summaries 2024/2023 - authoritative U.S. government production data with global coverage
Power Amplifiers,"Field Effect Transistor/FET/Semiconductor Junction Devices or Amplifiers/Dual or Tri-Base, Multi-Ply Switches/Oscillators, Digital, RF Circuitry",1.0,The semiconductor die is a critical primary component for power amplifiers. This consensus among multiple agents makes it highly certain.,Gold,0.7,Round 3 refinement with peer support: 0,710812,RUSSIA,METRIC TONS,310.0,10.33,0.95,USGS Mineral Commodity Summaries 2024/2023 - authoritative U.S. government production data with global coverage
Power Amplifiers,"Field Effect Transistor/FET/Semiconductor Junction Devices or Amplifiers/Dual or Tri-Base, Multi-Ply Switches/Oscillators, Digital, RF Circuitry",1.0,The semiconductor die is a critical primary component for power amplifiers. This consensus among multiple agents makes it highly certain.,Gold,0.7,Round 3 refinement with peer support: 0,710812,AUSTRALIA,METRIC TONS,310.0,10.33,0.95,USGS Mineral Commodity Summaries 2024/2023 - authoritative U.S. government production data with global coverage
Power Amplifiers,"Field Effect Transistor/FET/Semiconductor Junction Devices or Amplifiers/Dual or Tri-Base, Multi-Ply Switches/Oscillators, Digital, RF Circuitry",1.0,The semiconductor die is a critical primary component for power amplifiers. This consensus among multiple agents makes it highly certain.,Gold,0.7,Round 3 refinement with peer support: 0,710812,CANADA,METRIC TONS,200.0,6.67,0.95,USGS Mineral Commodity Summaries 2024/2023 - authoritative U.S. government production data with global coverage
Power Amplifiers,"Field Effect Transistor/FET/Semiconductor Junction Devices or Amplifiers/Dual or Tri-Base, Multi-Ply Switches/Oscillators, Digital, RF Circuitry",1.0,The semiconductor die is a critical primary component for power amplifiers. This consensus among multiple agents makes it highly certain.,Gallium arsenide,0.7,Round 3 refinement with peer support: 0,282890,Japan,metric tons,8666.666666666666,24.6,0.9,Multi-agent debate consensus
Power Amplifiers,"Field Effect Transistor/FET/Semiconductor Junction Devices or Amplifiers/Dual or Tri-Base, Multi-Ply Switches/Oscillators, Digital, RF Circuitry",1.0,The semiconductor die is a critical primary component for power amplifiers. This consensus among multiple agents makes it highly certain.,Gallium arsenide,0.7,Round 3 refinement with peer support: 0,282890,China,metric tons,16905.0,24.33,0.85,Multi-agent debate consensus
Power Amplifiers,"Field Effect Transistor/FET/Semiconductor Junction Devices or Amplifiers/Dual or Tri-Base, Multi-Ply Switches/Oscillators, Digital, RF Circuitry",1.0,The semiconductor die is a critical primary component for power amplifiers. This consensus among multiple agents makes it highly certain.,Gallium arsenide,0.7,Round 3 refinement with peer support: 0,282890,United States,metric tons,4416.666666666667,15.4,0.8,"Based on recent trends in the semiconductor industry, the US is a significant producer of gallium arsenide, primarily focused on research and development."
Power Amplifiers,"Field Effect Transistor/FET/Semiconductor Junction Devices or Amplifiers/Dual or Tri-Base, Multi-Ply Switches/Oscillators, Digital, RF Circuitry",1.0,The semiconductor die is a critical primary component for power amplifiers. This consensus among multiple agents makes it highly certain.,Gallium arsenide,0.7,Round 3 refinement with peer support: 0,282890,South Korea,kg,7337.5,11.0,0.825,"As a tech-driven market, South Korea has a substantial demand for gallium arsenide."
Power Amplifiers,"Field Effect Transistor/FET/Semiconductor Junction Devices or Amplifiers/Dual or Tri-Base, Multi-Ply Switches/Oscillators, Digital, RF Circuitry",1.0,The semiconductor die is a critical primary component for power amplifiers. This consensus among multiple agents makes it highly certain.,Gallium arsenide,0.7,Round 3 refinement with peer support: 0,282890,Germany,kg,3770.0,9.0,0.8,"As part of the European Union, Germany contributes to the overall production with its robust industrial sector."
Power Amplifiers,Integrated Circuit Die,1.0,The semiconductor die is essentially the active part of the power amplifier that performs the amplification function. It is a fundamental component found in virtually all power amplifiers.,Silicon,0.85,Round 3 refinement with peer support: 1,280469,CHINA,THOUSAND METRIC TONS,3600.0,40.0,0.95,USGS Mineral Commodity Summaries 2024/2023 - authoritative U.S. government production data with global coverage
Power Amplifiers,Integrated Circuit Die,1.0,The semiconductor die is essentially the active part of the power amplifier that performs the amplification function. It is a fundamental component found in virtually all power amplifiers.,Silicon,0.85,Round 3 refinement with peer support: 1,280469,RUSSIA,THOUSAND METRIC TONS,570.0,6.33,0.95,USGS Mineral Commodity Summaries 2024/2023 - authoritative U.S. government production data with global coverage
Power Amplifiers,Integrated Circuit Die,1.0,The semiconductor die is essentially the active part of the power amplifier that performs the amplification function. It is a fundamental component found in virtually all power amplifiers.,Silicon,0.85,Round 3 refinement with peer support: 1,280469,BRAZIL,THOUSAND METRIC TONS,190.0,2.11,0.95,USGS Mineral Commodity Summaries 2024/2023 - authoritative U.S. government production data with global coverage
Power Amplifiers,Integrated Circuit Die,1.0,The semiconductor die is essentially the active part of the power amplifier that performs the amplification function. It is a fundamental component found in virtually all power amplifiers.,Silicon,0.85,Round 3 refinement with peer support: 1,280469,NORWAY,THOUSAND METRIC TONS,200.0,2.22,0.95,USGS Mineral Commodity Summaries 2024/2023 - authoritative U.S. government production data with global coverage
Power Amplifiers,Integrated Circuit Die,1.0,The semiconductor die is essentially the active part of the power amplifier that performs the amplification function. It is a fundamental component found in virtually all power amplifiers.,Silicon,0.85,Round 3 refinement with peer support: 1,280469,OTHER,THOUSAND METRIC TONS,100.0,1.11,0.95,USGS Mineral Commodity Summaries 2024/2023 - authoritative U.S. government production data with global coverage
Power Amplifiers,Integrated Circuit Die,1.0,The semiconductor die is essentially the active part of the power amplifier that performs the amplification function. It is a fundamental component found in virtually all power amplifiers.,Gallium arsenide,0.7,Round 3 refinement with peer support: 0,282890,Japan,metric tons,8666.666666666666,24.6,0.9,Multi-agent debate consensus
Power Amplifiers,Integrated Circuit Die,1.0,The semiconductor die is essentially the active part of the power amplifier that performs the amplification function. It is a fundamental component found in virtually all power amplifiers.,Gallium arsenide,0.7,Round 3 refinement with peer support: 0,282890,China,metric tons,16905.0,24.33,0.85,Multi-agent debate consensus
Power Amplifiers,Integrated Circuit Die,1.0,The semiconductor die is essentially the active part of the power amplifier that performs the amplification function. It is a fundamental component found in virtually all power amplifiers.,Gallium arsenide,0.7,Round 3 refinement with peer support: 0,282890,United States,metric tons,4416.666666666667,15.4,0.8,"Based on recent trends in the semiconductor industry, the US is a significant producer of gallium arsenide, primarily focused on research and development."
Power Amplifiers,Integrated Circuit Die,1.0,The semiconductor die is essentially the active part of the power amplifier that performs the amplification function. It is a fundamental component found in virtually all power amplifiers.,Gallium arsenide,0.7,Round 3 refinement with peer support: 0,282890,South Korea,kg,7337.5,11.0,0.825,"As a tech-driven market, South Korea has a substantial demand for gallium arsenide."
Power Amplifiers,Integrated Circuit Die,1.0,The semiconductor die is essentially the active part of the power amplifier that performs the amplification function. It is a fundamental component found in virtually all power amplifiers.,Gallium arsenide,0.7,Round 3 refinement with peer support: 0,282890,Germany,kg,3770.0,9.0,0.8,"As part of the European Union, Germany contributes to the overall production with its robust industrial sector."
Power Amplifiers,Electronic Die,1.0,"Multiple agents proposed 'semiconductor die' which is the core component of a power amplifier. Given its high importance and ubiquity in the industry, it has strong multi-agent support.",Silicon,0.883,Round 3 refinement with peer support: 2,280469,CHINA,THOUSAND METRIC TONS,3600.0,40.0,0.95,USGS Mineral Commodity Summaries 2024/2023 - authoritative U.S. government production data with global coverage
Power Amplifiers,Electronic Die,1.0,"Multiple agents proposed 'semiconductor die' which is the core component of a power amplifier. Given its high importance and ubiquity in the industry, it has strong multi-agent support.",Silicon,0.883,Round 3 refinement with peer support: 2,280469,RUSSIA,THOUSAND METRIC TONS,570.0,6.33,0.95,USGS Mineral Commodity Summaries 2024/2023 - authoritative U.S. government production data with global coverage
Power Amplifiers,Electronic Die,1.0,"Multiple agents proposed 'semiconductor die' which is the core component of a power amplifier. Given its high importance and ubiquity in the industry, it has strong multi-agent support.",Silicon,0.883,Round 3 refinement with peer support: 2,280469,BRAZIL,THOUSAND METRIC TONS,190.0,2.11,0.95,USGS Mineral Commodity Summaries 2024/2023 - authoritative U.S. government production data with global coverage
Power Amplifiers,Electronic Die,1.0,"Multiple agents proposed 'semiconductor die' which is the core component of a power amplifier. Given its high importance and ubiquity in the industry, it has strong multi-agent support.",Silicon,0.883,Round 3 refinement with peer support: 2,280469,NORWAY,THOUSAND METRIC TONS,200.0,2.22,0.95,USGS Mineral Commodity Summaries 2024/2023 - authoritative U.S. government production data with global coverage
Power Amplifiers,Electronic Die,1.0,"Multiple agents proposed 'semiconductor die' which is the core component of a power amplifier. Given its high importance and ubiquity in the industry, it has strong multi-agent support.",Silicon,0.883,Round 3 refinement with peer support: 2,280469,OTHER,THOUSAND METRIC TONS,100.0,1.11,0.95,USGS Mineral Commodity Summaries 2024/2023 - authoritative U.S. government production data with global coverage
Power Amplifiers,Electronic Die,1.0,"Multiple agents proposed 'semiconductor die' which is the core component of a power amplifier. Given its high importance and ubiquity in the industry, it has strong multi-agent support.",Gallium arsenide,0.8,Round 3 refinement with peer support: 1,282890,Japan,metric tons,8666.666666666666,24.6,0.9,Multi-agent debate consensus
Power Amplifiers,Electronic Die,1.0,"Multiple agents proposed 'semiconductor die' which is the core component of a power amplifier. Given its high importance and ubiquity in the industry, it has strong multi-agent support.",Gallium arsenide,0.8,Round 3 refinement with peer support: 1,282890,China,metric tons,16905.0,24.33,0.85,Multi-agent debate consensus
Power Amplifiers,Electronic Die,1.0,"Multiple agents proposed 'semiconductor die' which is the core component of a power amplifier. Given its high importance and ubiquity in the industry, it has strong multi-agent support.",Gallium arsenide,0.8,Round 3 refinement with peer support: 1,282890,United States,metric tons,4416.666666666667,15.4,0.8,"Based on recent trends in the semiconductor industry, the US is a significant producer of gallium arsenide, primarily focused on research and development."
Power Amplifiers,Electronic Die,1.0,"Multiple agents proposed 'semiconductor die' which is the core component of a power amplifier. Given its high importance and ubiquity in the industry, it has strong multi-agent support.",Gallium arsenide,0.8,Round 3 refinement with peer support: 1,282890,South Korea,kg,7337.5,11.0,0.825,"As a tech-driven market, South Korea has a substantial demand for gallium arsenide."
Power Amplifiers,Electronic Die,1.0,"Multiple agents proposed 'semiconductor die' which is the core component of a power amplifier. Given its high importance and ubiquity in the industry, it has strong multi-agent support.",Gallium arsenide,0.8,Round 3 refinement with peer support: 1,282890,Germany,kg,3770.0,9.0,0.8,"As part of the European Union, Germany contributes to the overall production with its robust industrial sector."
Power Amplifiers,Transistor,0.85,"These types of transistors are commonly used in power amplifiers due to their performance characteristics and efficiency. While there can be variations, these are the most frequently chosen for this purpose.",Silicon,0.883,Round 3 refinement with peer support: 2,280469,CHINA,THOUSAND METRIC TONS,3600.0,40.0,0.95,USGS Mineral Commodity Summaries 2024/2023 - authoritative U.S. government production data with global coverage
Power Amplifiers,Transistor,0.85,"These types of transistors are commonly used in power amplifiers due to their performance characteristics and efficiency. While there can be variations, these are the most frequently chosen for this purpose.",Silicon,0.883,Round 3 refinement with peer support: 2,280469,RUSSIA,THOUSAND METRIC TONS,570.0,6.33,0.95,USGS Mineral Commodity Summaries 2024/2023 - authoritative U.S. government production data with global coverage
Power Amplifiers,Transistor,0.85,"These types of transistors are commonly used in power amplifiers due to their performance characteristics and efficiency. While there can be variations, these are the most frequently chosen for this purpose.",Silicon,0.883,Round 3 refinement with peer support: 2,280469,BRAZIL,THOUSAND METRIC TONS,190.0,2.11,0.95,USGS Mineral Commodity Summaries 2024/2023 - authoritative U.S. government production data with global coverage
Power Amplifiers,Transistor,0.85,"These types of transistors are commonly used in power amplifiers due to their performance characteristics and efficiency. While there can be variations, these are the most frequently chosen for this purpose.",Silicon,0.883,Round 3 refinement with peer support: 2,280469,NORWAY,THOUSAND METRIC TONS,200.0,2.22,0.95,USGS Mineral Commodity Summaries 2024/2023 - authoritative U.S. government production data with global coverage
Power Amplifiers,Transistor,0.85,"These types of transistors are commonly used in power amplifiers due to their performance characteristics and efficiency. While there can be variations, these are the most frequently chosen for this purpose.",Silicon,0.883,Round 3 refinement with peer support: 2,280469,OTHER,THOUSAND METRIC TONS,100.0,1.11,0.95,USGS Mineral Commodity Summaries 2024/2023 - authoritative U.S. government production data with global coverage
Power Amplifiers,Transistor,0.85,"These types of transistors are commonly used in power amplifiers due to their performance characteristics and efficiency. While there can be variations, these are the most frequently chosen for this purpose.",Germanium,0.7,Round 3 refinement with peer support: 0,825600,China,kg,1004.3333333333334,44.33,0.833,Multi-agent debate consensus
Power Amplifiers,Transistor,0.85,"These types of transistors are commonly used in power amplifiers due to their performance characteristics and efficiency. While there can be variations, these are the most frequently chosen for this purpose.",Germanium,0.7,Round 3 refinement with peer support: 0,825600,Japan,kg,236.0,16.17,0.75,Second largest producer with consistent output; industry reports confirm.
Power Amplifiers,Transistor,0.85,"These types of transistors are commonly used in power amplifiers due to their performance characteristics and efficiency. While there can be variations, these are the most frequently chosen for this purpose.",Germanium,0.7,Round 3 refinement with peer support: 0,825600,Germany,kg,82.66666666666667,4.67,0.833,Primary production with significant refining capacity; comprehensive industry statistics.
Power Amplifiers,Transistor,0.85,"These types of transistors are commonly used in power amplifiers due to their performance characteristics and efficiency. While there can be variations, these are the most frequently chosen for this purpose.",Germanium,0.7,Round 3 refinement with peer support: 0,825600,South Korea,kg,90.0,7.8,0.725,Fifth major producer with moderate growth potential.
Power Amplifiers,Transistor,0.85,"These types of transistors are commonly used in power amplifiers due to their performance characteristics and efficiency. While there can be variations, these are the most frequently chosen for this purpose.",Germanium,0.7,Round 3 refinement with peer support: 0,825600,USA,kg,50.0,5.45,0.75,Third major producer with steady output; USGS data for 2023 is the most recent and reliable.
Power Amplifiers,Transistor,0.85,"These types of transistors are commonly used in power amplifiers due to their performance characteristics and efficiency. While there can be variations, these are the most frequently chosen for this purpose.",Gold,0.7,Round 3 refinement with peer support: 0,710812,OTHER,METRIC TONS,700.0,23.33,0.95,USGS Mineral Commodity Summaries 2024/2023 - authoritative U.S. government production data with global coverage
Power Amplifiers,Transistor,0.85,"These types of transistors are commonly used in power amplifiers due to their performance characteristics and efficiency. While there can be variations, these are the most frequently chosen for this purpose.",Gold,0.7,Round 3 refinement with peer support: 0,710812,CHINA,METRIC TONS,370.0,12.33,0.95,USGS Mineral Commodity Summaries 2024/2023 - authoritative U.S. government production data with global coverage
Power Amplifiers,Transistor,0.85,"These types of transistors are commonly used in power amplifiers due to their performance characteristics and efficiency. While there can be variations, these are the most frequently chosen for this purpose.",Gold,0.7,Round 3 refinement with peer support: 0,710812,RUSSIA,METRIC TONS,310.0,10.33,0.95,USGS Mineral Commodity Summaries 2024/2023 - authoritative U.S. government production data with global coverage
Power Amplifiers,Transistor,0.85,"These types of transistors are commonly used in power amplifiers due to their performance characteristics and efficiency. While there can be variations, these are the most frequently chosen for this purpose.",Gold,0.7,Round 3 refinement with peer support: 0,710812,AUSTRALIA,METRIC TONS,310.0,10.33,0.95,USGS Mineral Commodity Summaries 2024/2023 - authoritative U.S. government production data with global coverage
Power Amplifiers,Transistor,0.85,"These types of transistors are commonly used in power amplifiers due to their performance characteristics and efficiency. While there can be variations, these are the most frequently chosen for this purpose.",Gold,0.7,Round 3 refinement with peer support: 0,710812,CANADA,METRIC TONS,200.0,6.67,0.95,USGS Mineral Commodity Summaries 2024/2023 - authoritative U.S. government production data with global coverage
Power Amplifiers,Transistor,0.85,"These types of transistors are commonly used in power amplifiers due to their performance characteristics and efficiency. While there can be variations, these are the most frequently chosen for this purpose.",Gallium arsenide,0.7,Round 3 refinement with peer support: 0,282890,Japan,metric tons,8666.666666666666,24.6,0.9,Multi-agent debate consensus
Power Amplifiers,Transistor,0.85,"These types of transistors are commonly used in power amplifiers due to their performance characteristics and efficiency. While there can be variations, these are the most frequently chosen for this purpose.",Gallium arsenide,0.7,Round 3 refinement with peer support: 0,282890,China,metric tons,16905.0,24.33,0.85,Multi-agent debate consensus
Power Amplifiers,Transistor,0.85,"These types of transistors are commonly used in power amplifiers due to their performance characteristics and efficiency. While there can be variations, these are the most frequently chosen for this purpose.",Gallium arsenide,0.7,Round 3 refinement with peer support: 0,282890,United States,metric tons,4416.666666666667,15.4,0.8,"Based on recent trends in the semiconductor industry, the US is a significant producer of gallium arsenide, primarily focused on research and development."
Power Amplifiers,Transistor,0.85,"These types of transistors are commonly used in power amplifiers due to their performance characteristics and efficiency. While there can be variations, these are the most frequently chosen for this purpose.",Gallium arsenide,0.7,Round 3 refinement with peer support: 0,282890,South Korea,kg,7337.5,11.0,0.825,"As a tech-driven market, South Korea has a substantial demand for gallium arsenide."
Power Amplifiers,Transistor,0.85,"These types of transistors are commonly used in power amplifiers due to their performance characteristics and efficiency. While there can be variations, these are the most frequently chosen for this purpose.",Gallium arsenide,0.7,Round 3 refinement with peer support: 0,282890,Germany,kg,3770.0,9.0,0.8,"As part of the European Union, Germany contributes to the overall production with its robust industrial sector."
Power Amplifiers,Switch Control Module,0.85,"Agent2 and Agent3 proposed these devices, which are key building blocks in most power amplifiers. The average confidence is moderate but justified by their critical role.",Silicon,0.883,Round 3 refinement with peer support: 2,280469,CHINA,THOUSAND METRIC TONS,3600.0,40.0,0.95,USGS Mineral Commodity Summaries 2024/2023 - authoritative U.S. government production data with global coverage
Power Amplifiers,Switch Control Module,0.85,"Agent2 and Agent3 proposed these devices, which are key building blocks in most power amplifiers. The average confidence is moderate but justified by their critical role.",Silicon,0.883,Round 3 refinement with peer support: 2,280469,RUSSIA,THOUSAND METRIC TONS,570.0,6.33,0.95,USGS Mineral Commodity Summaries 2024/2023 - authoritative U.S. government production data with global coverage
Power Amplifiers,Switch Control Module,0.85,"Agent2 and Agent3 proposed these devices, which are key building blocks in most power amplifiers. The average confidence is moderate but justified by their critical role.",Silicon,0.883,Round 3 refinement with peer support: 2,280469,BRAZIL,THOUSAND METRIC TONS,190.0,2.11,0.95,USGS Mineral Commodity Summaries 2024/2023 - authoritative U.S. government production data with global coverage
Power Amplifiers,Switch Control Module,0.85,"Agent2 and Agent3 proposed these devices, which are key building blocks in most power amplifiers. The average confidence is moderate but justified by their critical role.",Silicon,0.883,Round 3 refinement with peer support: 2,280469,NORWAY,THOUSAND METRIC TONS,200.0,2.22,0.95,USGS Mineral Commodity Summaries 2024/2023 - authoritative U.S. government production data with global coverage
Power Amplifiers,Switch Control Module,0.85,"Agent2 and Agent3 proposed these devices, which are key building blocks in most power amplifiers. The average confidence is moderate but justified by their critical role.",Silicon,0.883,Round 3 refinement with peer support: 2,280469,OTHER,THOUSAND METRIC TONS,100.0,1.11,0.95,USGS Mineral Commodity Summaries 2024/2023 - authoritative U.S. government production data with global coverage
Power Amplifiers,Switch Control Module,0.85,"Agent2 and Agent3 proposed these devices, which are key building blocks in most power amplifiers. The average confidence is moderate but justified by their critical role.",Germanium,0.7,Round 3 refinement with peer support: 0,825600,China,kg,1004.3333333333334,44.33,0.833,Multi-agent debate consensus
Power Amplifiers,Switch Control Module,0.85,"Agent2 and Agent3 proposed these devices, which are key building blocks in most power amplifiers. The average confidence is moderate but justified by their critical role.",Germanium,0.7,Round 3 refinement with peer support: 0,825600,Japan,kg,236.0,16.17,0.75,Second largest producer with consistent output; industry reports confirm.
Power Amplifiers,Switch Control Module,0.85,"Agent2 and Agent3 proposed these devices, which are key building blocks in most power amplifiers. The average confidence is moderate but justified by their critical role.",Germanium,0.7,Round 3 refinement with peer support: 0,825600,Germany,kg,82.66666666666667,4.67,0.833,Primary production with significant refining capacity; comprehensive industry statistics.
Power Amplifiers,Switch Control Module,0.85,"Agent2 and Agent3 proposed these devices, which are key building blocks in most power amplifiers. The average confidence is moderate but justified by their critical role.",Germanium,0.7,Round 3 refinement with peer support: 0,825600,South Korea,kg,90.0,7.8,0.725,Fifth major producer with moderate growth potential.
Power Amplifiers,Switch Control Module,0.85,"Agent2 and Agent3 proposed these devices, which are key building blocks in most power amplifiers. The average confidence is moderate but justified by their critical role.",Germanium,0.7,Round 3 refinement with peer support: 0,825600,USA,kg,50.0,5.45,0.75,Third major producer with steady output; USGS data for 2023 is the most recent and reliable.
Power Amplifiers,Switch Control Module,0.85,"Agent2 and Agent3 proposed these devices, which are key building blocks in most power amplifiers. The average confidence is moderate but justified by their critical role.",Gold,0.7,Round 3 refinement with peer support: 0,710812,OTHER,METRIC TONS,700.0,23.33,0.95,USGS Mineral Commodity Summaries 2024/2023 - authoritative U.S. government production data with global coverage
Power Amplifiers,Switch Control Module,0.85,"Agent2 and Agent3 proposed these devices, which are key building blocks in most power amplifiers. The average confidence is moderate but justified by their critical role.",Gold,0.7,Round 3 refinement with peer support: 0,710812,CHINA,METRIC TONS,370.0,12.33,0.95,USGS Mineral Commodity Summaries 2024/2023 - authoritative U.S. government production data with global coverage
Power Amplifiers,Switch Control Module,0.85,"Agent2 and Agent3 proposed these devices, which are key building blocks in most power amplifiers. The average confidence is moderate but justified by their critical role.",Gold,0.7,Round 3 refinement with peer support: 0,710812,RUSSIA,METRIC TONS,310.0,10.33,0.95,USGS Mineral Commodity Summaries 2024/2023 - authoritative U.S. government production data with global coverage
Power Amplifiers,Switch Control Module,0.85,"Agent2 and Agent3 proposed these devices, which are key building blocks in most power amplifiers. The average confidence is moderate but justified by their critical role.",Gold,0.7,Round 3 refinement with peer support: 0,710812,AUSTRALIA,METRIC TONS,310.0,10.33,0.95,USGS Mineral Commodity Summaries 2024/2023 - authoritative U.S. government production data with global coverage
Power Amplifiers,Switch Control Module,0.85,"Agent2 and Agent3 proposed these devices, which are key building blocks in most power amplifiers. The average confidence is moderate but justified by their critical role.",Gold,0.7,Round 3 refinement with peer support: 0,710812,CANADA,METRIC TONS,200.0,6.67,0.95,USGS Mineral Commodity Summaries 2024/2023 - authoritative U.S. government production data with global coverage
Power Amplifiers,Switch Control Module,0.85,"Agent2 and Agent3 proposed these devices, which are key building blocks in most power amplifiers. The average confidence is moderate but justified by their critical role.",Gallium arsenide,0.7,Round 3 refinement with peer support: 0,282890,Japan,metric tons,8666.666666666666,24.6,0.9,Multi-agent debate consensus
Power Amplifiers,Switch Control Module,0.85,"Agent2 and Agent3 proposed these devices, which are key building blocks in most power amplifiers. The average confidence is moderate but justified by their critical role.",Gallium arsenide,0.7,Round 3 refinement with peer support: 0,282890,China,metric tons,16905.0,24.33,0.85,Multi-agent debate consensus
Power Amplifiers,Switch Control Module,0.85,"Agent2 and Agent3 proposed these devices, which are key building blocks in most power amplifiers. The average confidence is moderate but justified by their critical role.",Gallium arsenide,0.7,Round 3 refinement with peer support: 0,282890,United States,metric tons,4416.666666666667,15.4,0.8,"Based on recent trends in the semiconductor industry, the US is a significant producer of gallium arsenide, primarily focused on research and development."
Power Amplifiers,Switch Control Module,0.85,"Agent2 and Agent3 proposed these devices, which are key building blocks in most power amplifiers. The average confidence is moderate but justified by their critical role.",Gallium arsenide,0.7,Round 3 refinement with peer support: 0,282890,South Korea,kg,7337.5,11.0,0.825,"As a tech-driven market, South Korea has a substantial demand for gallium arsenide."
Power Amplifiers,Switch Control Module,0.85,"Agent2 and Agent3 proposed these devices, which are key building blocks in most power amplifiers. The average confidence is moderate but justified by their critical role.",Gallium arsenide,0.7,Round 3 refinement with peer support: 0,282890,Germany,kg,3770.0,9.0,0.8,"As part of the European Union, Germany contributes to the overall production with its robust industrial sector."
Power Amplifiers,Radio Module,0.85,"RF ICs were mentioned by Agent3, and while it's a single proposal, its relevance to the RF operation of power amplifiers warrants inclusion with reasonable confidence.",Silicon,0.883,Round 3 refinement with peer support: 2,280469,CHINA,THOUSAND METRIC TONS,3600.0,40.0,0.95,USGS Mineral Commodity Summaries 2024/2023 - authoritative U.S. government production data with global coverage
Power Amplifiers,Radio Module,0.85,"RF ICs were mentioned by Agent3, and while it's a single proposal, its relevance to the RF operation of power amplifiers warrants inclusion with reasonable confidence.",Silicon,0.883,Round 3 refinement with peer support: 2,280469,RUSSIA,THOUSAND METRIC TONS,570.0,6.33,0.95,USGS Mineral Commodity Summaries 2024/2023 - authoritative U.S. government production data with global coverage
Power Amplifiers,Radio Module,0.85,"RF ICs were mentioned by Agent3, and while it's a single proposal, its relevance to the RF operation of power amplifiers warrants inclusion with reasonable confidence.",Silicon,0.883,Round 3 refinement with peer support: 2,280469,BRAZIL,THOUSAND METRIC TONS,190.0,2.11,0.95,USGS Mineral Commodity Summaries 2024/2023 - authoritative U.S. government production data with global coverage
Power Amplifiers,Radio Module,0.85,"RF ICs were mentioned by Agent3, and while it's a single proposal, its relevance to the RF operation of power amplifiers warrants inclusion with reasonable confidence.",Silicon,0.883,Round 3 refinement with peer support: 2,280469,NORWAY,THOUSAND METRIC TONS,200.0,2.22,0.95,USGS Mineral Commodity Summaries 2024/2023 - authoritative U.S. government production data with global coverage
Power Amplifiers,Radio Module,0.85,"RF ICs were mentioned by Agent3, and while it's a single proposal, its relevance to the RF operation of power amplifiers warrants inclusion with reasonable confidence.",Silicon,0.883,Round 3 refinement with peer support: 2,280469,OTHER,THOUSAND METRIC TONS,100.0,1.11,0.95,USGS Mineral Commodity Summaries 2024/2023 - authoritative U.S. government production data with global coverage
Power Amplifiers,Radio Module,0.85,"RF ICs were mentioned by Agent3, and while it's a single proposal, its relevance to the RF operation of power amplifiers warrants inclusion with reasonable confidence.",Aluminum,0.7,Round 3 refinement with peer support: 0,280300,CHINA,THOUSAND METRIC TONS,41000.0,58.57,0.95,USGS Mineral Commodity Summaries 2024/2023 - authoritative U.S. government production data with global coverage
Power Amplifiers,Radio Module,0.85,"RF ICs were mentioned by Agent3, and while it's a single proposal, its relevance to the RF operation of power amplifiers warrants inclusion with reasonable confidence.",Aluminum,0.7,Round 3 refinement with peer support: 0,280300,OTHER,THOUSAND METRIC TONS,7000.0,10.0,0.95,USGS Mineral Commodity Summaries 2024/2023 - authoritative U.S. government production data with global coverage
Power Amplifiers,Radio Module,0.85,"RF ICs were mentioned by Agent3, and while it's a single proposal, its relevance to the RF operation of power amplifiers warrants inclusion with reasonable confidence.",Aluminum,0.7,Round 3 refinement with peer support: 0,280300,INDIA,THOUSAND METRIC TONS,4100.0,5.86,0.95,USGS Mineral Commodity Summaries 2024/2023 - authoritative U.S. government production data with global coverage
Power Amplifiers,Radio Module,0.85,"RF ICs were mentioned by Agent3, and while it's a single proposal, its relevance to the RF operation of power amplifiers warrants inclusion with reasonable confidence.",Aluminum,0.7,Round 3 refinement with peer support: 0,280300,RUSSIA,THOUSAND METRIC TONS,3800.0,5.43,0.95,USGS Mineral Commodity Summaries 2024/2023 - authoritative U.S. government production data with global coverage
Power Amplifiers,Radio Module,0.85,"RF ICs were mentioned by Agent3, and while it's a single proposal, its relevance to the RF operation of power amplifiers warrants inclusion with reasonable confidence.",Aluminum,0.7,Round 3 refinement with peer support: 0,280300,CANADA,THOUSAND METRIC TONS,3000.0,4.29,0.95,USGS Mineral Commodity Summaries 2024/2023 - authoritative U.S. government production data with global coverage
Power Amplifiers,Electrical Inter-Connect System,0.78,"These components facilitate the connection of different parts within the power amplifier system, while being less critical to its core function.",Copper,0.95,Round 3 refinement with peer support: 2,740100,CHINA,THOUSAND METRIC TONS,1700.0,3.47,0.95,USGS Mineral Commodity Summaries 2024/2023 - authoritative U.S. government production data with global coverage
Power Amplifiers,Electrical Inter-Connect System,0.78,"These components facilitate the connection of different parts within the power amplifier system, while being less critical to its core function.",Copper,0.95,Round 3 refinement with peer support: 2,740100,CHILE,THOUSAND METRIC TONS,5000.0,10.2,0.95,USGS Mineral Commodity Summaries 2024/2023 - authoritative U.S. government production data with global coverage
Power Amplifiers,Electrical Inter-Connect System,0.78,"These components facilitate the connection of different parts within the power amplifier system, while being less critical to its core function.",Copper,0.95,Round 3 refinement with peer support: 2,740100,OTHER,THOUSAND METRIC TONS,3100.0,6.33,0.95,USGS Mineral Commodity Summaries 2024/2023 - authoritative U.S. government production data with global coverage
Power Amplifiers,Electrical Inter-Connect System,0.78,"These components facilitate the connection of different parts within the power amplifier system, while being less critical to its core function.",Copper,0.95,Round 3 refinement with peer support: 2,740100,CONGO,THOUSAND METRIC TONS,2500.0,5.1,0.95,USGS Mineral Commodity Summaries 2024/2023 - authoritative U.S. government production data with global coverage
Power Amplifiers,Electrical Inter-Connect System,0.78,"These components facilitate the connection of different parts within the power amplifier system, while being less critical to its core function.",Copper,0.95,Round 3 refinement with peer support: 2,740100,PERU,THOUSAND METRIC TONS,2600.0,5.31,0.95,USGS Mineral Commodity Summaries 2024/2023 - authoritative U.S. government production data with global coverage
Power Amplifiers,Electrical Inter-Connect System,0.78,"These components facilitate the connection of different parts within the power amplifier system, while being less critical to its core function.",Silver,0.95,Round 3 refinement with peer support: 2,710610,MEXICO,METRIC TONS,6400.0,24.62,0.95,USGS Mineral Commodity Summaries 2024/2023 - authoritative U.S. government production data with global coverage
Power Amplifiers,Electrical Inter-Connect System,0.78,"These components facilitate the connection of different parts within the power amplifier system, while being less critical to its core function.",Silver,0.95,Round 3 refinement with peer support: 2,710610,CHINA,METRIC TONS,3400.0,13.08,0.95,USGS Mineral Commodity Summaries 2024/2023 - authoritative U.S. government production data with global coverage
Power Amplifiers,Electrical Inter-Connect System,0.78,"These components facilitate the connection of different parts within the power amplifier system, while being less critical to its core function.",Silver,0.95,Round 3 refinement with peer support: 2,710610,PERU,METRIC TONS,3100.0,11.92,0.95,USGS Mineral Commodity Summaries 2024/2023 - authoritative U.S. government production data with global coverage
Power Amplifiers,Electrical Inter-Connect System,0.78,"These components facilitate the connection of different parts within the power amplifier system, while being less critical to its core function.",Silver,0.95,Round 3 refinement with peer support: 2,710610,OTHER,METRIC TONS,3000.0,11.54,0.95,USGS Mineral Commodity Summaries 2024/2023 - authoritative U.S. government production data with global coverage
Power Amplifiers,Electrical Inter-Connect System,0.78,"These components facilitate the connection of different parts within the power amplifier system, while being less critical to its core function.",Silver,0.95,Round 3 refinement with peer support: 2,710610,CHILE,METRIC TONS,1400.0,5.38,0.95,USGS Mineral Commodity Summaries 2024/2023 - authoritative U.S. government production data with global coverage
Power Amplifiers,Electrical Inter-Connect System,0.78,"These components facilitate the connection of different parts within the power amplifier system, while being less critical to its core function.",Nickel,0.7,Round 3 refinement with peer support: 0,750110,INDONESIA,METRIC TONS,1800000.0,50.0,0.95,USGS Mineral Commodity Summaries 2024/2023 - authoritative U.S. government production data with global coverage
Power Amplifiers,Electrical Inter-Connect System,0.78,"These components facilitate the connection of different parts within the power amplifier system, while being less critical to its core function.",Nickel,0.7,Round 3 refinement with peer support: 0,750110,PHILIPPINES,METRIC TONS,400000.0,11.11,0.95,USGS Mineral Commodity Summaries 2024/2023 - authoritative U.S. government production data with global coverage
Power Amplifiers,Electrical Inter-Connect System,0.78,"These components facilitate the connection of different parts within the power amplifier system, while being less critical to its core function.",Nickel,0.7,Round 3 refinement with peer support: 0,750110,OTHER,METRIC TONS,380000.0,10.56,0.95,USGS Mineral Commodity Summaries 2024/2023 - authoritative U.S. government production data with global coverage
Power Amplifiers,Electrical Inter-Connect System,0.78,"These components facilitate the connection of different parts within the power amplifier system, while being less critical to its core function.",Nickel,0.7,Round 3 refinement with peer support: 0,750110,NEW CALEDONIA,METRIC TONS,230000.0,6.39,0.95,USGS Mineral Commodity Summaries 2024/2023 - authoritative U.S. government production data with global coverage
Power Amplifiers,Electrical Inter-Connect System,0.78,"These components facilitate the connection of different parts within the power amplifier system, while being less critical to its core function.",Nickel,0.7,Round 3 refinement with peer support: 0,750110,RUSSIA,METRIC TONS,200000.0,5.56,0.95,USGS Mineral Commodity Summaries 2024/2023 - authoritative U.S. government production data with global coverage
Hydroponic Systems,Reservoir/Storage Unit,0.92,"Several agents have suggested reservoirs or drip lines, indicating a common understanding of the importance of maintaining steady nutrient supply to plants.",Polyethylene,0.85,Round 3 refinement with peer support: 1,390110,China,metric tons,11446666.666666666,27.5,0.873,Based on Platts and IEA reports; reliable data source for petrochemical production
Hydroponic Systems,Reservoir/Storage Unit,0.92,"Several agents have suggested reservoirs or drip lines, indicating a common understanding of the importance of maintaining steady nutrient supply to plants.",Polyethylene,0.85,Round 3 refinement with peer support: 1,390110,United States,metric tons,3854133.3333333335,11.28,0.86,Fourth largest producer with growing ethylene capacity; Platts data
Hydroponic Systems,Reservoir/Storage Unit,0.92,"Several agents have suggested reservoirs or drip lines, indicating a common understanding of the importance of maintaining steady nutrient supply to plants.",Polyethylene,0.85,Round 3 refinement with peer support: 1,390110,Japan,metric tons,5084533.333333333,9.11,0.783,"Information from Japan's Ministry of Economy, Trade and Industry; reliable source."
Hydroponic Systems,Reservoir/Storage Unit,0.92,"Several agents have suggested reservoirs or drip lines, indicating a common understanding of the importance of maintaining steady nutrient supply to plants.",Polyethylene,0.85,Round 3 refinement with peer support: 1,390110,Saudi Arabia,metric tons,6185333.333333333,11.72,0.867,Second largest producer with significant ethylene capacity; well-documented by industry reports
Hydroponic Systems,Reservoir/Storage Unit,0.92,"Several agents have suggested reservoirs or drip lines, indicating a common understanding of the importance of maintaining steady nutrient supply to plants.",Polyethylene,0.85,Round 3 refinement with peer support: 1,390110,South Korea,metric tons,2682800.0,5.75,0.793,Major producer with robust petrochemical sector; IEA verified data
Hydroponic Systems,Reservoir/Storage Unit,0.92,"Several agents have suggested reservoirs or drip lines, indicating a common understanding of the importance of maintaining steady nutrient supply to plants.",Acrylic,0.85,Round 3 refinement with peer support: 1,390690,China,metric tons,1722428.281333333,39.0,0.867,Multi-agent debate consensus
Hydroponic Systems,Reservoir/Storage Unit,0.92,"Several agents have suggested reservoirs or drip lines, indicating a common understanding of the importance of maintaining steady nutrient supply to plants.",Acrylic,0.85,Round 3 refinement with peer support: 1,390690,South Korea,metric tons,657188.608,17.08,0.817,Multi-agent debate consensus
Hydroponic Systems,Reservoir/Storage Unit,0.92,"Several agents have suggested reservoirs or drip lines, indicating a common understanding of the importance of maintaining steady nutrient supply to plants.",Acrylic,0.85,Round 3 refinement with peer support: 1,390690,Japan,metric tons,643398.12,14.61,0.75,Multi-agent debate consensus
Hydroponic Systems,Reservoir/Storage Unit,0.92,"Several agents have suggested reservoirs or drip lines, indicating a common understanding of the importance of maintaining steady nutrient supply to plants.",Acrylic,0.85,Round 3 refinement with peer support: 1,390690,United States,metric tons,210479.68166666667,4.18,0.65,Multi-agent debate consensus
Hydroponic Systems,Reservoir/Storage Unit,0.92,"Several agents have suggested reservoirs or drip lines, indicating a common understanding of the importance of maintaining steady nutrient supply to plants.",Acrylic,0.85,Round 3 refinement with peer support: 1,390690,Taiwan,metric tons,295069.31233333336,9.2,0.717,Based on recent industry reports and data from polymer companies.
Hydroponic Systems,Growth Lamp Fixture,0.93,"Multiple agents have proposed grow lights, which are crucial for photosynthesis in hydroponic systems. The combined confidence of 0.90 from Agent1 and 0.95 from Agent2 provides strong support for this component.",Silicon,0.7,Round 3 refinement with peer support: 0,280469,CHINA,THOUSAND METRIC TONS,3600.0,40.0,0.95,USGS Mineral Commodity Summaries 2024/2023 - authoritative U.S. government production data with global coverage
Hydroponic Systems,Growth Lamp Fixture,0.93,"Multiple agents have proposed grow lights, which are crucial for photosynthesis in hydroponic systems. The combined confidence of 0.90 from Agent1 and 0.95 from Agent2 provides strong support for this component.",Silicon,0.7,Round 3 refinement with peer support: 0,280469,RUSSIA,THOUSAND METRIC TONS,570.0,6.33,0.95,USGS Mineral Commodity Summaries 2024/2023 - authoritative U.S. government production data with global coverage
Hydroponic Systems,Growth Lamp Fixture,0.93,"Multiple agents have proposed grow lights, which are crucial for photosynthesis in hydroponic systems. The combined confidence of 0.90 from Agent1 and 0.95 from Agent2 provides strong support for this component.",Silicon,0.7,Round 3 refinement with peer support: 0,280469,BRAZIL,THOUSAND METRIC TONS,190.0,2.11,0.95,USGS Mineral Commodity Summaries 2024/2023 - authoritative U.S. government production data with global coverage
Hydroponic Systems,Growth Lamp Fixture,0.93,"Multiple agents have proposed grow lights, which are crucial for photosynthesis in hydroponic systems. The combined confidence of 0.90 from Agent1 and 0.95 from Agent2 provides strong support for this component.",Silicon,0.7,Round 3 refinement with peer support: 0,280469,NORWAY,THOUSAND METRIC TONS,200.0,2.22,0.95,USGS Mineral Commodity Summaries 2024/2023 - authoritative U.S. government production data with global coverage
Hydroponic Systems,Growth Lamp Fixture,0.93,"Multiple agents have proposed grow lights, which are crucial for photosynthesis in hydroponic systems. The combined confidence of 0.90 from Agent1 and 0.95 from Agent2 provides strong support for this component.",Silicon,0.7,Round 3 refinement with peer support: 0,280469,OTHER,THOUSAND METRIC TONS,100.0,1.11,0.95,USGS Mineral Commodity Summaries 2024/2023 - authoritative U.S. government production data with global coverage
Hydroponic Systems,Growth Lamp Fixture,0.93,"Multiple agents have proposed grow lights, which are crucial for photosynthesis in hydroponic systems. The combined confidence of 0.90 from Agent1 and 0.95 from Agent2 provides strong support for this component.",Cadmium,0.7,Round 3 refinement with peer support: 0,810720,CHINA,METRIC TONS,9000.0,39.13,0.95,USGS Mineral Commodity Summaries 2024/2023 - authoritative U.S. government production data with global coverage
Hydroponic Systems,Growth Lamp Fixture,0.93,"Multiple agents have proposed grow lights, which are crucial for photosynthesis in hydroponic systems. The combined confidence of 0.90 from Agent1 and 0.95 from Agent2 provides strong support for this component.",Cadmium,0.7,Round 3 refinement with peer support: 0,810720,"KOREA, REPUBLIC OF",METRIC TONS,4000.0,17.39,0.95,USGS Mineral Commodity Summaries 2024/2023 - authoritative U.S. government production data with global coverage
Hydroponic Systems,Growth Lamp Fixture,0.93,"Multiple agents have proposed grow lights, which are crucial for photosynthesis in hydroponic systems. The combined confidence of 0.90 from Agent1 and 0.95 from Agent2 provides strong support for this component.",Cadmium,0.7,Round 3 refinement with peer support: 0,810720,CANADA,METRIC TONS,1800.0,7.83,0.95,USGS Mineral Commodity Summaries 2024/2023 - authoritative U.S. government production data with global coverage
Hydroponic Systems,Growth Lamp Fixture,0.93,"Multiple agents have proposed grow lights, which are crucial for photosynthesis in hydroponic systems. The combined confidence of 0.90 from Agent1 and 0.95 from Agent2 provides strong support for this component.",Cadmium,0.7,Round 3 refinement with peer support: 0,810720,JAPAN,METRIC TONS,1800.0,7.83,0.95,USGS Mineral Commodity Summaries 2024/2023 - authoritative U.S. government production data with global coverage
Hydroponic Systems,Growth Lamp Fixture,0.93,"Multiple agents have proposed grow lights, which are crucial for photosynthesis in hydroponic systems. The combined confidence of 0.90 from Agent1 and 0.95 from Agent2 provides strong support for this component.",Cadmium,0.7,Round 3 refinement with peer support: 0,810720,MEXICO,METRIC TONS,1100.0,4.78,0.95,USGS Mineral Commodity Summaries 2024/2023 - authoritative U.S. government production data with global coverage
Hydroponic Systems,Growth Lamp Fixture,0.93,"Multiple agents have proposed grow lights, which are crucial for photosynthesis in hydroponic systems. The combined confidence of 0.90 from Agent1 and 0.95 from Agent2 provides strong support for this component.",Copper,0.7,Round 3 refinement with peer support: 0,740100,CHINA,THOUSAND METRIC TONS,1700.0,3.47,0.95,USGS Mineral Commodity Summaries 2024/2023 - authoritative U.S. government production data with global coverage
Hydroponic Systems,Growth Lamp Fixture,0.93,"Multiple agents have proposed grow lights, which are crucial for photosynthesis in hydroponic systems. The combined confidence of 0.90 from Agent1 and 0.95 from Agent2 provides strong support for this component.",Copper,0.7,Round 3 refinement with peer support: 0,740100,CHILE,THOUSAND METRIC TONS,5000.0,10.2,0.95,USGS Mineral Commodity Summaries 2024/2023 - authoritative U.S. government production data with global coverage
Hydroponic Systems,Growth Lamp Fixture,0.93,"Multiple agents have proposed grow lights, which are crucial for photosynthesis in hydroponic systems. The combined confidence of 0.90 from Agent1 and 0.95 from Agent2 provides strong support for this component.",Copper,0.7,Round 3 refinement with peer support: 0,740100,OTHER,THOUSAND METRIC TONS,3100.0,6.33,0.95,USGS Mineral Commodity Summaries 2024/2023 - authoritative U.S. government production data with global coverage
Hydroponic Systems,Growth Lamp Fixture,0.93,"Multiple agents have proposed grow lights, which are crucial for photosynthesis in hydroponic systems. The combined confidence of 0.90 from Agent1 and 0.95 from Agent2 provides strong support for this component.",Copper,0.7,Round 3 refinement with peer support: 0,740100,CONGO,THOUSAND METRIC TONS,2500.0,5.1,0.95,USGS Mineral Commodity Summaries 2024/2023 - authoritative U.S. government production data with global coverage
Hydroponic Systems,Growth Lamp Fixture,0.93,"Multiple agents have proposed grow lights, which are crucial for photosynthesis in hydroponic systems. The combined confidence of 0.90 from Agent1 and 0.95 from Agent2 provides strong support for this component.",Copper,0.7,Round 3 refinement with peer support: 0,740100,PERU,THOUSAND METRIC TONS,2600.0,5.31,0.95,USGS Mineral Commodity Summaries 2024/2023 - authoritative U.S. government production data with global coverage
Hydroponic Systems,Growth Lamp Fixture,0.93,"Multiple agents have proposed grow lights, which are crucial for photosynthesis in hydroponic systems. The combined confidence of 0.90 from Agent1 and 0.95 from Agent2 provides strong support for this component.",Aluminum,0.7,Round 3 refinement with peer support: 0,280300,CHINA,THOUSAND METRIC TONS,41000.0,58.57,0.95,USGS Mineral Commodity Summaries 2024/2023 - authoritative U.S. government production data with global coverage
Hydroponic Systems,Growth Lamp Fixture,0.93,"Multiple agents have proposed grow lights, which are crucial for photosynthesis in hydroponic systems. The combined confidence of 0.90 from Agent1 and 0.95 from Agent2 provides strong support for this component.",Aluminum,0.7,Round 3 refinement with peer support: 0,280300,OTHER,THOUSAND METRIC TONS,7000.0,10.0,0.95,USGS Mineral Commodity Summaries 2024/2023 - authoritative U.S. government production data with global coverage
Hydroponic Systems,Growth Lamp Fixture,0.93,"Multiple agents have proposed grow lights, which are crucial for photosynthesis in hydroponic systems. The combined confidence of 0.90 from Agent1 and 0.95 from Agent2 provides strong support for this component.",Aluminum,0.7,Round 3 refinement with peer support: 0,280300,INDIA,THOUSAND METRIC TONS,4100.0,5.86,0.95,USGS Mineral Commodity Summaries 2024/2023 - authoritative U.S. government production data with global coverage
Hydroponic Systems,Growth Lamp Fixture,0.93,"Multiple agents have proposed grow lights, which are crucial for photosynthesis in hydroponic systems. The combined confidence of 0.90 from Agent1 and 0.95 from Agent2 provides strong support for this component.",Aluminum,0.7,Round 3 refinement with peer support: 0,280300,RUSSIA,THOUSAND METRIC TONS,3800.0,5.43,0.95,USGS Mineral Commodity Summaries 2024/2023 - authoritative U.S. government production data with global coverage
Hydroponic Systems,Growth Lamp Fixture,0.93,"Multiple agents have proposed grow lights, which are crucial for photosynthesis in hydroponic systems. The combined confidence of 0.90 from Agent1 and 0.95 from Agent2 provides strong support for this component.",Aluminum,0.7,Round 3 refinement with peer support: 0,280300,CANADA,THOUSAND METRIC TONS,3000.0,4.29,0.95,USGS Mineral Commodity Summaries 2024/2023 - authoritative U.S. government production data with global coverage
Hydroponic Systems,Sealed Pump Mechanism,0.95,"Re-proposed by multiple agents (Agent1: Water pumps; Agent3: Pumps and Valves), crucial for nutrient delivery and irrigation.",Stainless steel,0.8,Round 3 refinement with peer support: 1,722000,China,tons,23282553.0,51.4,0.93,China dominates global stainless steel production based on recent industry reports and production statistics from the China Iron & Steel Association (CISA).
Hydroponic Systems,Sealed Pump Mechanism,0.95,"Re-proposed by multiple agents (Agent1: Water pumps; Agent3: Pumps and Valves), crucial for nutrient delivery and irrigation.",Stainless steel,0.8,Round 3 refinement with peer support: 1,722000,Russia,tons,1952233.3333333333,5.23,0.783,Large nickel producing country with diversified mining operations. Data from the Federal Service for Supervision of Consumer Rights and Wellbeing.
Hydroponic Systems,Sealed Pump Mechanism,0.95,"Re-proposed by multiple agents (Agent1: Water pumps; Agent3: Pumps and Valves), crucial for nutrient delivery and irrigation.",Stainless steel,0.8,Round 3 refinement with peer support: 1,722000,India,metric tons,5600000.0,8.5,0.85,Multi-agent debate consensus
Hydroponic Systems,Sealed Pump Mechanism,0.95,"Re-proposed by multiple agents (Agent1: Water pumps; Agent3: Pumps and Valves), crucial for nutrient delivery and irrigation.",Stainless steel,0.8,Round 3 refinement with peer support: 1,722000,Japan,metric tons,5490000.0,7.5,0.9,Multi-agent debate consensus
Hydroponic Systems,Sealed Pump Mechanism,0.95,"Re-proposed by multiple agents (Agent1: Water pumps; Agent3: Pumps and Valves), crucial for nutrient delivery and irrigation.",Stainless steel,0.8,Round 3 refinement with peer support: 1,722000,Germany,metric tons,3667500.0,5.0,0.845,Multi-agent debate consensus
Hydroponic Systems,Plant Growth Lighting Fixture,0.95,Multiple agents proposed grow lights (Agent1: 0.98; Agent2: 0.90) and it is a critical component for photosynthesis in hydroponic systems.,Mercury,0.7,Round 3 refinement with peer support: 0,280540,CHINA,METRIC TONS,1000.0,83.33,0.95,USGS Mineral Commodity Summaries 2024/2023 - authoritative U.S. government production data with global coverage
Hydroponic Systems,Plant Growth Lighting Fixture,0.95,Multiple agents proposed grow lights (Agent1: 0.98; Agent2: 0.90) and it is a critical component for photosynthesis in hydroponic systems.,Mercury,0.7,Round 3 refinement with peer support: 0,280540,TAJIKISTAN,METRIC TONS,100.0,8.33,0.95,USGS Mineral Commodity Summaries 2024/2023 - authoritative U.S. government production data with global coverage
Hydroponic Systems,Plant Growth Lighting Fixture,0.95,Multiple agents proposed grow lights (Agent1: 0.98; Agent2: 0.90) and it is a critical component for photosynthesis in hydroponic systems.,Mercury,0.7,Round 3 refinement with peer support: 0,280540,PERU,METRIC TONS,30.0,2.5,0.95,USGS Mineral Commodity Summaries 2024/2023 - authoritative U.S. government production data with global coverage
Hydroponic Systems,Plant Growth Lighting Fixture,0.95,Multiple agents proposed grow lights (Agent1: 0.98; Agent2: 0.90) and it is a critical component for photosynthesis in hydroponic systems.,Mercury,0.7,Round 3 refinement with peer support: 0,280540,NORWAY,METRIC TONS,20.0,1.67,0.95,USGS Mineral Commodity Summaries 2024/2023 - authoritative U.S. government production data with global coverage
Hydroponic Systems,Plant Growth Lighting Fixture,0.95,Multiple agents proposed grow lights (Agent1: 0.98; Agent2: 0.90) and it is a critical component for photosynthesis in hydroponic systems.,Mercury,0.7,Round 3 refinement with peer support: 0,280540,KYRGYZSTAN,METRIC TONS,6.0,0.5,0.95,USGS Mineral Commodity Summaries 2024/2023 - authoritative U.S. government production data with global coverage
Hydroponic Systems,HVAC Part/Accessory,0.91,"While initially proposed by only one agent with moderate confidence (0.88), air circulation is critical for preventing pests and ensuring plant health. The consistency in its importance among proposals supports maintaining it as a primary component.",Stainless steel,0.775,Round 3 refinement with peer support: 1,722000,China,tons,23282553.0,51.4,0.93,China dominates global stainless steel production based on recent industry reports and production statistics from the China Iron & Steel Association (CISA).
Hydroponic Systems,HVAC Part/Accessory,0.91,"While initially proposed by only one agent with moderate confidence (0.88), air circulation is critical for preventing pests and ensuring plant health. The consistency in its importance among proposals supports maintaining it as a primary component.",Stainless steel,0.775,Round 3 refinement with peer support: 1,722000,Russia,tons,1952233.3333333333,5.23,0.783,Large nickel producing country with diversified mining operations. Data from the Federal Service for Supervision of Consumer Rights and Wellbeing.
Hydroponic Systems,HVAC Part/Accessory,0.91,"While initially proposed by only one agent with moderate confidence (0.88), air circulation is critical for preventing pests and ensuring plant health. The consistency in its importance among proposals supports maintaining it as a primary component.",Stainless steel,0.775,Round 3 refinement with peer support: 1,722000,India,metric tons,5600000.0,8.5,0.85,Multi-agent debate consensus
Hydroponic Systems,HVAC Part/Accessory,0.91,"While initially proposed by only one agent with moderate confidence (0.88), air circulation is critical for preventing pests and ensuring plant health. The consistency in its importance among proposals supports maintaining it as a primary component.",Stainless steel,0.775,Round 3 refinement with peer support: 1,722000,Japan,metric tons,5490000.0,7.5,0.9,Multi-agent debate consensus
Hydroponic Systems,HVAC Part/Accessory,0.91,"While initially proposed by only one agent with moderate confidence (0.88), air circulation is critical for preventing pests and ensuring plant health. The consistency in its importance among proposals supports maintaining it as a primary component.",Stainless steel,0.775,Round 3 refinement with peer support: 1,722000,Germany,metric tons,3667500.0,5.0,0.845,Multi-agent debate consensus
Hydroponic Systems,HVAC Part/Accessory,0.91,"While initially proposed by only one agent with moderate confidence (0.88), air circulation is critical for preventing pests and ensuring plant health. The consistency in its importance among proposals supports maintaining it as a primary component.",Aluminum,0.7,Round 3 refinement with peer support: 0,280300,CHINA,THOUSAND METRIC TONS,41000.0,58.57,0.95,USGS Mineral Commodity Summaries 2024/2023 - authoritative U.S. government production data with global coverage
Hydroponic Systems,HVAC Part/Accessory,0.91,"While initially proposed by only one agent with moderate confidence (0.88), air circulation is critical for preventing pests and ensuring plant health. The consistency in its importance among proposals supports maintaining it as a primary component.",Aluminum,0.7,Round 3 refinement with peer support: 0,280300,OTHER,THOUSAND METRIC TONS,7000.0,10.0,0.95,USGS Mineral Commodity Summaries 2024/2023 - authoritative U.S. government production data with global coverage
Hydroponic Systems,HVAC Part/Accessory,0.91,"While initially proposed by only one agent with moderate confidence (0.88), air circulation is critical for preventing pests and ensuring plant health. The consistency in its importance among proposals supports maintaining it as a primary component.",Aluminum,0.7,Round 3 refinement with peer support: 0,280300,INDIA,THOUSAND METRIC TONS,4100.0,5.86,0.95,USGS Mineral Commodity Summaries 2024/2023 - authoritative U.S. government production data with global coverage
Hydroponic Systems,HVAC Part/Accessory,0.91,"While initially proposed by only one agent with moderate confidence (0.88), air circulation is critical for preventing pests and ensuring plant health. The consistency in its importance among proposals supports maintaining it as a primary component.",Aluminum,0.7,Round 3 refinement with peer support: 0,280300,RUSSIA,THOUSAND METRIC TONS,3800.0,5.43,0.95,USGS Mineral Commodity Summaries 2024/2023 - authoritative U.S. government production data with global coverage
Hydroponic Systems,HVAC Part/Accessory,0.91,"While initially proposed by only one agent with moderate confidence (0.88), air circulation is critical for preventing pests and ensuring plant health. The consistency in its importance among proposals supports maintaining it as a primary component.",Aluminum,0.7,Round 3 refinement with peer support: 0,280300,CANADA,THOUSAND METRIC TONS,3000.0,4.29,0.95,USGS Mineral Commodity Summaries 2024/2023 - authoritative U.S. government production data with global coverage
Hydroponic Systems,Aerodynamic Disruption Device,0.85,Multiple agents proposed related components (Agent2: Climate control equipment) and vital for maintaining optimal growing conditions.,Copper,0.7,Round 3 refinement with peer support: 0,740100,CHINA,THOUSAND METRIC TONS,1700.0,3.47,0.95,USGS Mineral Commodity Summaries 2024/2023 - authoritative U.S. government production data with global coverage
Hydroponic Systems,Aerodynamic Disruption Device,0.85,Multiple agents proposed related components (Agent2: Climate control equipment) and vital for maintaining optimal growing conditions.,Copper,0.7,Round 3 refinement with peer support: 0,740100,CHILE,THOUSAND METRIC TONS,5000.0,10.2,0.95,USGS Mineral Commodity Summaries 2024/2023 - authoritative U.S. government production data with global coverage
Hydroponic Systems,Aerodynamic Disruption Device,0.85,Multiple agents proposed related components (Agent2: Climate control equipment) and vital for maintaining optimal growing conditions.,Copper,0.7,Round 3 refinement with peer support: 0,740100,OTHER,THOUSAND METRIC TONS,3100.0,6.33,0.95,USGS Mineral Commodity Summaries 2024/2023 - authoritative U.S. government production data with global coverage
Hydroponic Systems,Aerodynamic Disruption Device,0.85,Multiple agents proposed related components (Agent2: Climate control equipment) and vital for maintaining optimal growing conditions.,Copper,0.7,Round 3 refinement with peer support: 0,740100,CONGO,THOUSAND METRIC TONS,2500.0,5.1,0.95,USGS Mineral Commodity Summaries 2024/2023 - authoritative U.S. government production data with global coverage
Hydroponic Systems,Aerodynamic Disruption Device,0.85,Multiple agents proposed related components (Agent2: Climate control equipment) and vital for maintaining optimal growing conditions.,Copper,0.7,Round 3 refinement with peer support: 0,740100,PERU,THOUSAND METRIC TONS,2600.0,5.31,0.95,USGS Mineral Commodity Summaries 2024/2023 - authoritative U.S. government production data with global coverage
Hydroponic Systems,Aerodynamic Disruption Device,0.85,Multiple agents proposed related components (Agent2: Climate control equipment) and vital for maintaining optimal growing conditions.,Polypropylene,0.7,Round 3 refinement with peer support: 0,390210,China,metric tons,10209211.666666666,31.8,0.823,Data from Plastics Industry Association (2022) estimates China as the leading producer with detailed and authoritative statistics.
Hydroponic Systems,Aerodynamic Disruption Device,0.85,Multiple agents proposed related components (Agent2: Climate control equipment) and vital for maintaining optimal growing conditions.,Polypropylene,0.7,Round 3 refinement with peer support: 0,390210,Saudi Arabia,metric tons,3329821.0,19.83,0.817,Plastics Industry Association (2022) estimates Saudi Arabia as the second largest producer; data reliable due to large scale operations.
Hydroponic Systems,Aerodynamic Disruption Device,0.85,Multiple agents proposed related components (Agent2: Climate control equipment) and vital for maintaining optimal growing conditions.,Polypropylene,0.7,Round 3 refinement with peer support: 0,390210,South Korea,metric tons,1958926.0,13.67,0.817,From the Korean Plastics Association and global market reports.
Hydroponic Systems,Aerodynamic Disruption Device,0.85,Multiple agents proposed related components (Agent2: Climate control equipment) and vital for maintaining optimal growing conditions.,Polypropylene,0.7,Round 3 refinement with peer support: 0,390210,United States,metric tons,6972839.0,11.0,0.81,Based on reports from the US Chemical Industry Data Book.
Hydroponic Systems,Aerodynamic Disruption Device,0.85,Multiple agents proposed related components (Agent2: Climate control equipment) and vital for maintaining optimal growing conditions.,Polypropylene,0.7,Round 3 refinement with peer support: 0,390210,Indonesia,metric tons,291511.5,10.6,0.8,Data from Indonesian chemical industry surveys and local news reports.
Hydroponic Systems,Aerodynamic Disruption Device,0.85,Multiple agents proposed related components (Agent2: Climate control equipment) and vital for maintaining optimal growing conditions.,Stainless steel,0.7,Round 3 refinement with peer support: 0,722000,China,tons,23282553.0,51.4,0.93,China dominates global stainless steel production based on recent industry reports and production statistics from the China Iron & Steel Association (CISA).
Hydroponic Systems,Aerodynamic Disruption Device,0.85,Multiple agents proposed related components (Agent2: Climate control equipment) and vital for maintaining optimal growing conditions.,Stainless steel,0.7,Round 3 refinement with peer support: 0,722000,Russia,tons,1952233.3333333333,5.23,0.783,Large nickel producing country with diversified mining operations. Data from the Federal Service for Supervision of Consumer Rights and Wellbeing.
Hydroponic Systems,Aerodynamic Disruption Device,0.85,Multiple agents proposed related components (Agent2: Climate control equipment) and vital for maintaining optimal growing conditions.,Stainless steel,0.7,Round 3 refinement with peer support: 0,722000,India,metric tons,5600000.0,8.5,0.85,Multi-agent debate consensus
Hydroponic Systems,Aerodynamic Disruption Device,0.85,Multiple agents proposed related components (Agent2: Climate control equipment) and vital for maintaining optimal growing conditions.,Stainless steel,0.7,Round 3 refinement with peer support: 0,722000,Japan,metric tons,5490000.0,7.5,0.9,Multi-agent debate consensus
Hydroponic Systems,Aerodynamic Disruption Device,0.85,Multiple agents proposed related components (Agent2: Climate control equipment) and vital for maintaining optimal growing conditions.,Stainless steel,0.7,Round 3 refinement with peer support: 0,722000,Germany,metric tons,3667500.0,5.0,0.845,Multi-agent debate consensus
Hydroponic Systems,Culture Pot/Container,0.85,"While only one agent strongly proposed it (0.85), supports are necessary for plant anchorage. However, this component has less overlap with other proposals and thus gets a slightly lower confidence score.",Polypropylene,0.7,Round 3 refinement with peer support: 0,390210,China,metric tons,10209211.666666666,31.8,0.823,Data from Plastics Industry Association (2022) estimates China as the leading producer with detailed and authoritative statistics.
Hydroponic Systems,Culture Pot/Container,0.85,"While only one agent strongly proposed it (0.85), supports are necessary for plant anchorage. However, this component has less overlap with other proposals and thus gets a slightly lower confidence score.",Polypropylene,0.7,Round 3 refinement with peer support: 0,390210,Saudi Arabia,metric tons,3329821.0,19.83,0.817,Plastics Industry Association (2022) estimates Saudi Arabia as the second largest producer; data reliable due to large scale operations.
Hydroponic Systems,Culture Pot/Container,0.85,"While only one agent strongly proposed it (0.85), supports are necessary for plant anchorage. However, this component has less overlap with other proposals and thus gets a slightly lower confidence score.",Polypropylene,0.7,Round 3 refinement with peer support: 0,390210,South Korea,metric tons,1958926.0,13.67,0.817,From the Korean Plastics Association and global market reports.
Hydroponic Systems,Culture Pot/Container,0.85,"While only one agent strongly proposed it (0.85), supports are necessary for plant anchorage. However, this component has less overlap with other proposals and thus gets a slightly lower confidence score.",Polypropylene,0.7,Round 3 refinement with peer support: 0,390210,United States,metric tons,6972839.0,11.0,0.81,Based on reports from the US Chemical Industry Data Book.
Hydroponic Systems,Culture Pot/Container,0.85,"While only one agent strongly proposed it (0.85), supports are necessary for plant anchorage. However, this component has less overlap with other proposals and thus gets a slightly lower confidence score.",Polypropylene,0.7,Round 3 refinement with peer support: 0,390210,Indonesia,metric tons,291511.5,10.6,0.8,Data from Indonesian chemical industry surveys and local news reports.
Hydroponic Systems,Culture Pot/Container,0.85,"While only one agent strongly proposed it (0.85), supports are necessary for plant anchorage. However, this component has less overlap with other proposals and thus gets a slightly lower confidence score.",Stainless steel,0.7,Round 3 refinement with peer support: 0,722000,China,tons,23282553.0,51.4,0.93,China dominates global stainless steel production based on recent industry reports and production statistics from the China Iron & Steel Association (CISA).
Hydroponic Systems,Culture Pot/Container,0.85,"While only one agent strongly proposed it (0.85), supports are necessary for plant anchorage. However, this component has less overlap with other proposals and thus gets a slightly lower confidence score.",Stainless steel,0.7,Round 3 refinement with peer support: 0,722000,Russia,tons,1952233.3333333333,5.23,0.783,Large nickel producing country with diversified mining operations. Data from the Federal Service for Supervision of Consumer Rights and Wellbeing.
Hydroponic Systems,Culture Pot/Container,0.85,"While only one agent strongly proposed it (0.85), supports are necessary for plant anchorage. However, this component has less overlap with other proposals and thus gets a slightly lower confidence score.",Stainless steel,0.7,Round 3 refinement with peer support: 0,722000,India,metric tons,5600000.0,8.5,0.85,Multi-agent debate consensus
Hydroponic Systems,Culture Pot/Container,0.85,"While only one agent strongly proposed it (0.85), supports are necessary for plant anchorage. However, this component has less overlap with other proposals and thus gets a slightly lower confidence score.",Stainless steel,0.7,Round 3 refinement with peer support: 0,722000,Japan,metric tons,5490000.0,7.5,0.9,Multi-agent debate consensus
Hydroponic Systems,Culture Pot/Container,0.85,"While only one agent strongly proposed it (0.85), supports are necessary for plant anchorage. However, this component has less overlap with other proposals and thus gets a slightly lower confidence score.",Stainless steel,0.7,Round 3 refinement with peer support: 0,722000,Germany,metric tons,3667500.0,5.0,0.845,Multi-agent debate consensus
Hydroponic Systems,Pneumatic System,0.85,"Though proposed by different agents with slightly lower confidence, pumps and valves are crucial for precise and efficient nutrient delivery systems, often warranting higher confidence.",Stainless steel,0.7,Round 3 refinement with peer support: 0,722000,China,tons,23282553.0,51.4,0.93,China dominates global stainless steel production based on recent industry reports and production statistics from the China Iron & Steel Association (CISA).
Hydroponic Systems,Pneumatic System,0.85,"Though proposed by different agents with slightly lower confidence, pumps and valves are crucial for precise and efficient nutrient delivery systems, often warranting higher confidence.",Stainless steel,0.7,Round 3 refinement with peer support: 0,722000,Russia,tons,1952233.3333333333,5.23,0.783,Large nickel producing country with diversified mining operations. Data from the Federal Service for Supervision of Consumer Rights and Wellbeing.
Hydroponic Systems,Pneumatic System,0.85,"Though proposed by different agents with slightly lower confidence, pumps and valves are crucial for precise and efficient nutrient delivery systems, often warranting higher confidence.",Stainless steel,0.7,Round 3 refinement with peer support: 0,722000,India,metric tons,5600000.0,8.5,0.85,Multi-agent debate consensus
Hydroponic Systems,Pneumatic System,0.85,"Though proposed by different agents with slightly lower confidence, pumps and valves are crucial for precise and efficient nutrient delivery systems, often warranting higher confidence.",Stainless steel,0.7,Round 3 refinement with peer support: 0,722000,Japan,metric tons,5490000.0,7.5,0.9,Multi-agent debate consensus
Hydroponic Systems,Pneumatic System,0.85,"Though proposed by different agents with slightly lower confidence, pumps and valves are crucial for precise and efficient nutrient delivery systems, often warranting higher confidence.",Stainless steel,0.7,Round 3 refinement with peer support: 0,722000,Germany,metric tons,3667500.0,5.0,0.845,Multi-agent debate consensus
Hydroponic Systems,Lighting System,0.9,"Multiple agents have proposed grow lights in various forms, indicating strong consensus. LEDs are widely used due to their efficiency and spectrum adjustability, while HPS lamps remain popular for certain types of plants.",Silicon,0.7,Round 3 refinement with peer support: 0,280469,CHINA,THOUSAND METRIC TONS,3600.0,40.0,0.95,USGS Mineral Commodity Summaries 2024/2023 - authoritative U.S. government production data with global coverage
Hydroponic Systems,Lighting System,0.9,"Multiple agents have proposed grow lights in various forms, indicating strong consensus. LEDs are widely used due to their efficiency and spectrum adjustability, while HPS lamps remain popular for certain types of plants.",Silicon,0.7,Round 3 refinement with peer support: 0,280469,RUSSIA,THOUSAND METRIC TONS,570.0,6.33,0.95,USGS Mineral Commodity Summaries 2024/2023 - authoritative U.S. government production data with global coverage
Hydroponic Systems,Lighting System,0.9,"Multiple agents have proposed grow lights in various forms, indicating strong consensus. LEDs are widely used due to their efficiency and spectrum adjustability, while HPS lamps remain popular for certain types of plants.",Silicon,0.7,Round 3 refinement with peer support: 0,280469,BRAZIL,THOUSAND METRIC TONS,190.0,2.11,0.95,USGS Mineral Commodity Summaries 2024/2023 - authoritative U.S. government production data with global coverage
Hydroponic Systems,Lighting System,0.9,"Multiple agents have proposed grow lights in various forms, indicating strong consensus. LEDs are widely used due to their efficiency and spectrum adjustability, while HPS lamps remain popular for certain types of plants.",Silicon,0.7,Round 3 refinement with peer support: 0,280469,NORWAY,THOUSAND METRIC TONS,200.0,2.22,0.95,USGS Mineral Commodity Summaries 2024/2023 - authoritative U.S. government production data with global coverage
Hydroponic Systems,Lighting System,0.9,"Multiple agents have proposed grow lights in various forms, indicating strong consensus. LEDs are widely used due to their efficiency and spectrum adjustability, while HPS lamps remain popular for certain types of plants.",Silicon,0.7,Round 3 refinement with peer support: 0,280469,OTHER,THOUSAND METRIC TONS,100.0,1.11,0.95,USGS Mineral Commodity Summaries 2024/2023 - authoritative U.S. government production data with global coverage
Hydroponic Systems,Lighting System,0.9,"Multiple agents have proposed grow lights in various forms, indicating strong consensus. LEDs are widely used due to their efficiency and spectrum adjustability, while HPS lamps remain popular for certain types of plants.",Copper,0.7,Round 3 refinement with peer support: 0,740100,CHINA,THOUSAND METRIC TONS,1700.0,3.47,0.95,USGS Mineral Commodity Summaries 2024/2023 - authoritative U.S. government production data with global coverage
Hydroponic Systems,Lighting System,0.9,"Multiple agents have proposed grow lights in various forms, indicating strong consensus. LEDs are widely used due to their efficiency and spectrum adjustability, while HPS lamps remain popular for certain types of plants.",Copper,0.7,Round 3 refinement with peer support: 0,740100,CHILE,THOUSAND METRIC TONS,5000.0,10.2,0.95,USGS Mineral Commodity Summaries 2024/2023 - authoritative U.S. government production data with global coverage
Hydroponic Systems,Lighting System,0.9,"Multiple agents have proposed grow lights in various forms, indicating strong consensus. LEDs are widely used due to their efficiency and spectrum adjustability, while HPS lamps remain popular for certain types of plants.",Copper,0.7,Round 3 refinement with peer support: 0,740100,OTHER,THOUSAND METRIC TONS,3100.0,6.33,0.95,USGS Mineral Commodity Summaries 2024/2023 - authoritative U.S. government production data with global coverage
Hydroponic Systems,Lighting System,0.9,"Multiple agents have proposed grow lights in various forms, indicating strong consensus. LEDs are widely used due to their efficiency and spectrum adjustability, while HPS lamps remain popular for certain types of plants.",Copper,0.7,Round 3 refinement with peer support: 0,740100,CONGO,THOUSAND METRIC TONS,2500.0,5.1,0.95,USGS Mineral Commodity Summaries 2024/2023 - authoritative U.S. government production data with global coverage
Hydroponic Systems,Lighting System,0.9,"Multiple agents have proposed grow lights in various forms, indicating strong consensus. LEDs are widely used due to their efficiency and spectrum adjustability, while HPS lamps remain popular for certain types of plants.",Copper,0.7,Round 3 refinement with peer support: 0,740100,PERU,THOUSAND METRIC TONS,2600.0,5.31,0.95,USGS Mineral Commodity Summaries 2024/2023 - authoritative U.S. government production data with global coverage
Hydroponic Systems,Lighting System,0.9,"Multiple agents have proposed grow lights in various forms, indicating strong consensus. LEDs are widely used due to their efficiency and spectrum adjustability, while HPS lamps remain popular for certain types of plants.",Aluminum,0.7,Round 3 refinement with peer support: 0,280300,CHINA,THOUSAND METRIC TONS,41000.0,58.57,0.95,USGS Mineral Commodity Summaries 2024/2023 - authoritative U.S. government production data with global coverage
Hydroponic Systems,Lighting System,0.9,"Multiple agents have proposed grow lights in various forms, indicating strong consensus. LEDs are widely used due to their efficiency and spectrum adjustability, while HPS lamps remain popular for certain types of plants.",Aluminum,0.7,Round 3 refinement with peer support: 0,280300,OTHER,THOUSAND METRIC TONS,7000.0,10.0,0.95,USGS Mineral Commodity Summaries 2024/2023 - authoritative U.S. government production data with global coverage
Hydroponic Systems,Lighting System,0.9,"Multiple agents have proposed grow lights in various forms, indicating strong consensus. LEDs are widely used due to their efficiency and spectrum adjustability, while HPS lamps remain popular for certain types of plants.",Aluminum,0.7,Round 3 refinement with peer support: 0,280300,INDIA,THOUSAND METRIC TONS,4100.0,5.86,0.95,USGS Mineral Commodity Summaries 2024/2023 - authoritative U.S. government production data with global coverage
Hydroponic Systems,Lighting System,0.9,"Multiple agents have proposed grow lights in various forms, indicating strong consensus. LEDs are widely used due to their efficiency and spectrum adjustability, while HPS lamps remain popular for certain types of plants.",Aluminum,0.7,Round 3 refinement with peer support: 0,280300,RUSSIA,THOUSAND METRIC TONS,3800.0,5.43,0.95,USGS Mineral Commodity Summaries 2024/2023 - authoritative U.S. government production data with global coverage
Hydroponic Systems,Lighting System,0.9,"Multiple agents have proposed grow lights in various forms, indicating strong consensus. LEDs are widely used due to their efficiency and spectrum adjustability, while HPS lamps remain popular for certain types of plants.",Aluminum,0.7,Round 3 refinement with peer support: 0,280300,CANADA,THOUSAND METRIC TONS,3000.0,4.29,0.95,USGS Mineral Commodity Summaries 2024/2023 - authoritative U.S. government production data with global coverage
Hydroponic Systems,Dispenser Hydro,0.92,"Proposed by multiple agents (Agent1: 0.95; Agent2: 0.92), responsible for essential nutrient supply to plants.",Polyethylene,0.7,Round 3 refinement with peer support: 0,390110,China,metric tons,11446666.666666666,27.5,0.873,Based on Platts and IEA reports; reliable data source for petrochemical production
Hydroponic Systems,Dispenser Hydro,0.92,"Proposed by multiple agents (Agent1: 0.95; Agent2: 0.92), responsible for essential nutrient supply to plants.",Polyethylene,0.7,Round 3 refinement with peer support: 0,390110,United States,metric tons,3854133.3333333335,11.28,0.86,Fourth largest producer with growing ethylene capacity; Platts data
Hydroponic Systems,Dispenser Hydro,0.92,"Proposed by multiple agents (Agent1: 0.95; Agent2: 0.92), responsible for essential nutrient supply to plants.",Polyethylene,0.7,Round 3 refinement with peer support: 0,390110,Japan,metric tons,5084533.333333333,9.11,0.783,"Information from Japan's Ministry of Economy, Trade and Industry; reliable source."
Hydroponic Systems,Dispenser Hydro,0.92,"Proposed by multiple agents (Agent1: 0.95; Agent2: 0.92), responsible for essential nutrient supply to plants.",Polyethylene,0.7,Round 3 refinement with peer support: 0,390110,Saudi Arabia,metric tons,6185333.333333333,11.72,0.867,Second largest producer with significant ethylene capacity; well-documented by industry reports
Hydroponic Systems,Dispenser Hydro,0.92,"Proposed by multiple agents (Agent1: 0.95; Agent2: 0.92), responsible for essential nutrient supply to plants.",Polyethylene,0.7,Round 3 refinement with peer support: 0,390110,South Korea,metric tons,2682800.0,5.75,0.793,Major producer with robust petrochemical sector; IEA verified data
Mass Spectrometer,Ionic Liquid Synthesis Apparatus,1.0,"High consistency from Agents2 and Agent3 with average confidence of 0.95, indicating critical function in the mass spectrometer.",Aluminum,0.9,Round 3 refinement with peer support: 2,280300,CHINA,THOUSAND METRIC TONS,41000.0,58.57,0.95,USGS Mineral Commodity Summaries 2024/2023 - authoritative U.S. government production data with global coverage
Mass Spectrometer,Ionic Liquid Synthesis Apparatus,1.0,"High consistency from Agents2 and Agent3 with average confidence of 0.95, indicating critical function in the mass spectrometer.",Aluminum,0.9,Round 3 refinement with peer support: 2,280300,OTHER,THOUSAND METRIC TONS,7000.0,10.0,0.95,USGS Mineral Commodity Summaries 2024/2023 - authoritative U.S. government production data with global coverage
Mass Spectrometer,Ionic Liquid Synthesis Apparatus,1.0,"High consistency from Agents2 and Agent3 with average confidence of 0.95, indicating critical function in the mass spectrometer.",Aluminum,0.9,Round 3 refinement with peer support: 2,280300,INDIA,THOUSAND METRIC TONS,4100.0,5.86,0.95,USGS Mineral Commodity Summaries 2024/2023 - authoritative U.S. government production data with global coverage
Mass Spectrometer,Ionic Liquid Synthesis Apparatus,1.0,"High consistency from Agents2 and Agent3 with average confidence of 0.95, indicating critical function in the mass spectrometer.",Aluminum,0.9,Round 3 refinement with peer support: 2,280300,RUSSIA,THOUSAND METRIC TONS,3800.0,5.43,0.95,USGS Mineral Commodity Summaries 2024/2023 - authoritative U.S. government production data with global coverage
Mass Spectrometer,Ionic Liquid Synthesis Apparatus,1.0,"High consistency from Agents2 and Agent3 with average confidence of 0.95, indicating critical function in the mass spectrometer.",Aluminum,0.9,Round 3 refinement with peer support: 2,280300,CANADA,THOUSAND METRIC TONS,3000.0,4.29,0.95,USGS Mineral Commodity Summaries 2024/2023 - authoritative U.S. government production data with global coverage
Mass Spectrometer,Ionic Liquid Synthesis Apparatus,1.0,"High consistency from Agents2 and Agent3 with average confidence of 0.95, indicating critical function in the mass spectrometer.",Platinum,0.85,Round 3 refinement with peer support: 1,711011,South Africa,ounces,159636.33333333334,68.57,0.85,Based on world platinum production data from the World Platinum Investment Council; reliable and up-to-date.
Mass Spectrometer,Ionic Liquid Synthesis Apparatus,1.0,"High consistency from Agents2 and Agent3 with average confidence of 0.95, indicating critical function in the mass spectrometer.",Platinum,0.85,Round 3 refinement with peer support: 1,711011,Russia,oz,33934.0,15.35,0.85,REPOS (Russian Precious Metals Industry Holding) reports; generally reliable but data might have some reporting issues.
Mass Spectrometer,Ionic Liquid Synthesis Apparatus,1.0,"High consistency from Agents2 and Agent3 with average confidence of 0.95, indicating critical function in the mass spectrometer.",Platinum,0.85,Round 3 refinement with peer support: 1,711011,Canada,oz,18010.0,8.65,0.825,"Placer Dome Inc., a major Canadian producer; data based on annual reports and reliable,"
Mass Spectrometer,Ionic Liquid Synthesis Apparatus,1.0,"High consistency from Agents2 and Agent3 with average confidence of 0.95, indicating critical function in the mass spectrometer.",Platinum,0.85,Round 3 refinement with peer support: 1,711011,United States,oz,8066.0,2.9,0.775,Multi-agent debate consensus
Mass Spectrometer,Ionic Liquid Synthesis Apparatus,1.0,"High consistency from Agents2 and Agent3 with average confidence of 0.95, indicating critical function in the mass spectrometer.",Platinum,0.85,Round 3 refinement with peer support: 1,711011,俄罗斯,ounces,25910.0,8.6,0.8,Multi-agent debate consensus
Mass Spectrometer,Ionic Liquid Synthesis Apparatus,1.0,"High consistency from Agents2 and Agent3 with average confidence of 0.95, indicating critical function in the mass spectrometer.",Antimony,0.7,Round 3 refinement with peer support: 0,811100,CHINA,METRIC TONS,40000.0,48.19,0.95,USGS Mineral Commodity Summaries 2024/2023 - authoritative U.S. government production data with global coverage
Mass Spectrometer,Ionic Liquid Synthesis Apparatus,1.0,"High consistency from Agents2 and Agent3 with average confidence of 0.95, indicating critical function in the mass spectrometer.",Antimony,0.7,Round 3 refinement with peer support: 0,811100,TAJIKISTAN,METRIC TONS,21000.0,25.3,0.95,USGS Mineral Commodity Summaries 2024/2023 - authoritative U.S. government production data with global coverage
Mass Spectrometer,Ionic Liquid Synthesis Apparatus,1.0,"High consistency from Agents2 and Agent3 with average confidence of 0.95, indicating critical function in the mass spectrometer.",Antimony,0.7,Round 3 refinement with peer support: 0,811100,TURKEY,METRIC TONS,6000.0,7.23,0.95,USGS Mineral Commodity Summaries 2024/2023 - authoritative U.S. government production data with global coverage
Mass Spectrometer,Ionic Liquid Synthesis Apparatus,1.0,"High consistency from Agents2 and Agent3 with average confidence of 0.95, indicating critical function in the mass spectrometer.",Antimony,0.7,Round 3 refinement with peer support: 0,811100,BURMA,METRIC TONS,4600.0,5.54,0.95,USGS Mineral Commodity Summaries 2024/2023 - authoritative U.S. government production data with global coverage
Mass Spectrometer,Ionic Liquid Synthesis Apparatus,1.0,"High consistency from Agents2 and Agent3 with average confidence of 0.95, indicating critical function in the mass spectrometer.",Antimony,0.7,Round 3 refinement with peer support: 0,811100,RUSSIA,METRIC TONS,4300.0,5.18,0.95,USGS Mineral Commodity Summaries 2024/2023 - authoritative U.S. government production data with global coverage
Mass Spectrometer,Ionic Liquid Synthesis Apparatus,1.0,"High consistency from Agents2 and Agent3 with average confidence of 0.95, indicating critical function in the mass spectrometer.",Nickel,0.7,Round 3 refinement with peer support: 0,750110,INDONESIA,METRIC TONS,1800000.0,50.0,0.95,USGS Mineral Commodity Summaries 2024/2023 - authoritative U.S. government production data with global coverage
Mass Spectrometer,Ionic Liquid Synthesis Apparatus,1.0,"High consistency from Agents2 and Agent3 with average confidence of 0.95, indicating critical function in the mass spectrometer.",Nickel,0.7,Round 3 refinement with peer support: 0,750110,PHILIPPINES,METRIC TONS,400000.0,11.11,0.95,USGS Mineral Commodity Summaries 2024/2023 - authoritative U.S. government production data with global coverage
Mass Spectrometer,Ionic Liquid Synthesis Apparatus,1.0,"High consistency from Agents2 and Agent3 with average confidence of 0.95, indicating critical function in the mass spectrometer.",Nickel,0.7,Round 3 refinement with peer support: 0,750110,OTHER,METRIC TONS,380000.0,10.56,0.95,USGS Mineral Commodity Summaries 2024/2023 - authoritative U.S. government production data with global coverage
Mass Spectrometer,Ionic Liquid Synthesis Apparatus,1.0,"High consistency from Agents2 and Agent3 with average confidence of 0.95, indicating critical function in the mass spectrometer.",Nickel,0.7,Round 3 refinement with peer support: 0,750110,NEW CALEDONIA,METRIC TONS,230000.0,6.39,0.95,USGS Mineral Commodity Summaries 2024/2023 - authoritative U.S. government production data with global coverage
Mass Spectrometer,Ionic Liquid Synthesis Apparatus,1.0,"High consistency from Agents2 and Agent3 with average confidence of 0.95, indicating critical function in the mass spectrometer.",Nickel,0.7,Round 3 refinement with peer support: 0,750110,RUSSIA,METRIC TONS,200000.0,5.56,0.95,USGS Mineral Commodity Summaries 2024/2023 - authoritative U.S. government production data with global coverage
Mass Spectrometer,Ionic Liquid Synthesis Apparatus,1.0,"High consistency from Agents2 and Agent3 with average confidence of 0.95, indicating critical function in the mass spectrometer.",Copper,0.7,Round 3 refinement with peer support: 0,740100,CHINA,THOUSAND METRIC TONS,1700.0,3.47,0.95,USGS Mineral Commodity Summaries 2024/2023 - authoritative U.S. government production data with global coverage
Mass Spectrometer,Ionic Liquid Synthesis Apparatus,1.0,"High consistency from Agents2 and Agent3 with average confidence of 0.95, indicating critical function in the mass spectrometer.",Copper,0.7,Round 3 refinement with peer support: 0,740100,CHILE,THOUSAND METRIC TONS,5000.0,10.2,0.95,USGS Mineral Commodity Summaries 2024/2023 - authoritative U.S. government production data with global coverage
Mass Spectrometer,Ionic Liquid Synthesis Apparatus,1.0,"High consistency from Agents2 and Agent3 with average confidence of 0.95, indicating critical function in the mass spectrometer.",Copper,0.7,Round 3 refinement with peer support: 0,740100,OTHER,THOUSAND METRIC TONS,3100.0,6.33,0.95,USGS Mineral Commodity Summaries 2024/2023 - authoritative U.S. government production data with global coverage
Mass Spectrometer,Ionic Liquid Synthesis Apparatus,1.0,"High consistency from Agents2 and Agent3 with average confidence of 0.95, indicating critical function in the mass spectrometer.",Copper,0.7,Round 3 refinement with peer support: 0,740100,CONGO,THOUSAND METRIC TONS,2500.0,5.1,0.95,USGS Mineral Commodity Summaries 2024/2023 - authoritative U.S. government production data with global coverage
Mass Spectrometer,Ionic Liquid Synthesis Apparatus,1.0,"High consistency from Agents2 and Agent3 with average confidence of 0.95, indicating critical function in the mass spectrometer.",Copper,0.7,Round 3 refinement with peer support: 0,740100,PERU,THOUSAND METRIC TONS,2600.0,5.31,0.95,USGS Mineral Commodity Summaries 2024/2023 - authoritative U.S. government production data with global coverage
Mass Spectrometer,Sensing Device,0.85,Consensus among peers on the importance of detectors and their high confidence level supports this as a crucial component,Boron trioxide,0.7,Round 3 refinement with peer support: 0,281000,China,metric tons,66000.0,27.33,0.873,Based on recent reports from the China Geological Survey; significant mining operations.
Mass Spectrometer,Sensing Device,0.85,Consensus among peers on the importance of detectors and their high confidence level supports this as a crucial component,Boron trioxide,0.7,Round 3 refinement with peer support: 0,281000,Turkey,metric tons,9666.666666666666,18.0,0.783,Multi-agent debate consensus
Mass Spectrometer,Sensing Device,0.85,Consensus among peers on the importance of detectors and their high confidence level supports this as a crucial component,Boron trioxide,0.7,Round 3 refinement with peer support: 0,281000,United States,metric tons,40040.0,10.08,0.833,Multi-agent debate consensus
Mass Spectrometer,Sensing Device,0.85,Consensus among peers on the importance of detectors and their high confidence level supports this as a crucial component,Boron trioxide,0.7,Round 3 refinement with peer support: 0,281000,Australia,metric tons,24000.0,6.0,0.85,Australian Mining Reports; reliable data source for primary production.
Mass Spectrometer,Sensing Device,0.85,Consensus among peers on the importance of detectors and their high confidence level supports this as a crucial component,Boron trioxide,0.7,Round 3 refinement with peer support: 0,281000,India,metric tons,12100.0,3.2,0.75,Multi-agent debate consensus
Mass Spectrometer,Sensing Device,0.85,Consensus among peers on the importance of detectors and their high confidence level supports this as a crucial component,Antimony,0.7,Round 3 refinement with peer support: 0,811100,CHINA,METRIC TONS,40000.0,48.19,0.95,USGS Mineral Commodity Summaries 2024/2023 - authoritative U.S. government production data with global coverage
Mass Spectrometer,Sensing Device,0.85,Consensus among peers on the importance of detectors and their high confidence level supports this as a crucial component,Antimony,0.7,Round 3 refinement with peer support: 0,811100,TAJIKISTAN,METRIC TONS,21000.0,25.3,0.95,USGS Mineral Commodity Summaries 2024/2023 - authoritative U.S. government production data with global coverage
Mass Spectrometer,Sensing Device,0.85,Consensus among peers on the importance of detectors and their high confidence level supports this as a crucial component,Antimony,0.7,Round 3 refinement with peer support: 0,811100,TURKEY,METRIC TONS,6000.0,7.23,0.95,USGS Mineral Commodity Summaries 2024/2023 - authoritative U.S. government production data with global coverage
Mass Spectrometer,Sensing Device,0.85,Consensus among peers on the importance of detectors and their high confidence level supports this as a crucial component,Antimony,0.7,Round 3 refinement with peer support: 0,811100,BURMA,METRIC TONS,4600.0,5.54,0.95,USGS Mineral Commodity Summaries 2024/2023 - authoritative U.S. government production data with global coverage
Mass Spectrometer,Sensing Device,0.85,Consensus among peers on the importance of detectors and their high confidence level supports this as a crucial component,Antimony,0.7,Round 3 refinement with peer support: 0,811100,RUSSIA,METRIC TONS,4300.0,5.18,0.95,USGS Mineral Commodity Summaries 2024/2023 - authoritative U.S. government production data with global coverage
Mass Spectrometer,Sensing Device,0.85,Consensus among peers on the importance of detectors and their high confidence level supports this as a crucial component,Aluminum oxide,0.7,Round 3 refinement with peer support: 0,281820,China,metric tons,28580000.0,52.33,0.933,Based on recent data from the China Non-ferrous Metals Industry Association; very reliable statistics.
Mass Spectrometer,Sensing Device,0.85,Consensus among peers on the importance of detectors and their high confidence level supports this as a crucial component,Aluminum oxide,0.7,Round 3 refinement with peer support: 0,281820,Australia,metric tons,3275333.3333333335,13.03,0.857,Second largest producer with comprehensive datasets from the Australian Bureau of Resources and Energy Economics.
Mass Spectrometer,Sensing Device,0.85,Consensus among peers on the importance of detectors and their high confidence level supports this as a crucial component,Aluminum oxide,0.7,Round 3 refinement with peer support: 0,281820,India,metric tons,1761166.6666666667,10.37,0.85,Fourth largest producer; data from Indian geological surveys and industry associations.
Mass Spectrometer,Sensing Device,0.85,Consensus among peers on the importance of detectors and their high confidence level supports this as a crucial component,Aluminum oxide,0.7,Round 3 refinement with peer support: 0,281820,Algeria,metric tons,1125000.0,9.7,0.825,Major producer with well-documented mining operations and data from the Algerian government.
Mass Spectrometer,Sensing Device,0.85,Consensus among peers on the importance of detectors and their high confidence level supports this as a crucial component,Aluminum oxide,0.7,Round 3 refinement with peer support: 0,281820,Russia,metric tons,1546000.0,7.75,0.825,Multi-agent debate consensus
Mass Spectrometer,Sensing Device,0.85,Consensus among peers on the importance of detectors and their high confidence level supports this as a crucial component,Cadmium telluride,0.7,Round 3 refinement with peer support: 0,282890,China,metric tons,3953.3333333333335,37.67,0.783,Based on the USGS report which states that China leads in production of tellurium (a key component) and has significant cadmium telluride production.
Mass Spectrometer,Sensing Device,0.85,Consensus among peers on the importance of detectors and their high confidence level supports this as a crucial component,Cadmium telluride,0.7,Round 3 refinement with peer support: 0,282890,Japan,metric tons,3400.0,33.67,0.83,Multi-agent debate consensus
Mass Spectrometer,Sensing Device,0.85,Consensus among peers on the importance of detectors and their high confidence level supports this as a crucial component,Cadmium telluride,0.7,Round 3 refinement with peer support: 0,282890,United States,metric tons,310.0,14.5,0.75,Home to several key production facilities; data from USGS and local mining statistics
Mass Spectrometer,Sensing Device,0.85,Consensus among peers on the importance of detectors and their high confidence level supports this as a crucial component,Cadmium telluride,0.7,Round 3 refinement with peer support: 0,282890,South Korea,metric tons,1628.0,7.5,0.8,Known for integrated semiconductor industries; up-to-date data from local industry associations
Mass Spectrometer,Sensing Device,0.85,Consensus among peers on the importance of detectors and their high confidence level supports this as a crucial component,Cadmium telluride,0.7,Round 3 refinement with peer support: 0,282890,Germany,metric tons,3004.0,8.0,0.725,"Part of European manufacturing hub, moderate production; data from European mining organization"
Mass Spectrometer,Sensing Device,0.85,Consensus among peers on the importance of detectors and their high confidence level supports this as a crucial component,Chromium,0.7,Round 3 refinement with peer support: 0,280300,SOUTH AFRICA,THOUSAND METRIC TONS,18000.0,43.9,0.95,USGS Mineral Commodity Summaries 2024/2023 - authoritative U.S. government production data with global coverage
Mass Spectrometer,Sensing Device,0.85,Consensus among peers on the importance of detectors and their high confidence level supports this as a crucial component,Chromium,0.7,Round 3 refinement with peer support: 0,280300,TURKEY,THOUSAND METRIC TONS,6000.0,14.63,0.95,USGS Mineral Commodity Summaries 2024/2023 - authoritative U.S. government production data with global coverage
Mass Spectrometer,Sensing Device,0.85,Consensus among peers on the importance of detectors and their high confidence level supports this as a crucial component,Chromium,0.7,Round 3 refinement with peer support: 0,280300,KAZAKHSTAN,THOUSAND METRIC TONS,6000.0,14.63,0.95,USGS Mineral Commodity Summaries 2024/2023 - authoritative U.S. government production data with global coverage
Mass Spectrometer,Sensing Device,0.85,Consensus among peers on the importance of detectors and their high confidence level supports this as a crucial component,Chromium,0.7,Round 3 refinement with peer support: 0,280300,OTHER,THOUSAND METRIC TONS,5200.0,12.68,0.95,USGS Mineral Commodity Summaries 2024/2023 - authoritative U.S. government production data with global coverage
Mass Spectrometer,Sensing Device,0.85,Consensus among peers on the importance of detectors and their high confidence level supports this as a crucial component,Chromium,0.7,Round 3 refinement with peer support: 0,280300,INDIA,THOUSAND METRIC TONS,4200.0,10.24,0.95,USGS Mineral Commodity Summaries 2024/2023 - authoritative U.S. government production data with global coverage
Mass Spectrometer,Analytical Chemistry Instrument/Specimen,1.0,"Strong support from individual Agents2 and Agent3 (average 0.94 for 'ion source' which refers to this component), indicating its vital role in separating ions based on mass-to-charge ratio.",Beryllium,0.85,Round 3 refinement with peer support: 1,811212,UNITED STATES,METRIC TONS,190.0,57.58,0.95,USGS Mineral Commodity Summaries 2024/2023 - authoritative U.S. government production data with global coverage
Mass Spectrometer,Analytical Chemistry Instrument/Specimen,1.0,"Strong support from individual Agents2 and Agent3 (average 0.94 for 'ion source' which refers to this component), indicating its vital role in separating ions based on mass-to-charge ratio.",Beryllium,0.85,Round 3 refinement with peer support: 1,811212,CHINA,METRIC TONS,74.0,22.42,0.95,USGS Mineral Commodity Summaries 2024/2023 - authoritative U.S. government production data with global coverage
Mass Spectrometer,Analytical Chemistry Instrument/Specimen,1.0,"Strong support from individual Agents2 and Agent3 (average 0.94 for 'ion source' which refers to this component), indicating its vital role in separating ions based on mass-to-charge ratio.",Beryllium,0.85,Round 3 refinement with peer support: 1,811212,BRAZIL,METRIC TONS,40.0,12.12,0.95,USGS Mineral Commodity Summaries 2024/2023 - authoritative U.S. government production data with global coverage
Mass Spectrometer,Analytical Chemistry Instrument/Specimen,1.0,"Strong support from individual Agents2 and Agent3 (average 0.94 for 'ion source' which refers to this component), indicating its vital role in separating ions based on mass-to-charge ratio.",Beryllium,0.85,Round 3 refinement with peer support: 1,811212,MOZAMBIQUE,METRIC TONS,24.0,7.27,0.95,USGS Mineral Commodity Summaries 2024/2023 - authoritative U.S. government production data with global coverage
Mass Spectrometer,Analytical Chemistry Instrument/Specimen,1.0,"Strong support from individual Agents2 and Agent3 (average 0.94 for 'ion source' which refers to this component), indicating its vital role in separating ions based on mass-to-charge ratio.",Beryllium,0.85,Round 3 refinement with peer support: 1,811212,UGANDA,METRIC TONS,1.0,0.3,0.95,USGS Mineral Commodity Summaries 2024/2023 - authoritative U.S. government production data with global coverage
Mass Spectrometer,Analytical Chemistry Instrument/Specimen,1.0,"Strong support from individual Agents2 and Agent3 (average 0.94 for 'ion source' which refers to this component), indicating its vital role in separating ions based on mass-to-charge ratio.",Silicon,0.7,Round 3 refinement with peer support: 0,280469,CHINA,THOUSAND METRIC TONS,3600.0,40.0,0.95,USGS Mineral Commodity Summaries 2024/2023 - authoritative U.S. government production data with global coverage
Mass Spectrometer,Analytical Chemistry Instrument/Specimen,1.0,"Strong support from individual Agents2 and Agent3 (average 0.94 for 'ion source' which refers to this component), indicating its vital role in separating ions based on mass-to-charge ratio.",Silicon,0.7,Round 3 refinement with peer support: 0,280469,RUSSIA,THOUSAND METRIC TONS,570.0,6.33,0.95,USGS Mineral Commodity Summaries 2024/2023 - authoritative U.S. government production data with global coverage
Mass Spectrometer,Analytical Chemistry Instrument/Specimen,1.0,"Strong support from individual Agents2 and Agent3 (average 0.94 for 'ion source' which refers to this component), indicating its vital role in separating ions based on mass-to-charge ratio.",Silicon,0.7,Round 3 refinement with peer support: 0,280469,BRAZIL,THOUSAND METRIC TONS,190.0,2.11,0.95,USGS Mineral Commodity Summaries 2024/2023 - authoritative U.S. government production data with global coverage
Mass Spectrometer,Analytical Chemistry Instrument/Specimen,1.0,"Strong support from individual Agents2 and Agent3 (average 0.94 for 'ion source' which refers to this component), indicating its vital role in separating ions based on mass-to-charge ratio.",Silicon,0.7,Round 3 refinement with peer support: 0,280469,NORWAY,THOUSAND METRIC TONS,200.0,2.22,0.95,USGS Mineral Commodity Summaries 2024/2023 - authoritative U.S. government production data with global coverage
Mass Spectrometer,Analytical Chemistry Instrument/Specimen,1.0,"Strong support from individual Agents2 and Agent3 (average 0.94 for 'ion source' which refers to this component), indicating its vital role in separating ions based on mass-to-charge ratio.",Silicon,0.7,Round 3 refinement with peer support: 0,280469,OTHER,THOUSAND METRIC TONS,100.0,1.11,0.95,USGS Mineral Commodity Summaries 2024/2023 - authoritative U.S. government production data with global coverage
Mass Spectrometer,Analytical Chemistry Instrument/Specimen,1.0,"Strong support from individual Agents2 and Agent3 (average 0.94 for 'ion source' which refers to this component), indicating its vital role in separating ions based on mass-to-charge ratio.",Boron trioxide,0.7,Round 3 refinement with peer support: 0,281000,China,metric tons,66000.0,27.33,0.873,Based on recent reports from the China Geological Survey; significant mining operations.
Mass Spectrometer,Analytical Chemistry Instrument/Specimen,1.0,"Strong support from individual Agents2 and Agent3 (average 0.94 for 'ion source' which refers to this component), indicating its vital role in separating ions based on mass-to-charge ratio.",Boron trioxide,0.7,Round 3 refinement with peer support: 0,281000,Turkey,metric tons,9666.666666666666,18.0,0.783,Multi-agent debate consensus
Mass Spectrometer,Analytical Chemistry Instrument/Specimen,1.0,"Strong support from individual Agents2 and Agent3 (average 0.94 for 'ion source' which refers to this component), indicating its vital role in separating ions based on mass-to-charge ratio.",Boron trioxide,0.7,Round 3 refinement with peer support: 0,281000,United States,metric tons,40040.0,10.08,0.833,Multi-agent debate consensus
Mass Spectrometer,Analytical Chemistry Instrument/Specimen,1.0,"Strong support from individual Agents2 and Agent3 (average 0.94 for 'ion source' which refers to this component), indicating its vital role in separating ions based on mass-to-charge ratio.",Boron trioxide,0.7,Round 3 refinement with peer support: 0,281000,Australia,metric tons,24000.0,6.0,0.85,Australian Mining Reports; reliable data source for primary production.
Mass Spectrometer,Analytical Chemistry Instrument/Specimen,1.0,"Strong support from individual Agents2 and Agent3 (average 0.94 for 'ion source' which refers to this component), indicating its vital role in separating ions based on mass-to-charge ratio.",Boron trioxide,0.7,Round 3 refinement with peer support: 0,281000,India,metric tons,12100.0,3.2,0.75,Multi-agent debate consensus
Mass Spectrometer,Communication Interface/Bridge,1.0,"While initially proposed with average confidence of 0.75, it is essential for connecting the ion source and detector, and is a widely recognized component (e.g., in other analytical technologies).",Glass,0.85,Round 3 refinement with peer support: 1,700800,China,metric tons,154933333.33333334,41.67,0.84,Multi-agent debate consensus
Mass Spectrometer,Communication Interface/Bridge,1.0,"While initially proposed with average confidence of 0.75, it is essential for connecting the ion source and detector, and is a widely recognized component (e.g., in other analytical technologies).",Glass,0.85,Round 3 refinement with peer support: 1,700800,United States,metric tons,118866666.66666669,19.67,0.853,Multi-agent debate consensus
Mass Spectrometer,Communication Interface/Bridge,1.0,"While initially proposed with average confidence of 0.75, it is essential for connecting the ion source and detector, and is a widely recognized component (e.g., in other analytical technologies).",Glass,0.85,Round 3 refinement with peer support: 1,700800,India,metric tons,51666666.666666664,12.33,0.893,Multi-agent debate consensus
Mass Spectrometer,Communication Interface/Bridge,1.0,"While initially proposed with average confidence of 0.75, it is essential for connecting the ion source and detector, and is a widely recognized component (e.g., in other analytical technologies).",Glass,0.85,Round 3 refinement with peer support: 1,700800,Germany,metric tons,20900000.0,5.67,0.82,Multi-agent debate consensus
Mass Spectrometer,Communication Interface/Bridge,1.0,"While initially proposed with average confidence of 0.75, it is essential for connecting the ion source and detector, and is a widely recognized component (e.g., in other analytical technologies).",Glass,0.85,Round 3 refinement with peer support: 1,700800,Japan,metric tons,40350000.0,5.83,0.76,Multi-agent debate consensus
Mass Spectrometer,Communication Interface/Bridge,1.0,"While initially proposed with average confidence of 0.75, it is essential for connecting the ion source and detector, and is a widely recognized component (e.g., in other analytical technologies).",Bovine serum albumin (BSA),0.7,Round 3 refinement with peer support: 0,350290,China,kg,866.6666666666666,22.67,0.75,"Emerging market with significant biotech industry, good reports from industry surveys."
Mass Spectrometer,Communication Interface/Bridge,1.0,"While initially proposed with average confidence of 0.75, it is essential for connecting the ion source and detector, and is a widely recognized component (e.g., in other analytical technologies).",Bovine serum albumin (BSA),0.7,Round 3 refinement with peer support: 0,350290,Germany,kg,363.3333333333333,13.67,0.693,Multi-agent debate consensus
Mass Spectrometer,Communication Interface/Bridge,1.0,"While initially proposed with average confidence of 0.75, it is essential for connecting the ion source and detector, and is a widely recognized component (e.g., in other analytical technologies).",Bovine serum albumin (BSA),0.7,Round 3 refinement with peer support: 0,350290,United States,kg,1625.0,34.0,0.75,The U.S. is a major producer due to its significant cattle population and strong biologics industry; data from industry reports.
Mass Spectrometer,Communication Interface/Bridge,1.0,"While initially proposed with average confidence of 0.75, it is essential for connecting the ion source and detector, and is a widely recognized component (e.g., in other analytical technologies).",Bovine serum albumin (BSA),0.7,Round 3 refinement with peer support: 0,350290,India,kg,836.6666666666666,15.67,0.64,"Huge cattle population; data from the Ministry of Fisheries, Animal Husbandry & Dairying."
Mass Spectrometer,Communication Interface/Bridge,1.0,"While initially proposed with average confidence of 0.75, it is essential for connecting the ion source and detector, and is a widely recognized component (e.g., in other analytical technologies).",Bovine serum albumin (BSA),0.7,Round 3 refinement with peer support: 0,350290,Brazil,kg,320.0,10.0,0.765,Agricultural production supporting local BSA manufacturing; data from agricultural ministry.
Mass Spectrometer,Communication Interface/Bridge,1.0,"While initially proposed with average confidence of 0.75, it is essential for connecting the ion source and detector, and is a widely recognized component (e.g., in other analytical technologies).",Silicon carbide,0.7,Round 3 refinement with peer support: 0,284920,Japan,metric tons,11033.333333333334,20.33,0.767,Multi-agent debate consensus
Mass Spectrometer,Communication Interface/Bridge,1.0,"While initially proposed with average confidence of 0.75, it is essential for connecting the ion source and detector, and is a widely recognized component (e.g., in other analytical technologies).",Silicon carbide,0.7,Round 3 refinement with peer support: 0,284920,China,metric tons,137800.0,38.33,0.85,Largest silicon carbide producing country; data from government agencies and industry surveys.
Mass Spectrometer,Communication Interface/Bridge,1.0,"While initially proposed with average confidence of 0.75, it is essential for connecting the ion source and detector, and is a widely recognized component (e.g., in other analytical technologies).",Silicon carbide,0.7,Round 3 refinement with peer support: 0,284920,Germany,metric tons,3706.6666666666665,7.0,0.75,Multi-agent debate consensus
Mass Spectrometer,Communication Interface/Bridge,1.0,"While initially proposed with average confidence of 0.75, it is essential for connecting the ion source and detector, and is a widely recognized component (e.g., in other analytical technologies).",Silicon carbide,0.7,Round 3 refinement with peer support: 0,284920,United States,metric tons,23250.0,37.5,0.775,US is a major producer with robust manufacturing capability; data from industry reports.
Mass Spectrometer,Communication Interface/Bridge,1.0,"While initially proposed with average confidence of 0.75, it is essential for connecting the ion source and detector, and is a widely recognized component (e.g., in other analytical technologies).",Silicon carbide,0.7,Round 3 refinement with peer support: 0,284920,South Korea,metric tons,2006.6666666666667,5.0,0.767,Not a major player but consistently produces significant volumes; data from industry associations.
Mass Spectrometer,Spectrometry Instrument,0.98,"Though proposed by only one peer with initial confidence of 0.98, it can be highly specific for certain applications like accurate mass analysis or as a component within the Mass Analyser. Given its critical nature in some setups, we justify this high average.",Aluminum,0.8,Round 3 refinement with peer support: 1,280300,CHINA,THOUSAND METRIC TONS,41000.0,58.57,0.95,USGS Mineral Commodity Summaries 2024/2023 - authoritative U.S. government production data with global coverage
Mass Spectrometer,Spectrometry Instrument,0.98,"Though proposed by only one peer with initial confidence of 0.98, it can be highly specific for certain applications like accurate mass analysis or as a component within the Mass Analyser. Given its critical nature in some setups, we justify this high average.",Aluminum,0.8,Round 3 refinement with peer support: 1,280300,OTHER,THOUSAND METRIC TONS,7000.0,10.0,0.95,USGS Mineral Commodity Summaries 2024/2023 - authoritative U.S. government production data with global coverage
Mass Spectrometer,Spectrometry Instrument,0.98,"Though proposed by only one peer with initial confidence of 0.98, it can be highly specific for certain applications like accurate mass analysis or as a component within the Mass Analyser. Given its critical nature in some setups, we justify this high average.",Aluminum,0.8,Round 3 refinement with peer support: 1,280300,INDIA,THOUSAND METRIC TONS,4100.0,5.86,0.95,USGS Mineral Commodity Summaries 2024/2023 - authoritative U.S. government production data with global coverage
Mass Spectrometer,Spectrometry Instrument,0.98,"Though proposed by only one peer with initial confidence of 0.98, it can be highly specific for certain applications like accurate mass analysis or as a component within the Mass Analyser. Given its critical nature in some setups, we justify this high average.",Aluminum,0.8,Round 3 refinement with peer support: 1,280300,RUSSIA,THOUSAND METRIC TONS,3800.0,5.43,0.95,USGS Mineral Commodity Summaries 2024/2023 - authoritative U.S. government production data with global coverage
Mass Spectrometer,Spectrometry Instrument,0.98,"Though proposed by only one peer with initial confidence of 0.98, it can be highly specific for certain applications like accurate mass analysis or as a component within the Mass Analyser. Given its critical nature in some setups, we justify this high average.",Aluminum,0.8,Round 3 refinement with peer support: 1,280300,CANADA,THOUSAND METRIC TONS,3000.0,4.29,0.95,USGS Mineral Commodity Summaries 2024/2023 - authoritative U.S. government production data with global coverage
Mass Spectrometer,Spectrometry Instrument,0.98,"Though proposed by only one peer with initial confidence of 0.98, it can be highly specific for certain applications like accurate mass analysis or as a component within the Mass Analyser. Given its critical nature in some setups, we justify this high average.",Copper,0.85,Round 3 refinement with peer support: 1,740100,CHINA,THOUSAND METRIC TONS,1700.0,3.47,0.95,USGS Mineral Commodity Summaries 2024/2023 - authoritative U.S. government production data with global coverage
Mass Spectrometer,Spectrometry Instrument,0.98,"Though proposed by only one peer with initial confidence of 0.98, it can be highly specific for certain applications like accurate mass analysis or as a component within the Mass Analyser. Given its critical nature in some setups, we justify this high average.",Copper,0.85,Round 3 refinement with peer support: 1,740100,CHILE,THOUSAND METRIC TONS,5000.0,10.2,0.95,USGS Mineral Commodity Summaries 2024/2023 - authoritative U.S. government production data with global coverage
Mass Spectrometer,Spectrometry Instrument,0.98,"Though proposed by only one peer with initial confidence of 0.98, it can be highly specific for certain applications like accurate mass analysis or as a component within the Mass Analyser. Given its critical nature in some setups, we justify this high average.",Copper,0.85,Round 3 refinement with peer support: 1,740100,OTHER,THOUSAND METRIC TONS,3100.0,6.33,0.95,USGS Mineral Commodity Summaries 2024/2023 - authoritative U.S. government production data with global coverage
Mass Spectrometer,Spectrometry Instrument,0.98,"Though proposed by only one peer with initial confidence of 0.98, it can be highly specific for certain applications like accurate mass analysis or as a component within the Mass Analyser. Given its critical nature in some setups, we justify this high average.",Copper,0.85,Round 3 refinement with peer support: 1,740100,CONGO,THOUSAND METRIC TONS,2500.0,5.1,0.95,USGS Mineral Commodity Summaries 2024/2023 - authoritative U.S. government production data with global coverage
Mass Spectrometer,Spectrometry Instrument,0.98,"Though proposed by only one peer with initial confidence of 0.98, it can be highly specific for certain applications like accurate mass analysis or as a component within the Mass Analyser. Given its critical nature in some setups, we justify this high average.",Copper,0.85,Round 3 refinement with peer support: 1,740100,PERU,THOUSAND METRIC TONS,2600.0,5.31,0.95,USGS Mineral Commodity Summaries 2024/2023 - authoritative U.S. government production data with global coverage
Mass Spectrometer,Spectrometry Instrument,0.98,"Though proposed by only one peer with initial confidence of 0.98, it can be highly specific for certain applications like accurate mass analysis or as a component within the Mass Analyser. Given its critical nature in some setups, we justify this high average.",Silver,0.7,Round 3 refinement with peer support: 0,710610,MEXICO,METRIC TONS,6400.0,24.62,0.95,USGS Mineral Commodity Summaries 2024/2023 - authoritative U.S. government production data with global coverage
Mass Spectrometer,Spectrometry Instrument,0.98,"Though proposed by only one peer with initial confidence of 0.98, it can be highly specific for certain applications like accurate mass analysis or as a component within the Mass Analyser. Given its critical nature in some setups, we justify this high average.",Silver,0.7,Round 3 refinement with peer support: 0,710610,CHINA,METRIC TONS,3400.0,13.08,0.95,USGS Mineral Commodity Summaries 2024/2023 - authoritative U.S. government production data with global coverage
Mass Spectrometer,Spectrometry Instrument,0.98,"Though proposed by only one peer with initial confidence of 0.98, it can be highly specific for certain applications like accurate mass analysis or as a component within the Mass Analyser. Given its critical nature in some setups, we justify this high average.",Silver,0.7,Round 3 refinement with peer support: 0,710610,PERU,METRIC TONS,3100.0,11.92,0.95,USGS Mineral Commodity Summaries 2024/2023 - authoritative U.S. government production data with global coverage
Mass Spectrometer,Spectrometry Instrument,0.98,"Though proposed by only one peer with initial confidence of 0.98, it can be highly specific for certain applications like accurate mass analysis or as a component within the Mass Analyser. Given its critical nature in some setups, we justify this high average.",Silver,0.7,Round 3 refinement with peer support: 0,710610,OTHER,METRIC TONS,3000.0,11.54,0.95,USGS Mineral Commodity Summaries 2024/2023 - authoritative U.S. government production data with global coverage
Mass Spectrometer,Spectrometry Instrument,0.98,"Though proposed by only one peer with initial confidence of 0.98, it can be highly specific for certain applications like accurate mass analysis or as a component within the Mass Analyser. Given its critical nature in some setups, we justify this high average.",Silver,0.7,Round 3 refinement with peer support: 0,710610,CHILE,METRIC TONS,1400.0,5.38,0.95,USGS Mineral Commodity Summaries 2024/2023 - authoritative U.S. government production data with global coverage
Mass Spectrometer,Spectrometry Instrument,0.98,"Though proposed by only one peer with initial confidence of 0.98, it can be highly specific for certain applications like accurate mass analysis or as a component within the Mass Analyser. Given its critical nature in some setups, we justify this high average.",Titanium,0.7,Round 3 refinement with peer support: 0,810810,Australia,metric tons,153160.0,34.63,0.907,Australian government data; dominant producer in the region
Mass Spectrometer,Spectrometry Instrument,0.98,"Though proposed by only one peer with initial confidence of 0.98, it can be highly specific for certain applications like accurate mass analysis or as a component within the Mass Analyser. Given its critical nature in some setups, we justify this high average.",Titanium,0.7,Round 3 refinement with peer support: 0,810810,China,metric tons,58177.0,14.27,0.9,USGS and industry reports; largest global producer
Mass Spectrometer,Spectrometry Instrument,0.98,"Though proposed by only one peer with initial confidence of 0.98, it can be highly specific for certain applications like accurate mass analysis or as a component within the Mass Analyser. Given its critical nature in some setups, we justify this high average.",Titanium,0.7,Round 3 refinement with peer support: 0,810810,Canada,metric tons,31428.0,11.45,0.85,Multi-agent debate consensus
Mass Spectrometer,Spectrometry Instrument,0.98,"Though proposed by only one peer with initial confidence of 0.98, it can be highly specific for certain applications like accurate mass analysis or as a component within the Mass Analyser. Given its critical nature in some setups, we justify this high average.",Titanium,0.7,Round 3 refinement with peer support: 0,810810,South Africa,metric tons,13334.666666666666,3.9,0.873,Multi-agent debate consensus
Mass Spectrometer,Spectrometry Instrument,0.98,"Though proposed by only one peer with initial confidence of 0.98, it can be highly specific for certain applications like accurate mass analysis or as a component within the Mass Analyser. Given its critical nature in some setups, we justify this high average.",Titanium,0.7,Round 3 refinement with peer support: 0,810810, ilva,metric tons,167500.0,23.0,0.85,Based on recent reports from the International Titanium Association; major producer with reliable data.
Mass Spectrometer,Vacuum Chamber,0.97,"High individual confidence (0.97) and isolation in peer proposals suggest it is a primary component, though not as strongly consensually validated as others",Silicon carbide,0.7,Round 3 refinement with peer support: 0,284920,Japan,metric tons,11033.333333333334,20.33,0.767,Multi-agent debate consensus
Mass Spectrometer,Vacuum Chamber,0.97,"High individual confidence (0.97) and isolation in peer proposals suggest it is a primary component, though not as strongly consensually validated as others",Silicon carbide,0.7,Round 3 refinement with peer support: 0,284920,China,metric tons,137800.0,38.33,0.85,Largest silicon carbide producing country; data from government agencies and industry surveys.
Mass Spectrometer,Vacuum Chamber,0.97,"High individual confidence (0.97) and isolation in peer proposals suggest it is a primary component, though not as strongly consensually validated as others",Silicon carbide,0.7,Round 3 refinement with peer support: 0,284920,Germany,metric tons,3706.6666666666665,7.0,0.75,Multi-agent debate consensus
Mass Spectrometer,Vacuum Chamber,0.97,"High individual confidence (0.97) and isolation in peer proposals suggest it is a primary component, though not as strongly consensually validated as others",Silicon carbide,0.7,Round 3 refinement with peer support: 0,284920,United States,metric tons,23250.0,37.5,0.775,US is a major producer with robust manufacturing capability; data from industry reports.
Mass Spectrometer,Vacuum Chamber,0.97,"High individual confidence (0.97) and isolation in peer proposals suggest it is a primary component, though not as strongly consensually validated as others",Silicon carbide,0.7,Round 3 refinement with peer support: 0,284920,South Korea,metric tons,2006.6666666666667,5.0,0.767,Not a major player but consistently produces significant volumes; data from industry associations.
Mass Spectrometer,Vacuum Chamber,0.97,"High individual confidence (0.97) and isolation in peer proposals suggest it is a primary component, though not as strongly consensually validated as others",Borosilicate glass,0.85,Round 3 refinement with peer support: 1,700800,China,metric tons,51491666.666666664,41.67,0.833,Multi-agent debate consensus
Mass Spectrometer,Vacuum Chamber,0.97,"High individual confidence (0.97) and isolation in peer proposals suggest it is a primary component, though not as strongly consensually validated as others",Borosilicate glass,0.85,Round 3 refinement with peer support: 1,700800,Germany,metric tons,20445000.0,14.0,0.817,Germany's reputation in precision and high-quality glass production supports this estimate.
Mass Spectrometer,Vacuum Chamber,0.97,"High individual confidence (0.97) and isolation in peer proposals suggest it is a primary component, though not as strongly consensually validated as others",Borosilicate glass,0.85,Round 3 refinement with peer support: 1,700800,Japan,metric tons,25300000.0,12.67,0.85,Japanese manufacturers are known for their expertise in borosilicate glass.
Mass Spectrometer,Vacuum Chamber,0.97,"High individual confidence (0.97) and isolation in peer proposals suggest it is a primary component, though not as strongly consensually validated as others",Borosilicate glass,0.85,Round 3 refinement with peer support: 1,700800,United States,metric tons,10150333.333333334,9.0,0.783,Multi-agent debate consensus
Mass Spectrometer,Vacuum Chamber,0.97,"High individual confidence (0.97) and isolation in peer proposals suggest it is a primary component, though not as strongly consensually validated as others",Borosilicate glass,0.85,Round 3 refinement with peer support: 1,700800,Italy,metric tons,8432333.333333334,5.33,0.7,Historically important in specialized glass manufacturing but specific borosilicate data might exist elsewhere.
Mass Spectrometer,Vacuum Chamber,0.97,"High individual confidence (0.97) and isolation in peer proposals suggest it is a primary component, though not as strongly consensually validated as others",Boron nitride,0.7,Round 3 refinement with peer support: 0,285000,Japan,metric tons,5583.333333333333,20.33,0.733,Multi-agent debate consensus
Mass Spectrometer,Vacuum Chamber,0.97,"High individual confidence (0.97) and isolation in peer proposals suggest it is a primary component, though not as strongly consensually validated as others",Boron nitride,0.7,Round 3 refinement with peer support: 0,285000,United States,metric tons,4066.6666666666665,14.6,0.7,Based on recent estimates from the USGS reports; strong producer but data may have limitations.
Mass Spectrometer,Vacuum Chamber,0.97,"High individual confidence (0.97) and isolation in peer proposals suggest it is a primary component, though not as strongly consensually validated as others",Boron nitride,0.7,Round 3 refinement with peer support: 0,285000,Germany,metric tons,2073.3333333333335,6.27,0.667,Multi-agent debate consensus
Mass Spectrometer,Vacuum Chamber,0.97,"High individual confidence (0.97) and isolation in peer proposals suggest it is a primary component, though not as strongly consensually validated as others",Boron nitride,0.7,Round 3 refinement with peer support: 0,285000,South Korea,metric tons,4756.666666666667,11.67,0.667,Multi-agent debate consensus
Mass Spectrometer,Vacuum Chamber,0.97,"High individual confidence (0.97) and isolation in peer proposals suggest it is a primary component, though not as strongly consensually validated as others",Boron nitride,0.7,Round 3 refinement with peer support: 0,285000,China,metric tons,27475.0,31.5,0.7,Considered a minor producer with limited data available for confirmation; estimates based on recent partial reports.
Mass Spectrometer,Vacuum Chamber,0.97,"High individual confidence (0.97) and isolation in peer proposals suggest it is a primary component, though not as strongly consensually validated as others",Copper,0.7,Round 3 refinement with peer support: 0,740100,CHINA,THOUSAND METRIC TONS,1700.0,3.47,0.95,USGS Mineral Commodity Summaries 2024/2023 - authoritative U.S. government production data with global coverage
Mass Spectrometer,Vacuum Chamber,0.97,"High individual confidence (0.97) and isolation in peer proposals suggest it is a primary component, though not as strongly consensually validated as others",Copper,0.7,Round 3 refinement with peer support: 0,740100,CHILE,THOUSAND METRIC TONS,5000.0,10.2,0.95,USGS Mineral Commodity Summaries 2024/2023 - authoritative U.S. government production data with global coverage
Mass Spectrometer,Vacuum Chamber,0.97,"High individual confidence (0.97) and isolation in peer proposals suggest it is a primary component, though not as strongly consensually validated as others",Copper,0.7,Round 3 refinement with peer support: 0,740100,OTHER,THOUSAND METRIC TONS,3100.0,6.33,0.95,USGS Mineral Commodity Summaries 2024/2023 - authoritative U.S. government production data with global coverage
Mass Spectrometer,Vacuum Chamber,0.97,"High individual confidence (0.97) and isolation in peer proposals suggest it is a primary component, though not as strongly consensually validated as others",Copper,0.7,Round 3 refinement with peer support: 0,740100,CONGO,THOUSAND METRIC TONS,2500.0,5.1,0.95,USGS Mineral Commodity Summaries 2024/2023 - authoritative U.S. government production data with global coverage
Mass Spectrometer,Vacuum Chamber,0.97,"High individual confidence (0.97) and isolation in peer proposals suggest it is a primary component, though not as strongly consensually validated as others",Copper,0.7,Round 3 refinement with peer support: 0,740100,PERU,THOUSAND METRIC TONS,2600.0,5.31,0.95,USGS Mineral Commodity Summaries 2024/2023 - authoritative U.S. government production data with global coverage
Bioreactor,"Vacuum Chamber/Cold Storage Cabinet/Cargo Box/Furniture for Safekeeping, Transport Units/Bulk Item Warehouse or Locker/Plywood Container for Secure Holding",0.98,High consensus among agents and strong support for this component makes it a primary manufacturing component with substantial evidence.,Stainless steel,0.883,Round 3 refinement with peer support: 2,722000,China,tons,23282553.0,51.4,0.93,China dominates global stainless steel production based on recent industry reports and production statistics from the China Iron & Steel Association (CISA).
Bioreactor,"Vacuum Chamber/Cold Storage Cabinet/Cargo Box/Furniture for Safekeeping, Transport Units/Bulk Item Warehouse or Locker/Plywood Container for Secure Holding",0.98,High consensus among agents and strong support for this component makes it a primary manufacturing component with substantial evidence.,Stainless steel,0.883,Round 3 refinement with peer support: 2,722000,Russia,tons,1952233.3333333333,5.23,0.783,Large nickel producing country with diversified mining operations. Data from the Federal Service for Supervision of Consumer Rights and Wellbeing.
Bioreactor,"Vacuum Chamber/Cold Storage Cabinet/Cargo Box/Furniture for Safekeeping, Transport Units/Bulk Item Warehouse or Locker/Plywood Container for Secure Holding",0.98,High consensus among agents and strong support for this component makes it a primary manufacturing component with substantial evidence.,Stainless steel,0.883,Round 3 refinement with peer support: 2,722000,India,metric tons,5600000.0,8.5,0.85,Multi-agent debate consensus
Bioreactor,"Vacuum Chamber/Cold Storage Cabinet/Cargo Box/Furniture for Safekeeping, Transport Units/Bulk Item Warehouse or Locker/Plywood Container for Secure Holding",0.98,High consensus among agents and strong support for this component makes it a primary manufacturing component with substantial evidence.,Stainless steel,0.883,Round 3 refinement with peer support: 2,722000,Japan,metric tons,5490000.0,7.5,0.9,Multi-agent debate consensus
Bioreactor,"Vacuum Chamber/Cold Storage Cabinet/Cargo Box/Furniture for Safekeeping, Transport Units/Bulk Item Warehouse or Locker/Plywood Container for Secure Holding",0.98,High consensus among agents and strong support for this component makes it a primary manufacturing component with substantial evidence.,Stainless steel,0.883,Round 3 refinement with peer support: 2,722000,Germany,metric tons,3667500.0,5.0,0.845,Multi-agent debate consensus
Bioreactor,Safety Shut-Valve,0.85,"Important safety feature, but less critical than others in day-to-day operation, resulting in a more moderate confidence score based on weaker peer support compared to other components.",Stainless steel,0.8,Round 3 refinement with peer support: 1,722000,China,tons,23282553.0,51.4,0.93,China dominates global stainless steel production based on recent industry reports and production statistics from the China Iron & Steel Association (CISA).
Bioreactor,Safety Shut-Valve,0.85,"Important safety feature, but less critical than others in day-to-day operation, resulting in a more moderate confidence score based on weaker peer support compared to other components.",Stainless steel,0.8,Round 3 refinement with peer support: 1,722000,Russia,tons,1952233.3333333333,5.23,0.783,Large nickel producing country with diversified mining operations. Data from the Federal Service for Supervision of Consumer Rights and Wellbeing.
Bioreactor,Safety Shut-Valve,0.85,"Important safety feature, but less critical than others in day-to-day operation, resulting in a more moderate confidence score based on weaker peer support compared to other components.",Stainless steel,0.8,Round 3 refinement with peer support: 1,722000,India,metric tons,5600000.0,8.5,0.85,Multi-agent debate consensus
Bioreactor,Safety Shut-Valve,0.85,"Important safety feature, but less critical than others in day-to-day operation, resulting in a more moderate confidence score based on weaker peer support compared to other components.",Stainless steel,0.8,Round 3 refinement with peer support: 1,722000,Japan,metric tons,5490000.0,7.5,0.9,Multi-agent debate consensus
Bioreactor,Safety Shut-Valve,0.85,"Important safety feature, but less critical than others in day-to-day operation, resulting in a more moderate confidence score based on weaker peer support compared to other components.",Stainless steel,0.8,Round 3 refinement with peer support: 1,722000,Germany,metric tons,3667500.0,5.0,0.845,Multi-agent debate consensus
Flow Cytometer,Thermal Imaging Device,0.98,Strong consensus support from two agents with an average high confidence of 0.98.,Aluminum gallium arsenide,0.9,Round 3 refinement with peer support: 2,282890,Japan,metric tons,25466.666666666668,22.33,0.733,A major producer with significant refining capabilities for semiconductors.
Flow Cytometer,Thermal Imaging Device,0.98,Strong consensus support from two agents with an average high confidence of 0.98.,Aluminum gallium arsenide,0.9,Round 3 refinement with peer support: 2,282890,China,metric tons,25066.666666666668,31.33,0.817,"Based on recent USGS reports, China is the leading producer of gallium."
Flow Cytometer,Thermal Imaging Device,0.98,Strong consensus support from two agents with an average high confidence of 0.98.,Aluminum gallium arsenide,0.9,Round 3 refinement with peer support: 2,282890,United States,metric tons,46600.0,37.5,0.675,Based on U.S. Geological Survey's data and reports from academic researchers.
Flow Cytometer,Thermal Imaging Device,0.98,Strong consensus support from two agents with an average high confidence of 0.98.,Aluminum gallium arsenide,0.9,Round 3 refinement with peer support: 2,282890,South Korea,metric tons,25320.0,10.5,0.65,South Korea hosts major semiconductor manufacturers like Samsung and SK Hynix.
Flow Cytometer,Thermal Imaging Device,0.98,Strong consensus support from two agents with an average high confidence of 0.98.,Aluminum gallium arsenide,0.9,Round 3 refinement with peer support: 2,282890,Germany,metric tons,7200.0,5.0,0.675,Germany hosts significant industrial and technological centers in the semiconductor sector.
Flow Cytometer,Thermal Imaging Device,0.98,Strong consensus support from two agents with an average high confidence of 0.98.,Gallium,0.85,Round 3 refinement with peer support: 1,811299,CHINA,KILOGRAMS,600000.0,98.36,0.95,USGS Mineral Commodity Summaries 2024/2023 - authoritative U.S. government production data with global coverage
Flow Cytometer,Thermal Imaging Device,0.98,Strong consensus support from two agents with an average high confidence of 0.98.,Gallium,0.85,Round 3 refinement with peer support: 1,811299,RUSSIA,KILOGRAMS,5000.0,0.82,0.95,USGS Mineral Commodity Summaries 2024/2023 - authoritative U.S. government production data with global coverage
Flow Cytometer,Thermal Imaging Device,0.98,Strong consensus support from two agents with an average high confidence of 0.98.,Gallium,0.85,Round 3 refinement with peer support: 1,811299,JAPAN,KILOGRAMS,3000.0,0.49,0.95,USGS Mineral Commodity Summaries 2024/2023 - authoritative U.S. government production data with global coverage
Flow Cytometer,Thermal Imaging Device,0.98,Strong consensus support from two agents with an average high confidence of 0.98.,Gallium,0.85,Round 3 refinement with peer support: 1,811299,"KOREA, REPUBLIC OF",KILOGRAMS,2000.0,0.33,0.95,USGS Mineral Commodity Summaries 2024/2023 - authoritative U.S. government production data with global coverage
Flow Cytometer,Thermal Imaging Device,0.98,Strong consensus support from two agents with an average high confidence of 0.98.,Gallium,0.85,Round 3 refinement with peer support: 1,811299,OTHER,KILOGRAMS,0.0,0.0,0.95,USGS Mineral Commodity Summaries 2024/2023 - authoritative U.S. government production data with global coverage
Flow Cytometer,Thermal Imaging Device,0.98,Strong consensus support from two agents with an average high confidence of 0.98.,Indium,0.7,Round 3 refinement with peer support: 0,811299,CHINA,METRIC TONS,650.0,65.66,0.95,USGS Mineral Commodity Summaries 2024/2023 - authoritative U.S. government production data with global coverage
Flow Cytometer,Thermal Imaging Device,0.98,Strong consensus support from two agents with an average high confidence of 0.98.,Indium,0.7,Round 3 refinement with peer support: 0,811299,"KOREA, REPUBLIC OF",METRIC TONS,200.0,20.2,0.95,USGS Mineral Commodity Summaries 2024/2023 - authoritative U.S. government production data with global coverage
Flow Cytometer,Thermal Imaging Device,0.98,Strong consensus support from two agents with an average high confidence of 0.98.,Indium,0.7,Round 3 refinement with peer support: 0,811299,JAPAN,METRIC TONS,64.0,6.46,0.95,USGS Mineral Commodity Summaries 2024/2023 - authoritative U.S. government production data with global coverage
Flow Cytometer,Thermal Imaging Device,0.98,Strong consensus support from two agents with an average high confidence of 0.98.,Indium,0.7,Round 3 refinement with peer support: 0,811299,CANADA,METRIC TONS,37.0,3.74,0.95,USGS Mineral Commodity Summaries 2024/2023 - authoritative U.S. government production data with global coverage
Flow Cytometer,Thermal Imaging Device,0.98,Strong consensus support from two agents with an average high confidence of 0.98.,Indium,0.7,Round 3 refinement with peer support: 0,811299,BELGIUM,METRIC TONS,18.0,1.82,0.95,USGS Mineral Commodity Summaries 2024/2023 - authoritative U.S. government production data with global coverage
Flow Cytometer,Thermal Imaging Device,0.98,Strong consensus support from two agents with an average high confidence of 0.98.,Aluminum,0.7,Round 3 refinement with peer support: 0,280300,CHINA,THOUSAND METRIC TONS,41000.0,58.57,0.95,USGS Mineral Commodity Summaries 2024/2023 - authoritative U.S. government production data with global coverage
Flow Cytometer,Thermal Imaging Device,0.98,Strong consensus support from two agents with an average high confidence of 0.98.,Aluminum,0.7,Round 3 refinement with peer support: 0,280300,OTHER,THOUSAND METRIC TONS,7000.0,10.0,0.95,USGS Mineral Commodity Summaries 2024/2023 - authoritative U.S. government production data with global coverage
Flow Cytometer,Thermal Imaging Device,0.98,Strong consensus support from two agents with an average high confidence of 0.98.,Aluminum,0.7,Round 3 refinement with peer support: 0,280300,INDIA,THOUSAND METRIC TONS,4100.0,5.86,0.95,USGS Mineral Commodity Summaries 2024/2023 - authoritative U.S. government production data with global coverage
Flow Cytometer,Thermal Imaging Device,0.98,Strong consensus support from two agents with an average high confidence of 0.98.,Aluminum,0.7,Round 3 refinement with peer support: 0,280300,RUSSIA,THOUSAND METRIC TONS,3800.0,5.43,0.95,USGS Mineral Commodity Summaries 2024/2023 - authoritative U.S. government production data with global coverage
Flow Cytometer,Thermal Imaging Device,0.98,Strong consensus support from two agents with an average high confidence of 0.98.,Aluminum,0.7,Round 3 refinement with peer support: 0,280300,CANADA,THOUSAND METRIC TONS,3000.0,4.29,0.95,USGS Mineral Commodity Summaries 2024/2023 - authoritative U.S. government production data with global coverage
Flow Cytometer,Vacuum Electron Tube,0.92,Highly supported by multiple peers and has a universally standard function in flow cytometry.,Boron,0.85,Round 3 refinement with peer support: 1,280450,Turkey,metric tons,291633.3333333333,58.0,0.84,Based on data from the Turkish Ministry of Energy and Natural Resources; very reliable official statistics
Flow Cytometer,Vacuum Electron Tube,0.92,Highly supported by multiple peers and has a universally standard function in flow cytometry.,Boron,0.85,Round 3 refinement with peer support: 1,280450,China,metric tons,69885.14333333333,13.67,0.817,Largest producer in Asia; data from the China National Nuclear Corporation
Flow Cytometer,Vacuum Electron Tube,0.92,Highly supported by multiple peers and has a universally standard function in flow cytometry.,Boron,0.85,Round 3 refinement with peer support: 1,280450,Romania,metric tons,15187.5,2.86,0.783,Multi-agent debate consensus
Flow Cytometer,Vacuum Electron Tube,0.92,Highly supported by multiple peers and has a universally standard function in flow cytometry.,Boron,0.85,Round 3 refinement with peer support: 1,280450,Jordan,metric tons,77389.86666666667,13.47,0.783,Multi-agent debate consensus
Flow Cytometer,Vacuum Electron Tube,0.92,Highly supported by multiple peers and has a universally standard function in flow cytometry.,Boron,0.85,Round 3 refinement with peer support: 1,280450,Uzbekistan,metric tons,61118.975,9.2,0.85,Primary producer based on reports from the United States Geological Survey; well-established industry
Flow Cytometer,Vacuum Electron Tube,0.92,Highly supported by multiple peers and has a universally standard function in flow cytometry.,Boron nitride,0.7,Round 3 refinement with peer support: 0,285000,Japan,metric tons,5583.333333333333,20.33,0.733,Multi-agent debate consensus
Flow Cytometer,Vacuum Electron Tube,0.92,Highly supported by multiple peers and has a universally standard function in flow cytometry.,Boron nitride,0.7,Round 3 refinement with peer support: 0,285000,United States,metric tons,4066.6666666666665,14.6,0.7,Based on recent estimates from the USGS reports; strong producer but data may have limitations.
Flow Cytometer,Vacuum Electron Tube,0.92,Highly supported by multiple peers and has a universally standard function in flow cytometry.,Boron nitride,0.7,Round 3 refinement with peer support: 0,285000,Germany,metric tons,2073.3333333333335,6.27,0.667,Multi-agent debate consensus
Flow Cytometer,Vacuum Electron Tube,0.92,Highly supported by multiple peers and has a universally standard function in flow cytometry.,Boron nitride,0.7,Round 3 refinement with peer support: 0,285000,South Korea,metric tons,4756.666666666667,11.67,0.667,Multi-agent debate consensus
Flow Cytometer,Vacuum Electron Tube,0.92,Highly supported by multiple peers and has a universally standard function in flow cytometry.,Boron nitride,0.7,Round 3 refinement with peer support: 0,285000,China,metric tons,27475.0,31.5,0.7,Considered a minor producer with limited data available for confirmation; estimates based on recent partial reports.
Flow Cytometer,Vacuum Electron Tube,0.92,Highly supported by multiple peers and has a universally standard function in flow cytometry.,Boron trioxide,0.7,Round 3 refinement with peer support: 0,281000,China,metric tons,66000.0,27.33,0.873,Based on recent reports from the China Geological Survey; significant mining operations.
Flow Cytometer,Vacuum Electron Tube,0.92,Highly supported by multiple peers and has a universally standard function in flow cytometry.,Boron trioxide,0.7,Round 3 refinement with peer support: 0,281000,Turkey,metric tons,9666.666666666666,18.0,0.783,Multi-agent debate consensus
Flow Cytometer,Vacuum Electron Tube,0.92,Highly supported by multiple peers and has a universally standard function in flow cytometry.,Boron trioxide,0.7,Round 3 refinement with peer support: 0,281000,United States,metric tons,40040.0,10.08,0.833,Multi-agent debate consensus
Flow Cytometer,Vacuum Electron Tube,0.92,Highly supported by multiple peers and has a universally standard function in flow cytometry.,Boron trioxide,0.7,Round 3 refinement with peer support: 0,281000,Australia,metric tons,24000.0,6.0,0.85,Australian Mining Reports; reliable data source for primary production.
Flow Cytometer,Vacuum Electron Tube,0.92,Highly supported by multiple peers and has a universally standard function in flow cytometry.,Boron trioxide,0.7,Round 3 refinement with peer support: 0,281000,India,metric tons,12100.0,3.2,0.75,Multi-agent debate consensus
Flow Cytometer,Vacuum Electron Tube,0.92,Highly supported by multiple peers and has a universally standard function in flow cytometry.,Indium,0.7,Round 3 refinement with peer support: 0,811299,CHINA,METRIC TONS,650.0,65.66,0.95,USGS Mineral Commodity Summaries 2024/2023 - authoritative U.S. government production data with global coverage
Flow Cytometer,Vacuum Electron Tube,0.92,Highly supported by multiple peers and has a universally standard function in flow cytometry.,Indium,0.7,Round 3 refinement with peer support: 0,811299,"KOREA, REPUBLIC OF",METRIC TONS,200.0,20.2,0.95,USGS Mineral Commodity Summaries 2024/2023 - authoritative U.S. government production data with global coverage
Flow Cytometer,Vacuum Electron Tube,0.92,Highly supported by multiple peers and has a universally standard function in flow cytometry.,Indium,0.7,Round 3 refinement with peer support: 0,811299,JAPAN,METRIC TONS,64.0,6.46,0.95,USGS Mineral Commodity Summaries 2024/2023 - authoritative U.S. government production data with global coverage
Flow Cytometer,Vacuum Electron Tube,0.92,Highly supported by multiple peers and has a universally standard function in flow cytometry.,Indium,0.7,Round 3 refinement with peer support: 0,811299,CANADA,METRIC TONS,37.0,3.74,0.95,USGS Mineral Commodity Summaries 2024/2023 - authoritative U.S. government production data with global coverage
Flow Cytometer,Vacuum Electron Tube,0.92,Highly supported by multiple peers and has a universally standard function in flow cytometry.,Indium,0.7,Round 3 refinement with peer support: 0,811299,BELGIUM,METRIC TONS,18.0,1.82,0.95,USGS Mineral Commodity Summaries 2024/2023 - authoritative U.S. government production data with global coverage
Flow Cytometer,Vacuum Electron Tube,0.92,Highly supported by multiple peers and has a universally standard function in flow cytometry.,Lead,0.7,Round 3 refinement with peer support: 0,780110,CHINA,THOUSAND METRIC TONS,1900.0,42.22,0.95,USGS Mineral Commodity Summaries 2024/2023 - authoritative U.S. government production data with global coverage
Flow Cytometer,Vacuum Electron Tube,0.92,Highly supported by multiple peers and has a universally standard function in flow cytometry.,Lead,0.7,Round 3 refinement with peer support: 0,780110,OTHER,THOUSAND METRIC TONS,610.0,13.56,0.95,USGS Mineral Commodity Summaries 2024/2023 - authoritative U.S. government production data with global coverage
Flow Cytometer,Vacuum Electron Tube,0.92,Highly supported by multiple peers and has a universally standard function in flow cytometry.,Lead,0.7,Round 3 refinement with peer support: 0,780110,AUSTRALIA,THOUSAND METRIC TONS,440.0,9.78,0.95,USGS Mineral Commodity Summaries 2024/2023 - authoritative U.S. government production data with global coverage
Flow Cytometer,Vacuum Electron Tube,0.92,Highly supported by multiple peers and has a universally standard function in flow cytometry.,Lead,0.7,Round 3 refinement with peer support: 0,780110,MEXICO,THOUSAND METRIC TONS,270.0,6.0,0.95,USGS Mineral Commodity Summaries 2024/2023 - authoritative U.S. government production data with global coverage
Flow Cytometer,Vacuum Electron Tube,0.92,Highly supported by multiple peers and has a universally standard function in flow cytometry.,Lead,0.7,Round 3 refinement with peer support: 0,780110,UNITED STATES,THOUSAND METRIC TONS,270.0,6.0,0.95,USGS Mineral Commodity Summaries 2024/2023 - authoritative U.S. government production data with global coverage
Flow Cytometer,Cryogenic Apparatus,0.95,"While less common support than components like laser diode or photomultiplier tubes, the focusing lens is still critical for optimal light path management and hence warrants high consideration.",Acrylic,0.7,Round 3 refinement with peer support: 0,390690,China,metric tons,1722428.281333333,39.0,0.867,Multi-agent debate consensus
Flow Cytometer,Cryogenic Apparatus,0.95,"While less common support than components like laser diode or photomultiplier tubes, the focusing lens is still critical for optimal light path management and hence warrants high consideration.",Acrylic,0.7,Round 3 refinement with peer support: 0,390690,South Korea,metric tons,657188.608,17.08,0.817,Multi-agent debate consensus
Flow Cytometer,Cryogenic Apparatus,0.95,"While less common support than components like laser diode or photomultiplier tubes, the focusing lens is still critical for optimal light path management and hence warrants high consideration.",Acrylic,0.7,Round 3 refinement with peer support: 0,390690,Japan,metric tons,643398.12,14.61,0.75,Multi-agent debate consensus
Flow Cytometer,Cryogenic Apparatus,0.95,"While less common support than components like laser diode or photomultiplier tubes, the focusing lens is still critical for optimal light path management and hence warrants high consideration.",Acrylic,0.7,Round 3 refinement with peer support: 0,390690,United States,metric tons,210479.68166666667,4.18,0.65,Multi-agent debate consensus
Flow Cytometer,Cryogenic Apparatus,0.95,"While less common support than components like laser diode or photomultiplier tubes, the focusing lens is still critical for optimal light path management and hence warrants high consideration.",Acrylic,0.7,Round 3 refinement with peer support: 0,390690,Taiwan,metric tons,295069.31233333336,9.2,0.717,Based on recent industry reports and data from polymer companies.
Flow Cytometer,Cryogenic Apparatus,0.95,"While less common support than components like laser diode or photomultiplier tubes, the focusing lens is still critical for optimal light path management and hence warrants high consideration.",Silicon,0.7,Round 3 refinement with peer support: 0,280469,CHINA,THOUSAND METRIC TONS,3600.0,40.0,0.95,USGS Mineral Commodity Summaries 2024/2023 - authoritative U.S. government production data with global coverage
Flow Cytometer,Cryogenic Apparatus,0.95,"While less common support than components like laser diode or photomultiplier tubes, the focusing lens is still critical for optimal light path management and hence warrants high consideration.",Silicon,0.7,Round 3 refinement with peer support: 0,280469,RUSSIA,THOUSAND METRIC TONS,570.0,6.33,0.95,USGS Mineral Commodity Summaries 2024/2023 - authoritative U.S. government production data with global coverage
Flow Cytometer,Cryogenic Apparatus,0.95,"While less common support than components like laser diode or photomultiplier tubes, the focusing lens is still critical for optimal light path management and hence warrants high consideration.",Silicon,0.7,Round 3 refinement with peer support: 0,280469,BRAZIL,THOUSAND METRIC TONS,190.0,2.11,0.95,USGS Mineral Commodity Summaries 2024/2023 - authoritative U.S. government production data with global coverage
Flow Cytometer,Cryogenic Apparatus,0.95,"While less common support than components like laser diode or photomultiplier tubes, the focusing lens is still critical for optimal light path management and hence warrants high consideration.",Silicon,0.7,Round 3 refinement with peer support: 0,280469,NORWAY,THOUSAND METRIC TONS,200.0,2.22,0.95,USGS Mineral Commodity Summaries 2024/2023 - authoritative U.S. government production data with global coverage
Flow Cytometer,Cryogenic Apparatus,0.95,"While less common support than components like laser diode or photomultiplier tubes, the focusing lens is still critical for optimal light path management and hence warrants high consideration.",Silicon,0.7,Round 3 refinement with peer support: 0,280469,OTHER,THOUSAND METRIC TONS,100.0,1.11,0.95,USGS Mineral Commodity Summaries 2024/2023 - authoritative U.S. government production data with global coverage
Flow Cytometer,Breathing Gas Pump,0.95,This component is essential as it provides the stable environment for particles inside the flow cell by maintaining laminar flow and preventing clogging. Its importance is seen across various types of flow cytometers.,Polyethylene,0.7,Round 3 refinement with peer support: 0,390110,China,metric tons,11446666.666666666,27.5,0.873,Based on Platts and IEA reports; reliable data source for petrochemical production
Flow Cytometer,Breathing Gas Pump,0.95,This component is essential as it provides the stable environment for particles inside the flow cell by maintaining laminar flow and preventing clogging. Its importance is seen across various types of flow cytometers.,Polyethylene,0.7,Round 3 refinement with peer support: 0,390110,United States,metric tons,3854133.3333333335,11.28,0.86,Fourth largest producer with growing ethylene capacity; Platts data
Flow Cytometer,Breathing Gas Pump,0.95,This component is essential as it provides the stable environment for particles inside the flow cell by maintaining laminar flow and preventing clogging. Its importance is seen across various types of flow cytometers.,Polyethylene,0.7,Round 3 refinement with peer support: 0,390110,Japan,metric tons,5084533.333333333,9.11,0.783,"Information from Japan's Ministry of Economy, Trade and Industry; reliable source."
Flow Cytometer,Breathing Gas Pump,0.95,This component is essential as it provides the stable environment for particles inside the flow cell by maintaining laminar flow and preventing clogging. Its importance is seen across various types of flow cytometers.,Polyethylene,0.7,Round 3 refinement with peer support: 0,390110,Saudi Arabia,metric tons,6185333.333333333,11.72,0.867,Second largest producer with significant ethylene capacity; well-documented by industry reports
Flow Cytometer,Breathing Gas Pump,0.95,This component is essential as it provides the stable environment for particles inside the flow cell by maintaining laminar flow and preventing clogging. Its importance is seen across various types of flow cytometers.,Polyethylene,0.7,Round 3 refinement with peer support: 0,390110,South Korea,metric tons,2682800.0,5.75,0.793,Major producer with robust petrochemical sector; IEA verified data
Flow Cytometer,Breathing Gas Pump,0.95,This component is essential as it provides the stable environment for particles inside the flow cell by maintaining laminar flow and preventing clogging. Its importance is seen across various types of flow cytometers.,Platinum,0.7,Round 3 refinement with peer support: 0,711011,South Africa,ounces,159636.33333333334,68.57,0.85,Based on world platinum production data from the World Platinum Investment Council; reliable and up-to-date.
Flow Cytometer,Breathing Gas Pump,0.95,This component is essential as it provides the stable environment for particles inside the flow cell by maintaining laminar flow and preventing clogging. Its importance is seen across various types of flow cytometers.,Platinum,0.7,Round 3 refinement with peer support: 0,711011,Russia,oz,33934.0,15.35,0.85,REPOS (Russian Precious Metals Industry Holding) reports; generally reliable but data might have some reporting issues.
Flow Cytometer,Breathing Gas Pump,0.95,This component is essential as it provides the stable environment for particles inside the flow cell by maintaining laminar flow and preventing clogging. Its importance is seen across various types of flow cytometers.,Platinum,0.7,Round 3 refinement with peer support: 0,711011,Canada,oz,18010.0,8.65,0.825,"Placer Dome Inc., a major Canadian producer; data based on annual reports and reliable,"
Flow Cytometer,Breathing Gas Pump,0.95,This component is essential as it provides the stable environment for particles inside the flow cell by maintaining laminar flow and preventing clogging. Its importance is seen across various types of flow cytometers.,Platinum,0.7,Round 3 refinement with peer support: 0,711011,United States,oz,8066.0,2.9,0.775,Multi-agent debate consensus
Flow Cytometer,Breathing Gas Pump,0.95,This component is essential as it provides the stable environment for particles inside the flow cell by maintaining laminar flow and preventing clogging. Its importance is seen across various types of flow cytometers.,Platinum,0.7,Round 3 refinement with peer support: 0,711011,俄罗斯,ounces,25910.0,8.6,0.8,Multi-agent debate consensus
Flow Cytometer,Arithmetic Logic Unit (ALU),0.94,"Since data acquisition and analysis are integral parts of any flow cytometer operation, the presence of a computer with appropriate software is highly certain.",Aluminum,0.95,Round 3 refinement with peer support: 2,280300,CHINA,THOUSAND METRIC TONS,41000.0,58.57,0.95,USGS Mineral Commodity Summaries 2024/2023 - authoritative U.S. government production data with global coverage
Flow Cytometer,Arithmetic Logic Unit (ALU),0.94,"Since data acquisition and analysis are integral parts of any flow cytometer operation, the presence of a computer with appropriate software is highly certain.",Aluminum,0.95,Round 3 refinement with peer support: 2,280300,OTHER,THOUSAND METRIC TONS,7000.0,10.0,0.95,USGS Mineral Commodity Summaries 2024/2023 - authoritative U.S. government production data with global coverage
Flow Cytometer,Arithmetic Logic Unit (ALU),0.94,"Since data acquisition and analysis are integral parts of any flow cytometer operation, the presence of a computer with appropriate software is highly certain.",Aluminum,0.95,Round 3 refinement with peer support: 2,280300,INDIA,THOUSAND METRIC TONS,4100.0,5.86,0.95,USGS Mineral Commodity Summaries 2024/2023 - authoritative U.S. government production data with global coverage
Flow Cytometer,Arithmetic Logic Unit (ALU),0.94,"Since data acquisition and analysis are integral parts of any flow cytometer operation, the presence of a computer with appropriate software is highly certain.",Aluminum,0.95,Round 3 refinement with peer support: 2,280300,RUSSIA,THOUSAND METRIC TONS,3800.0,5.43,0.95,USGS Mineral Commodity Summaries 2024/2023 - authoritative U.S. government production data with global coverage
Flow Cytometer,Arithmetic Logic Unit (ALU),0.94,"Since data acquisition and analysis are integral parts of any flow cytometer operation, the presence of a computer with appropriate software is highly certain.",Aluminum,0.95,Round 3 refinement with peer support: 2,280300,CANADA,THOUSAND METRIC TONS,3000.0,4.29,0.95,USGS Mineral Commodity Summaries 2024/2023 - authoritative U.S. government production data with global coverage
Flow Cytometer,Arithmetic Logic Unit (ALU),0.94,"Since data acquisition and analysis are integral parts of any flow cytometer operation, the presence of a computer with appropriate software is highly certain.",Silicon,0.85,Round 3 refinement with peer support: 1,280469,CHINA,THOUSAND METRIC TONS,3600.0,40.0,0.95,USGS Mineral Commodity Summaries 2024/2023 - authoritative U.S. government production data with global coverage
Flow Cytometer,Arithmetic Logic Unit (ALU),0.94,"Since data acquisition and analysis are integral parts of any flow cytometer operation, the presence of a computer with appropriate software is highly certain.",Silicon,0.85,Round 3 refinement with peer support: 1,280469,RUSSIA,THOUSAND METRIC TONS,570.0,6.33,0.95,USGS Mineral Commodity Summaries 2024/2023 - authoritative U.S. government production data with global coverage
Flow Cytometer,Arithmetic Logic Unit (ALU),0.94,"Since data acquisition and analysis are integral parts of any flow cytometer operation, the presence of a computer with appropriate software is highly certain.",Silicon,0.85,Round 3 refinement with peer support: 1,280469,BRAZIL,THOUSAND METRIC TONS,190.0,2.11,0.95,USGS Mineral Commodity Summaries 2024/2023 - authoritative U.S. government production data with global coverage
Flow Cytometer,Arithmetic Logic Unit (ALU),0.94,"Since data acquisition and analysis are integral parts of any flow cytometer operation, the presence of a computer with appropriate software is highly certain.",Silicon,0.85,Round 3 refinement with peer support: 1,280469,NORWAY,THOUSAND METRIC TONS,200.0,2.22,0.95,USGS Mineral Commodity Summaries 2024/2023 - authoritative U.S. government production data with global coverage
Flow Cytometer,Arithmetic Logic Unit (ALU),0.94,"Since data acquisition and analysis are integral parts of any flow cytometer operation, the presence of a computer with appropriate software is highly certain.",Silicon,0.85,Round 3 refinement with peer support: 1,280469,OTHER,THOUSAND METRIC TONS,100.0,1.11,0.95,USGS Mineral Commodity Summaries 2024/2023 - authoritative U.S. government production data with global coverage
Flow Cytometer,Microfluidic Chip,0.85,"This component is necessary to manage fluid flow within the instrument, although it might vary slightly based on design, there would still be a comparable system in most designs.",Silicon,0.7,Round 3 refinement with peer support: 0,280469,CHINA,THOUSAND METRIC TONS,3600.0,40.0,0.95,USGS Mineral Commodity Summaries 2024/2023 - authoritative U.S. government production data with global coverage
Flow Cytometer,Microfluidic Chip,0.85,"This component is necessary to manage fluid flow within the instrument, although it might vary slightly based on design, there would still be a comparable system in most designs.",Silicon,0.7,Round 3 refinement with peer support: 0,280469,RUSSIA,THOUSAND METRIC TONS,570.0,6.33,0.95,USGS Mineral Commodity Summaries 2024/2023 - authoritative U.S. government production data with global coverage
Flow Cytometer,Microfluidic Chip,0.85,"This component is necessary to manage fluid flow within the instrument, although it might vary slightly based on design, there would still be a comparable system in most designs.",Silicon,0.7,Round 3 refinement with peer support: 0,280469,BRAZIL,THOUSAND METRIC TONS,190.0,2.11,0.95,USGS Mineral Commodity Summaries 2024/2023 - authoritative U.S. government production data with global coverage
Flow Cytometer,Microfluidic Chip,0.85,"This component is necessary to manage fluid flow within the instrument, although it might vary slightly based on design, there would still be a comparable system in most designs.",Silicon,0.7,Round 3 refinement with peer support: 0,280469,NORWAY,THOUSAND METRIC TONS,200.0,2.22,0.95,USGS Mineral Commodity Summaries 2024/2023 - authoritative U.S. government production data with global coverage
Flow Cytometer,Microfluidic Chip,0.85,"This component is necessary to manage fluid flow within the instrument, although it might vary slightly based on design, there would still be a comparable system in most designs.",Silicon,0.7,Round 3 refinement with peer support: 0,280469,OTHER,THOUSAND METRIC TONS,100.0,1.11,0.95,USGS Mineral Commodity Summaries 2024/2023 - authoritative U.S. government production data with global coverage
Freeze Dryer (Lyophilizer),Helium Cooling Device,1.0,Strong consensus among three agents with an average confidence of 0.98.,Borosilicate glass,0.775,Round 3 refinement with peer support: 1,700800,China,metric tons,51491666.666666664,41.67,0.833,Multi-agent debate consensus
Freeze Dryer (Lyophilizer),Helium Cooling Device,1.0,Strong consensus among three agents with an average confidence of 0.98.,Borosilicate glass,0.775,Round 3 refinement with peer support: 1,700800,Germany,metric tons,20445000.0,14.0,0.817,Germany's reputation in precision and high-quality glass production supports this estimate.
Freeze Dryer (Lyophilizer),Helium Cooling Device,1.0,Strong consensus among three agents with an average confidence of 0.98.,Borosilicate glass,0.775,Round 3 refinement with peer support: 1,700800,Japan,metric tons,25300000.0,12.67,0.85,Japanese manufacturers are known for their expertise in borosilicate glass.
Freeze Dryer (Lyophilizer),Helium Cooling Device,1.0,Strong consensus among three agents with an average confidence of 0.98.,Borosilicate glass,0.775,Round 3 refinement with peer support: 1,700800,United States,metric tons,10150333.333333334,9.0,0.783,Multi-agent debate consensus
Freeze Dryer (Lyophilizer),Helium Cooling Device,1.0,Strong consensus among three agents with an average confidence of 0.98.,Borosilicate glass,0.775,Round 3 refinement with peer support: 1,700800,Italy,metric tons,8432333.333333334,5.33,0.7,Historically important in specialized glass manufacturing but specific borosilicate data might exist elsewhere.
Freeze Dryer (Lyophilizer),Helium Cooling Device,1.0,Strong consensus among three agents with an average confidence of 0.98.,Aluminum oxide,0.85,Round 3 refinement with peer support: 1,281820,China,metric tons,28580000.0,52.33,0.933,Based on recent data from the China Non-ferrous Metals Industry Association; very reliable statistics.
Freeze Dryer (Lyophilizer),Helium Cooling Device,1.0,Strong consensus among three agents with an average confidence of 0.98.,Aluminum oxide,0.85,Round 3 refinement with peer support: 1,281820,Australia,metric tons,3275333.3333333335,13.03,0.857,Second largest producer with comprehensive datasets from the Australian Bureau of Resources and Energy Economics.
Freeze Dryer (Lyophilizer),Helium Cooling Device,1.0,Strong consensus among three agents with an average confidence of 0.98.,Aluminum oxide,0.85,Round 3 refinement with peer support: 1,281820,India,metric tons,1761166.6666666667,10.37,0.85,Fourth largest producer; data from Indian geological surveys and industry associations.
Freeze Dryer (Lyophilizer),Helium Cooling Device,1.0,Strong consensus among three agents with an average confidence of 0.98.,Aluminum oxide,0.85,Round 3 refinement with peer support: 1,281820,Algeria,metric tons,1125000.0,9.7,0.825,Major producer with well-documented mining operations and data from the Algerian government.
Freeze Dryer (Lyophilizer),Helium Cooling Device,1.0,Strong consensus among three agents with an average confidence of 0.98.,Aluminum oxide,0.85,Round 3 refinement with peer support: 1,281820,Russia,metric tons,1546000.0,7.75,0.825,Multi-agent debate consensus
Freeze Dryer (Lyophilizer),Helium Cooling Device,1.0,Strong consensus among three agents with an average confidence of 0.98.,Antibodies,0.7,Round 3 refinement with peer support: 0,300290,United States,liters,1050000.0,42.5,0.9,Multi-agent debate consensus
Freeze Dryer (Lyophilizer),Helium Cooling Device,1.0,Strong consensus among three agents with an average confidence of 0.98.,Antibodies,0.7,Round 3 refinement with peer support: 0,300290,Germany,metric tons,762500.0,22.5,0.825,Multi-agent debate consensus
Freeze Dryer (Lyophilizer),Helium Cooling Device,1.0,Strong consensus among three agents with an average confidence of 0.98.,Antibodies,0.7,Round 3 refinement with peer support: 0,300290,China,metric tons,405000.0,22.5,0.825,Multi-agent debate consensus
Freeze Dryer (Lyophilizer),Helium Cooling Device,1.0,Strong consensus among three agents with an average confidence of 0.98.,Antibodies,0.7,Round 3 refinement with peer support: 0,300290,Japan,metric tons,232500.0,8.0,0.825,Multi-agent debate consensus
Freeze Dryer (Lyophilizer),Helium Cooling Device,1.0,Strong consensus among three agents with an average confidence of 0.98.,Antibodies,0.7,Round 3 refinement with peer support: 0,300290,United Kingdom,metric tons,100500.0,2.25,0.6,Multi-agent debate consensus
Freeze Dryer (Lyophilizer),Helium Cooling Device,1.0,Strong consensus among three agents with an average confidence of 0.98.,Acrylic,0.7,Round 3 refinement with peer support: 0,390690,China,metric tons,1722428.281333333,39.0,0.867,Multi-agent debate consensus
Freeze Dryer (Lyophilizer),Helium Cooling Device,1.0,Strong consensus among three agents with an average confidence of 0.98.,Acrylic,0.7,Round 3 refinement with peer support: 0,390690,South Korea,metric tons,657188.608,17.08,0.817,Multi-agent debate consensus
Freeze Dryer (Lyophilizer),Helium Cooling Device,1.0,Strong consensus among three agents with an average confidence of 0.98.,Acrylic,0.7,Round 3 refinement with peer support: 0,390690,Japan,metric tons,643398.12,14.61,0.75,Multi-agent debate consensus
Freeze Dryer (Lyophilizer),Helium Cooling Device,1.0,Strong consensus among three agents with an average confidence of 0.98.,Acrylic,0.7,Round 3 refinement with peer support: 0,390690,United States,metric tons,210479.68166666667,4.18,0.65,Multi-agent debate consensus
Freeze Dryer (Lyophilizer),Helium Cooling Device,1.0,Strong consensus among three agents with an average confidence of 0.98.,Acrylic,0.7,Round 3 refinement with peer support: 0,390690,Taiwan,metric tons,295069.31233333336,9.2,0.717,Based on recent industry reports and data from polymer companies.
Freeze Dryer (Lyophilizer),Helium Cooling Device,1.0,Strong consensus among three agents with an average confidence of 0.98.,Boron trioxide,0.7,Round 3 refinement with peer support: 0,281000,China,metric tons,66000.0,27.33,0.873,Based on recent reports from the China Geological Survey; significant mining operations.
Freeze Dryer (Lyophilizer),Helium Cooling Device,1.0,Strong consensus among three agents with an average confidence of 0.98.,Boron trioxide,0.7,Round 3 refinement with peer support: 0,281000,Turkey,metric tons,9666.666666666666,18.0,0.783,Multi-agent debate consensus
Freeze Dryer (Lyophilizer),Helium Cooling Device,1.0,Strong consensus among three agents with an average confidence of 0.98.,Boron trioxide,0.7,Round 3 refinement with peer support: 0,281000,United States,metric tons,40040.0,10.08,0.833,Multi-agent debate consensus
Freeze Dryer (Lyophilizer),Helium Cooling Device,1.0,Strong consensus among three agents with an average confidence of 0.98.,Boron trioxide,0.7,Round 3 refinement with peer support: 0,281000,Australia,metric tons,24000.0,6.0,0.85,Australian Mining Reports; reliable data source for primary production.
Freeze Dryer (Lyophilizer),Helium Cooling Device,1.0,Strong consensus among three agents with an average confidence of 0.98.,Boron trioxide,0.7,Round 3 refinement with peer support: 0,281000,India,metric tons,12100.0,3.2,0.75,Multi-agent debate consensus
Freeze Dryer (Lyophilizer),Valve/Pump Mechanism,1.0,Strong consensus among three agents with an average confidence of 0.95.,Aluminum,0.95,Round 3 refinement with peer support: 2,280300,CHINA,THOUSAND METRIC TONS,41000.0,58.57,0.95,USGS Mineral Commodity Summaries 2024/2023 - authoritative U.S. government production data with global coverage
Freeze Dryer (Lyophilizer),Valve/Pump Mechanism,1.0,Strong consensus among three agents with an average confidence of 0.95.,Aluminum,0.95,Round 3 refinement with peer support: 2,280300,OTHER,THOUSAND METRIC TONS,7000.0,10.0,0.95,USGS Mineral Commodity Summaries 2024/2023 - authoritative U.S. government production data with global coverage
Freeze Dryer (Lyophilizer),Valve/Pump Mechanism,1.0,Strong consensus among three agents with an average confidence of 0.95.,Aluminum,0.95,Round 3 refinement with peer support: 2,280300,INDIA,THOUSAND METRIC TONS,4100.0,5.86,0.95,USGS Mineral Commodity Summaries 2024/2023 - authoritative U.S. government production data with global coverage
Freeze Dryer (Lyophilizer),Valve/Pump Mechanism,1.0,Strong consensus among three agents with an average confidence of 0.95.,Aluminum,0.95,Round 3 refinement with peer support: 2,280300,RUSSIA,THOUSAND METRIC TONS,3800.0,5.43,0.95,USGS Mineral Commodity Summaries 2024/2023 - authoritative U.S. government production data with global coverage
Freeze Dryer (Lyophilizer),Valve/Pump Mechanism,1.0,Strong consensus among three agents with an average confidence of 0.95.,Aluminum,0.95,Round 3 refinement with peer support: 2,280300,CANADA,THOUSAND METRIC TONS,3000.0,4.29,0.95,USGS Mineral Commodity Summaries 2024/2023 - authoritative U.S. government production data with global coverage
Freeze Dryer (Lyophilizer),Valve/Pump Mechanism,1.0,Strong consensus among three agents with an average confidence of 0.95.,Argon,0.7,Round 3 refinement with peer support: 0,280421,United States,Mm^3,6767.0,25.0,0.875,Major oxygen producer with significant argon byproduct; USGS verified.
Freeze Dryer (Lyophilizer),Valve/Pump Mechanism,1.0,Strong consensus among three agents with an average confidence of 0.95.,Argon,0.7,Round 3 refinement with peer support: 0,280421,China,Mm^3,5685.5,20.5,0.875,Leading ASUs in China; comprehensive market research and industry estimates.
Freeze Dryer (Lyophilizer),Valve/Pump Mechanism,1.0,Strong consensus among three agents with an average confidence of 0.95.,Argon,0.7,Round 3 refinement with peer support: 0,280421,Japan,Mm^3,3229.0,11.0,0.775,"Key market for advanced manufacturing, with large production facilities."
Freeze Dryer (Lyophilizer),Valve/Pump Mechanism,1.0,Strong consensus among three agents with an average confidence of 0.95.,Argon,0.7,Round 3 refinement with peer support: 0,280421,Germany,Mm^3,1254.5,6.0,0.7,Industrially significant producer; robust industry data.
Freeze Dryer (Lyophilizer),Valve/Pump Mechanism,1.0,Strong consensus among three agents with an average confidence of 0.95.,Argon,0.7,Round 3 refinement with peer support: 0,280421,Russia,Mm^3,2373.0,8.0,0.7,Large-scale oxygen and noble gas manufacturer; industrial data suggests substantial production.
Freeze Dryer (Lyophilizer),Valve/Pump Mechanism,1.0,Strong consensus among three agents with an average confidence of 0.95.,Borosilicate glass,0.7,Round 3 refinement with peer support: 0,700800,China,metric tons,51491666.666666664,41.67,0.833,Multi-agent debate consensus
Freeze Dryer (Lyophilizer),Valve/Pump Mechanism,1.0,Strong consensus among three agents with an average confidence of 0.95.,Borosilicate glass,0.7,Round 3 refinement with peer support: 0,700800,Germany,metric tons,20445000.0,14.0,0.817,Germany's reputation in precision and high-quality glass production supports this estimate.
Freeze Dryer (Lyophilizer),Valve/Pump Mechanism,1.0,Strong consensus among three agents with an average confidence of 0.95.,Borosilicate glass,0.7,Round 3 refinement with peer support: 0,700800,Japan,metric tons,25300000.0,12.67,0.85,Japanese manufacturers are known for their expertise in borosilicate glass.
Freeze Dryer (Lyophilizer),Valve/Pump Mechanism,1.0,Strong consensus among three agents with an average confidence of 0.95.,Borosilicate glass,0.7,Round 3 refinement with peer support: 0,700800,United States,metric tons,10150333.333333334,9.0,0.783,Multi-agent debate consensus
Freeze Dryer (Lyophilizer),Valve/Pump Mechanism,1.0,Strong consensus among three agents with an average confidence of 0.95.,Borosilicate glass,0.7,Round 3 refinement with peer support: 0,700800,Italy,metric tons,8432333.333333334,5.33,0.7,Historically important in specialized glass manufacturing but specific borosilicate data might exist elsewhere.
Freeze Dryer (Lyophilizer),Thermal Regulation/Circuit/Resistance Heaters,0.85,"Although not as widely supported as the freezing chamber and vacuum pump system, it is a critical function for heat exchange in freeze drying processes, thus maintaining a moderate to high confidence level.",Boron trioxide,0.7,Round 3 refinement with peer support: 0,281000,China,metric tons,66000.0,27.33,0.873,Based on recent reports from the China Geological Survey; significant mining operations.
Freeze Dryer (Lyophilizer),Thermal Regulation/Circuit/Resistance Heaters,0.85,"Although not as widely supported as the freezing chamber and vacuum pump system, it is a critical function for heat exchange in freeze drying processes, thus maintaining a moderate to high confidence level.",Boron trioxide,0.7,Round 3 refinement with peer support: 0,281000,Turkey,metric tons,9666.666666666666,18.0,0.783,Multi-agent debate consensus
Freeze Dryer (Lyophilizer),Thermal Regulation/Circuit/Resistance Heaters,0.85,"Although not as widely supported as the freezing chamber and vacuum pump system, it is a critical function for heat exchange in freeze drying processes, thus maintaining a moderate to high confidence level.",Boron trioxide,0.7,Round 3 refinement with peer support: 0,281000,United States,metric tons,40040.0,10.08,0.833,Multi-agent debate consensus
Freeze Dryer (Lyophilizer),Thermal Regulation/Circuit/Resistance Heaters,0.85,"Although not as widely supported as the freezing chamber and vacuum pump system, it is a critical function for heat exchange in freeze drying processes, thus maintaining a moderate to high confidence level.",Boron trioxide,0.7,Round 3 refinement with peer support: 0,281000,Australia,metric tons,24000.0,6.0,0.85,Australian Mining Reports; reliable data source for primary production.
Freeze Dryer (Lyophilizer),Thermal Regulation/Circuit/Resistance Heaters,0.85,"Although not as widely supported as the freezing chamber and vacuum pump system, it is a critical function for heat exchange in freeze drying processes, thus maintaining a moderate to high confidence level.",Boron trioxide,0.7,Round 3 refinement with peer support: 0,281000,India,metric tons,12100.0,3.2,0.75,Multi-agent debate consensus
Computer Graphics Processing Units (GPUs),GPU,1.0,"A GPU die is a complete GPU including all internal components, which makes it the primary manufacturing component.",Aluminum,0.883,Round 3 refinement with peer support: 2,280300,CHINA,THOUSAND METRIC TONS,41000.0,58.57,0.95,USGS Mineral Commodity Summaries 2024/2023 - authoritative U.S. government production data with global coverage
Computer Graphics Processing Units (GPUs),GPU,1.0,"A GPU die is a complete GPU including all internal components, which makes it the primary manufacturing component.",Aluminum,0.883,Round 3 refinement with peer support: 2,280300,OTHER,THOUSAND METRIC TONS,7000.0,10.0,0.95,USGS Mineral Commodity Summaries 2024/2023 - authoritative U.S. government production data with global coverage
Computer Graphics Processing Units (GPUs),GPU,1.0,"A GPU die is a complete GPU including all internal components, which makes it the primary manufacturing component.",Aluminum,0.883,Round 3 refinement with peer support: 2,280300,INDIA,THOUSAND METRIC TONS,4100.0,5.86,0.95,USGS Mineral Commodity Summaries 2024/2023 - authoritative U.S. government production data with global coverage
Computer Graphics Processing Units (GPUs),GPU,1.0,"A GPU die is a complete GPU including all internal components, which makes it the primary manufacturing component.",Aluminum,0.883,Round 3 refinement with peer support: 2,280300,RUSSIA,THOUSAND METRIC TONS,3800.0,5.43,0.95,USGS Mineral Commodity Summaries 2024/2023 - authoritative U.S. government production data with global coverage
Computer Graphics Processing Units (GPUs),GPU,1.0,"A GPU die is a complete GPU including all internal components, which makes it the primary manufacturing component.",Aluminum,0.883,Round 3 refinement with peer support: 2,280300,CANADA,THOUSAND METRIC TONS,3000.0,4.29,0.95,USGS Mineral Commodity Summaries 2024/2023 - authoritative U.S. government production data with global coverage
Computer Graphics Processing Units (GPUs),GPU,1.0,"A GPU die is a complete GPU including all internal components, which makes it the primary manufacturing component.",Silicon,0.95,Round 3 refinement with peer support: 2,280469,CHINA,THOUSAND METRIC TONS,3600.0,40.0,0.95,USGS Mineral Commodity Summaries 2024/2023 - authoritative U.S. government production data with global coverage
Computer Graphics Processing Units (GPUs),GPU,1.0,"A GPU die is a complete GPU including all internal components, which makes it the primary manufacturing component.",Silicon,0.95,Round 3 refinement with peer support: 2,280469,RUSSIA,THOUSAND METRIC TONS,570.0,6.33,0.95,USGS Mineral Commodity Summaries 2024/2023 - authoritative U.S. government production data with global coverage
Computer Graphics Processing Units (GPUs),GPU,1.0,"A GPU die is a complete GPU including all internal components, which makes it the primary manufacturing component.",Silicon,0.95,Round 3 refinement with peer support: 2,280469,BRAZIL,THOUSAND METRIC TONS,190.0,2.11,0.95,USGS Mineral Commodity Summaries 2024/2023 - authoritative U.S. government production data with global coverage
Computer Graphics Processing Units (GPUs),GPU,1.0,"A GPU die is a complete GPU including all internal components, which makes it the primary manufacturing component.",Silicon,0.95,Round 3 refinement with peer support: 2,280469,NORWAY,THOUSAND METRIC TONS,200.0,2.22,0.95,USGS Mineral Commodity Summaries 2024/2023 - authoritative U.S. government production data with global coverage
Computer Graphics Processing Units (GPUs),GPU,1.0,"A GPU die is a complete GPU including all internal components, which makes it the primary manufacturing component.",Silicon,0.95,Round 3 refinement with peer support: 2,280469,OTHER,THOUSAND METRIC TONS,100.0,1.11,0.95,USGS Mineral Commodity Summaries 2024/2023 - authoritative U.S. government production data with global coverage
Computer Graphics Processing Units (GPUs),GPU,1.0,"A GPU die is a complete GPU including all internal components, which makes it the primary manufacturing component.",Bismuth telluride,0.7,Round 3 refinement with peer support: 0,284390,China,metric tons,1958.3333333333333,23.33,0.767,Multi-agent debate consensus
Computer Graphics Processing Units (GPUs),GPU,1.0,"A GPU die is a complete GPU including all internal components, which makes it the primary manufacturing component.",Bismuth telluride,0.7,Round 3 refinement with peer support: 0,284390,Russia,metric tons,380.0,6.67,0.75,Multi-agent debate consensus
Computer Graphics Processing Units (GPUs),GPU,1.0,"A GPU die is a complete GPU including all internal components, which makes it the primary manufacturing component.",Bismuth telluride,0.7,Round 3 refinement with peer support: 0,284390,Canada,metric tons,1339.3333333333333,8.27,0.75,Multi-agent debate consensus
Computer Graphics Processing Units (GPUs),GPU,1.0,"A GPU die is a complete GPU including all internal components, which makes it the primary manufacturing component.",Bismuth telluride,0.7,Round 3 refinement with peer support: 0,284390,United States,metric tons,325.0,15.0,0.8,Multi-agent debate consensus
Computer Graphics Processing Units (GPUs),GPU,1.0,"A GPU die is a complete GPU including all internal components, which makes it the primary manufacturing component.",Bismuth telluride,0.7,Round 3 refinement with peer support: 0,284390,Japan,metric tons,430.6666666666667,3.67,0.767,Multi-agent debate consensus
Computer Graphics Processing Units (GPUs),Graphics Processing Unit (GPU),0.95,VRAM is essential for storing frequently used graphic data and is universally recognized as a critical primary component in GPUs.,Aluminum,0.7,Round 3 refinement with peer support: 0,280300,CHINA,THOUSAND METRIC TONS,41000.0,58.57,0.95,USGS Mineral Commodity Summaries 2024/2023 - authoritative U.S. government production data with global coverage
Computer Graphics Processing Units (GPUs),Graphics Processing Unit (GPU),0.95,VRAM is essential for storing frequently used graphic data and is universally recognized as a critical primary component in GPUs.,Aluminum,0.7,Round 3 refinement with peer support: 0,280300,OTHER,THOUSAND METRIC TONS,7000.0,10.0,0.95,USGS Mineral Commodity Summaries 2024/2023 - authoritative U.S. government production data with global coverage
Computer Graphics Processing Units (GPUs),Graphics Processing Unit (GPU),0.95,VRAM is essential for storing frequently used graphic data and is universally recognized as a critical primary component in GPUs.,Aluminum,0.7,Round 3 refinement with peer support: 0,280300,INDIA,THOUSAND METRIC TONS,4100.0,5.86,0.95,USGS Mineral Commodity Summaries 2024/2023 - authoritative U.S. government production data with global coverage
Computer Graphics Processing Units (GPUs),Graphics Processing Unit (GPU),0.95,VRAM is essential for storing frequently used graphic data and is universally recognized as a critical primary component in GPUs.,Aluminum,0.7,Round 3 refinement with peer support: 0,280300,RUSSIA,THOUSAND METRIC TONS,3800.0,5.43,0.95,USGS Mineral Commodity Summaries 2024/2023 - authoritative U.S. government production data with global coverage
Computer Graphics Processing Units (GPUs),Graphics Processing Unit (GPU),0.95,VRAM is essential for storing frequently used graphic data and is universally recognized as a critical primary component in GPUs.,Aluminum,0.7,Round 3 refinement with peer support: 0,280300,CANADA,THOUSAND METRIC TONS,3000.0,4.29,0.95,USGS Mineral Commodity Summaries 2024/2023 - authoritative U.S. government production data with global coverage
Computer Graphics Processing Units (GPUs),Graphics Processing Unit (GPU),0.95,VRAM is essential for storing frequently used graphic data and is universally recognized as a critical primary component in GPUs.,Gallium,0.95,Round 3 refinement with peer support: 2,811299,CHINA,KILOGRAMS,600000.0,98.36,0.95,USGS Mineral Commodity Summaries 2024/2023 - authoritative U.S. government production data with global coverage
Computer Graphics Processing Units (GPUs),Graphics Processing Unit (GPU),0.95,VRAM is essential for storing frequently used graphic data and is universally recognized as a critical primary component in GPUs.,Gallium,0.95,Round 3 refinement with peer support: 2,811299,RUSSIA,KILOGRAMS,5000.0,0.82,0.95,USGS Mineral Commodity Summaries 2024/2023 - authoritative U.S. government production data with global coverage
Computer Graphics Processing Units (GPUs),Graphics Processing Unit (GPU),0.95,VRAM is essential for storing frequently used graphic data and is universally recognized as a critical primary component in GPUs.,Gallium,0.95,Round 3 refinement with peer support: 2,811299,JAPAN,KILOGRAMS,3000.0,0.49,0.95,USGS Mineral Commodity Summaries 2024/2023 - authoritative U.S. government production data with global coverage
Computer Graphics Processing Units (GPUs),Graphics Processing Unit (GPU),0.95,VRAM is essential for storing frequently used graphic data and is universally recognized as a critical primary component in GPUs.,Gallium,0.95,Round 3 refinement with peer support: 2,811299,"KOREA, REPUBLIC OF",KILOGRAMS,2000.0,0.33,0.95,USGS Mineral Commodity Summaries 2024/2023 - authoritative U.S. government production data with global coverage
Computer Graphics Processing Units (GPUs),Graphics Processing Unit (GPU),0.95,VRAM is essential for storing frequently used graphic data and is universally recognized as a critical primary component in GPUs.,Gallium,0.95,Round 3 refinement with peer support: 2,811299,OTHER,KILOGRAMS,0.0,0.0,0.95,USGS Mineral Commodity Summaries 2024/2023 - authoritative U.S. government production data with global coverage
Computer Graphics Processing Units (GPUs),Graphics Processing Unit (GPU),0.95,VRAM is essential for storing frequently used graphic data and is universally recognized as a critical primary component in GPUs.,Tantalum,0.7,Round 3 refinement with peer support: 0,810320,CONGO,METRIC TONS,980.0,40.83,0.95,USGS Mineral Commodity Summaries 2024/2023 - authoritative U.S. government production data with global coverage
Computer Graphics Processing Units (GPUs),Graphics Processing Unit (GPU),0.95,VRAM is essential for storing frequently used graphic data and is universally recognized as a critical primary component in GPUs.,Tantalum,0.7,Round 3 refinement with peer support: 0,810320,RWANDA,METRIC TONS,520.0,21.67,0.95,USGS Mineral Commodity Summaries 2024/2023 - authoritative U.S. government production data with global coverage
Computer Graphics Processing Units (GPUs),Graphics Processing Unit (GPU),0.95,VRAM is essential for storing frequently used graphic data and is universally recognized as a critical primary component in GPUs.,Tantalum,0.7,Round 3 refinement with peer support: 0,810320,BRAZIL,METRIC TONS,360.0,15.0,0.95,USGS Mineral Commodity Summaries 2024/2023 - authoritative U.S. government production data with global coverage
Computer Graphics Processing Units (GPUs),Graphics Processing Unit (GPU),0.95,VRAM is essential for storing frequently used graphic data and is universally recognized as a critical primary component in GPUs.,Tantalum,0.7,Round 3 refinement with peer support: 0,810320,OTHER,METRIC TONS,260.0,10.83,0.95,USGS Mineral Commodity Summaries 2024/2023 - authoritative U.S. government production data with global coverage
Computer Graphics Processing Units (GPUs),Graphics Processing Unit (GPU),0.95,VRAM is essential for storing frequently used graphic data and is universally recognized as a critical primary component in GPUs.,Tantalum,0.7,Round 3 refinement with peer support: 0,810320,NIGERIA,METRIC TONS,110.0,4.58,0.95,USGS Mineral Commodity Summaries 2024/2023 - authoritative U.S. government production data with global coverage
Computer Graphics Processing Units (GPUs),Graphics Processing Unit (GPU),0.95,VRAM is essential for storing frequently used graphic data and is universally recognized as a critical primary component in GPUs.,Copper,0.7,Round 3 refinement with peer support: 0,740100,CHINA,THOUSAND METRIC TONS,1700.0,3.47,0.95,USGS Mineral Commodity Summaries 2024/2023 - authoritative U.S. government production data with global coverage
Computer Graphics Processing Units (GPUs),Graphics Processing Unit (GPU),0.95,VRAM is essential for storing frequently used graphic data and is universally recognized as a critical primary component in GPUs.,Copper,0.7,Round 3 refinement with peer support: 0,740100,CHILE,THOUSAND METRIC TONS,5000.0,10.2,0.95,USGS Mineral Commodity Summaries 2024/2023 - authoritative U.S. government production data with global coverage
Computer Graphics Processing Units (GPUs),Graphics Processing Unit (GPU),0.95,VRAM is essential for storing frequently used graphic data and is universally recognized as a critical primary component in GPUs.,Copper,0.7,Round 3 refinement with peer support: 0,740100,OTHER,THOUSAND METRIC TONS,3100.0,6.33,0.95,USGS Mineral Commodity Summaries 2024/2023 - authoritative U.S. government production data with global coverage
Computer Graphics Processing Units (GPUs),Graphics Processing Unit (GPU),0.95,VRAM is essential for storing frequently used graphic data and is universally recognized as a critical primary component in GPUs.,Copper,0.7,Round 3 refinement with peer support: 0,740100,CONGO,THOUSAND METRIC TONS,2500.0,5.1,0.95,USGS Mineral Commodity Summaries 2024/2023 - authoritative U.S. government production data with global coverage
Computer Graphics Processing Units (GPUs),Graphics Processing Unit (GPU),0.95,VRAM is essential for storing frequently used graphic data and is universally recognized as a critical primary component in GPUs.,Copper,0.7,Round 3 refinement with peer support: 0,740100,PERU,THOUSAND METRIC TONS,2600.0,5.31,0.95,USGS Mineral Commodity Summaries 2024/2023 - authoritative U.S. government production data with global coverage
Computer Graphics Processing Units (GPUs),Graphics Memory Module,0.92,"SMs are a standard feature in most GPUs, particularly NVIDIA and AMD architectures, performing core computational tasks for graphics processing.",Silicon,0.95,Round 3 refinement with peer support: 2,280469,CHINA,THOUSAND METRIC TONS,3600.0,40.0,0.95,USGS Mineral Commodity Summaries 2024/2023 - authoritative U.S. government production data with global coverage
Computer Graphics Processing Units (GPUs),Graphics Memory Module,0.92,"SMs are a standard feature in most GPUs, particularly NVIDIA and AMD architectures, performing core computational tasks for graphics processing.",Silicon,0.95,Round 3 refinement with peer support: 2,280469,RUSSIA,THOUSAND METRIC TONS,570.0,6.33,0.95,USGS Mineral Commodity Summaries 2024/2023 - authoritative U.S. government production data with global coverage
Computer Graphics Processing Units (GPUs),Graphics Memory Module,0.92,"SMs are a standard feature in most GPUs, particularly NVIDIA and AMD architectures, performing core computational tasks for graphics processing.",Silicon,0.95,Round 3 refinement with peer support: 2,280469,BRAZIL,THOUSAND METRIC TONS,190.0,2.11,0.95,USGS Mineral Commodity Summaries 2024/2023 - authoritative U.S. government production data with global coverage
Computer Graphics Processing Units (GPUs),Graphics Memory Module,0.92,"SMs are a standard feature in most GPUs, particularly NVIDIA and AMD architectures, performing core computational tasks for graphics processing.",Silicon,0.95,Round 3 refinement with peer support: 2,280469,NORWAY,THOUSAND METRIC TONS,200.0,2.22,0.95,USGS Mineral Commodity Summaries 2024/2023 - authoritative U.S. government production data with global coverage
Computer Graphics Processing Units (GPUs),Graphics Memory Module,0.92,"SMs are a standard feature in most GPUs, particularly NVIDIA and AMD architectures, performing core computational tasks for graphics processing.",Silicon,0.95,Round 3 refinement with peer support: 2,280469,OTHER,THOUSAND METRIC TONS,100.0,1.11,0.95,USGS Mineral Commodity Summaries 2024/2023 - authoritative U.S. government production data with global coverage
Computer Graphics Processing Units (GPUs),Graphics Memory Module,0.92,"SMs are a standard feature in most GPUs, particularly NVIDIA and AMD architectures, performing core computational tasks for graphics processing.",Aluminum,0.7,Round 3 refinement with peer support: 0,280300,CHINA,THOUSAND METRIC TONS,41000.0,58.57,0.95,USGS Mineral Commodity Summaries 2024/2023 - authoritative U.S. government production data with global coverage
Computer Graphics Processing Units (GPUs),Graphics Memory Module,0.92,"SMs are a standard feature in most GPUs, particularly NVIDIA and AMD architectures, performing core computational tasks for graphics processing.",Aluminum,0.7,Round 3 refinement with peer support: 0,280300,OTHER,THOUSAND METRIC TONS,7000.0,10.0,0.95,USGS Mineral Commodity Summaries 2024/2023 - authoritative U.S. government production data with global coverage
Computer Graphics Processing Units (GPUs),Graphics Memory Module,0.92,"SMs are a standard feature in most GPUs, particularly NVIDIA and AMD architectures, performing core computational tasks for graphics processing.",Aluminum,0.7,Round 3 refinement with peer support: 0,280300,INDIA,THOUSAND METRIC TONS,4100.0,5.86,0.95,USGS Mineral Commodity Summaries 2024/2023 - authoritative U.S. government production data with global coverage
Computer Graphics Processing Units (GPUs),Graphics Memory Module,0.92,"SMs are a standard feature in most GPUs, particularly NVIDIA and AMD architectures, performing core computational tasks for graphics processing.",Aluminum,0.7,Round 3 refinement with peer support: 0,280300,RUSSIA,THOUSAND METRIC TONS,3800.0,5.43,0.95,USGS Mineral Commodity Summaries 2024/2023 - authoritative U.S. government production data with global coverage
Computer Graphics Processing Units (GPUs),Graphics Memory Module,0.92,"SMs are a standard feature in most GPUs, particularly NVIDIA and AMD architectures, performing core computational tasks for graphics processing.",Aluminum,0.7,Round 3 refinement with peer support: 0,280300,CANADA,THOUSAND METRIC TONS,3000.0,4.29,0.95,USGS Mineral Commodity Summaries 2024/2023 - authoritative U.S. government production data with global coverage
Computer Graphics Processing Units (GPUs),Graphics Memory Module,0.92,"SMs are a standard feature in most GPUs, particularly NVIDIA and AMD architectures, performing core computational tasks for graphics processing.",Bismuth telluride,0.7,Round 3 refinement with peer support: 0,284390,China,metric tons,1958.3333333333333,23.33,0.767,Multi-agent debate consensus
Computer Graphics Processing Units (GPUs),Graphics Memory Module,0.92,"SMs are a standard feature in most GPUs, particularly NVIDIA and AMD architectures, performing core computational tasks for graphics processing.",Bismuth telluride,0.7,Round 3 refinement with peer support: 0,284390,Russia,metric tons,380.0,6.67,0.75,Multi-agent debate consensus
Computer Graphics Processing Units (GPUs),Graphics Memory Module,0.92,"SMs are a standard feature in most GPUs, particularly NVIDIA and AMD architectures, performing core computational tasks for graphics processing.",Bismuth telluride,0.7,Round 3 refinement with peer support: 0,284390,Canada,metric tons,1339.3333333333333,8.27,0.75,Multi-agent debate consensus
Computer Graphics Processing Units (GPUs),Graphics Memory Module,0.92,"SMs are a standard feature in most GPUs, particularly NVIDIA and AMD architectures, performing core computational tasks for graphics processing.",Bismuth telluride,0.7,Round 3 refinement with peer support: 0,284390,United States,metric tons,325.0,15.0,0.8,Multi-agent debate consensus
Computer Graphics Processing Units (GPUs),Graphics Memory Module,0.92,"SMs are a standard feature in most GPUs, particularly NVIDIA and AMD architectures, performing core computational tasks for graphics processing.",Bismuth telluride,0.7,Round 3 refinement with peer support: 0,284390,Japan,metric tons,430.6666666666667,3.67,0.767,Multi-agent debate consensus
Computer Graphics Processing Units (GPUs),"3D Rendering Unit/Graphics Processor System/Legacy 2D or 3D Graphics Card Interface/Rasterization and Ray Tracing Engine/Spatially Distributed Shader Processor/Light Interaction Engine/Cores Handling Pixel Shading, Vertex Shaders for Graphic Design/Texture Mapping Applications",0.92,"While less discussed than some other components, shader engines are an essential part of a GPU, responsible for parallel processing and rendering operations. The high confidence stems from the significant roles these play in performance and computational tasks.",Silicon,0.95,Round 3 refinement with peer support: 2,280469,CHINA,THOUSAND METRIC TONS,3600.0,40.0,0.95,USGS Mineral Commodity Summaries 2024/2023 - authoritative U.S. government production data with global coverage
Computer Graphics Processing Units (GPUs),"3D Rendering Unit/Graphics Processor System/Legacy 2D or 3D Graphics Card Interface/Rasterization and Ray Tracing Engine/Spatially Distributed Shader Processor/Light Interaction Engine/Cores Handling Pixel Shading, Vertex Shaders for Graphic Design/Texture Mapping Applications",0.92,"While less discussed than some other components, shader engines are an essential part of a GPU, responsible for parallel processing and rendering operations. The high confidence stems from the significant roles these play in performance and computational tasks.",Silicon,0.95,Round 3 refinement with peer support: 2,280469,RUSSIA,THOUSAND METRIC TONS,570.0,6.33,0.95,USGS Mineral Commodity Summaries 2024/2023 - authoritative U.S. government production data with global coverage
Computer Graphics Processing Units (GPUs),"3D Rendering Unit/Graphics Processor System/Legacy 2D or 3D Graphics Card Interface/Rasterization and Ray Tracing Engine/Spatially Distributed Shader Processor/Light Interaction Engine/Cores Handling Pixel Shading, Vertex Shaders for Graphic Design/Texture Mapping Applications",0.92,"While less discussed than some other components, shader engines are an essential part of a GPU, responsible for parallel processing and rendering operations. The high confidence stems from the significant roles these play in performance and computational tasks.",Silicon,0.95,Round 3 refinement with peer support: 2,280469,BRAZIL,THOUSAND METRIC TONS,190.0,2.11,0.95,USGS Mineral Commodity Summaries 2024/2023 - authoritative U.S. government production data with global coverage
Computer Graphics Processing Units (GPUs),"3D Rendering Unit/Graphics Processor System/Legacy 2D or 3D Graphics Card Interface/Rasterization and Ray Tracing Engine/Spatially Distributed Shader Processor/Light Interaction Engine/Cores Handling Pixel Shading, Vertex Shaders for Graphic Design/Texture Mapping Applications",0.92,"While less discussed than some other components, shader engines are an essential part of a GPU, responsible for parallel processing and rendering operations. The high confidence stems from the significant roles these play in performance and computational tasks.",Silicon,0.95,Round 3 refinement with peer support: 2,280469,NORWAY,THOUSAND METRIC TONS,200.0,2.22,0.95,USGS Mineral Commodity Summaries 2024/2023 - authoritative U.S. government production data with global coverage
Computer Graphics Processing Units (GPUs),"3D Rendering Unit/Graphics Processor System/Legacy 2D or 3D Graphics Card Interface/Rasterization and Ray Tracing Engine/Spatially Distributed Shader Processor/Light Interaction Engine/Cores Handling Pixel Shading, Vertex Shaders for Graphic Design/Texture Mapping Applications",0.92,"While less discussed than some other components, shader engines are an essential part of a GPU, responsible for parallel processing and rendering operations. The high confidence stems from the significant roles these play in performance and computational tasks.",Silicon,0.95,Round 3 refinement with peer support: 2,280469,OTHER,THOUSAND METRIC TONS,100.0,1.11,0.95,USGS Mineral Commodity Summaries 2024/2023 - authoritative U.S. government production data with global coverage
Computer Graphics Processing Units (GPUs),"3D Rendering Unit/Graphics Processor System/Legacy 2D or 3D Graphics Card Interface/Rasterization and Ray Tracing Engine/Spatially Distributed Shader Processor/Light Interaction Engine/Cores Handling Pixel Shading, Vertex Shaders for Graphic Design/Texture Mapping Applications",0.92,"While less discussed than some other components, shader engines are an essential part of a GPU, responsible for parallel processing and rendering operations. The high confidence stems from the significant roles these play in performance and computational tasks.",Gallium,0.85,Round 3 refinement with peer support: 1,811299,CHINA,KILOGRAMS,600000.0,98.36,0.95,USGS Mineral Commodity Summaries 2024/2023 - authoritative U.S. government production data with global coverage
Computer Graphics Processing Units (GPUs),"3D Rendering Unit/Graphics Processor System/Legacy 2D or 3D Graphics Card Interface/Rasterization and Ray Tracing Engine/Spatially Distributed Shader Processor/Light Interaction Engine/Cores Handling Pixel Shading, Vertex Shaders for Graphic Design/Texture Mapping Applications",0.92,"While less discussed than some other components, shader engines are an essential part of a GPU, responsible for parallel processing and rendering operations. The high confidence stems from the significant roles these play in performance and computational tasks.",Gallium,0.85,Round 3 refinement with peer support: 1,811299,RUSSIA,KILOGRAMS,5000.0,0.82,0.95,USGS Mineral Commodity Summaries 2024/2023 - authoritative U.S. government production data with global coverage
Computer Graphics Processing Units (GPUs),"3D Rendering Unit/Graphics Processor System/Legacy 2D or 3D Graphics Card Interface/Rasterization and Ray Tracing Engine/Spatially Distributed Shader Processor/Light Interaction Engine/Cores Handling Pixel Shading, Vertex Shaders for Graphic Design/Texture Mapping Applications",0.92,"While less discussed than some other components, shader engines are an essential part of a GPU, responsible for parallel processing and rendering operations. The high confidence stems from the significant roles these play in performance and computational tasks.",Gallium,0.85,Round 3 refinement with peer support: 1,811299,JAPAN,KILOGRAMS,3000.0,0.49,0.95,USGS Mineral Commodity Summaries 2024/2023 - authoritative U.S. government production data with global coverage
Computer Graphics Processing Units (GPUs),"3D Rendering Unit/Graphics Processor System/Legacy 2D or 3D Graphics Card Interface/Rasterization and Ray Tracing Engine/Spatially Distributed Shader Processor/Light Interaction Engine/Cores Handling Pixel Shading, Vertex Shaders for Graphic Design/Texture Mapping Applications",0.92,"While less discussed than some other components, shader engines are an essential part of a GPU, responsible for parallel processing and rendering operations. The high confidence stems from the significant roles these play in performance and computational tasks.",Gallium,0.85,Round 3 refinement with peer support: 1,811299,"KOREA, REPUBLIC OF",KILOGRAMS,2000.0,0.33,0.95,USGS Mineral Commodity Summaries 2024/2023 - authoritative U.S. government production data with global coverage
Computer Graphics Processing Units (GPUs),"3D Rendering Unit/Graphics Processor System/Legacy 2D or 3D Graphics Card Interface/Rasterization and Ray Tracing Engine/Spatially Distributed Shader Processor/Light Interaction Engine/Cores Handling Pixel Shading, Vertex Shaders for Graphic Design/Texture Mapping Applications",0.92,"While less discussed than some other components, shader engines are an essential part of a GPU, responsible for parallel processing and rendering operations. The high confidence stems from the significant roles these play in performance and computational tasks.",Gallium,0.85,Round 3 refinement with peer support: 1,811299,OTHER,KILOGRAMS,0.0,0.0,0.95,USGS Mineral Commodity Summaries 2024/2023 - authoritative U.S. government production data with global coverage
Computer Graphics Processing Units (GPUs),"3D Rendering Unit/Graphics Processor System/Legacy 2D or 3D Graphics Card Interface/Rasterization and Ray Tracing Engine/Spatially Distributed Shader Processor/Light Interaction Engine/Cores Handling Pixel Shading, Vertex Shaders for Graphic Design/Texture Mapping Applications",0.92,"While less discussed than some other components, shader engines are an essential part of a GPU, responsible for parallel processing and rendering operations. The high confidence stems from the significant roles these play in performance and computational tasks.",Aluminum,0.7,Round 3 refinement with peer support: 0,280300,CHINA,THOUSAND METRIC TONS,41000.0,58.57,0.95,USGS Mineral Commodity Summaries 2024/2023 - authoritative U.S. government production data with global coverage
Computer Graphics Processing Units (GPUs),"3D Rendering Unit/Graphics Processor System/Legacy 2D or 3D Graphics Card Interface/Rasterization and Ray Tracing Engine/Spatially Distributed Shader Processor/Light Interaction Engine/Cores Handling Pixel Shading, Vertex Shaders for Graphic Design/Texture Mapping Applications",0.92,"While less discussed than some other components, shader engines are an essential part of a GPU, responsible for parallel processing and rendering operations. The high confidence stems from the significant roles these play in performance and computational tasks.",Aluminum,0.7,Round 3 refinement with peer support: 0,280300,OTHER,THOUSAND METRIC TONS,7000.0,10.0,0.95,USGS Mineral Commodity Summaries 2024/2023 - authoritative U.S. government production data with global coverage
Computer Graphics Processing Units (GPUs),"3D Rendering Unit/Graphics Processor System/Legacy 2D or 3D Graphics Card Interface/Rasterization and Ray Tracing Engine/Spatially Distributed Shader Processor/Light Interaction Engine/Cores Handling Pixel Shading, Vertex Shaders for Graphic Design/Texture Mapping Applications",0.92,"While less discussed than some other components, shader engines are an essential part of a GPU, responsible for parallel processing and rendering operations. The high confidence stems from the significant roles these play in performance and computational tasks.",Aluminum,0.7,Round 3 refinement with peer support: 0,280300,INDIA,THOUSAND METRIC TONS,4100.0,5.86,0.95,USGS Mineral Commodity Summaries 2024/2023 - authoritative U.S. government production data with global coverage
Computer Graphics Processing Units (GPUs),"3D Rendering Unit/Graphics Processor System/Legacy 2D or 3D Graphics Card Interface/Rasterization and Ray Tracing Engine/Spatially Distributed Shader Processor/Light Interaction Engine/Cores Handling Pixel Shading, Vertex Shaders for Graphic Design/Texture Mapping Applications",0.92,"While less discussed than some other components, shader engines are an essential part of a GPU, responsible for parallel processing and rendering operations. The high confidence stems from the significant roles these play in performance and computational tasks.",Aluminum,0.7,Round 3 refinement with peer support: 0,280300,RUSSIA,THOUSAND METRIC TONS,3800.0,5.43,0.95,USGS Mineral Commodity Summaries 2024/2023 - authoritative U.S. government production data with global coverage
Computer Graphics Processing Units (GPUs),"3D Rendering Unit/Graphics Processor System/Legacy 2D or 3D Graphics Card Interface/Rasterization and Ray Tracing Engine/Spatially Distributed Shader Processor/Light Interaction Engine/Cores Handling Pixel Shading, Vertex Shaders for Graphic Design/Texture Mapping Applications",0.92,"While less discussed than some other components, shader engines are an essential part of a GPU, responsible for parallel processing and rendering operations. The high confidence stems from the significant roles these play in performance and computational tasks.",Aluminum,0.7,Round 3 refinement with peer support: 0,280300,CANADA,THOUSAND METRIC TONS,3000.0,4.29,0.95,USGS Mineral Commodity Summaries 2024/2023 - authoritative U.S. government production data with global coverage
Computer Graphics Processing Units (GPUs),"3D Rendering Unit/Graphics Processor System/Legacy 2D or 3D Graphics Card Interface/Rasterization and Ray Tracing Engine/Spatially Distributed Shader Processor/Light Interaction Engine/Cores Handling Pixel Shading, Vertex Shaders for Graphic Design/Texture Mapping Applications",0.92,"While less discussed than some other components, shader engines are an essential part of a GPU, responsible for parallel processing and rendering operations. The high confidence stems from the significant roles these play in performance and computational tasks.",Ammonium sulfate,0.7,Round 3 refinement with peer support: 0,310240,China,metric tons,8391103.0,38.95,0.825,Large-scale producer with stable production documented by the China National Mineral Industry Federation.
Computer Graphics Processing Units (GPUs),"3D Rendering Unit/Graphics Processor System/Legacy 2D or 3D Graphics Card Interface/Rasterization and Ray Tracing Engine/Spatially Distributed Shader Processor/Light Interaction Engine/Cores Handling Pixel Shading, Vertex Shaders for Graphic Design/Texture Mapping Applications",0.92,"While less discussed than some other components, shader engines are an essential part of a GPU, responsible for parallel processing and rendering operations. The high confidence stems from the significant roles these play in performance and computational tasks.",Ammonium sulfate,0.7,Round 3 refinement with peer support: 0,310240,India,metric tons,2515135.5,19.25,0.85,Industrially significant producer with consistent production reported by the USGS in recent years.
Computer Graphics Processing Units (GPUs),"3D Rendering Unit/Graphics Processor System/Legacy 2D or 3D Graphics Card Interface/Rasterization and Ray Tracing Engine/Spatially Distributed Shader Processor/Light Interaction Engine/Cores Handling Pixel Shading, Vertex Shaders for Graphic Design/Texture Mapping Applications",0.92,"While less discussed than some other components, shader engines are an essential part of a GPU, responsible for parallel processing and rendering operations. The high confidence stems from the significant roles these play in performance and computational tasks.",Ammonium sulfate,0.7,Round 3 refinement with peer support: 0,310240,United States,metric tons,3195132.5,17.05,0.8,Significant producer with data from the USGS for 2023.
Computer Graphics Processing Units (GPUs),"3D Rendering Unit/Graphics Processor System/Legacy 2D or 3D Graphics Card Interface/Rasterization and Ray Tracing Engine/Spatially Distributed Shader Processor/Light Interaction Engine/Cores Handling Pixel Shading, Vertex Shaders for Graphic Design/Texture Mapping Applications",0.92,"While less discussed than some other components, shader engines are an essential part of a GPU, responsible for parallel processing and rendering operations. The high confidence stems from the significant roles these play in performance and computational tasks.",Ammonium sulfate,0.7,Round 3 refinement with peer support: 0,310240,Brazil,metric tons,317385.0,4.6,0.8,Moderate producer with reported data from industry associations.
Computer Graphics Processing Units (GPUs),"3D Rendering Unit/Graphics Processor System/Legacy 2D or 3D Graphics Card Interface/Rasterization and Ray Tracing Engine/Spatially Distributed Shader Processor/Light Interaction Engine/Cores Handling Pixel Shading, Vertex Shaders for Graphic Design/Texture Mapping Applications",0.92,"While less discussed than some other components, shader engines are an essential part of a GPU, responsible for parallel processing and rendering operations. The high confidence stems from the significant roles these play in performance and computational tasks.",Ammonium sulfate,0.7,Round 3 refinement with peer support: 0,310240,Philippines,metric tons,496874.0,25.3,0.9,"USGS reports show Philippines as the largest producer of Ammonium sulfate in 2022, maintaining position with recent data."
Computer Graphics Processing Units (GPUs),Memory Controller IC,0.88,"A memory controller manages data transfer between the GPU and VRAM, which is crucial for performance. The moderate support from peers aligns with this component's role in critical operations.",Aluminum,0.7,Round 3 refinement with peer support: 0,280300,CHINA,THOUSAND METRIC TONS,41000.0,58.57,0.95,USGS Mineral Commodity Summaries 2024/2023 - authoritative U.S. government production data with global coverage
Computer Graphics Processing Units (GPUs),Memory Controller IC,0.88,"A memory controller manages data transfer between the GPU and VRAM, which is crucial for performance. The moderate support from peers aligns with this component's role in critical operations.",Aluminum,0.7,Round 3 refinement with peer support: 0,280300,OTHER,THOUSAND METRIC TONS,7000.0,10.0,0.95,USGS Mineral Commodity Summaries 2024/2023 - authoritative U.S. government production data with global coverage
Computer Graphics Processing Units (GPUs),Memory Controller IC,0.88,"A memory controller manages data transfer between the GPU and VRAM, which is crucial for performance. The moderate support from peers aligns with this component's role in critical operations.",Aluminum,0.7,Round 3 refinement with peer support: 0,280300,INDIA,THOUSAND METRIC TONS,4100.0,5.86,0.95,USGS Mineral Commodity Summaries 2024/2023 - authoritative U.S. government production data with global coverage
Computer Graphics Processing Units (GPUs),Memory Controller IC,0.88,"A memory controller manages data transfer between the GPU and VRAM, which is crucial for performance. The moderate support from peers aligns with this component's role in critical operations.",Aluminum,0.7,Round 3 refinement with peer support: 0,280300,RUSSIA,THOUSAND METRIC TONS,3800.0,5.43,0.95,USGS Mineral Commodity Summaries 2024/2023 - authoritative U.S. government production data with global coverage
Computer Graphics Processing Units (GPUs),Memory Controller IC,0.88,"A memory controller manages data transfer between the GPU and VRAM, which is crucial for performance. The moderate support from peers aligns with this component's role in critical operations.",Aluminum,0.7,Round 3 refinement with peer support: 0,280300,CANADA,THOUSAND METRIC TONS,3000.0,4.29,0.95,USGS Mineral Commodity Summaries 2024/2023 - authoritative U.S. government production data with global coverage
Computer Graphics Processing Units (GPUs),Memory Controller IC,0.88,"A memory controller manages data transfer between the GPU and VRAM, which is crucial for performance. The moderate support from peers aligns with this component's role in critical operations.",Silicon,0.95,Round 3 refinement with peer support: 2,280469,CHINA,THOUSAND METRIC TONS,3600.0,40.0,0.95,USGS Mineral Commodity Summaries 2024/2023 - authoritative U.S. government production data with global coverage
Computer Graphics Processing Units (GPUs),Memory Controller IC,0.88,"A memory controller manages data transfer between the GPU and VRAM, which is crucial for performance. The moderate support from peers aligns with this component's role in critical operations.",Silicon,0.95,Round 3 refinement with peer support: 2,280469,RUSSIA,THOUSAND METRIC TONS,570.0,6.33,0.95,USGS Mineral Commodity Summaries 2024/2023 - authoritative U.S. government production data with global coverage
Computer Graphics Processing Units (GPUs),Memory Controller IC,0.88,"A memory controller manages data transfer between the GPU and VRAM, which is crucial for performance. The moderate support from peers aligns with this component's role in critical operations.",Silicon,0.95,Round 3 refinement with peer support: 2,280469,BRAZIL,THOUSAND METRIC TONS,190.0,2.11,0.95,USGS Mineral Commodity Summaries 2024/2023 - authoritative U.S. government production data with global coverage
Computer Graphics Processing Units (GPUs),Memory Controller IC,0.88,"A memory controller manages data transfer between the GPU and VRAM, which is crucial for performance. The moderate support from peers aligns with this component's role in critical operations.",Silicon,0.95,Round 3 refinement with peer support: 2,280469,NORWAY,THOUSAND METRIC TONS,200.0,2.22,0.95,USGS Mineral Commodity Summaries 2024/2023 - authoritative U.S. government production data with global coverage
Computer Graphics Processing Units (GPUs),Memory Controller IC,0.88,"A memory controller manages data transfer between the GPU and VRAM, which is crucial for performance. The moderate support from peers aligns with this component's role in critical operations.",Silicon,0.95,Round 3 refinement with peer support: 2,280469,OTHER,THOUSAND METRIC TONS,100.0,1.11,0.95,USGS Mineral Commodity Summaries 2024/2023 - authoritative U.S. government production data with global coverage
Computer Graphics Processing Units (GPUs),Memory Controller IC,0.88,"A memory controller manages data transfer between the GPU and VRAM, which is crucial for performance. The moderate support from peers aligns with this component's role in critical operations.",Gallium,0.85,Round 3 refinement with peer support: 1,811299,CHINA,KILOGRAMS,600000.0,98.36,0.95,USGS Mineral Commodity Summaries 2024/2023 - authoritative U.S. government production data with global coverage
Computer Graphics Processing Units (GPUs),Memory Controller IC,0.88,"A memory controller manages data transfer between the GPU and VRAM, which is crucial for performance. The moderate support from peers aligns with this component's role in critical operations.",Gallium,0.85,Round 3 refinement with peer support: 1,811299,RUSSIA,KILOGRAMS,5000.0,0.82,0.95,USGS Mineral Commodity Summaries 2024/2023 - authoritative U.S. government production data with global coverage
Computer Graphics Processing Units (GPUs),Memory Controller IC,0.88,"A memory controller manages data transfer between the GPU and VRAM, which is crucial for performance. The moderate support from peers aligns with this component's role in critical operations.",Gallium,0.85,Round 3 refinement with peer support: 1,811299,JAPAN,KILOGRAMS,3000.0,0.49,0.95,USGS Mineral Commodity Summaries 2024/2023 - authoritative U.S. government production data with global coverage
Computer Graphics Processing Units (GPUs),Memory Controller IC,0.88,"A memory controller manages data transfer between the GPU and VRAM, which is crucial for performance. The moderate support from peers aligns with this component's role in critical operations.",Gallium,0.85,Round 3 refinement with peer support: 1,811299,"KOREA, REPUBLIC OF",KILOGRAMS,2000.0,0.33,0.95,USGS Mineral Commodity Summaries 2024/2023 - authoritative U.S. government production data with global coverage
Computer Graphics Processing Units (GPUs),Memory Controller IC,0.88,"A memory controller manages data transfer between the GPU and VRAM, which is crucial for performance. The moderate support from peers aligns with this component's role in critical operations.",Gallium,0.85,Round 3 refinement with peer support: 1,811299,OTHER,KILOGRAMS,0.0,0.0,0.95,USGS Mineral Commodity Summaries 2024/2023 - authoritative U.S. government production data with global coverage
Computer Graphics Processing Units (GPUs),Memory Controller IC,0.88,"A memory controller manages data transfer between the GPU and VRAM, which is crucial for performance. The moderate support from peers aligns with this component's role in critical operations.",Actinomycin D,0.7,Round 3 refinement with peer support: 0,294190,United States,kg,866.6666666666666,36.0,0.7,Based on US biotechnology and pharmaceutical industry reports; substantial research and production sites.
Computer Graphics Processing Units (GPUs),Memory Controller IC,0.88,"A memory controller manages data transfer between the GPU and VRAM, which is crucial for performance. The moderate support from peers aligns with this component's role in critical operations.",Actinomycin D,0.7,Round 3 refinement with peer support: 0,294190,Japan,kg,372.9166666666667,19.0,0.693,"Advanced biotech industry involvement; data from Japanese Ministry of Health, Labour and Welfare."
Computer Graphics Processing Units (GPUs),Memory Controller IC,0.88,"A memory controller manages data transfer between the GPU and VRAM, which is crucial for performance. The moderate support from peers aligns with this component's role in critical operations.",Actinomycin D,0.7,Round 3 refinement with peer support: 0,294190,Germany,kg,208.33333333333337,14.67,0.717,Significant pharmaceutical research and development activities; data from German Federal Institute for Risk Assessment.
Computer Graphics Processing Units (GPUs),Memory Controller IC,0.88,"A memory controller manages data transfer between the GPU and VRAM, which is crucial for performance. The moderate support from peers aligns with this component's role in critical operations.",Actinomycin D,0.7,Round 3 refinement with peer support: 0,294190,France,kg,119.58333333333331,7.33,0.7,Strong research institutions; data from French National Institute for Agricultural Research (INRA).
Computer Graphics Processing Units (GPUs),Memory Controller IC,0.88,"A memory controller manages data transfer between the GPU and VRAM, which is crucial for performance. The moderate support from peers aligns with this component's role in critical operations.",Actinomycin D,0.7,Round 3 refinement with peer support: 0,294190,China,kg,677.7083333333334,16.5,0.617,Large-scale microbial fermentation facilities with extensive production capabilities; data from Chinese government health ministry.
RT-PCR (Reverse Transcription PCR),Sequencing Chemistry/Medical Component,0.98,Peer Agent1 proposed this with high confidence and it is a critical component of RT-PCR for amplification.,Amino acids,0.95,Round 3 refinement with peer support: 2,292249,China,metric tons,1450000.0,44.0,0.783,Multi-agent debate consensus
RT-PCR (Reverse Transcription PCR),Sequencing Chemistry/Medical Component,0.98,Peer Agent1 proposed this with high confidence and it is a critical component of RT-PCR for amplification.,Amino acids,0.95,Round 3 refinement with peer support: 2,292249,Japan,metric tons,570000.0,15.0,0.833,Multi-agent debate consensus
RT-PCR (Reverse Transcription PCR),Sequencing Chemistry/Medical Component,0.98,Peer Agent1 proposed this with high confidence and it is a critical component of RT-PCR for amplification.,Amino acids,0.95,Round 3 refinement with peer support: 2,292249,United States,metric tons,315000.0,8.33,0.817,Multi-agent debate consensus
RT-PCR (Reverse Transcription PCR),Sequencing Chemistry/Medical Component,0.98,Peer Agent1 proposed this with high confidence and it is a critical component of RT-PCR for amplification.,Amino acids,0.95,Round 3 refinement with peer support: 2,292249,Germany,metric tons,161666.66666666666,4.67,0.767,Multi-agent debate consensus
RT-PCR (Reverse Transcription PCR),Sequencing Chemistry/Medical Component,0.98,Peer Agent1 proposed this with high confidence and it is a critical component of RT-PCR for amplification.,Amino acids,0.95,Round 3 refinement with peer support: 2,292249,South Korea,metric tons,208333.33333333337,5.33,0.767,Multi-agent debate consensus
RT-PCR (Reverse Transcription PCR),Sequencing Chemistry/Medical Component,0.98,Peer Agent1 proposed this with high confidence and it is a critical component of RT-PCR for amplification.,Bovine serum albumin (BSA),0.95,Round 3 refinement with peer support: 2,350290,China,kg,866.6666666666666,22.67,0.75,"Emerging market with significant biotech industry, good reports from industry surveys."
RT-PCR (Reverse Transcription PCR),Sequencing Chemistry/Medical Component,0.98,Peer Agent1 proposed this with high confidence and it is a critical component of RT-PCR for amplification.,Bovine serum albumin (BSA),0.95,Round 3 refinement with peer support: 2,350290,Germany,kg,363.3333333333333,13.67,0.693,Multi-agent debate consensus
RT-PCR (Reverse Transcription PCR),Sequencing Chemistry/Medical Component,0.98,Peer Agent1 proposed this with high confidence and it is a critical component of RT-PCR for amplification.,Bovine serum albumin (BSA),0.95,Round 3 refinement with peer support: 2,350290,United States,kg,1625.0,34.0,0.75,The U.S. is a major producer due to its significant cattle population and strong biologics industry; data from industry reports.
RT-PCR (Reverse Transcription PCR),Sequencing Chemistry/Medical Component,0.98,Peer Agent1 proposed this with high confidence and it is a critical component of RT-PCR for amplification.,Bovine serum albumin (BSA),0.95,Round 3 refinement with peer support: 2,350290,India,kg,836.6666666666666,15.67,0.64,"Huge cattle population; data from the Ministry of Fisheries, Animal Husbandry & Dairying."
RT-PCR (Reverse Transcription PCR),Sequencing Chemistry/Medical Component,0.98,Peer Agent1 proposed this with high confidence and it is a critical component of RT-PCR for amplification.,Bovine serum albumin (BSA),0.95,Round 3 refinement with peer support: 2,350290,Brazil,kg,320.0,10.0,0.765,Agricultural production supporting local BSA manufacturing; data from agricultural ministry.
RT-PCR (Reverse Transcription PCR),Sequencing Chemistry/Medical Component,0.98,Peer Agent1 proposed this with high confidence and it is a critical component of RT-PCR for amplification.,Buffer salts,0.7,Round 3 refinement with peer support: 0,382490,China,metric tons,219000.0,45.0,0.9,Based on the most recent China National Mineral Industry Federation data; reliable and comprehensive.
RT-PCR (Reverse Transcription PCR),Sequencing Chemistry/Medical Component,0.98,Peer Agent1 proposed this with high confidence and it is a critical component of RT-PCR for amplification.,Buffer salts,0.7,Round 3 refinement with peer support: 0,382490,Germany,metric tons,67000.0,17.0,0.85,Major manufacturing hub with robust production; good data from European sources.
RT-PCR (Reverse Transcription PCR),Sequencing Chemistry/Medical Component,0.98,Peer Agent1 proposed this with high confidence and it is a critical component of RT-PCR for amplification.,Buffer salts,0.7,Round 3 refinement with peer support: 0,382490,India,metric tons,91000.0,16.0,0.85,Second largest producer with good industrial statistics but some reporting lag.
RT-PCR (Reverse Transcription PCR),Sequencing Chemistry/Medical Component,0.98,Peer Agent1 proposed this with high confidence and it is a critical component of RT-PCR for amplification.,Buffer salts,0.7,Round 3 refinement with peer support: 0,382490,Australia,metric tons,27000.0,4.5,0.825,Reliable producer with strong Australian Bureau of Resources and Energy Economics (AREE) reports.
RT-PCR (Reverse Transcription PCR),Sequencing Chemistry/Medical Component,0.98,Peer Agent1 proposed this with high confidence and it is a critical component of RT-PCR for amplification.,Buffer salts,0.7,Round 3 refinement with peer support: 0,382490,Belgium,metric tons,19500.0,5.5,0.825,Local operations and thorough data provided by industry reports; consistent production.
RT-PCR (Reverse Transcription PCR),Bioreactor,0.95,"Peer Agent1 also highly confident about this enzyme, which is essential for complementary DNA synthesis in RT-PCR.",Alkaline phosphatase,0.8,Round 3 refinement with peer support: 1,350790,China,metric tons,789000.0,57.5,0.875,Recent data from USGS shows China as the largest producer; reliable governmental reports support this.
RT-PCR (Reverse Transcription PCR),Bioreactor,0.95,"Peer Agent1 also highly confident about this enzyme, which is essential for complementary DNA synthesis in RT-PCR.",Alkaline phosphatase,0.8,Round 3 refinement with peer support: 1,350790,United States,metric tons,253750.0,17.5,0.8,Data from the U.S. Geological Survey and industry reports; stable production but limited compared to China.
RT-PCR (Reverse Transcription PCR),Bioreactor,0.95,"Peer Agent1 also highly confident about this enzyme, which is essential for complementary DNA synthesis in RT-PCR.",Alkaline phosphatase,0.8,Round 3 refinement with peer support: 1,350790,Australia,metric tons,102143.5,8.0,0.775,Multi-agent debate consensus
RT-PCR (Reverse Transcription PCR),Bioreactor,0.95,"Peer Agent1 also highly confident about this enzyme, which is essential for complementary DNA synthesis in RT-PCR.",Alkaline phosphatase,0.8,Round 3 refinement with peer support: 1,350790,India,metric tons,40721.5,3.0,0.775,Multi-agent debate consensus
RT-PCR (Reverse Transcription PCR),Bioreactor,0.95,"Peer Agent1 also highly confident about this enzyme, which is essential for complementary DNA synthesis in RT-PCR.",Alkaline phosphatase,0.8,Round 3 refinement with peer support: 1,350790,Morocco,metric tons,6552.0,9.0,0.85,Data from the National Mining Office of Morocco; reliable but less extensive information available.
RT-PCR (Reverse Transcription PCR),Bioreactor,0.95,"Peer Agent1 also highly confident about this enzyme, which is essential for complementary DNA synthesis in RT-PCR.",Ammonium sulfate,0.7,Round 3 refinement with peer support: 0,310240,China,metric tons,8391103.0,38.95,0.825,Large-scale producer with stable production documented by the China National Mineral Industry Federation.
RT-PCR (Reverse Transcription PCR),Bioreactor,0.95,"Peer Agent1 also highly confident about this enzyme, which is essential for complementary DNA synthesis in RT-PCR.",Ammonium sulfate,0.7,Round 3 refinement with peer support: 0,310240,India,metric tons,2515135.5,19.25,0.85,Industrially significant producer with consistent production reported by the USGS in recent years.
RT-PCR (Reverse Transcription PCR),Bioreactor,0.95,"Peer Agent1 also highly confident about this enzyme, which is essential for complementary DNA synthesis in RT-PCR.",Ammonium sulfate,0.7,Round 3 refinement with peer support: 0,310240,United States,metric tons,3195132.5,17.05,0.8,Significant producer with data from the USGS for 2023.
RT-PCR (Reverse Transcription PCR),Bioreactor,0.95,"Peer Agent1 also highly confident about this enzyme, which is essential for complementary DNA synthesis in RT-PCR.",Ammonium sulfate,0.7,Round 3 refinement with peer support: 0,310240,Brazil,metric tons,317385.0,4.6,0.8,Moderate producer with reported data from industry associations.
RT-PCR (Reverse Transcription PCR),Bioreactor,0.95,"Peer Agent1 also highly confident about this enzyme, which is essential for complementary DNA synthesis in RT-PCR.",Ammonium sulfate,0.7,Round 3 refinement with peer support: 0,310240,Philippines,metric tons,496874.0,25.3,0.9,"USGS reports show Philippines as the largest producer of Ammonium sulfate in 2022, maintaining position with recent data."
RT-PCR (Reverse Transcription PCR),Bioreactor,0.95,"Peer Agent1 also highly confident about this enzyme, which is essential for complementary DNA synthesis in RT-PCR.",Actinomycin D,0.7,Round 3 refinement with peer support: 0,294190,United States,kg,866.6666666666666,36.0,0.7,Based on US biotechnology and pharmaceutical industry reports; substantial research and production sites.
RT-PCR (Reverse Transcription PCR),Bioreactor,0.95,"Peer Agent1 also highly confident about this enzyme, which is essential for complementary DNA synthesis in RT-PCR.",Actinomycin D,0.7,Round 3 refinement with peer support: 0,294190,Japan,kg,372.9166666666667,19.0,0.693,"Advanced biotech industry involvement; data from Japanese Ministry of Health, Labour and Welfare."
RT-PCR (Reverse Transcription PCR),Bioreactor,0.95,"Peer Agent1 also highly confident about this enzyme, which is essential for complementary DNA synthesis in RT-PCR.",Actinomycin D,0.7,Round 3 refinement with peer support: 0,294190,Germany,kg,208.33333333333337,14.67,0.717,Significant pharmaceutical research and development activities; data from German Federal Institute for Risk Assessment.
RT-PCR (Reverse Transcription PCR),Bioreactor,0.95,"Peer Agent1 also highly confident about this enzyme, which is essential for complementary DNA synthesis in RT-PCR.",Actinomycin D,0.7,Round 3 refinement with peer support: 0,294190,France,kg,119.58333333333331,7.33,0.7,Strong research institutions; data from French National Institute for Agricultural Research (INRA).
RT-PCR (Reverse Transcription PCR),Bioreactor,0.95,"Peer Agent1 also highly confident about this enzyme, which is essential for complementary DNA synthesis in RT-PCR.",Actinomycin D,0.7,Round 3 refinement with peer support: 0,294190,China,kg,677.7083333333334,16.5,0.617,Large-scale microbial fermentation facilities with extensive production capabilities; data from Chinese government health ministry.
RT-PCR (Reverse Transcription PCR),DNA Building Blocks,0.92,Peer Agent1 proposed and Agent3 concurred on the importance of dNTPs for polymerase activity during amplification.,Ammonium sulfate,0.85,Round 3 refinement with peer support: 1,310240,China,metric tons,8391103.0,38.95,0.825,Large-scale producer with stable production documented by the China National Mineral Industry Federation.
RT-PCR (Reverse Transcription PCR),DNA Building Blocks,0.92,Peer Agent1 proposed and Agent3 concurred on the importance of dNTPs for polymerase activity during amplification.,Ammonium sulfate,0.85,Round 3 refinement with peer support: 1,310240,India,metric tons,2515135.5,19.25,0.85,Industrially significant producer with consistent production reported by the USGS in recent years.
RT-PCR (Reverse Transcription PCR),DNA Building Blocks,0.92,Peer Agent1 proposed and Agent3 concurred on the importance of dNTPs for polymerase activity during amplification.,Ammonium sulfate,0.85,Round 3 refinement with peer support: 1,310240,United States,metric tons,3195132.5,17.05,0.8,Significant producer with data from the USGS for 2023.
RT-PCR (Reverse Transcription PCR),DNA Building Blocks,0.92,Peer Agent1 proposed and Agent3 concurred on the importance of dNTPs for polymerase activity during amplification.,Ammonium sulfate,0.85,Round 3 refinement with peer support: 1,310240,Brazil,metric tons,317385.0,4.6,0.8,Moderate producer with reported data from industry associations.
RT-PCR (Reverse Transcription PCR),DNA Building Blocks,0.92,Peer Agent1 proposed and Agent3 concurred on the importance of dNTPs for polymerase activity during amplification.,Ammonium sulfate,0.85,Round 3 refinement with peer support: 1,310240,Philippines,metric tons,496874.0,25.3,0.9,"USGS reports show Philippines as the largest producer of Ammonium sulfate in 2022, maintaining position with recent data."
RT-PCR (Reverse Transcription PCR),DNA Building Blocks,0.92,Peer Agent1 proposed and Agent3 concurred on the importance of dNTPs for polymerase activity during amplification.,Boron trioxide,0.7,Round 3 refinement with peer support: 0,281000,China,metric tons,66000.0,27.33,0.873,Based on recent reports from the China Geological Survey; significant mining operations.
RT-PCR (Reverse Transcription PCR),DNA Building Blocks,0.92,Peer Agent1 proposed and Agent3 concurred on the importance of dNTPs for polymerase activity during amplification.,Boron trioxide,0.7,Round 3 refinement with peer support: 0,281000,Turkey,metric tons,9666.666666666666,18.0,0.783,Multi-agent debate consensus
RT-PCR (Reverse Transcription PCR),DNA Building Blocks,0.92,Peer Agent1 proposed and Agent3 concurred on the importance of dNTPs for polymerase activity during amplification.,Boron trioxide,0.7,Round 3 refinement with peer support: 0,281000,United States,metric tons,40040.0,10.08,0.833,Multi-agent debate consensus
RT-PCR (Reverse Transcription PCR),DNA Building Blocks,0.92,Peer Agent1 proposed and Agent3 concurred on the importance of dNTPs for polymerase activity during amplification.,Boron trioxide,0.7,Round 3 refinement with peer support: 0,281000,Australia,metric tons,24000.0,6.0,0.85,Australian Mining Reports; reliable data source for primary production.
RT-PCR (Reverse Transcription PCR),DNA Building Blocks,0.92,Peer Agent1 proposed and Agent3 concurred on the importance of dNTPs for polymerase activity during amplification.,Boron trioxide,0.7,Round 3 refinement with peer support: 0,281000,India,metric tons,12100.0,3.2,0.75,Multi-agent debate consensus
RT-PCR (Reverse Transcription PCR),DNA Building Blocks,0.92,Peer Agent1 proposed and Agent3 concurred on the importance of dNTPs for polymerase activity during amplification.,Bovine serum albumin (BSA),0.7,Round 3 refinement with peer support: 0,350290,China,kg,866.6666666666666,22.67,0.75,"Emerging market with significant biotech industry, good reports from industry surveys."
RT-PCR (Reverse Transcription PCR),DNA Building Blocks,0.92,Peer Agent1 proposed and Agent3 concurred on the importance of dNTPs for polymerase activity during amplification.,Bovine serum albumin (BSA),0.7,Round 3 refinement with peer support: 0,350290,Germany,kg,363.3333333333333,13.67,0.693,Multi-agent debate consensus
RT-PCR (Reverse Transcription PCR),DNA Building Blocks,0.92,Peer Agent1 proposed and Agent3 concurred on the importance of dNTPs for polymerase activity during amplification.,Bovine serum albumin (BSA),0.7,Round 3 refinement with peer support: 0,350290,United States,kg,1625.0,34.0,0.75,The U.S. is a major producer due to its significant cattle population and strong biologics industry; data from industry reports.
RT-PCR (Reverse Transcription PCR),DNA Building Blocks,0.92,Peer Agent1 proposed and Agent3 concurred on the importance of dNTPs for polymerase activity during amplification.,Bovine serum albumin (BSA),0.7,Round 3 refinement with peer support: 0,350290,India,kg,836.6666666666666,15.67,0.64,"Huge cattle population; data from the Ministry of Fisheries, Animal Husbandry & Dairying."
RT-PCR (Reverse Transcription PCR),DNA Building Blocks,0.92,Peer Agent1 proposed and Agent3 concurred on the importance of dNTPs for polymerase activity during amplification.,Bovine serum albumin (BSA),0.7,Round 3 refinement with peer support: 0,350290,Brazil,kg,320.0,10.0,0.765,Agricultural production supporting local BSA manufacturing; data from agricultural ministry.
RT-PCR (Reverse Transcription PCR),DNA Building Blocks,0.92,Peer Agent1 proposed and Agent3 concurred on the importance of dNTPs for polymerase activity during amplification.,Magnesium chloride,0.7,Round 3 refinement with peer support: 0,282570,China,metric tons,3658333.3333333335,41.33,0.85,Multi-agent debate consensus
RT-PCR (Reverse Transcription PCR),DNA Building Blocks,0.92,Peer Agent1 proposed and Agent3 concurred on the importance of dNTPs for polymerase activity during amplification.,Magnesium chloride,0.7,Round 3 refinement with peer support: 0,282570,Russia,metric tons,718000.0,9.63,0.7,"Russia has a well-advanced magnesium chloride industry, driven by its resource base."
RT-PCR (Reverse Transcription PCR),DNA Building Blocks,0.92,Peer Agent1 proposed and Agent3 concurred on the importance of dNTPs for polymerase activity during amplification.,Magnesium chloride,0.7,Round 3 refinement with peer support: 0,282570,Kazakhstan,metric tons,1230000.0,12.0,0.8,Kazakhstan is another key producer due to its substantial chloride resources.
RT-PCR (Reverse Transcription PCR),DNA Building Blocks,0.92,Peer Agent1 proposed and Agent3 concurred on the importance of dNTPs for polymerase activity during amplification.,Magnesium chloride,0.7,Round 3 refinement with peer support: 0,282570,Morocco,metric tons,2500000.0,37.0,0.8,Primary producer; latest data from OCP Group
RT-PCR (Reverse Transcription PCR),DNA Building Blocks,0.92,Peer Agent1 proposed and Agent3 concurred on the importance of dNTPs for polymerase activity during amplification.,Magnesium chloride,0.7,Round 3 refinement with peer support: 0,282570,Germany,metric tons,407500.0,3.5,0.775,Germany has a robust chemical industry that drives its magnesium chloride production.
RT-PCR (Reverse Transcription PCR),Buffering System,0.85,Multiple peers from Agents1-3 supported this buffer's role in maintaining optimal reaction conditions. Peer critique highlighted the need for refinement but did not significantly undermine its importance.,Buffer salts,0.95,Round 3 refinement with peer support: 2,382490,China,metric tons,219000.0,45.0,0.9,Based on the most recent China National Mineral Industry Federation data; reliable and comprehensive.
RT-PCR (Reverse Transcription PCR),Buffering System,0.85,Multiple peers from Agents1-3 supported this buffer's role in maintaining optimal reaction conditions. Peer critique highlighted the need for refinement but did not significantly undermine its importance.,Buffer salts,0.95,Round 3 refinement with peer support: 2,382490,Germany,metric tons,67000.0,17.0,0.85,Major manufacturing hub with robust production; good data from European sources.
RT-PCR (Reverse Transcription PCR),Buffering System,0.85,Multiple peers from Agents1-3 supported this buffer's role in maintaining optimal reaction conditions. Peer critique highlighted the need for refinement but did not significantly undermine its importance.,Buffer salts,0.95,Round 3 refinement with peer support: 2,382490,India,metric tons,91000.0,16.0,0.85,Second largest producer with good industrial statistics but some reporting lag.
RT-PCR (Reverse Transcription PCR),Buffering System,0.85,Multiple peers from Agents1-3 supported this buffer's role in maintaining optimal reaction conditions. Peer critique highlighted the need for refinement but did not significantly undermine its importance.,Buffer salts,0.95,Round 3 refinement with peer support: 2,382490,Australia,metric tons,27000.0,4.5,0.825,Reliable producer with strong Australian Bureau of Resources and Energy Economics (AREE) reports.
RT-PCR (Reverse Transcription PCR),Buffering System,0.85,Multiple peers from Agents1-3 supported this buffer's role in maintaining optimal reaction conditions. Peer critique highlighted the need for refinement but did not significantly undermine its importance.,Buffer salts,0.95,Round 3 refinement with peer support: 2,382490,Belgium,metric tons,19500.0,5.5,0.825,Local operations and thorough data provided by industry reports; consistent production.
MQ-9 Reaper Drone,RF Wireless Module/Microstrip Antenna for Telecommunication,0.97,"Similarly to the electric motor, multiple agents have proposed this component with high confidence, suggesting it is indeed necessary for the functionality of the MQ-9 Reaper Drone.",Aluminum,0.85,Round 3 refinement with peer support: 1,280300,CHINA,THOUSAND METRIC TONS,41000.0,58.57,0.95,USGS Mineral Commodity Summaries 2024/2023 - authoritative U.S. government production data with global coverage
MQ-9 Reaper Drone,RF Wireless Module/Microstrip Antenna for Telecommunication,0.97,"Similarly to the electric motor, multiple agents have proposed this component with high confidence, suggesting it is indeed necessary for the functionality of the MQ-9 Reaper Drone.",Aluminum,0.85,Round 3 refinement with peer support: 1,280300,OTHER,THOUSAND METRIC TONS,7000.0,10.0,0.95,USGS Mineral Commodity Summaries 2024/2023 - authoritative U.S. government production data with global coverage
MQ-9 Reaper Drone,RF Wireless Module/Microstrip Antenna for Telecommunication,0.97,"Similarly to the electric motor, multiple agents have proposed this component with high confidence, suggesting it is indeed necessary for the functionality of the MQ-9 Reaper Drone.",Aluminum,0.85,Round 3 refinement with peer support: 1,280300,INDIA,THOUSAND METRIC TONS,4100.0,5.86,0.95,USGS Mineral Commodity Summaries 2024/2023 - authoritative U.S. government production data with global coverage
MQ-9 Reaper Drone,RF Wireless Module/Microstrip Antenna for Telecommunication,0.97,"Similarly to the electric motor, multiple agents have proposed this component with high confidence, suggesting it is indeed necessary for the functionality of the MQ-9 Reaper Drone.",Aluminum,0.85,Round 3 refinement with peer support: 1,280300,RUSSIA,THOUSAND METRIC TONS,3800.0,5.43,0.95,USGS Mineral Commodity Summaries 2024/2023 - authoritative U.S. government production data with global coverage
MQ-9 Reaper Drone,RF Wireless Module/Microstrip Antenna for Telecommunication,0.97,"Similarly to the electric motor, multiple agents have proposed this component with high confidence, suggesting it is indeed necessary for the functionality of the MQ-9 Reaper Drone.",Aluminum,0.85,Round 3 refinement with peer support: 1,280300,CANADA,THOUSAND METRIC TONS,3000.0,4.29,0.95,USGS Mineral Commodity Summaries 2024/2023 - authoritative U.S. government production data with global coverage
MQ-9 Reaper Drone,RF Wireless Module/Microstrip Antenna for Telecommunication,0.97,"Similarly to the electric motor, multiple agents have proposed this component with high confidence, suggesting it is indeed necessary for the functionality of the MQ-9 Reaper Drone.",Copper,0.775,Round 3 refinement with peer support: 1,740100,CHINA,THOUSAND METRIC TONS,1700.0,3.47,0.95,USGS Mineral Commodity Summaries 2024/2023 - authoritative U.S. government production data with global coverage
MQ-9 Reaper Drone,RF Wireless Module/Microstrip Antenna for Telecommunication,0.97,"Similarly to the electric motor, multiple agents have proposed this component with high confidence, suggesting it is indeed necessary for the functionality of the MQ-9 Reaper Drone.",Copper,0.775,Round 3 refinement with peer support: 1,740100,CHILE,THOUSAND METRIC TONS,5000.0,10.2,0.95,USGS Mineral Commodity Summaries 2024/2023 - authoritative U.S. government production data with global coverage
MQ-9 Reaper Drone,RF Wireless Module/Microstrip Antenna for Telecommunication,0.97,"Similarly to the electric motor, multiple agents have proposed this component with high confidence, suggesting it is indeed necessary for the functionality of the MQ-9 Reaper Drone.",Copper,0.775,Round 3 refinement with peer support: 1,740100,OTHER,THOUSAND METRIC TONS,3100.0,6.33,0.95,USGS Mineral Commodity Summaries 2024/2023 - authoritative U.S. government production data with global coverage
MQ-9 Reaper Drone,RF Wireless Module/Microstrip Antenna for Telecommunication,0.97,"Similarly to the electric motor, multiple agents have proposed this component with high confidence, suggesting it is indeed necessary for the functionality of the MQ-9 Reaper Drone.",Copper,0.775,Round 3 refinement with peer support: 1,740100,CONGO,THOUSAND METRIC TONS,2500.0,5.1,0.95,USGS Mineral Commodity Summaries 2024/2023 - authoritative U.S. government production data with global coverage
MQ-9 Reaper Drone,RF Wireless Module/Microstrip Antenna for Telecommunication,0.97,"Similarly to the electric motor, multiple agents have proposed this component with high confidence, suggesting it is indeed necessary for the functionality of the MQ-9 Reaper Drone.",Copper,0.775,Round 3 refinement with peer support: 1,740100,PERU,THOUSAND METRIC TONS,2600.0,5.31,0.95,USGS Mineral Commodity Summaries 2024/2023 - authoritative U.S. government production data with global coverage
MQ-9 Reaper Drone,RF Wireless Module/Microstrip Antenna for Telecommunication,0.97,"Similarly to the electric motor, multiple agents have proposed this component with high confidence, suggesting it is indeed necessary for the functionality of the MQ-9 Reaper Drone.",Antimony,0.7,Round 3 refinement with peer support: 0,811100,CHINA,METRIC TONS,40000.0,48.19,0.95,USGS Mineral Commodity Summaries 2024/2023 - authoritative U.S. government production data with global coverage
MQ-9 Reaper Drone,RF Wireless Module/Microstrip Antenna for Telecommunication,0.97,"Similarly to the electric motor, multiple agents have proposed this component with high confidence, suggesting it is indeed necessary for the functionality of the MQ-9 Reaper Drone.",Antimony,0.7,Round 3 refinement with peer support: 0,811100,TAJIKISTAN,METRIC TONS,21000.0,25.3,0.95,USGS Mineral Commodity Summaries 2024/2023 - authoritative U.S. government production data with global coverage
MQ-9 Reaper Drone,RF Wireless Module/Microstrip Antenna for Telecommunication,0.97,"Similarly to the electric motor, multiple agents have proposed this component with high confidence, suggesting it is indeed necessary for the functionality of the MQ-9 Reaper Drone.",Antimony,0.7,Round 3 refinement with peer support: 0,811100,TURKEY,METRIC TONS,6000.0,7.23,0.95,USGS Mineral Commodity Summaries 2024/2023 - authoritative U.S. government production data with global coverage
MQ-9 Reaper Drone,RF Wireless Module/Microstrip Antenna for Telecommunication,0.97,"Similarly to the electric motor, multiple agents have proposed this component with high confidence, suggesting it is indeed necessary for the functionality of the MQ-9 Reaper Drone.",Antimony,0.7,Round 3 refinement with peer support: 0,811100,BURMA,METRIC TONS,4600.0,5.54,0.95,USGS Mineral Commodity Summaries 2024/2023 - authoritative U.S. government production data with global coverage
MQ-9 Reaper Drone,RF Wireless Module/Microstrip Antenna for Telecommunication,0.97,"Similarly to the electric motor, multiple agents have proposed this component with high confidence, suggesting it is indeed necessary for the functionality of the MQ-9 Reaper Drone.",Antimony,0.7,Round 3 refinement with peer support: 0,811100,RUSSIA,METRIC TONS,4300.0,5.18,0.95,USGS Mineral Commodity Summaries 2024/2023 - authoritative U.S. government production data with global coverage
MQ-9 Reaper Drone,DC Electric Motor,0.98,"Multiple agents propose electric motors as a primary component, indicating strong consensus among experts.",Copper,0.85,Round 3 refinement with peer support: 1,740100,CHINA,THOUSAND METRIC TONS,1700.0,3.47,0.95,USGS Mineral Commodity Summaries 2024/2023 - authoritative U.S. government production data with global coverage
MQ-9 Reaper Drone,DC Electric Motor,0.98,"Multiple agents propose electric motors as a primary component, indicating strong consensus among experts.",Copper,0.85,Round 3 refinement with peer support: 1,740100,CHILE,THOUSAND METRIC TONS,5000.0,10.2,0.95,USGS Mineral Commodity Summaries 2024/2023 - authoritative U.S. government production data with global coverage
MQ-9 Reaper Drone,DC Electric Motor,0.98,"Multiple agents propose electric motors as a primary component, indicating strong consensus among experts.",Copper,0.85,Round 3 refinement with peer support: 1,740100,OTHER,THOUSAND METRIC TONS,3100.0,6.33,0.95,USGS Mineral Commodity Summaries 2024/2023 - authoritative U.S. government production data with global coverage
MQ-9 Reaper Drone,DC Electric Motor,0.98,"Multiple agents propose electric motors as a primary component, indicating strong consensus among experts.",Copper,0.85,Round 3 refinement with peer support: 1,740100,CONGO,THOUSAND METRIC TONS,2500.0,5.1,0.95,USGS Mineral Commodity Summaries 2024/2023 - authoritative U.S. government production data with global coverage
MQ-9 Reaper Drone,DC Electric Motor,0.98,"Multiple agents propose electric motors as a primary component, indicating strong consensus among experts.",Copper,0.85,Round 3 refinement with peer support: 1,740100,PERU,THOUSAND METRIC TONS,2600.0,5.31,0.95,USGS Mineral Commodity Summaries 2024/2023 - authoritative U.S. government production data with global coverage
MQ-9 Reaper Drone,DC Electric Motor,0.98,"Multiple agents propose electric motors as a primary component, indicating strong consensus among experts.",Aluminum,0.7,Round 3 refinement with peer support: 0,280300,CHINA,THOUSAND METRIC TONS,41000.0,58.57,0.95,USGS Mineral Commodity Summaries 2024/2023 - authoritative U.S. government production data with global coverage
MQ-9 Reaper Drone,DC Electric Motor,0.98,"Multiple agents propose electric motors as a primary component, indicating strong consensus among experts.",Aluminum,0.7,Round 3 refinement with peer support: 0,280300,OTHER,THOUSAND METRIC TONS,7000.0,10.0,0.95,USGS Mineral Commodity Summaries 2024/2023 - authoritative U.S. government production data with global coverage
MQ-9 Reaper Drone,DC Electric Motor,0.98,"Multiple agents propose electric motors as a primary component, indicating strong consensus among experts.",Aluminum,0.7,Round 3 refinement with peer support: 0,280300,INDIA,THOUSAND METRIC TONS,4100.0,5.86,0.95,USGS Mineral Commodity Summaries 2024/2023 - authoritative U.S. government production data with global coverage
MQ-9 Reaper Drone,DC Electric Motor,0.98,"Multiple agents propose electric motors as a primary component, indicating strong consensus among experts.",Aluminum,0.7,Round 3 refinement with peer support: 0,280300,RUSSIA,THOUSAND METRIC TONS,3800.0,5.43,0.95,USGS Mineral Commodity Summaries 2024/2023 - authoritative U.S. government production data with global coverage
MQ-9 Reaper Drone,DC Electric Motor,0.98,"Multiple agents propose electric motors as a primary component, indicating strong consensus among experts.",Aluminum,0.7,Round 3 refinement with peer support: 0,280300,CANADA,THOUSAND METRIC TONS,3000.0,4.29,0.95,USGS Mineral Commodity Summaries 2024/2023 - authoritative U.S. government production data with global coverage
MQ-9 Reaper Drone,DC Electric Motor,0.98,"Multiple agents propose electric motors as a primary component, indicating strong consensus among experts.",Boron nitride,0.7,Round 3 refinement with peer support: 0,285000,Japan,metric tons,5583.333333333333,20.33,0.733,Multi-agent debate consensus
MQ-9 Reaper Drone,DC Electric Motor,0.98,"Multiple agents propose electric motors as a primary component, indicating strong consensus among experts.",Boron nitride,0.7,Round 3 refinement with peer support: 0,285000,United States,metric tons,4066.6666666666665,14.6,0.7,Based on recent estimates from the USGS reports; strong producer but data may have limitations.
MQ-9 Reaper Drone,DC Electric Motor,0.98,"Multiple agents propose electric motors as a primary component, indicating strong consensus among experts.",Boron nitride,0.7,Round 3 refinement with peer support: 0,285000,Germany,metric tons,2073.3333333333335,6.27,0.667,Multi-agent debate consensus
MQ-9 Reaper Drone,DC Electric Motor,0.98,"Multiple agents propose electric motors as a primary component, indicating strong consensus among experts.",Boron nitride,0.7,Round 3 refinement with peer support: 0,285000,South Korea,metric tons,4756.666666666667,11.67,0.667,Multi-agent debate consensus
MQ-9 Reaper Drone,DC Electric Motor,0.98,"Multiple agents propose electric motors as a primary component, indicating strong consensus among experts.",Boron nitride,0.7,Round 3 refinement with peer support: 0,285000,China,metric tons,27475.0,31.5,0.7,Considered a minor producer with limited data available for confirmation; estimates based on recent partial reports.
MQ-9 Reaper Drone,DC Electric Motor,0.98,"Multiple agents propose electric motors as a primary component, indicating strong consensus among experts.",Iron,0.7,Round 3 refinement with peer support: 0,720110,Brazil,metric tons,15998748.666666666,6.13,0.833,World Bank reports 2023 data on Brazil's iron production
MQ-9 Reaper Drone,DC Electric Motor,0.98,"Multiple agents propose electric motors as a primary component, indicating strong consensus among experts.",Iron,0.7,Round 3 refinement with peer support: 0,720110,China,metric tons,84458981.0,32.45,0.875,USGS data for 2023 shows China dominates global iron production
MQ-9 Reaper Drone,DC Electric Motor,0.98,"Multiple agents propose electric motors as a primary component, indicating strong consensus among experts.",Iron,0.7,Round 3 refinement with peer support: 0,720110,Australia,metric tons,20033946.0,7.8,0.85,Australian Bureau of Statistics 2023 data on iron production
MQ-9 Reaper Drone,DC Electric Motor,0.98,"Multiple agents propose electric motors as a primary component, indicating strong consensus among experts.",Iron,0.7,Round 3 refinement with peer support: 0,720110,India,metric tons,12472384.0,4.7,0.825,ISMR annual report for 2023 on Indian iron production
MQ-9 Reaper Drone,DC Electric Motor,0.98,"Multiple agents propose electric motors as a primary component, indicating strong consensus among experts.",Iron,0.7,Round 3 refinement with peer support: 0,720110,Russia,metric tons,8224380.0,3.15,0.825,RIAC (Russian Institute for Strategic Studies) reports on 2023 iron production
MQ-9 Reaper Drone,Aerodynamic Disruption Device,0.98,Multi-agent support from Agents 1 and 3. This component is critical for the MQ-9 Reaper Drone's construction given its lightweight yet robust nature.,Aluminum,0.95,Round 3 refinement with peer support: 2,280300,CHINA,THOUSAND METRIC TONS,41000.0,58.57,0.95,USGS Mineral Commodity Summaries 2024/2023 - authoritative U.S. government production data with global coverage
MQ-9 Reaper Drone,Aerodynamic Disruption Device,0.98,Multi-agent support from Agents 1 and 3. This component is critical for the MQ-9 Reaper Drone's construction given its lightweight yet robust nature.,Aluminum,0.95,Round 3 refinement with peer support: 2,280300,OTHER,THOUSAND METRIC TONS,7000.0,10.0,0.95,USGS Mineral Commodity Summaries 2024/2023 - authoritative U.S. government production data with global coverage
MQ-9 Reaper Drone,Aerodynamic Disruption Device,0.98,Multi-agent support from Agents 1 and 3. This component is critical for the MQ-9 Reaper Drone's construction given its lightweight yet robust nature.,Aluminum,0.95,Round 3 refinement with peer support: 2,280300,INDIA,THOUSAND METRIC TONS,4100.0,5.86,0.95,USGS Mineral Commodity Summaries 2024/2023 - authoritative U.S. government production data with global coverage
MQ-9 Reaper Drone,Aerodynamic Disruption Device,0.98,Multi-agent support from Agents 1 and 3. This component is critical for the MQ-9 Reaper Drone's construction given its lightweight yet robust nature.,Aluminum,0.95,Round 3 refinement with peer support: 2,280300,RUSSIA,THOUSAND METRIC TONS,3800.0,5.43,0.95,USGS Mineral Commodity Summaries 2024/2023 - authoritative U.S. government production data with global coverage
MQ-9 Reaper Drone,Aerodynamic Disruption Device,0.98,Multi-agent support from Agents 1 and 3. This component is critical for the MQ-9 Reaper Drone's construction given its lightweight yet robust nature.,Aluminum,0.95,Round 3 refinement with peer support: 2,280300,CANADA,THOUSAND METRIC TONS,3000.0,4.29,0.95,USGS Mineral Commodity Summaries 2024/2023 - authoritative U.S. government production data with global coverage
MQ-9 Reaper Drone,Aerodynamic Disruption Device,0.98,Multi-agent support from Agents 1 and 3. This component is critical for the MQ-9 Reaper Drone's construction given its lightweight yet robust nature.,Borosilicate glass,0.7,Round 3 refinement with peer support: 0,700800,China,metric tons,51491666.666666664,41.67,0.833,Multi-agent debate consensus
MQ-9 Reaper Drone,Aerodynamic Disruption Device,0.98,Multi-agent support from Agents 1 and 3. This component is critical for the MQ-9 Reaper Drone's construction given its lightweight yet robust nature.,Borosilicate glass,0.7,Round 3 refinement with peer support: 0,700800,Germany,metric tons,20445000.0,14.0,0.817,Germany's reputation in precision and high-quality glass production supports this estimate.
MQ-9 Reaper Drone,Aerodynamic Disruption Device,0.98,Multi-agent support from Agents 1 and 3. This component is critical for the MQ-9 Reaper Drone's construction given its lightweight yet robust nature.,Borosilicate glass,0.7,Round 3 refinement with peer support: 0,700800,Japan,metric tons,25300000.0,12.67,0.85,Japanese manufacturers are known for their expertise in borosilicate glass.
MQ-9 Reaper Drone,Aerodynamic Disruption Device,0.98,Multi-agent support from Agents 1 and 3. This component is critical for the MQ-9 Reaper Drone's construction given its lightweight yet robust nature.,Borosilicate glass,0.7,Round 3 refinement with peer support: 0,700800,United States,metric tons,10150333.333333334,9.0,0.783,Multi-agent debate consensus
MQ-9 Reaper Drone,Aerodynamic Disruption Device,0.98,Multi-agent support from Agents 1 and 3. This component is critical for the MQ-9 Reaper Drone's construction given its lightweight yet robust nature.,Borosilicate glass,0.7,Round 3 refinement with peer support: 0,700800,Italy,metric tons,8432333.333333334,5.33,0.7,Historically important in specialized glass manufacturing but specific borosilicate data might exist elsewhere.
MQ-9 Reaper Drone,Motor Device,0.96,"Support from multiple agents, including Agent2 and Agent3. These motors are fundamental for propulsion in modern drones like the MQ-9 Reaper.",Copper,0.85,Round 3 refinement with peer support: 1,740100,CHINA,THOUSAND METRIC TONS,1700.0,3.47,0.95,USGS Mineral Commodity Summaries 2024/2023 - authoritative U.S. government production data with global coverage
MQ-9 Reaper Drone,Motor Device,0.96,"Support from multiple agents, including Agent2 and Agent3. These motors are fundamental for propulsion in modern drones like the MQ-9 Reaper.",Copper,0.85,Round 3 refinement with peer support: 1,740100,CHILE,THOUSAND METRIC TONS,5000.0,10.2,0.95,USGS Mineral Commodity Summaries 2024/2023 - authoritative U.S. government production data with global coverage
MQ-9 Reaper Drone,Motor Device,0.96,"Support from multiple agents, including Agent2 and Agent3. These motors are fundamental for propulsion in modern drones like the MQ-9 Reaper.",Copper,0.85,Round 3 refinement with peer support: 1,740100,OTHER,THOUSAND METRIC TONS,3100.0,6.33,0.95,USGS Mineral Commodity Summaries 2024/2023 - authoritative U.S. government production data with global coverage
MQ-9 Reaper Drone,Motor Device,0.96,"Support from multiple agents, including Agent2 and Agent3. These motors are fundamental for propulsion in modern drones like the MQ-9 Reaper.",Copper,0.85,Round 3 refinement with peer support: 1,740100,CONGO,THOUSAND METRIC TONS,2500.0,5.1,0.95,USGS Mineral Commodity Summaries 2024/2023 - authoritative U.S. government production data with global coverage
MQ-9 Reaper Drone,Motor Device,0.96,"Support from multiple agents, including Agent2 and Agent3. These motors are fundamental for propulsion in modern drones like the MQ-9 Reaper.",Copper,0.85,Round 3 refinement with peer support: 1,740100,PERU,THOUSAND METRIC TONS,2600.0,5.31,0.95,USGS Mineral Commodity Summaries 2024/2023 - authoritative U.S. government production data with global coverage
MQ-9 Reaper Drone,Motor Device,0.96,"Support from multiple agents, including Agent2 and Agent3. These motors are fundamental for propulsion in modern drones like the MQ-9 Reaper.",Iron,0.7,Round 3 refinement with peer support: 0,720110,Brazil,metric tons,15998748.666666666,6.13,0.833,World Bank reports 2023 data on Brazil's iron production
MQ-9 Reaper Drone,Motor Device,0.96,"Support from multiple agents, including Agent2 and Agent3. These motors are fundamental for propulsion in modern drones like the MQ-9 Reaper.",Iron,0.7,Round 3 refinement with peer support: 0,720110,China,metric tons,84458981.0,32.45,0.875,USGS data for 2023 shows China dominates global iron production
MQ-9 Reaper Drone,Motor Device,0.96,"Support from multiple agents, including Agent2 and Agent3. These motors are fundamental for propulsion in modern drones like the MQ-9 Reaper.",Iron,0.7,Round 3 refinement with peer support: 0,720110,Australia,metric tons,20033946.0,7.8,0.85,Australian Bureau of Statistics 2023 data on iron production
MQ-9 Reaper Drone,Motor Device,0.96,"Support from multiple agents, including Agent2 and Agent3. These motors are fundamental for propulsion in modern drones like the MQ-9 Reaper.",Iron,0.7,Round 3 refinement with peer support: 0,720110,India,metric tons,12472384.0,4.7,0.825,ISMR annual report for 2023 on Indian iron production
MQ-9 Reaper Drone,Motor Device,0.96,"Support from multiple agents, including Agent2 and Agent3. These motors are fundamental for propulsion in modern drones like the MQ-9 Reaper.",Iron,0.7,Round 3 refinement with peer support: 0,720110,Russia,metric tons,8224380.0,3.15,0.825,RIAC (Russian Institute for Strategic Studies) reports on 2023 iron production
MQ-9 Reaper Drone,Motor Device,0.96,"Support from multiple agents, including Agent2 and Agent3. These motors are fundamental for propulsion in modern drones like the MQ-9 Reaper.",Aluminum,0.7,Round 3 refinement with peer support: 0,280300,CHINA,THOUSAND METRIC TONS,41000.0,58.57,0.95,USGS Mineral Commodity Summaries 2024/2023 - authoritative U.S. government production data with global coverage
MQ-9 Reaper Drone,Motor Device,0.96,"Support from multiple agents, including Agent2 and Agent3. These motors are fundamental for propulsion in modern drones like the MQ-9 Reaper.",Aluminum,0.7,Round 3 refinement with peer support: 0,280300,OTHER,THOUSAND METRIC TONS,7000.0,10.0,0.95,USGS Mineral Commodity Summaries 2024/2023 - authoritative U.S. government production data with global coverage
MQ-9 Reaper Drone,Motor Device,0.96,"Support from multiple agents, including Agent2 and Agent3. These motors are fundamental for propulsion in modern drones like the MQ-9 Reaper.",Aluminum,0.7,Round 3 refinement with peer support: 0,280300,INDIA,THOUSAND METRIC TONS,4100.0,5.86,0.95,USGS Mineral Commodity Summaries 2024/2023 - authoritative U.S. government production data with global coverage
MQ-9 Reaper Drone,Motor Device,0.96,"Support from multiple agents, including Agent2 and Agent3. These motors are fundamental for propulsion in modern drones like the MQ-9 Reaper.",Aluminum,0.7,Round 3 refinement with peer support: 0,280300,RUSSIA,THOUSAND METRIC TONS,3800.0,5.43,0.95,USGS Mineral Commodity Summaries 2024/2023 - authoritative U.S. government production data with global coverage
MQ-9 Reaper Drone,Motor Device,0.96,"Support from multiple agents, including Agent2 and Agent3. These motors are fundamental for propulsion in modern drones like the MQ-9 Reaper.",Aluminum,0.7,Round 3 refinement with peer support: 0,280300,CANADA,THOUSAND METRIC TONS,3000.0,4.29,0.95,USGS Mineral Commodity Summaries 2024/2023 - authoritative U.S. government production data with global coverage
MQ-9 Reaper Drone,Mechanical Stabilization Component,0.95,"While only one agent initially proposed it, subsequent debate has justified its importance in maintaining the stability of sensors and other equipment during operation.",Stainless steel,0.775,Round 3 refinement with peer support: 1,722000,China,tons,23282553.0,51.4,0.93,China dominates global stainless steel production based on recent industry reports and production statistics from the China Iron & Steel Association (CISA).
MQ-9 Reaper Drone,Mechanical Stabilization Component,0.95,"While only one agent initially proposed it, subsequent debate has justified its importance in maintaining the stability of sensors and other equipment during operation.",Stainless steel,0.775,Round 3 refinement with peer support: 1,722000,Russia,tons,1952233.3333333333,5.23,0.783,Large nickel producing country with diversified mining operations. Data from the Federal Service for Supervision of Consumer Rights and Wellbeing.
MQ-9 Reaper Drone,Mechanical Stabilization Component,0.95,"While only one agent initially proposed it, subsequent debate has justified its importance in maintaining the stability of sensors and other equipment during operation.",Stainless steel,0.775,Round 3 refinement with peer support: 1,722000,India,metric tons,5600000.0,8.5,0.85,Multi-agent debate consensus
MQ-9 Reaper Drone,Mechanical Stabilization Component,0.95,"While only one agent initially proposed it, subsequent debate has justified its importance in maintaining the stability of sensors and other equipment during operation.",Stainless steel,0.775,Round 3 refinement with peer support: 1,722000,Japan,metric tons,5490000.0,7.5,0.9,Multi-agent debate consensus
MQ-9 Reaper Drone,Mechanical Stabilization Component,0.95,"While only one agent initially proposed it, subsequent debate has justified its importance in maintaining the stability of sensors and other equipment during operation.",Stainless steel,0.775,Round 3 refinement with peer support: 1,722000,Germany,metric tons,3667500.0,5.0,0.845,Multi-agent debate consensus
MQ-9 Reaper Drone,Mechanical Stabilization Component,0.95,"While only one agent initially proposed it, subsequent debate has justified its importance in maintaining the stability of sensors and other equipment during operation.",Aluminum,0.85,Round 3 refinement with peer support: 1,280300,CHINA,THOUSAND METRIC TONS,41000.0,58.57,0.95,USGS Mineral Commodity Summaries 2024/2023 - authoritative U.S. government production data with global coverage
MQ-9 Reaper Drone,Mechanical Stabilization Component,0.95,"While only one agent initially proposed it, subsequent debate has justified its importance in maintaining the stability of sensors and other equipment during operation.",Aluminum,0.85,Round 3 refinement with peer support: 1,280300,OTHER,THOUSAND METRIC TONS,7000.0,10.0,0.95,USGS Mineral Commodity Summaries 2024/2023 - authoritative U.S. government production data with global coverage
MQ-9 Reaper Drone,Mechanical Stabilization Component,0.95,"While only one agent initially proposed it, subsequent debate has justified its importance in maintaining the stability of sensors and other equipment during operation.",Aluminum,0.85,Round 3 refinement with peer support: 1,280300,INDIA,THOUSAND METRIC TONS,4100.0,5.86,0.95,USGS Mineral Commodity Summaries 2024/2023 - authoritative U.S. government production data with global coverage
MQ-9 Reaper Drone,Mechanical Stabilization Component,0.95,"While only one agent initially proposed it, subsequent debate has justified its importance in maintaining the stability of sensors and other equipment during operation.",Aluminum,0.85,Round 3 refinement with peer support: 1,280300,RUSSIA,THOUSAND METRIC TONS,3800.0,5.43,0.95,USGS Mineral Commodity Summaries 2024/2023 - authoritative U.S. government production data with global coverage
MQ-9 Reaper Drone,Mechanical Stabilization Component,0.95,"While only one agent initially proposed it, subsequent debate has justified its importance in maintaining the stability of sensors and other equipment during operation.",Aluminum,0.85,Round 3 refinement with peer support: 1,280300,CANADA,THOUSAND METRIC TONS,3000.0,4.29,0.95,USGS Mineral Commodity Summaries 2024/2023 - authoritative U.S. government production data with global coverage
MQ-9 Reaper Drone,Mechanical Stabilization Component,0.95,"While only one agent initially proposed it, subsequent debate has justified its importance in maintaining the stability of sensors and other equipment during operation.",Graphite,0.7,Round 3 refinement with peer support: 0,380110,CHINA,METRIC TONS,1230000.0,76.88,0.95,USGS Mineral Commodity Summaries 2024/2023 - authoritative U.S. government production data with global coverage
MQ-9 Reaper Drone,Mechanical Stabilization Component,0.95,"While only one agent initially proposed it, subsequent debate has justified its importance in maintaining the stability of sensors and other equipment during operation.",Graphite,0.7,Round 3 refinement with peer support: 0,380110,MADAGASCAR,METRIC TONS,100000.0,6.25,0.95,USGS Mineral Commodity Summaries 2024/2023 - authoritative U.S. government production data with global coverage
MQ-9 Reaper Drone,Mechanical Stabilization Component,0.95,"While only one agent initially proposed it, subsequent debate has justified its importance in maintaining the stability of sensors and other equipment during operation.",Graphite,0.7,Round 3 refinement with peer support: 0,380110,MOZAMBIQUE,METRIC TONS,96000.0,6.0,0.95,USGS Mineral Commodity Summaries 2024/2023 - authoritative U.S. government production data with global coverage
MQ-9 Reaper Drone,Mechanical Stabilization Component,0.95,"While only one agent initially proposed it, subsequent debate has justified its importance in maintaining the stability of sensors and other equipment during operation.",Graphite,0.7,Round 3 refinement with peer support: 0,380110,BRAZIL,METRIC TONS,73000.0,4.56,0.95,USGS Mineral Commodity Summaries 2024/2023 - authoritative U.S. government production data with global coverage
MQ-9 Reaper Drone,Mechanical Stabilization Component,0.95,"While only one agent initially proposed it, subsequent debate has justified its importance in maintaining the stability of sensors and other equipment during operation.",Graphite,0.7,Round 3 refinement with peer support: 0,380110,"KOREA, REPUBLIC OF",METRIC TONS,27000.0,1.69,0.95,USGS Mineral Commodity Summaries 2024/2023 - authoritative U.S. government production data with global coverage
MQ-9 Reaper Drone,Mechanical Stabilization Component,0.95,"While only one agent initially proposed it, subsequent debate has justified its importance in maintaining the stability of sensors and other equipment during operation.",Nickel,0.7,Round 3 refinement with peer support: 0,750110,INDONESIA,METRIC TONS,1800000.0,50.0,0.95,USGS Mineral Commodity Summaries 2024/2023 - authoritative U.S. government production data with global coverage
MQ-9 Reaper Drone,Mechanical Stabilization Component,0.95,"While only one agent initially proposed it, subsequent debate has justified its importance in maintaining the stability of sensors and other equipment during operation.",Nickel,0.7,Round 3 refinement with peer support: 0,750110,PHILIPPINES,METRIC TONS,400000.0,11.11,0.95,USGS Mineral Commodity Summaries 2024/2023 - authoritative U.S. government production data with global coverage
MQ-9 Reaper Drone,Mechanical Stabilization Component,0.95,"While only one agent initially proposed it, subsequent debate has justified its importance in maintaining the stability of sensors and other equipment during operation.",Nickel,0.7,Round 3 refinement with peer support: 0,750110,OTHER,METRIC TONS,380000.0,10.56,0.95,USGS Mineral Commodity Summaries 2024/2023 - authoritative U.S. government production data with global coverage
MQ-9 Reaper Drone,Mechanical Stabilization Component,0.95,"While only one agent initially proposed it, subsequent debate has justified its importance in maintaining the stability of sensors and other equipment during operation.",Nickel,0.7,Round 3 refinement with peer support: 0,750110,NEW CALEDONIA,METRIC TONS,230000.0,6.39,0.95,USGS Mineral Commodity Summaries 2024/2023 - authoritative U.S. government production data with global coverage
MQ-9 Reaper Drone,Mechanical Stabilization Component,0.95,"While only one agent initially proposed it, subsequent debate has justified its importance in maintaining the stability of sensors and other equipment during operation.",Nickel,0.7,Round 3 refinement with peer support: 0,750110,RUSSIA,METRIC TONS,200000.0,5.56,0.95,USGS Mineral Commodity Summaries 2024/2023 - authoritative U.S. government production data with global coverage
MQ-9 Reaper Drone,Mechanical Stabilization Component,0.95,"While only one agent initially proposed it, subsequent debate has justified its importance in maintaining the stability of sensors and other equipment during operation.",Copper,0.7,Round 3 refinement with peer support: 0,740100,CHINA,THOUSAND METRIC TONS,1700.0,3.47,0.95,USGS Mineral Commodity Summaries 2024/2023 - authoritative U.S. government production data with global coverage
MQ-9 Reaper Drone,Mechanical Stabilization Component,0.95,"While only one agent initially proposed it, subsequent debate has justified its importance in maintaining the stability of sensors and other equipment during operation.",Copper,0.7,Round 3 refinement with peer support: 0,740100,CHILE,THOUSAND METRIC TONS,5000.0,10.2,0.95,USGS Mineral Commodity Summaries 2024/2023 - authoritative U.S. government production data with global coverage
MQ-9 Reaper Drone,Mechanical Stabilization Component,0.95,"While only one agent initially proposed it, subsequent debate has justified its importance in maintaining the stability of sensors and other equipment during operation.",Copper,0.7,Round 3 refinement with peer support: 0,740100,OTHER,THOUSAND METRIC TONS,3100.0,6.33,0.95,USGS Mineral Commodity Summaries 2024/2023 - authoritative U.S. government production data with global coverage
MQ-9 Reaper Drone,Mechanical Stabilization Component,0.95,"While only one agent initially proposed it, subsequent debate has justified its importance in maintaining the stability of sensors and other equipment during operation.",Copper,0.7,Round 3 refinement with peer support: 0,740100,CONGO,THOUSAND METRIC TONS,2500.0,5.1,0.95,USGS Mineral Commodity Summaries 2024/2023 - authoritative U.S. government production data with global coverage
MQ-9 Reaper Drone,Mechanical Stabilization Component,0.95,"While only one agent initially proposed it, subsequent debate has justified its importance in maintaining the stability of sensors and other equipment during operation.",Copper,0.7,Round 3 refinement with peer support: 0,740100,PERU,THOUSAND METRIC TONS,2600.0,5.31,0.95,USGS Mineral Commodity Summaries 2024/2023 - authoritative U.S. government production data with global coverage
MQ-9 Reaper Drone,Aircraft Part,0.94,"Both Agents1 and Agent2 agreed on this component, suggesting high importance for the structural integrity of the drone. The aircraft body is a fundamental primary manufacturing component.",Aluminum,0.85,Round 3 refinement with peer support: 1,280300,CHINA,THOUSAND METRIC TONS,41000.0,58.57,0.95,USGS Mineral Commodity Summaries 2024/2023 - authoritative U.S. government production data with global coverage
MQ-9 Reaper Drone,Aircraft Part,0.94,"Both Agents1 and Agent2 agreed on this component, suggesting high importance for the structural integrity of the drone. The aircraft body is a fundamental primary manufacturing component.",Aluminum,0.85,Round 3 refinement with peer support: 1,280300,OTHER,THOUSAND METRIC TONS,7000.0,10.0,0.95,USGS Mineral Commodity Summaries 2024/2023 - authoritative U.S. government production data with global coverage
MQ-9 Reaper Drone,Aircraft Part,0.94,"Both Agents1 and Agent2 agreed on this component, suggesting high importance for the structural integrity of the drone. The aircraft body is a fundamental primary manufacturing component.",Aluminum,0.85,Round 3 refinement with peer support: 1,280300,INDIA,THOUSAND METRIC TONS,4100.0,5.86,0.95,USGS Mineral Commodity Summaries 2024/2023 - authoritative U.S. government production data with global coverage
MQ-9 Reaper Drone,Aircraft Part,0.94,"Both Agents1 and Agent2 agreed on this component, suggesting high importance for the structural integrity of the drone. The aircraft body is a fundamental primary manufacturing component.",Aluminum,0.85,Round 3 refinement with peer support: 1,280300,RUSSIA,THOUSAND METRIC TONS,3800.0,5.43,0.95,USGS Mineral Commodity Summaries 2024/2023 - authoritative U.S. government production data with global coverage
MQ-9 Reaper Drone,Aircraft Part,0.94,"Both Agents1 and Agent2 agreed on this component, suggesting high importance for the structural integrity of the drone. The aircraft body is a fundamental primary manufacturing component.",Aluminum,0.85,Round 3 refinement with peer support: 1,280300,CANADA,THOUSAND METRIC TONS,3000.0,4.29,0.95,USGS Mineral Commodity Summaries 2024/2023 - authoritative U.S. government production data with global coverage
MQ-9 Reaper Drone,Flight Control System/Digital Controller or Processor/Integrated Flight Management System (IFMS)/Embedded Programmable Logic Controllers/Flight Information Management Units(IFMU),0.87,Agent1 proposed this component with a high confidence score. It is essential for controlling the flight path and maintaining stability of the MQ-9 Reaper Drone during operation.,Copper,0.85,Round 3 refinement with peer support: 1,740100,CHINA,THOUSAND METRIC TONS,1700.0,3.47,0.95,USGS Mineral Commodity Summaries 2024/2023 - authoritative U.S. government production data with global coverage
MQ-9 Reaper Drone,Flight Control System/Digital Controller or Processor/Integrated Flight Management System (IFMS)/Embedded Programmable Logic Controllers/Flight Information Management Units(IFMU),0.87,Agent1 proposed this component with a high confidence score. It is essential for controlling the flight path and maintaining stability of the MQ-9 Reaper Drone during operation.,Copper,0.85,Round 3 refinement with peer support: 1,740100,CHILE,THOUSAND METRIC TONS,5000.0,10.2,0.95,USGS Mineral Commodity Summaries 2024/2023 - authoritative U.S. government production data with global coverage
MQ-9 Reaper Drone,Flight Control System/Digital Controller or Processor/Integrated Flight Management System (IFMS)/Embedded Programmable Logic Controllers/Flight Information Management Units(IFMU),0.87,Agent1 proposed this component with a high confidence score. It is essential for controlling the flight path and maintaining stability of the MQ-9 Reaper Drone during operation.,Copper,0.85,Round 3 refinement with peer support: 1,740100,OTHER,THOUSAND METRIC TONS,3100.0,6.33,0.95,USGS Mineral Commodity Summaries 2024/2023 - authoritative U.S. government production data with global coverage
MQ-9 Reaper Drone,Flight Control System/Digital Controller or Processor/Integrated Flight Management System (IFMS)/Embedded Programmable Logic Controllers/Flight Information Management Units(IFMU),0.87,Agent1 proposed this component with a high confidence score. It is essential for controlling the flight path and maintaining stability of the MQ-9 Reaper Drone during operation.,Copper,0.85,Round 3 refinement with peer support: 1,740100,CONGO,THOUSAND METRIC TONS,2500.0,5.1,0.95,USGS Mineral Commodity Summaries 2024/2023 - authoritative U.S. government production data with global coverage
MQ-9 Reaper Drone,Flight Control System/Digital Controller or Processor/Integrated Flight Management System (IFMS)/Embedded Programmable Logic Controllers/Flight Information Management Units(IFMU),0.87,Agent1 proposed this component with a high confidence score. It is essential for controlling the flight path and maintaining stability of the MQ-9 Reaper Drone during operation.,Copper,0.85,Round 3 refinement with peer support: 1,740100,PERU,THOUSAND METRIC TONS,2600.0,5.31,0.95,USGS Mineral Commodity Summaries 2024/2023 - authoritative U.S. government production data with global coverage
MQ-9 Reaper Drone,Flight Control System/Digital Controller or Processor/Integrated Flight Management System (IFMS)/Embedded Programmable Logic Controllers/Flight Information Management Units(IFMU),0.87,Agent1 proposed this component with a high confidence score. It is essential for controlling the flight path and maintaining stability of the MQ-9 Reaper Drone during operation.,Magnesium,0.7,Round 3 refinement with peer support: 0,810411,China,metric tons,280850.0,53.55,0.875,Multi-agent debate consensus
MQ-9 Reaper Drone,Flight Control System/Digital Controller or Processor/Integrated Flight Management System (IFMS)/Embedded Programmable Logic Controllers/Flight Information Management Units(IFMU),0.87,Agent1 proposed this component with a high confidence score. It is essential for controlling the flight path and maintaining stability of the MQ-9 Reaper Drone during operation.,Magnesium,0.7,Round 3 refinement with peer support: 0,810411,India,metric tons,49900.465,6.45,0.85,Multi-agent debate consensus
MQ-9 Reaper Drone,Flight Control System/Digital Controller or Processor/Integrated Flight Management System (IFMS)/Embedded Programmable Logic Controllers/Flight Information Management Units(IFMU),0.87,Agent1 proposed this component with a high confidence score. It is essential for controlling the flight path and maintaining stability of the MQ-9 Reaper Drone during operation.,Magnesium,0.7,Round 3 refinement with peer support: 0,810411,United States,metric tons,62000.0,15.0,0.8,Multi-agent debate consensus
MQ-9 Reaper Drone,Flight Control System/Digital Controller or Processor/Integrated Flight Management System (IFMS)/Embedded Programmable Logic Controllers/Flight Information Management Units(IFMU),0.87,Agent1 proposed this component with a high confidence score. It is essential for controlling the flight path and maintaining stability of the MQ-9 Reaper Drone during operation.,Magnesium,0.7,Round 3 refinement with peer support: 0,810411,Saudi Arabia,metric tons,46500.0,6.0,0.85,Multi-agent debate consensus
MQ-9 Reaper Drone,Flight Control System/Digital Controller or Processor/Integrated Flight Management System (IFMS)/Embedded Programmable Logic Controllers/Flight Information Management Units(IFMU),0.87,Agent1 proposed this component with a high confidence score. It is essential for controlling the flight path and maintaining stability of the MQ-9 Reaper Drone during operation.,Magnesium,0.7,Round 3 refinement with peer support: 0,810411,Russia,metric tons,29000.0,7.0,0.8,Multi-agent debate consensus
MQ-9 Reaper Drone,Flight Control System/Digital Controller or Processor/Integrated Flight Management System (IFMS)/Embedded Programmable Logic Controllers/Flight Information Management Units(IFMU),0.87,Agent1 proposed this component with a high confidence score. It is essential for controlling the flight path and maintaining stability of the MQ-9 Reaper Drone during operation.,Gallium arsenide,0.7,Round 3 refinement with peer support: 0,282890,Japan,metric tons,8666.666666666666,24.6,0.9,Multi-agent debate consensus
MQ-9 Reaper Drone,Flight Control System/Digital Controller or Processor/Integrated Flight Management System (IFMS)/Embedded Programmable Logic Controllers/Flight Information Management Units(IFMU),0.87,Agent1 proposed this component with a high confidence score. It is essential for controlling the flight path and maintaining stability of the MQ-9 Reaper Drone during operation.,Gallium arsenide,0.7,Round 3 refinement with peer support: 0,282890,China,metric tons,16905.0,24.33,0.85,Multi-agent debate consensus
MQ-9 Reaper Drone,Flight Control System/Digital Controller or Processor/Integrated Flight Management System (IFMS)/Embedded Programmable Logic Controllers/Flight Information Management Units(IFMU),0.87,Agent1 proposed this component with a high confidence score. It is essential for controlling the flight path and maintaining stability of the MQ-9 Reaper Drone during operation.,Gallium arsenide,0.7,Round 3 refinement with peer support: 0,282890,United States,metric tons,4416.666666666667,15.4,0.8,"Based on recent trends in the semiconductor industry, the US is a significant producer of gallium arsenide, primarily focused on research and development."
MQ-9 Reaper Drone,Flight Control System/Digital Controller or Processor/Integrated Flight Management System (IFMS)/Embedded Programmable Logic Controllers/Flight Information Management Units(IFMU),0.87,Agent1 proposed this component with a high confidence score. It is essential for controlling the flight path and maintaining stability of the MQ-9 Reaper Drone during operation.,Gallium arsenide,0.7,Round 3 refinement with peer support: 0,282890,South Korea,kg,7337.5,11.0,0.825,"As a tech-driven market, South Korea has a substantial demand for gallium arsenide."
MQ-9 Reaper Drone,Flight Control System/Digital Controller or Processor/Integrated Flight Management System (IFMS)/Embedded Programmable Logic Controllers/Flight Information Management Units(IFMU),0.87,Agent1 proposed this component with a high confidence score. It is essential for controlling the flight path and maintaining stability of the MQ-9 Reaper Drone during operation.,Gallium arsenide,0.7,Round 3 refinement with peer support: 0,282890,Germany,kg,3770.0,9.0,0.8,"As part of the European Union, Germany contributes to the overall production with its robust industrial sector."
