technology,component,component_confidence,component_reasoning,material,material_confidence,material_reasoning,hs_code,country,meas_unit,amount,percentage,country_confidence,country_reasoning
Smartphone,Display Module,0.98,Consensus among two agents and high individual confidence of 0.98 makes this a very robust candidate for primary component.,Indium,0.95,Round 3 refinement with peer support: 2,811299,China,kg,1690.0,57.5,0.92,"China is a major producer of indium, especially in refining processes based on USGS data."
Smartphone,Display Module,0.98,Consensus among two agents and high individual confidence of 0.98 makes this a very robust candidate for primary component.,Indium,0.95,Round 3 refinement with peer support: 2,811299,Japan,kg,551.0,18.0,0.85,"Japan has significant production partly due to tech industries,"
Smartphone,Display Module,0.98,Consensus among two agents and high individual confidence of 0.98 makes this a very robust candidate for primary component.,Indium,0.95,Round 3 refinement with peer support: 2,811299,United States,kg,154.5,5.5,0.725,Multi-agent debate consensus
Smartphone,Display Module,0.98,Consensus among two agents and high individual confidence of 0.98 makes this a very robust candidate for primary component.,Indium,0.95,Round 3 refinement with peer support: 2,811299,Canada,kg,119.5,3.0,0.7,Indium is mined in Canada as a byproduct of zinc and lead mining.
Smartphone,Display Module,0.98,Consensus among two agents and high individual confidence of 0.98 makes this a very robust candidate for primary component.,Indium,0.95,Round 3 refinement with peer support: 2,811299,Russia,kg,95.0,3.0,0.66,Multi-agent debate consensus
Smartphone,Display Module,0.98,Consensus among two agents and high individual confidence of 0.98 makes this a very robust candidate for primary component.,Glass,0.95,Round 3 refinement with peer support: 2,700800,China,metric tons,87293266.66666667,39.33,0.867,Leading producer with comprehensive data from industry reports
Smartphone,Display Module,0.98,Consensus among two agents and high individual confidence of 0.98 makes this a very robust candidate for primary component.,Glass,0.95,Round 3 refinement with peer support: 2,700800,Germany,metric tons,5395333.333333333,6.4,0.8,A leading industrial producer with detailed market data
Smartphone,Display Module,0.98,Consensus among two agents and high individual confidence of 0.98 makes this a very robust candidate for primary component.,Glass,0.95,Round 3 refinement with peer support: 2,700800,United States,metric tons,5093633.333333333,5.5,0.75,USGS reports substantial domestic production; reliable industry data.
Smartphone,Display Module,0.98,Consensus among two agents and high individual confidence of 0.98 makes this a very robust candidate for primary component.,Glass,0.95,Round 3 refinement with peer support: 2,700800,Japan,metric tons,5637893.333333333,4.5,0.783,World Economic Forum highlights Japanese firms' dominance in high-tech glass products; USGS confirms significant contribution.
Smartphone,Display Module,0.98,Consensus among two agents and high individual confidence of 0.98 makes this a very robust candidate for primary component.,Glass,0.95,Round 3 refinement with peer support: 2,700800,Italy,metric tons,3253120.0,5.5,0.733,Second major producer with well-established glass industry
Smartphone,Processor,0.95,"Two agents concur with a moderate average confidence, though it was considered isolated before. However, the high consensus justifies this inclusion.",Silicon,0.95,Round 3 refinement with peer support: 2,280469,China,metric tons,1786522.3333333333,45.56,0.933,Based on recent data from the China Mineral Industry Association; highly reliable and comprehensive.
Smartphone,Processor,0.95,"Two agents concur with a moderate average confidence, though it was considered isolated before. However, the high consensus justifies this inclusion.",Silicon,0.95,Round 3 refinement with peer support: 2,280469,United States,metric tons,933810.6666666666,23.44,0.903,Data from USGS with recent mine output figures; well-documented operations
Smartphone,Processor,0.95,"Two agents concur with a moderate average confidence, though it was considered isolated before. However, the high consensus justifies this inclusion.",Silicon,0.95,Round 3 refinement with peer support: 2,280469,Russia,metric tons,192718.66666666666,7.39,0.84,Production data from the Russian State Statistics Service (Rosstat); reliable but with some reporting delays
Smartphone,Processor,0.95,"Two agents concur with a moderate average confidence, though it was considered isolated before. However, the high consensus justifies this inclusion.",Silicon,0.95,Round 3 refinement with peer support: 2,280469,Brazil,metric tons,208418.66666666666,4.78,0.803,Brazilian Ministry of Mines and Energy reports; reliable data with minor reporting delays
Smartphone,Processor,0.95,"Two agents concur with a moderate average confidence, though it was considered isolated before. However, the high consensus justifies this inclusion.",Silicon,0.95,Round 3 refinement with peer support: 2,280469,Japan,metric tons,230644.5,9.0,0.825,Data from Mitsubishi Corporation with recent production updates; significant producer
Smartphone,Processor,0.95,"Two agents concur with a moderate average confidence, though it was considered isolated before. However, the high consensus justifies this inclusion.",Gold,0.85,Round 3 refinement with peer support: 1,710812,China,oz,3227333.3333333335,17.33,0.817,Global mining authority statistics from 2025
Smartphone,Processor,0.95,"Two agents concur with a moderate average confidence, though it was considered isolated before. However, the high consensus justifies this inclusion.",Gold,0.85,Round 3 refinement with peer support: 1,710812,Russia,oz,2087335.0,8.57,0.833,Comprehensive data and reports from Russian Geological Survey for 2025
Smartphone,Processor,0.95,"Two agents concur with a moderate average confidence, though it was considered isolated before. However, the high consensus justifies this inclusion.",Gold,0.85,Round 3 refinement with peer support: 1,710812,United States,oz,1760300.6666666667,9.17,0.827,USGS verified data on gold production from major mines in Nevada and Alaska for 2025
Smartphone,Processor,0.95,"Two agents concur with a moderate average confidence, though it was considered isolated before. However, the high consensus justifies this inclusion.",Gold,0.85,Round 3 refinement with peer support: 1,710812,Australia,oz,1723548.6666666667,6.63,0.84,Australian Bureau of Statistics gold production estimates from major gold mines in New South Wales and Queensland for 2025
Smartphone,Processor,0.95,"Two agents concur with a moderate average confidence, though it was considered isolated before. However, the high consensus justifies this inclusion.",Gold,0.85,Round 3 refinement with peer support: 1,710812,South Africa,oz,1315446.3333333333,13.83,0.81,Statistics from South African Mines Department on gold production at major mines like Anglo American and Gold Fields for 2025
Smartphone,Processor,0.95,"Two agents concur with a moderate average confidence, though it was considered isolated before. However, the high consensus justifies this inclusion.",Germanium,0.7,Round 3 refinement with peer support: 0,825600,China,metric tons,9566.666666666666,55.0,0.89,Multi-agent debate consensus
Smartphone,Processor,0.95,"Two agents concur with a moderate average confidence, though it was considered isolated before. However, the high consensus justifies this inclusion.",Germanium,0.7,Round 3 refinement with peer support: 0,825600,Russia,metric tons,1481.6666666666667,14.0,0.777,Multi-agent debate consensus
Smartphone,Processor,0.95,"Two agents concur with a moderate average confidence, though it was considered isolated before. However, the high consensus justifies this inclusion.",Germanium,0.7,Round 3 refinement with peer support: 0,825600,Japan,metric tons,2500.0,11.67,0.767,Multi-agent debate consensus
Smartphone,Processor,0.95,"Two agents concur with a moderate average confidence, though it was considered isolated before. However, the high consensus justifies this inclusion.",Germanium,0.7,Round 3 refinement with peer support: 0,825600,Germany,mt,735.0,6.23,0.65,European producer with reliable reports; output levels consistent over past few years.
Smartphone,Processor,0.95,"Two agents concur with a moderate average confidence, though it was considered isolated before. However, the high consensus justifies this inclusion.",Germanium,0.7,Round 3 refinement with peer support: 0,825600,United States,metric tons,9015.0,17.0,0.785,Multi-agent debate consensus
Smartphone,Processor,0.95,"Two agents concur with a moderate average confidence, though it was considered isolated before. However, the high consensus justifies this inclusion.",Titanium,0.7,Round 3 refinement with peer support: 0,810810,Australia,metric tons,505000.0,30.5,0.91,Multi-agent debate consensus
Smartphone,Processor,0.95,"Two agents concur with a moderate average confidence, though it was considered isolated before. However, the high consensus justifies this inclusion.",Titanium,0.7,Round 3 refinement with peer support: 0,810810,China,metric tons,320000.0,20.0,0.91,Multi-agent debate consensus
Smartphone,Processor,0.95,"Two agents concur with a moderate average confidence, though it was considered isolated before. However, the high consensus justifies this inclusion.",Titanium,0.7,Round 3 refinement with peer support: 0,810810,India,metric tons,70500.0,4.5,0.825,Multi-agent debate consensus
Smartphone,Processor,0.95,"Two agents concur with a moderate average confidence, though it was considered isolated before. However, the high consensus justifies this inclusion.",Titanium,0.7,Round 3 refinement with peer support: 0,810810,Canada,metric tons,47000.0,3.0,0.81,Multi-agent debate consensus
Smartphone,Processor,0.95,"Two agents concur with a moderate average confidence, though it was considered isolated before. However, the high consensus justifies this inclusion.",Titanium,0.7,Round 3 refinement with peer support: 0,810810,Brazil,metric tons,158900.0,12.07,0.79,According to BNAMA and industry reports; significant share due to large scale operations.
Smartphone,Processor,0.95,"Two agents concur with a moderate average confidence, though it was considered isolated before. However, the high consensus justifies this inclusion.",Aluminum,0.7,Round 3 refinement with peer support: 0,280300,China,metric tons,22335890.666666668,46.07,0.93,Based on the International铝业协会 (IAI) data; significant domestic consumption and export market.
Smartphone,Processor,0.95,"Two agents concur with a moderate average confidence, though it was considered isolated before. However, the high consensus justifies this inclusion.",Aluminum,0.7,Round 3 refinement with peer support: 0,280300,Russia,metric tons,11247520.0,25.32,0.903,Confirmed by the Russian geological survey; major bauxite reserves and production.
Smartphone,Processor,0.95,"Two agents concur with a moderate average confidence, though it was considered isolated before. However, the high consensus justifies this inclusion.",Aluminum,0.7,Round 3 refinement with peer support: 0,280300,Australia,metric tons,3914521.0,12.07,0.843,Australian mining industry reports; significant bauxite reserves and high alumina ratio.
Smartphone,Processor,0.95,"Two agents concur with a moderate average confidence, though it was considered isolated before. However, the high consensus justifies this inclusion.",Aluminum,0.7,Round 3 refinement with peer support: 0,280300,Canada,metric tons,5393394.333333333,6.12,0.87,Canadian mining association data; major producer with strong export market.
Smartphone,Processor,0.95,"Two agents concur with a moderate average confidence, though it was considered isolated before. However, the high consensus justifies this inclusion.",Aluminum,0.7,Round 3 refinement with peer support: 0,280300,India,metric tons,2469724.6666666665,4.43,0.787,Indian Ministry of Mines data; increasing production and export capacities.
Smartphone,Camera Module,0.9,"Consensus among two agents with an overall confidence of 0.90, which aligns well with its critical role in many smartphones.",Silver,0.775,Round 3 refinement with peer support: 1,710610,Mexico,kg,27688.666666666668,12.75,0.88,Multi-agent debate consensus
Smartphone,Camera Module,0.9,"Consensus among two agents with an overall confidence of 0.90, which aligns well with its critical role in many smartphones.",Silver,0.775,Round 3 refinement with peer support: 1,710610,China,kg,36399.666666666664,15.06,0.863,Multi-agent debate consensus
Smartphone,Camera Module,0.9,"Consensus among two agents with an overall confidence of 0.90, which aligns well with its critical role in many smartphones.",Silver,0.775,Round 3 refinement with peer support: 1,710610,Peru,kg,32650.333333333332,12.96,0.86,Multi-agent debate consensus
Smartphone,Camera Module,0.9,"Consensus among two agents with an overall confidence of 0.90, which aligns well with its critical role in many smartphones.",Silver,0.775,Round 3 refinement with peer support: 1,710610,USA,kg,18645.666666666668,7.23,0.843,Multi-agent debate consensus
Smartphone,Camera Module,0.9,"Consensus among two agents with an overall confidence of 0.90, which aligns well with its critical role in many smartphones.",Silver,0.775,Round 3 refinement with peer support: 1,710610,Poland,kg,9837.0,5.84,0.865,Multi-agent debate consensus
Smartphone,Camera Module,0.9,"Consensus among two agents with an overall confidence of 0.90, which aligns well with its critical role in many smartphones.",Copper,0.95,Round 3 refinement with peer support: 2,740100,China,metric tons,2435333.3333333335,24.43,0.89,Based on recent Chinese mining survey data; reliable and up to date
Smartphone,Camera Module,0.9,"Consensus among two agents with an overall confidence of 0.90, which aligns well with its critical role in many smartphones.",Copper,0.95,Round 3 refinement with peer support: 2,740100,United States,metric tons,829000.0,8.25,0.85,Top non-CMEA country producer; data from BLS and industry reports
Smartphone,Camera Module,0.9,"Consensus among two agents with an overall confidence of 0.90, which aligns well with its critical role in many smartphones.",Copper,0.95,Round 3 refinement with peer support: 2,740100,智利,metric tons,1501200.0,15.35,0.9,Highly documented based on Chilean mining statistics and USGS data
Smartphone,Camera Module,0.9,"Consensus among two agents with an overall confidence of 0.90, which aligns well with its critical role in many smartphones.",Copper,0.95,Round 3 refinement with peer support: 2,740100,Chile,metric tons,704000.0,6.9,0.875,Historically a major copper producer with detailed mining stats; top five world producer
Smartphone,Camera Module,0.9,"Consensus among two agents with an overall confidence of 0.90, which aligns well with its critical role in many smartphones.",Copper,0.95,Round 3 refinement with peer support: 2,740100,Australia,metric tons,545107.5,5.4,0.825,Third significant global copper producer using Australian government statistics
Smartphone,Camera Module,0.9,"Consensus among two agents with an overall confidence of 0.90, which aligns well with its critical role in many smartphones.",Silicon,0.7,Round 3 refinement with peer support: 0,280469,China,metric tons,1786522.3333333333,45.56,0.933,Based on recent data from the China Mineral Industry Association; highly reliable and comprehensive.
Smartphone,Camera Module,0.9,"Consensus among two agents with an overall confidence of 0.90, which aligns well with its critical role in many smartphones.",Silicon,0.7,Round 3 refinement with peer support: 0,280469,United States,metric tons,933810.6666666666,23.44,0.903,Data from USGS with recent mine output figures; well-documented operations
Smartphone,Camera Module,0.9,"Consensus among two agents with an overall confidence of 0.90, which aligns well with its critical role in many smartphones.",Silicon,0.7,Round 3 refinement with peer support: 0,280469,Russia,metric tons,192718.66666666666,7.39,0.84,Production data from the Russian State Statistics Service (Rosstat); reliable but with some reporting delays
Smartphone,Camera Module,0.9,"Consensus among two agents with an overall confidence of 0.90, which aligns well with its critical role in many smartphones.",Silicon,0.7,Round 3 refinement with peer support: 0,280469,Brazil,metric tons,208418.66666666666,4.78,0.803,Brazilian Ministry of Mines and Energy reports; reliable data with minor reporting delays
Smartphone,Camera Module,0.9,"Consensus among two agents with an overall confidence of 0.90, which aligns well with its critical role in many smartphones.",Silicon,0.7,Round 3 refinement with peer support: 0,280469,Japan,metric tons,230644.5,9.0,0.825,Data from Mitsubishi Corporation with recent production updates; significant producer
Smartphone,Battery,0.86,"Strong support from all three agents with an average confidence of 0.86, showing clear consensus and indicating significance as a primary component.",Copper,0.8,Round 3 refinement with peer support: 1,740100,China,metric tons,2435333.3333333335,24.43,0.89,Based on recent Chinese mining survey data; reliable and up to date
Smartphone,Battery,0.86,"Strong support from all three agents with an average confidence of 0.86, showing clear consensus and indicating significance as a primary component.",Copper,0.8,Round 3 refinement with peer support: 1,740100,United States,metric tons,829000.0,8.25,0.85,Top non-CMEA country producer; data from BLS and industry reports
Smartphone,Battery,0.86,"Strong support from all three agents with an average confidence of 0.86, showing clear consensus and indicating significance as a primary component.",Copper,0.8,Round 3 refinement with peer support: 1,740100,智利,metric tons,1501200.0,15.35,0.9,Highly documented based on Chilean mining statistics and USGS data
Smartphone,Battery,0.86,"Strong support from all three agents with an average confidence of 0.86, showing clear consensus and indicating significance as a primary component.",Copper,0.8,Round 3 refinement with peer support: 1,740100,Chile,metric tons,704000.0,6.9,0.875,Historically a major copper producer with detailed mining stats; top five world producer
Smartphone,Battery,0.86,"Strong support from all three agents with an average confidence of 0.86, showing clear consensus and indicating significance as a primary component.",Copper,0.8,Round 3 refinement with peer support: 1,740100,Australia,metric tons,545107.5,5.4,0.825,Third significant global copper producer using Australian government statistics
Smartphone,Battery,0.86,"Strong support from all three agents with an average confidence of 0.86, showing clear consensus and indicating significance as a primary component.",Lithium,0.95,Round 3 refinement with peer support: 2,280520,China,metric tons,78000.0,61.62,0.92,Multi-agent debate consensus
Smartphone,Battery,0.86,"Strong support from all three agents with an average confidence of 0.86, showing clear consensus and indicating significance as a primary component.",Lithium,0.95,Round 3 refinement with peer support: 2,280520,Australia,metric tons,17500.0,13.93,0.85,Multi-agent debate consensus
Smartphone,Battery,0.86,"Strong support from all three agents with an average confidence of 0.86, showing clear consensus and indicating significance as a primary component.",Lithium,0.95,Round 3 refinement with peer support: 2,280520,Argentina,metric tons,12000.0,9.52,0.8,Multi-agent debate consensus
Smartphone,Battery,0.86,"Strong support from all three agents with an average confidence of 0.86, showing clear consensus and indicating significance as a primary component.",Lithium,0.95,Round 3 refinement with peer support: 2,280520,Chile,metric tons,6000.0,4.76,0.75,Multi-agent debate consensus
Smartphone,Battery,0.86,"Strong support from all three agents with an average confidence of 0.86, showing clear consensus and indicating significance as a primary component.",Lithium,0.95,Round 3 refinement with peer support: 2,280520,United States,metric tons,3000.0,2.38,0.7,Multi-agent debate consensus
Smartphone,Battery,0.86,"Strong support from all three agents with an average confidence of 0.86, showing clear consensus and indicating significance as a primary component.",Graphite,0.775,Round 3 refinement with peer support: 1,380110,China,metric tons,390000.0,62.0,0.935,Based on China's Ministry of Industry and Information Technology data; dominant producer with reliable reporting.
Smartphone,Battery,0.86,"Strong support from all three agents with an average confidence of 0.86, showing clear consensus and indicating significance as a primary component.",Graphite,0.775,Round 3 refinement with peer support: 1,380110,India,metric tons,82700.0,12.5,0.875,Recent reports from the Indian Bureau of Mines indicate steady production levels.
Smartphone,Battery,0.86,"Strong support from all three agents with an average confidence of 0.86, showing clear consensus and indicating significance as a primary component.",Graphite,0.775,Round 3 refinement with peer support: 1,380110,Brazil,metric tons,43600.0,7.0,0.8,Major graphite producer with significant global supply; data from the Brazilian Mines and Energy Ministry.
Smartphone,Battery,0.86,"Strong support from all three agents with an average confidence of 0.86, showing clear consensus and indicating significance as a primary component.",Graphite,0.775,Round 3 refinement with peer support: 1,380110,Mexico,metric tons,32790.0,4.5,0.75,Data from the Mexican geological survey show consistent output; reporting is less frequent than other majors.
Smartphone,Battery,0.86,"Strong support from all three agents with an average confidence of 0.86, showing clear consensus and indicating significance as a primary component.",Graphite,0.775,Round 3 refinement with peer support: 1,380110,Indonesia,metric tons,15300.0,2.5,0.725,Growing graphite production with limited reporting consistency; data from the Indonesian Ministry of Energy and Mineral Resources.
Smartphone,Battery,0.86,"Strong support from all three agents with an average confidence of 0.86, showing clear consensus and indicating significance as a primary component.",Aluminum,0.7,Round 3 refinement with peer support: 0,280300,China,metric tons,22335890.666666668,46.07,0.93,Based on the International铝业协会 (IAI) data; significant domestic consumption and export market.
Smartphone,Battery,0.86,"Strong support from all three agents with an average confidence of 0.86, showing clear consensus and indicating significance as a primary component.",Aluminum,0.7,Round 3 refinement with peer support: 0,280300,Russia,metric tons,11247520.0,25.32,0.903,Confirmed by the Russian geological survey; major bauxite reserves and production.
Smartphone,Battery,0.86,"Strong support from all three agents with an average confidence of 0.86, showing clear consensus and indicating significance as a primary component.",Aluminum,0.7,Round 3 refinement with peer support: 0,280300,Australia,metric tons,3914521.0,12.07,0.843,Australian mining industry reports; significant bauxite reserves and high alumina ratio.
Smartphone,Battery,0.86,"Strong support from all three agents with an average confidence of 0.86, showing clear consensus and indicating significance as a primary component.",Aluminum,0.7,Round 3 refinement with peer support: 0,280300,Canada,metric tons,5393394.333333333,6.12,0.87,Canadian mining association data; major producer with strong export market.
Smartphone,Battery,0.86,"Strong support from all three agents with an average confidence of 0.86, showing clear consensus and indicating significance as a primary component.",Aluminum,0.7,Round 3 refinement with peer support: 0,280300,India,metric tons,2469724.6666666665,4.43,0.787,Indian Ministry of Mines data; increasing production and export capacities.
Smartphone,Battery,0.86,"Strong support from all three agents with an average confidence of 0.86, showing clear consensus and indicating significance as a primary component.",Nickel,0.7,Round 3 refinement with peer support: 0,750110,Nigeria,metric tons,106583.33333333333,26.33,0.833,Data from the Nigerian Geological Survey; well-established operations.
Smartphone,Battery,0.86,"Strong support from all three agents with an average confidence of 0.86, showing clear consensus and indicating significance as a primary component.",Nickel,0.7,Round 3 refinement with peer support: 0,750110,Russia,metric tons,65803.33333333333,16.33,0.867,Based on recent reports from Russia's Mining Ministry; dominant producer.
Smartphone,Battery,0.86,"Strong support from all three agents with an average confidence of 0.86, showing clear consensus and indicating significance as a primary component.",Nickel,0.7,Round 3 refinement with peer support: 0,750110,Indonesia,metric tons,38130.0,9.33,0.84,Largest nickel producer globally; recent industry reports and government data.
Smartphone,Battery,0.86,"Strong support from all three agents with an average confidence of 0.86, showing clear consensus and indicating significance as a primary component.",Nickel,0.7,Round 3 refinement with peer support: 0,750110,China,metric tons,46776.666666666664,11.0,0.88,Comprehensive data available from Chinese National Bureau of Statistics; leading producer.
Smartphone,Battery,0.86,"Strong support from all three agents with an average confidence of 0.86, showing clear consensus and indicating significance as a primary component.",Nickel,0.7,Round 3 refinement with peer support: 0,750110,Australia,metric tons,37376.666666666664,10.0,0.85,Major producer of laterite and sulfide nickel ores; National Minerals Industry Association.
Electric Vehicle Battery,lithium iron phosphate cathode material,0.0,,Iron,0.95,Round 2 refinement with peer support: 2,720110,China,metric tons,789000000.0,43.5,0.8,Multi-agent debate consensus
Electric Vehicle Battery,lithium iron phosphate cathode material,0.0,,Iron,0.95,Round 2 refinement with peer support: 2,720110,Australia,metric tons,114500000.0,10.4,0.8,Multi-agent debate consensus
Electric Vehicle Battery,lithium iron phosphate cathode material,0.0,,Iron,0.95,Round 2 refinement with peer support: 2,720110,Brazil,metric tons,113500000.0,7.1,0.8,Multi-agent debate consensus
Electric Vehicle Battery,lithium iron phosphate cathode material,0.0,,Iron,0.95,Round 2 refinement with peer support: 2,720110,India,metric tons,73000000.0,4.85,0.8,Multi-agent debate consensus
Electric Vehicle Battery,lithium iron phosphate cathode material,0.0,,Iron,0.95,Round 2 refinement with peer support: 2,720110,Canada,metric tons,35800000.0,3.05,0.8,Multi-agent debate consensus
Electric Vehicle Battery,lithium iron phosphate cathode material,0.0,,Lithium,0.95,Round 2 refinement with peer support: 2,280520,China,metric tons,78000.0,61.62,0.92,Multi-agent debate consensus
Electric Vehicle Battery,lithium iron phosphate cathode material,0.0,,Lithium,0.95,Round 2 refinement with peer support: 2,280520,Australia,metric tons,17500.0,13.93,0.85,Multi-agent debate consensus
Electric Vehicle Battery,lithium iron phosphate cathode material,0.0,,Lithium,0.95,Round 2 refinement with peer support: 2,280520,Argentina,metric tons,12000.0,9.52,0.8,Multi-agent debate consensus
Electric Vehicle Battery,lithium iron phosphate cathode material,0.0,,Lithium,0.95,Round 2 refinement with peer support: 2,280520,Chile,metric tons,6000.0,4.76,0.75,Multi-agent debate consensus
Electric Vehicle Battery,lithium iron phosphate cathode material,0.0,,Lithium,0.95,Round 2 refinement with peer support: 2,280520,United States,metric tons,3000.0,2.38,0.7,Multi-agent debate consensus
Electric Vehicle Battery,nickel manganese cobalt battery chemistry,0.0,,Nickel,0.95,Round 2 refinement with peer support: 2,750110,Nigeria,metric tons,106583.33333333333,26.33,0.833,Data from the Nigerian Geological Survey; well-established operations.
Electric Vehicle Battery,nickel manganese cobalt battery chemistry,0.0,,Nickel,0.95,Round 2 refinement with peer support: 2,750110,Russia,metric tons,65803.33333333333,16.33,0.867,Based on recent reports from Russia's Mining Ministry; dominant producer.
Electric Vehicle Battery,nickel manganese cobalt battery chemistry,0.0,,Nickel,0.95,Round 2 refinement with peer support: 2,750110,Indonesia,metric tons,38130.0,9.33,0.84,Largest nickel producer globally; recent industry reports and government data.
Electric Vehicle Battery,nickel manganese cobalt battery chemistry,0.0,,Nickel,0.95,Round 2 refinement with peer support: 2,750110,China,metric tons,46776.666666666664,11.0,0.88,Comprehensive data available from Chinese National Bureau of Statistics; leading producer.
Electric Vehicle Battery,nickel manganese cobalt battery chemistry,0.0,,Nickel,0.95,Round 2 refinement with peer support: 2,750110,Australia,metric tons,37376.666666666664,10.0,0.85,Major producer of laterite and sulfide nickel ores; National Minerals Industry Association.
Electric Vehicle Battery,nickel manganese cobalt battery chemistry,0.0,,Manganese,0.95,Round 2 refinement with peer support: 2,280300,China,metric tons,16803333.333333332,47.33,0.923,USGS data for 2024 indicates China as the largest producer with over 50% market share.
Electric Vehicle Battery,nickel manganese cobalt battery chemistry,0.0,,Manganese,0.95,Round 2 refinement with peer support: 2,280300,Australia,metric tons,5210000.0,15.33,0.867,Reliable data from the Australian government shows steady production over recent years.
Electric Vehicle Battery,nickel manganese cobalt battery chemistry,0.0,,Manganese,0.95,Round 2 refinement with peer support: 2,280300,South Africa,metric tons,3563333.3333333335,13.0,0.85,Second-largest producer with well-documented mining operations; frequent industry reports and data.
Electric Vehicle Battery,nickel manganese cobalt battery chemistry,0.0,,Manganese,0.95,Round 2 refinement with peer support: 2,280300,Russia,metric tons,2396666.6666666665,7.33,0.793,Third-largest producer with consistent output in recent years; data from industry sources and national statistics.
Electric Vehicle Battery,nickel manganese cobalt battery chemistry,0.0,,Manganese,0.95,Round 2 refinement with peer support: 2,280300,India,metric tons,1452800.0,3.6,0.7,Indian Bureau of Mines data indicates steady production levels over the past years.
Electric Vehicle Battery,nickel manganese cobalt battery chemistry,0.0,,Cobalt,0.95,Round 2 refinement with peer support: 2,810510,China,metric tons,15750.0,16.0,0.85,Based on industry reports and Chinese mining statistics; significant domestic production
Electric Vehicle Battery,nickel manganese cobalt battery chemistry,0.0,,Cobalt,0.95,Round 2 refinement with peer support: 2,810510,Russia,metric tons,7875.0,4.15,0.825,Data from Russian geological surveys and global supply chain reports; reliable but less frequent updates
Electric Vehicle Battery,nickel manganese cobalt battery chemistry,0.0,,Cobalt,0.95,Round 2 refinement with peer support: 2,810510,Australia,metric tons,961.46,2.03,0.7,Multi-agent debate consensus
Electric Vehicle Battery,nickel manganese cobalt battery chemistry,0.0,,Cobalt,0.95,Round 2 refinement with peer support: 2,810510,Democratic Republic of the Congo,metric tons,0.0,67.0,0.8,Multi-agent debate consensus
Electric Vehicle Battery,nickel manganese cobalt battery chemistry,0.0,,Cobalt,0.95,Round 2 refinement with peer support: 2,810510,DRC,metric tons,175000.0,68.0,0.93,Data from the U.S. Geological Survey (USGS) and Global Industry Reports; reliable database
Quantum Computer,Quantum Bit,0.96,Strong consensus from three agents with average confidence of 0.94 supports this component as a primary one for quantum computers.,Aluminum,0.9,Round 3 refinement with peer support: 2,280300,China,metric tons,22335890.666666668,46.07,0.93,Based on the International铝业协会 (IAI) data; significant domestic consumption and export market.
Quantum Computer,Quantum Bit,0.96,Strong consensus from three agents with average confidence of 0.94 supports this component as a primary one for quantum computers.,Aluminum,0.9,Round 3 refinement with peer support: 2,280300,Russia,metric tons,11247520.0,25.32,0.903,Confirmed by the Russian geological survey; major bauxite reserves and production.
Quantum Computer,Quantum Bit,0.96,Strong consensus from three agents with average confidence of 0.94 supports this component as a primary one for quantum computers.,Aluminum,0.9,Round 3 refinement with peer support: 2,280300,Australia,metric tons,3914521.0,12.07,0.843,Australian mining industry reports; significant bauxite reserves and high alumina ratio.
Quantum Computer,Quantum Bit,0.96,Strong consensus from three agents with average confidence of 0.94 supports this component as a primary one for quantum computers.,Aluminum,0.9,Round 3 refinement with peer support: 2,280300,Canada,metric tons,5393394.333333333,6.12,0.87,Canadian mining association data; major producer with strong export market.
Quantum Computer,Quantum Bit,0.96,Strong consensus from three agents with average confidence of 0.94 supports this component as a primary one for quantum computers.,Aluminum,0.9,Round 3 refinement with peer support: 2,280300,India,metric tons,2469724.6666666665,4.43,0.787,Indian Ministry of Mines data; increasing production and export capacities.
Quantum Computer,Quantum Bit,0.96,Strong consensus from three agents with average confidence of 0.94 supports this component as a primary one for quantum computers.,Bismuth telluride,0.9,Round 3 refinement with peer support: 2,284390,China,kg,32983.333333333336,48.33,0.8,Based on recent industry reports and USGS data
Quantum Computer,Quantum Bit,0.96,Strong consensus from three agents with average confidence of 0.94 supports this component as a primary one for quantum computers.,Bismuth telluride,0.9,Round 3 refinement with peer support: 2,284390,Japan,kg,13943.333333333334,13.67,0.867,Multi-agent debate consensus
Quantum Computer,Quantum Bit,0.96,Strong consensus from three agents with average confidence of 0.94 supports this component as a primary one for quantum computers.,Bismuth telluride,0.9,Round 3 refinement with peer support: 2,284390,Germany,kg,5586.666666666667,6.67,0.7,Historical producer with a focus on energy conversion applications; figures from German industrial minerals association.
Quantum Computer,Quantum Bit,0.96,Strong consensus from three agents with average confidence of 0.94 supports this component as a primary one for quantum computers.,Bismuth telluride,0.9,Round 3 refinement with peer support: 2,284390,South Korea,kg,10833.333333333334,10.33,0.75,Multi-agent debate consensus
Quantum Computer,Quantum Bit,0.96,Strong consensus from three agents with average confidence of 0.94 supports this component as a primary one for quantum computers.,Bismuth telluride,0.9,Round 3 refinement with peer support: 2,284390,United States,kg,720.0,14.0,0.75,Multi-agent debate consensus
Quantum Computer,Superconductor,0.85,"Two agents support superconductors as primary components with an average confidence of 0.85. While not as strong as qubits, they are essential for maintaining the quantum state which is why this component is retained.",Bismuth telluride,0.883,Round 3 refinement with peer support: 2,284390,China,kg,32983.333333333336,48.33,0.8,Based on recent industry reports and USGS data
Quantum Computer,Superconductor,0.85,"Two agents support superconductors as primary components with an average confidence of 0.85. While not as strong as qubits, they are essential for maintaining the quantum state which is why this component is retained.",Bismuth telluride,0.883,Round 3 refinement with peer support: 2,284390,Japan,kg,13943.333333333334,13.67,0.867,Multi-agent debate consensus
Quantum Computer,Superconductor,0.85,"Two agents support superconductors as primary components with an average confidence of 0.85. While not as strong as qubits, they are essential for maintaining the quantum state which is why this component is retained.",Bismuth telluride,0.883,Round 3 refinement with peer support: 2,284390,Germany,kg,5586.666666666667,6.67,0.7,Historical producer with a focus on energy conversion applications; figures from German industrial minerals association.
Quantum Computer,Superconductor,0.85,"Two agents support superconductors as primary components with an average confidence of 0.85. While not as strong as qubits, they are essential for maintaining the quantum state which is why this component is retained.",Bismuth telluride,0.883,Round 3 refinement with peer support: 2,284390,South Korea,kg,10833.333333333334,10.33,0.75,Multi-agent debate consensus
Quantum Computer,Superconductor,0.85,"Two agents support superconductors as primary components with an average confidence of 0.85. While not as strong as qubits, they are essential for maintaining the quantum state which is why this component is retained.",Bismuth telluride,0.883,Round 3 refinement with peer support: 2,284390,United States,kg,720.0,14.0,0.75,Multi-agent debate consensus
Quantum Computer,Superconductor,0.85,"Two agents support superconductors as primary components with an average confidence of 0.85. While not as strong as qubits, they are essential for maintaining the quantum state which is why this component is retained.",Aluminum gallium arsenide,0.7,Round 3 refinement with peer support: 0,282890,Japan,metric tons,2283333.3333333335,24.0,0.8,Multi-agent debate consensus
Quantum Computer,Superconductor,0.85,"Two agents support superconductors as primary components with an average confidence of 0.85. While not as strong as qubits, they are essential for maintaining the quantum state which is why this component is retained.",Aluminum gallium arsenide,0.7,Round 3 refinement with peer support: 0,282890,South Korea,metric tons,1879166.6666666667,18.33,0.75,Multi-agent debate consensus
Quantum Computer,Superconductor,0.85,"Two agents support superconductors as primary components with an average confidence of 0.85. While not as strong as qubits, they are essential for maintaining the quantum state which is why this component is retained.",Aluminum gallium arsenide,0.7,Round 3 refinement with peer support: 0,282890,Germany,metric tons,326833.3333333333,6.33,0.75,Multi-agent debate consensus
Quantum Computer,Superconductor,0.85,"Two agents support superconductors as primary components with an average confidence of 0.85. While not as strong as qubits, they are essential for maintaining the quantum state which is why this component is retained.",Aluminum gallium arsenide,0.7,Round 3 refinement with peer support: 0,282890,Taiwan,metric tons,1073066.6666666667,6.5,0.75,Multi-agent debate consensus
Quantum Computer,Superconductor,0.85,"Two agents support superconductors as primary components with an average confidence of 0.85. While not as strong as qubits, they are essential for maintaining the quantum state which is why this component is retained.",Aluminum gallium arsenide,0.7,Round 3 refinement with peer support: 0,282890,United States,tons,3000400.0,14.5,0.9,Multi-agent debate consensus
Quantum Computer,Quantum Control System,0.9,"One agent supports this component with a high confidence score of 0.90. Given the isolated nature but strong confidence, it is reasonable to consider inclusion based on the high assurance from at least one party.",Bismuth telluride,0.85,Round 3 refinement with peer support: 1,284390,China,kg,32983.333333333336,48.33,0.8,Based on recent industry reports and USGS data
Quantum Computer,Quantum Control System,0.9,"One agent supports this component with a high confidence score of 0.90. Given the isolated nature but strong confidence, it is reasonable to consider inclusion based on the high assurance from at least one party.",Bismuth telluride,0.85,Round 3 refinement with peer support: 1,284390,Japan,kg,13943.333333333334,13.67,0.867,Multi-agent debate consensus
Quantum Computer,Quantum Control System,0.9,"One agent supports this component with a high confidence score of 0.90. Given the isolated nature but strong confidence, it is reasonable to consider inclusion based on the high assurance from at least one party.",Bismuth telluride,0.85,Round 3 refinement with peer support: 1,284390,Germany,kg,5586.666666666667,6.67,0.7,Historical producer with a focus on energy conversion applications; figures from German industrial minerals association.
Quantum Computer,Quantum Control System,0.9,"One agent supports this component with a high confidence score of 0.90. Given the isolated nature but strong confidence, it is reasonable to consider inclusion based on the high assurance from at least one party.",Bismuth telluride,0.85,Round 3 refinement with peer support: 1,284390,South Korea,kg,10833.333333333334,10.33,0.75,Multi-agent debate consensus
Quantum Computer,Quantum Control System,0.9,"One agent supports this component with a high confidence score of 0.90. Given the isolated nature but strong confidence, it is reasonable to consider inclusion based on the high assurance from at least one party.",Bismuth telluride,0.85,Round 3 refinement with peer support: 1,284390,United States,kg,720.0,14.0,0.75,Multi-agent debate consensus
Quantum Computer,Quantum Control System,0.9,"One agent supports this component with a high confidence score of 0.90. Given the isolated nature but strong confidence, it is reasonable to consider inclusion based on the high assurance from at least one party.",Acrylonitrile butadiene styrene,0.7,Round 3 refinement with peer support: 0,390330,China,metric tons,922000.0,38.33,0.817,Multi-agent debate consensus
Quantum Computer,Quantum Control System,0.9,"One agent supports this component with a high confidence score of 0.90. Given the isolated nature but strong confidence, it is reasonable to consider inclusion based on the high assurance from at least one party.",Acrylonitrile butadiene styrene,0.7,Round 3 refinement with peer support: 0,390330,United States,metric tons,356666.6666666667,16.67,0.8,Third largest producer with major petrochemical companies and large processing capacities.
Quantum Computer,Quantum Control System,0.9,"One agent supports this component with a high confidence score of 0.90. Given the isolated nature but strong confidence, it is reasonable to consider inclusion based on the high assurance from at least one party.",Acrylonitrile butadiene styrene,0.7,Round 3 refinement with peer support: 0,390330,Japan,metric tons,377666.6666666667,14.67,0.817,Multi-agent debate consensus
Quantum Computer,Quantum Control System,0.9,"One agent supports this component with a high confidence score of 0.90. Given the isolated nature but strong confidence, it is reasonable to consider inclusion based on the high assurance from at least one party.",Acrylonitrile butadiene styrene,0.7,Round 3 refinement with peer support: 0,390330,South Korea,metric tons,180000.0,13.0,0.8,Fourth largest producer with advanced manufacturing capabilities and major export market.
Quantum Computer,Quantum Control System,0.9,"One agent supports this component with a high confidence score of 0.90. Given the isolated nature but strong confidence, it is reasonable to consider inclusion based on the high assurance from at least one party.",Acrylonitrile butadiene styrene,0.7,Round 3 refinement with peer support: 0,390330,Germany,metric tons,224333.33333333334,8.67,0.767,Fifth largest ABS producer with robust chemical industry and strong manufacturing sector.
Quantum Computer,Superconducting Circuit,0.85,"One agent supports superconducting circuits with a confidence of 0.85. Although less supported than superconductors, they are vital for qubit operation and can be justified on their own merits.",Bismuth telluride,0.883,Round 3 refinement with peer support: 2,284390,China,kg,32983.333333333336,48.33,0.8,Based on recent industry reports and USGS data
Quantum Computer,Superconducting Circuit,0.85,"One agent supports superconducting circuits with a confidence of 0.85. Although less supported than superconductors, they are vital for qubit operation and can be justified on their own merits.",Bismuth telluride,0.883,Round 3 refinement with peer support: 2,284390,Japan,kg,13943.333333333334,13.67,0.867,Multi-agent debate consensus
Quantum Computer,Superconducting Circuit,0.85,"One agent supports superconducting circuits with a confidence of 0.85. Although less supported than superconductors, they are vital for qubit operation and can be justified on their own merits.",Bismuth telluride,0.883,Round 3 refinement with peer support: 2,284390,Germany,kg,5586.666666666667,6.67,0.7,Historical producer with a focus on energy conversion applications; figures from German industrial minerals association.
Quantum Computer,Superconducting Circuit,0.85,"One agent supports superconducting circuits with a confidence of 0.85. Although less supported than superconductors, they are vital for qubit operation and can be justified on their own merits.",Bismuth telluride,0.883,Round 3 refinement with peer support: 2,284390,South Korea,kg,10833.333333333334,10.33,0.75,Multi-agent debate consensus
Quantum Computer,Superconducting Circuit,0.85,"One agent supports superconducting circuits with a confidence of 0.85. Although less supported than superconductors, they are vital for qubit operation and can be justified on their own merits.",Bismuth telluride,0.883,Round 3 refinement with peer support: 2,284390,United States,kg,720.0,14.0,0.75,Multi-agent debate consensus
Quantum Computer,Superconducting Circuit,0.85,"One agent supports superconducting circuits with a confidence of 0.85. Although less supported than superconductors, they are vital for qubit operation and can be justified on their own merits.",Aluminum,0.95,Round 3 refinement with peer support: 2,280300,China,metric tons,22335890.666666668,46.07,0.93,Based on the International铝业协会 (IAI) data; significant domestic consumption and export market.
Quantum Computer,Superconducting Circuit,0.85,"One agent supports superconducting circuits with a confidence of 0.85. Although less supported than superconductors, they are vital for qubit operation and can be justified on their own merits.",Aluminum,0.95,Round 3 refinement with peer support: 2,280300,Russia,metric tons,11247520.0,25.32,0.903,Confirmed by the Russian geological survey; major bauxite reserves and production.
Quantum Computer,Superconducting Circuit,0.85,"One agent supports superconducting circuits with a confidence of 0.85. Although less supported than superconductors, they are vital for qubit operation and can be justified on their own merits.",Aluminum,0.95,Round 3 refinement with peer support: 2,280300,Australia,metric tons,3914521.0,12.07,0.843,Australian mining industry reports; significant bauxite reserves and high alumina ratio.
Quantum Computer,Superconducting Circuit,0.85,"One agent supports superconducting circuits with a confidence of 0.85. Although less supported than superconductors, they are vital for qubit operation and can be justified on their own merits.",Aluminum,0.95,Round 3 refinement with peer support: 2,280300,Canada,metric tons,5393394.333333333,6.12,0.87,Canadian mining association data; major producer with strong export market.
Quantum Computer,Superconducting Circuit,0.85,"One agent supports superconducting circuits with a confidence of 0.85. Although less supported than superconductors, they are vital for qubit operation and can be justified on their own merits.",Aluminum,0.95,Round 3 refinement with peer support: 2,280300,India,metric tons,2469724.6666666665,4.43,0.787,Indian Ministry of Mines data; increasing production and export capacities.
Quantum Computer,Superconducting Circuit,0.85,"One agent supports superconducting circuits with a confidence of 0.85. Although less supported than superconductors, they are vital for qubit operation and can be justified on their own merits.",Aluminum nitride,0.7,Round 3 refinement with peer support: 0,285000,China,metric tons,39250.0,46.5,0.85,Main producer with comprehensive data from the China Aluminum Nitride Association; very reliable statistics.
Quantum Computer,Superconducting Circuit,0.85,"One agent supports superconducting circuits with a confidence of 0.85. Although less supported than superconductors, they are vital for qubit operation and can be justified on their own merits.",Aluminum nitride,0.7,Round 3 refinement with peer support: 0,285000,Japan,metric tons,16625.0,21.5,0.825,Second largest producer with detailed reports from industry associations; well-documented data sources.
Quantum Computer,Superconducting Circuit,0.85,"One agent supports superconducting circuits with a confidence of 0.85. Although less supported than superconductors, they are vital for qubit operation and can be justified on their own merits.",Aluminum nitride,0.7,Round 3 refinement with peer support: 0,285000,United States,metric tons,7550.0,8.0,0.775,Multi-agent debate consensus
Quantum Computer,Superconducting Circuit,0.85,"One agent supports superconducting circuits with a confidence of 0.85. Although less supported than superconductors, they are vital for qubit operation and can be justified on their own merits.",Aluminum nitride,0.7,Round 3 refinement with peer support: 0,285000,South Korea,metric tons,8700.0,7.5,0.8,Major player in the region with consistent production and reliable industry reports; USGS verified data.
Quantum Computer,Superconducting Circuit,0.85,"One agent supports superconducting circuits with a confidence of 0.85. Although less supported than superconductors, they are vital for qubit operation and can be justified on their own merits.",Aluminum nitride,0.7,Round 3 refinement with peer support: 0,285000,Germany,metric tons,6062.5,6.0,0.75,Multi-agent debate consensus
Quantum Computer,error correcting code,0.0,,Aluminum,0.7,Round 3 refinement with peer support: 0,280300,China,metric tons,22335890.666666668,46.07,0.93,Based on the International铝业协会 (IAI) data; significant domestic consumption and export market.
Quantum Computer,error correcting code,0.0,,Aluminum,0.7,Round 3 refinement with peer support: 0,280300,Russia,metric tons,11247520.0,25.32,0.903,Confirmed by the Russian geological survey; major bauxite reserves and production.
Quantum Computer,error correcting code,0.0,,Aluminum,0.7,Round 3 refinement with peer support: 0,280300,Australia,metric tons,3914521.0,12.07,0.843,Australian mining industry reports; significant bauxite reserves and high alumina ratio.
Quantum Computer,error correcting code,0.0,,Aluminum,0.7,Round 3 refinement with peer support: 0,280300,Canada,metric tons,5393394.333333333,6.12,0.87,Canadian mining association data; major producer with strong export market.
Quantum Computer,error correcting code,0.0,,Aluminum,0.7,Round 3 refinement with peer support: 0,280300,India,metric tons,2469724.6666666665,4.43,0.787,Indian Ministry of Mines data; increasing production and export capacities.
Quantum Computer,error correcting code,0.0,,Aluminum oxide,0.7,Round 3 refinement with peer support: 0,281820,China,metric tons,11666666.666666666,46.2,0.93,Based on recent market reports and China's dominance in aluminum oxide production; highly reliable data.
Quantum Computer,error correcting code,0.0,,Aluminum oxide,0.7,Round 3 refinement with peer support: 0,281820,Australia,metric tons,4400000.0,20.83,0.9,Second largest producer with extensive bauxite reserves and well-established industry; USGS data.
Quantum Computer,error correcting code,0.0,,Aluminum oxide,0.7,Round 3 refinement with peer support: 0,281820,India,metric tons,1696666.6666666667,7.2,0.817,Third largest producer with growing bauxite mining and alumina processing capacity; recent government data.
Quantum Computer,error correcting code,0.0,,Aluminum oxide,0.7,Round 3 refinement with peer support: 0,281820,Russia,metric tons,1600000.0,4.9,0.793,Significant production focused on bauxite mining and alumina refining; Russian industrial sources.
Quantum Computer,error correcting code,0.0,,Aluminum oxide,0.7,Round 3 refinement with peer support: 0,281820,Algeria,metric tons,550000.0,3.23,0.783,Multi-agent debate consensus
Night Vision Goggles,Infrared Camera Array,0.97,"Widely supported by agents, including Agent1 and Agent2. Highly integrated in night vision technology for detecting thermal differences.",Bismuth telluride,0.7,Round 3 refinement with peer support: 0,284390,China,kg,32983.333333333336,48.33,0.8,Based on recent industry reports and USGS data
Night Vision Goggles,Infrared Camera Array,0.97,"Widely supported by agents, including Agent1 and Agent2. Highly integrated in night vision technology for detecting thermal differences.",Bismuth telluride,0.7,Round 3 refinement with peer support: 0,284390,Japan,kg,13943.333333333334,13.67,0.867,Multi-agent debate consensus
Night Vision Goggles,Infrared Camera Array,0.97,"Widely supported by agents, including Agent1 and Agent2. Highly integrated in night vision technology for detecting thermal differences.",Bismuth telluride,0.7,Round 3 refinement with peer support: 0,284390,Germany,kg,5586.666666666667,6.67,0.7,Historical producer with a focus on energy conversion applications; figures from German industrial minerals association.
Night Vision Goggles,Infrared Camera Array,0.97,"Widely supported by agents, including Agent1 and Agent2. Highly integrated in night vision technology for detecting thermal differences.",Bismuth telluride,0.7,Round 3 refinement with peer support: 0,284390,South Korea,kg,10833.333333333334,10.33,0.75,Multi-agent debate consensus
Night Vision Goggles,Infrared Camera Array,0.97,"Widely supported by agents, including Agent1 and Agent2. Highly integrated in night vision technology for detecting thermal differences.",Bismuth telluride,0.7,Round 3 refinement with peer support: 0,284390,United States,kg,720.0,14.0,0.75,Multi-agent debate consensus
Night Vision Goggles,Infrared Camera Array,0.97,"Widely supported by agents, including Agent1 and Agent2. Highly integrated in night vision technology for detecting thermal differences.",Antimony,0.775,Round 3 refinement with peer support: 1,811100,China,metric tons,36666.666666666664,49.43,0.913,Multi-agent debate consensus
Night Vision Goggles,Infrared Camera Array,0.97,"Widely supported by agents, including Agent1 and Agent2. Highly integrated in night vision technology for detecting thermal differences.",Antimony,0.775,Round 3 refinement with peer support: 1,811100,Kyrgyzstan,metric tons,12390.0,14.37,0.817,Multi-agent debate consensus
Night Vision Goggles,Infrared Camera Array,0.97,"Widely supported by agents, including Agent1 and Agent2. Highly integrated in night vision technology for detecting thermal differences.",Antimony,0.775,Round 3 refinement with peer support: 1,811100,Spain,metric tons,12925.0,21.65,0.85,Multi-agent debate consensus
Night Vision Goggles,Infrared Camera Array,0.97,"Widely supported by agents, including Agent1 and Agent2. Highly integrated in night vision technology for detecting thermal differences.",Antimony,0.775,Round 3 refinement with peer support: 1,811100,Turkey,metric tons,8300.0,12.0,0.775,Third largest producer with consistent output over the years; reliable source industry data.
Night Vision Goggles,Infrared Camera Array,0.97,"Widely supported by agents, including Agent1 and Agent2. Highly integrated in night vision technology for detecting thermal differences.",Antimony,0.775,Round 3 refinement with peer support: 1,811100,Poland,metric tons,4340.0,6.45,0.8,Multi-agent debate consensus
Night Vision Goggles,Infrared Camera Array,0.97,"Widely supported by agents, including Agent1 and Agent2. Highly integrated in night vision technology for detecting thermal differences.",Silicon,0.85,Round 3 refinement with peer support: 1,280469,China,metric tons,1786522.3333333333,45.56,0.933,Based on recent data from the China Mineral Industry Association; highly reliable and comprehensive.
Night Vision Goggles,Infrared Camera Array,0.97,"Widely supported by agents, including Agent1 and Agent2. Highly integrated in night vision technology for detecting thermal differences.",Silicon,0.85,Round 3 refinement with peer support: 1,280469,United States,metric tons,933810.6666666666,23.44,0.903,Data from USGS with recent mine output figures; well-documented operations
Night Vision Goggles,Infrared Camera Array,0.97,"Widely supported by agents, including Agent1 and Agent2. Highly integrated in night vision technology for detecting thermal differences.",Silicon,0.85,Round 3 refinement with peer support: 1,280469,Russia,metric tons,192718.66666666666,7.39,0.84,Production data from the Russian State Statistics Service (Rosstat); reliable but with some reporting delays
Night Vision Goggles,Infrared Camera Array,0.97,"Widely supported by agents, including Agent1 and Agent2. Highly integrated in night vision technology for detecting thermal differences.",Silicon,0.85,Round 3 refinement with peer support: 1,280469,Brazil,metric tons,208418.66666666666,4.78,0.803,Brazilian Ministry of Mines and Energy reports; reliable data with minor reporting delays
Night Vision Goggles,Infrared Camera Array,0.97,"Widely supported by agents, including Agent1 and Agent2. Highly integrated in night vision technology for detecting thermal differences.",Silicon,0.85,Round 3 refinement with peer support: 1,280469,Japan,metric tons,230644.5,9.0,0.825,Data from Mitsubishi Corporation with recent production updates; significant producer
Night Vision Goggles,Lens,0.85,"Commonly identified by multiple agents (Agent3), although slightly varied names (e.g., Optical Element Assembly). Integral to focusing infrared light on the camera array.",Germanium,0.85,Round 3 refinement with peer support: 1,825600,China,metric tons,9566.666666666666,55.0,0.89,Multi-agent debate consensus
Night Vision Goggles,Lens,0.85,"Commonly identified by multiple agents (Agent3), although slightly varied names (e.g., Optical Element Assembly). Integral to focusing infrared light on the camera array.",Germanium,0.85,Round 3 refinement with peer support: 1,825600,Russia,metric tons,1481.6666666666667,14.0,0.777,Multi-agent debate consensus
Night Vision Goggles,Lens,0.85,"Commonly identified by multiple agents (Agent3), although slightly varied names (e.g., Optical Element Assembly). Integral to focusing infrared light on the camera array.",Germanium,0.85,Round 3 refinement with peer support: 1,825600,Japan,metric tons,2500.0,11.67,0.767,Multi-agent debate consensus
Night Vision Goggles,Lens,0.85,"Commonly identified by multiple agents (Agent3), although slightly varied names (e.g., Optical Element Assembly). Integral to focusing infrared light on the camera array.",Germanium,0.85,Round 3 refinement with peer support: 1,825600,Germany,mt,735.0,6.23,0.65,European producer with reliable reports; output levels consistent over past few years.
Night Vision Goggles,Lens,0.85,"Commonly identified by multiple agents (Agent3), although slightly varied names (e.g., Optical Element Assembly). Integral to focusing infrared light on the camera array.",Germanium,0.85,Round 3 refinement with peer support: 1,825600,United States,metric tons,9015.0,17.0,0.785,Multi-agent debate consensus
Night Vision Goggles,Lens,0.85,"Commonly identified by multiple agents (Agent3), although slightly varied names (e.g., Optical Element Assembly). Integral to focusing infrared light on the camera array.",Borosilicate glass,0.7,Round 3 refinement with peer support: 0,700800,United States,metric tons,184166.66666666666,16.0,0.867,Known for advanced manufacturing and robust industry support.
Night Vision Goggles,Lens,0.85,"Commonly identified by multiple agents (Agent3), although slightly varied names (e.g., Optical Element Assembly). Integral to focusing infrared light on the camera array.",Borosilicate glass,0.7,Round 3 refinement with peer support: 0,700800,China,metric tons,422500.0,30.67,0.827,Global manufacturing hub with significant borosilicate production.
Night Vision Goggles,Lens,0.85,"Commonly identified by multiple agents (Agent3), although slightly varied names (e.g., Optical Element Assembly). Integral to focusing infrared light on the camera array.",Borosilicate glass,0.7,Round 3 refinement with peer support: 0,700800,Germany,metric tons,113000.0,13.67,0.867,Advanced manufacturing capabilities and export-oriented industry are significant factors.
Night Vision Goggles,Lens,0.85,"Commonly identified by multiple agents (Agent3), although slightly varied names (e.g., Optical Element Assembly). Integral to focusing infrared light on the camera array.",Borosilicate glass,0.7,Round 3 refinement with peer support: 0,700800,Japan,metric tons,127833.33333333333,11.67,0.867,Technological leadership in specialty glass production.
Night Vision Goggles,Lens,0.85,"Commonly identified by multiple agents (Agent3), although slightly varied names (e.g., Optical Element Assembly). Integral to focusing infrared light on the camera array.",Borosilicate glass,0.7,Round 3 refinement with peer support: 0,700800,Italy,metric tons,59666.666666666664,5.67,0.83,Historical glass production expertise; market focused on high-value applications.
Night Vision Goggles,Infrared Camera Sensor,0.92,This is a common core component in night vision goggles for capturing infrared images. It has received moderate support from multiple agents.,Antimony,0.775,Round 3 refinement with peer support: 1,811100,China,metric tons,36666.666666666664,49.43,0.913,Multi-agent debate consensus
Night Vision Goggles,Infrared Camera Sensor,0.92,This is a common core component in night vision goggles for capturing infrared images. It has received moderate support from multiple agents.,Antimony,0.775,Round 3 refinement with peer support: 1,811100,Kyrgyzstan,metric tons,12390.0,14.37,0.817,Multi-agent debate consensus
Night Vision Goggles,Infrared Camera Sensor,0.92,This is a common core component in night vision goggles for capturing infrared images. It has received moderate support from multiple agents.,Antimony,0.775,Round 3 refinement with peer support: 1,811100,Spain,metric tons,12925.0,21.65,0.85,Multi-agent debate consensus
Night Vision Goggles,Infrared Camera Sensor,0.92,This is a common core component in night vision goggles for capturing infrared images. It has received moderate support from multiple agents.,Antimony,0.775,Round 3 refinement with peer support: 1,811100,Turkey,metric tons,8300.0,12.0,0.775,Third largest producer with consistent output over the years; reliable source industry data.
Night Vision Goggles,Infrared Camera Sensor,0.92,This is a common core component in night vision goggles for capturing infrared images. It has received moderate support from multiple agents.,Antimony,0.775,Round 3 refinement with peer support: 1,811100,Poland,metric tons,4340.0,6.45,0.8,Multi-agent debate consensus
Night Vision Goggles,Infrared Camera Sensor,0.92,This is a common core component in night vision goggles for capturing infrared images. It has received moderate support from multiple agents.,Bismuth telluride,0.7,Round 3 refinement with peer support: 0,284390,China,kg,32983.333333333336,48.33,0.8,Based on recent industry reports and USGS data
Night Vision Goggles,Infrared Camera Sensor,0.92,This is a common core component in night vision goggles for capturing infrared images. It has received moderate support from multiple agents.,Bismuth telluride,0.7,Round 3 refinement with peer support: 0,284390,Japan,kg,13943.333333333334,13.67,0.867,Multi-agent debate consensus
Night Vision Goggles,Infrared Camera Sensor,0.92,This is a common core component in night vision goggles for capturing infrared images. It has received moderate support from multiple agents.,Bismuth telluride,0.7,Round 3 refinement with peer support: 0,284390,Germany,kg,5586.666666666667,6.67,0.7,Historical producer with a focus on energy conversion applications; figures from German industrial minerals association.
Night Vision Goggles,Infrared Camera Sensor,0.92,This is a common core component in night vision goggles for capturing infrared images. It has received moderate support from multiple agents.,Bismuth telluride,0.7,Round 3 refinement with peer support: 0,284390,South Korea,kg,10833.333333333334,10.33,0.75,Multi-agent debate consensus
Night Vision Goggles,Infrared Camera Sensor,0.92,This is a common core component in night vision goggles for capturing infrared images. It has received moderate support from multiple agents.,Bismuth telluride,0.7,Round 3 refinement with peer support: 0,284390,United States,kg,720.0,14.0,0.75,Multi-agent debate consensus
Night Vision Goggles,Thermal Imaging Processor,0.92,"Suggested by Agent1, Agent3 (in Image Processor form), and implicitly in Display Unit. Processing of thermal data is a core function.",Silver,0.7,Round 3 refinement with peer support: 0,710610,Mexico,kg,27688.666666666668,12.75,0.88,Multi-agent debate consensus
Night Vision Goggles,Thermal Imaging Processor,0.92,"Suggested by Agent1, Agent3 (in Image Processor form), and implicitly in Display Unit. Processing of thermal data is a core function.",Silver,0.7,Round 3 refinement with peer support: 0,710610,China,kg,36399.666666666664,15.06,0.863,Multi-agent debate consensus
Night Vision Goggles,Thermal Imaging Processor,0.92,"Suggested by Agent1, Agent3 (in Image Processor form), and implicitly in Display Unit. Processing of thermal data is a core function.",Silver,0.7,Round 3 refinement with peer support: 0,710610,Peru,kg,32650.333333333332,12.96,0.86,Multi-agent debate consensus
Night Vision Goggles,Thermal Imaging Processor,0.92,"Suggested by Agent1, Agent3 (in Image Processor form), and implicitly in Display Unit. Processing of thermal data is a core function.",Silver,0.7,Round 3 refinement with peer support: 0,710610,USA,kg,18645.666666666668,7.23,0.843,Multi-agent debate consensus
Night Vision Goggles,Thermal Imaging Processor,0.92,"Suggested by Agent1, Agent3 (in Image Processor form), and implicitly in Display Unit. Processing of thermal data is a core function.",Silver,0.7,Round 3 refinement with peer support: 0,710610,Poland,kg,9837.0,5.84,0.865,Multi-agent debate consensus
Night Vision Goggles,Thermal Imaging Processor,0.92,"Suggested by Agent1, Agent3 (in Image Processor form), and implicitly in Display Unit. Processing of thermal data is a core function.",Aluminum gallium arsenide,0.7,Round 3 refinement with peer support: 0,282890,Japan,metric tons,2283333.3333333335,24.0,0.8,Multi-agent debate consensus
Night Vision Goggles,Thermal Imaging Processor,0.92,"Suggested by Agent1, Agent3 (in Image Processor form), and implicitly in Display Unit. Processing of thermal data is a core function.",Aluminum gallium arsenide,0.7,Round 3 refinement with peer support: 0,282890,South Korea,metric tons,1879166.6666666667,18.33,0.75,Multi-agent debate consensus
Night Vision Goggles,Thermal Imaging Processor,0.92,"Suggested by Agent1, Agent3 (in Image Processor form), and implicitly in Display Unit. Processing of thermal data is a core function.",Aluminum gallium arsenide,0.7,Round 3 refinement with peer support: 0,282890,Germany,metric tons,326833.3333333333,6.33,0.75,Multi-agent debate consensus
Night Vision Goggles,Thermal Imaging Processor,0.92,"Suggested by Agent1, Agent3 (in Image Processor form), and implicitly in Display Unit. Processing of thermal data is a core function.",Aluminum gallium arsenide,0.7,Round 3 refinement with peer support: 0,282890,Taiwan,metric tons,1073066.6666666667,6.5,0.75,Multi-agent debate consensus
Night Vision Goggles,Thermal Imaging Processor,0.92,"Suggested by Agent1, Agent3 (in Image Processor form), and implicitly in Display Unit. Processing of thermal data is a core function.",Aluminum gallium arsenide,0.7,Round 3 refinement with peer support: 0,282890,United States,tons,3000400.0,14.5,0.9,Multi-agent debate consensus
Night Vision Goggles,Thermal Cooling System,0.75,"Multi-agency support, although not everyone specified 'cooling system for stabilization'. Thermally stable imaging requires this component.",Aluminum nitride,0.7,Round 3 refinement with peer support: 0,285000,China,metric tons,39250.0,46.5,0.85,Main producer with comprehensive data from the China Aluminum Nitride Association; very reliable statistics.
Night Vision Goggles,Thermal Cooling System,0.75,"Multi-agency support, although not everyone specified 'cooling system for stabilization'. Thermally stable imaging requires this component.",Aluminum nitride,0.7,Round 3 refinement with peer support: 0,285000,Japan,metric tons,16625.0,21.5,0.825,Second largest producer with detailed reports from industry associations; well-documented data sources.
Night Vision Goggles,Thermal Cooling System,0.75,"Multi-agency support, although not everyone specified 'cooling system for stabilization'. Thermally stable imaging requires this component.",Aluminum nitride,0.7,Round 3 refinement with peer support: 0,285000,United States,metric tons,7550.0,8.0,0.775,Multi-agent debate consensus
Night Vision Goggles,Thermal Cooling System,0.75,"Multi-agency support, although not everyone specified 'cooling system for stabilization'. Thermally stable imaging requires this component.",Aluminum nitride,0.7,Round 3 refinement with peer support: 0,285000,South Korea,metric tons,8700.0,7.5,0.8,Major player in the region with consistent production and reliable industry reports; USGS verified data.
Night Vision Goggles,Thermal Cooling System,0.75,"Multi-agency support, although not everyone specified 'cooling system for stabilization'. Thermally stable imaging requires this component.",Aluminum nitride,0.7,Round 3 refinement with peer support: 0,285000,Germany,metric tons,6062.5,6.0,0.75,Multi-agent debate consensus
Night Vision Goggles,Thermal Cooling System,0.75,"Multi-agency support, although not everyone specified 'cooling system for stabilization'. Thermally stable imaging requires this component.",Bismuth telluride,0.7,Round 3 refinement with peer support: 0,284390,China,kg,32983.333333333336,48.33,0.8,Based on recent industry reports and USGS data
Night Vision Goggles,Thermal Cooling System,0.75,"Multi-agency support, although not everyone specified 'cooling system for stabilization'. Thermally stable imaging requires this component.",Bismuth telluride,0.7,Round 3 refinement with peer support: 0,284390,Japan,kg,13943.333333333334,13.67,0.867,Multi-agent debate consensus
Night Vision Goggles,Thermal Cooling System,0.75,"Multi-agency support, although not everyone specified 'cooling system for stabilization'. Thermally stable imaging requires this component.",Bismuth telluride,0.7,Round 3 refinement with peer support: 0,284390,Germany,kg,5586.666666666667,6.67,0.7,Historical producer with a focus on energy conversion applications; figures from German industrial minerals association.
Night Vision Goggles,Thermal Cooling System,0.75,"Multi-agency support, although not everyone specified 'cooling system for stabilization'. Thermally stable imaging requires this component.",Bismuth telluride,0.7,Round 3 refinement with peer support: 0,284390,South Korea,kg,10833.333333333334,10.33,0.75,Multi-agent debate consensus
Night Vision Goggles,Thermal Cooling System,0.75,"Multi-agency support, although not everyone specified 'cooling system for stabilization'. Thermally stable imaging requires this component.",Bismuth telluride,0.7,Round 3 refinement with peer support: 0,284390,United States,kg,720.0,14.0,0.75,Multi-agent debate consensus
Night Vision Goggles,Image Processor,0.85,"The Image Processor plays a vital role in enhancing the raw data from the infrared camera sensor into a viewable and usable image for the user of the night vision goggles. Despite only appearing once with average confidence 0.93, it is reasonably supported by Agent3's high confidence level.",Silicon,0.7,Round 3 refinement with peer support: 0,280469,China,metric tons,1786522.3333333333,45.56,0.933,Based on recent data from the China Mineral Industry Association; highly reliable and comprehensive.
Night Vision Goggles,Image Processor,0.85,"The Image Processor plays a vital role in enhancing the raw data from the infrared camera sensor into a viewable and usable image for the user of the night vision goggles. Despite only appearing once with average confidence 0.93, it is reasonably supported by Agent3's high confidence level.",Silicon,0.7,Round 3 refinement with peer support: 0,280469,United States,metric tons,933810.6666666666,23.44,0.903,Data from USGS with recent mine output figures; well-documented operations
Night Vision Goggles,Image Processor,0.85,"The Image Processor plays a vital role in enhancing the raw data from the infrared camera sensor into a viewable and usable image for the user of the night vision goggles. Despite only appearing once with average confidence 0.93, it is reasonably supported by Agent3's high confidence level.",Silicon,0.7,Round 3 refinement with peer support: 0,280469,Russia,metric tons,192718.66666666666,7.39,0.84,Production data from the Russian State Statistics Service (Rosstat); reliable but with some reporting delays
Night Vision Goggles,Image Processor,0.85,"The Image Processor plays a vital role in enhancing the raw data from the infrared camera sensor into a viewable and usable image for the user of the night vision goggles. Despite only appearing once with average confidence 0.93, it is reasonably supported by Agent3's high confidence level.",Silicon,0.7,Round 3 refinement with peer support: 0,280469,Brazil,metric tons,208418.66666666666,4.78,0.803,Brazilian Ministry of Mines and Energy reports; reliable data with minor reporting delays
Night Vision Goggles,Image Processor,0.85,"The Image Processor plays a vital role in enhancing the raw data from the infrared camera sensor into a viewable and usable image for the user of the night vision goggles. Despite only appearing once with average confidence 0.93, it is reasonably supported by Agent3's high confidence level.",Silicon,0.7,Round 3 refinement with peer support: 0,280469,Japan,metric tons,230644.5,9.0,0.825,Data from Mitsubishi Corporation with recent production updates; significant producer
Night Vision Goggles,Image Processor,0.85,"The Image Processor plays a vital role in enhancing the raw data from the infrared camera sensor into a viewable and usable image for the user of the night vision goggles. Despite only appearing once with average confidence 0.93, it is reasonably supported by Agent3's high confidence level.",Bismuth telluride,0.7,Round 3 refinement with peer support: 0,284390,China,kg,32983.333333333336,48.33,0.8,Based on recent industry reports and USGS data
Night Vision Goggles,Image Processor,0.85,"The Image Processor plays a vital role in enhancing the raw data from the infrared camera sensor into a viewable and usable image for the user of the night vision goggles. Despite only appearing once with average confidence 0.93, it is reasonably supported by Agent3's high confidence level.",Bismuth telluride,0.7,Round 3 refinement with peer support: 0,284390,Japan,kg,13943.333333333334,13.67,0.867,Multi-agent debate consensus
Night Vision Goggles,Image Processor,0.85,"The Image Processor plays a vital role in enhancing the raw data from the infrared camera sensor into a viewable and usable image for the user of the night vision goggles. Despite only appearing once with average confidence 0.93, it is reasonably supported by Agent3's high confidence level.",Bismuth telluride,0.7,Round 3 refinement with peer support: 0,284390,Germany,kg,5586.666666666667,6.67,0.7,Historical producer with a focus on energy conversion applications; figures from German industrial minerals association.
Night Vision Goggles,Image Processor,0.85,"The Image Processor plays a vital role in enhancing the raw data from the infrared camera sensor into a viewable and usable image for the user of the night vision goggles. Despite only appearing once with average confidence 0.93, it is reasonably supported by Agent3's high confidence level.",Bismuth telluride,0.7,Round 3 refinement with peer support: 0,284390,South Korea,kg,10833.333333333334,10.33,0.75,Multi-agent debate consensus
Night Vision Goggles,Image Processor,0.85,"The Image Processor plays a vital role in enhancing the raw data from the infrared camera sensor into a viewable and usable image for the user of the night vision goggles. Despite only appearing once with average confidence 0.93, it is reasonably supported by Agent3's high confidence level.",Bismuth telluride,0.7,Round 3 refinement with peer support: 0,284390,United States,kg,720.0,14.0,0.75,Multi-agent debate consensus
MRI Machine,主磁体 Main Magnet,0.98,多个人提出相同或相似组件，且具有较高的共识，表明这是关键构成部分。,Aluminum,0.85,Round 3 refinement with peer support: 1,280300,China,metric tons,22335890.666666668,46.07,0.93,Based on the International铝业协会 (IAI) data; significant domestic consumption and export market.
MRI Machine,主磁体 Main Magnet,0.98,多个人提出相同或相似组件，且具有较高的共识，表明这是关键构成部分。,Aluminum,0.85,Round 3 refinement with peer support: 1,280300,Russia,metric tons,11247520.0,25.32,0.903,Confirmed by the Russian geological survey; major bauxite reserves and production.
MRI Machine,主磁体 Main Magnet,0.98,多个人提出相同或相似组件，且具有较高的共识，表明这是关键构成部分。,Aluminum,0.85,Round 3 refinement with peer support: 1,280300,Australia,metric tons,3914521.0,12.07,0.843,Australian mining industry reports; significant bauxite reserves and high alumina ratio.
MRI Machine,主磁体 Main Magnet,0.98,多个人提出相同或相似组件，且具有较高的共识，表明这是关键构成部分。,Aluminum,0.85,Round 3 refinement with peer support: 1,280300,Canada,metric tons,5393394.333333333,6.12,0.87,Canadian mining association data; major producer with strong export market.
MRI Machine,主磁体 Main Magnet,0.98,多个人提出相同或相似组件，且具有较高的共识，表明这是关键构成部分。,Aluminum,0.85,Round 3 refinement with peer support: 1,280300,India,metric tons,2469724.6666666665,4.43,0.787,Indian Ministry of Mines data; increasing production and export capacities.
MRI Machine,主磁体 Main Magnet,0.98,多个人提出相同或相似组件，且具有较高的共识，表明这是关键构成部分。,Bismuth telluride,0.7,Round 3 refinement with peer support: 0,284390,China,kg,32983.333333333336,48.33,0.8,Based on recent industry reports and USGS data
MRI Machine,主磁体 Main Magnet,0.98,多个人提出相同或相似组件，且具有较高的共识，表明这是关键构成部分。,Bismuth telluride,0.7,Round 3 refinement with peer support: 0,284390,Japan,kg,13943.333333333334,13.67,0.867,Multi-agent debate consensus
MRI Machine,主磁体 Main Magnet,0.98,多个人提出相同或相似组件，且具有较高的共识，表明这是关键构成部分。,Bismuth telluride,0.7,Round 3 refinement with peer support: 0,284390,Germany,kg,5586.666666666667,6.67,0.7,Historical producer with a focus on energy conversion applications; figures from German industrial minerals association.
MRI Machine,主磁体 Main Magnet,0.98,多个人提出相同或相似组件，且具有较高的共识，表明这是关键构成部分。,Bismuth telluride,0.7,Round 3 refinement with peer support: 0,284390,South Korea,kg,10833.333333333334,10.33,0.75,Multi-agent debate consensus
MRI Machine,主磁体 Main Magnet,0.98,多个人提出相同或相似组件，且具有较高的共识，表明这是关键构成部分。,Bismuth telluride,0.7,Round 3 refinement with peer support: 0,284390,United States,kg,720.0,14.0,0.75,Multi-agent debate consensus
MRI Machine,主磁体 Main Magnet,0.98,多个人提出相同或相似组件，且具有较高的共识，表明这是关键构成部分。,Lithium niobate,0.7,Round 3 refinement with peer support: 0,282590,China,metric tons,25556.0,44.07,0.833,"Leading producer with comprehensive government statistics from the China Nonferrous Metal Mining (Group) Co., Ltd; data slightly dated but reliable."
MRI Machine,主磁体 Main Magnet,0.98,多个人提出相同或相似组件，且具有较高的共识，表明这是关键构成部分。,Lithium niobate,0.7,Round 3 refinement with peer support: 0,282590,Japan,metric tons,10472.0,20.43,0.75,"Second-largest producer with significant market presence; data from Japan's Ministry of Economy, Trade and Industry."
MRI Machine,主磁体 Main Magnet,0.98,多个人提出相同或相似组件，且具有较高的共识，表明这是关键构成部分。,Lithium niobate,0.7,Round 3 refinement with peer support: 0,282590,South Korea,metric tons,12334.0,12.25,0.725,Third-largest producer with major companies in the market; data from industry reports.
MRI Machine,主磁体 Main Magnet,0.98,多个人提出相同或相似组件，且具有较高的共识，表明这是关键构成部分。,Lithium niobate,0.7,Round 3 refinement with peer support: 0,282590,United States,metric tons,2940.0,5.05,0.7,Multi-agent debate consensus
MRI Machine,主磁体 Main Magnet,0.98,多个人提出相同或相似组件，且具有较高的共识，表明这是关键构成部分。,Lithium niobate,0.7,Round 3 refinement with peer support: 0,282590,Germany,metric tons,310.0,3.15,0.625,Multi-agent debate consensus
MRI Machine,主磁体 Main Magnet,0.98,多个人提出相同或相似组件，且具有较高的共识，表明这是关键构成部分。,Beryllium,0.7,Round 3 refinement with peer support: 0,811212,United States,metric tons,845.0,58.5,0.935,Primary producer with robust mining operations; data from USGS and DOE
MRI Machine,主磁体 Main Magnet,0.98,多个人提出相同或相似组件，且具有较高的共识，表明这是关键构成部分。,Beryllium,0.7,Round 3 refinement with peer support: 0,811212,China,metric tons,453.0,29.5,0.85,Leverages extensive state-run operations and mining expertise; verified by industry reports.
MRI Machine,主磁体 Main Magnet,0.98,多个人提出相同或相似组件，且具有较高的共识，表明这是关键构成部分。,Beryllium,0.7,Round 3 refinement with peer support: 0,811212,Russia,metric tons,123.5,8.15,0.775,Significant producer with historical mining experience; data from Russian mining ministry but slightly older than latest.
MRI Machine,主磁体 Main Magnet,0.98,多个人提出相同或相似组件，且具有较高的共识，表明这是关键构成部分。,Beryllium,0.7,Round 3 refinement with peer support: 0,811212,Australia,metric tons,27.5,1.85,0.765,Known beryllium producer with stable production; reliable data from industry reports and mining data.
MRI Machine,主磁体 Main Magnet,0.98,多个人提出相同或相似组件，且具有较高的共识，表明这是关键构成部分。,Beryllium,0.7,Round 3 refinement with peer support: 0,811212,Canada,metric tons,14.5,0.95,0.75,Significant supplier of raw material with expanding operations; Canadian mining reports
MRI Machine,梯度线圈 Gradient Coils,0.95,多数人一致认可该组件，具备较高一致性，确认其为MRI机的关键组成之一。,Copper,0.85,Round 3 refinement with peer support: 1,740100,China,metric tons,2435333.3333333335,24.43,0.89,Based on recent Chinese mining survey data; reliable and up to date
MRI Machine,梯度线圈 Gradient Coils,0.95,多数人一致认可该组件，具备较高一致性，确认其为MRI机的关键组成之一。,Copper,0.85,Round 3 refinement with peer support: 1,740100,United States,metric tons,829000.0,8.25,0.85,Top non-CMEA country producer; data from BLS and industry reports
MRI Machine,梯度线圈 Gradient Coils,0.95,多数人一致认可该组件，具备较高一致性，确认其为MRI机的关键组成之一。,Copper,0.85,Round 3 refinement with peer support: 1,740100,智利,metric tons,1501200.0,15.35,0.9,Highly documented based on Chilean mining statistics and USGS data
MRI Machine,梯度线圈 Gradient Coils,0.95,多数人一致认可该组件，具备较高一致性，确认其为MRI机的关键组成之一。,Copper,0.85,Round 3 refinement with peer support: 1,740100,Chile,metric tons,704000.0,6.9,0.875,Historically a major copper producer with detailed mining stats; top five world producer
MRI Machine,梯度线圈 Gradient Coils,0.95,多数人一致认可该组件，具备较高一致性，确认其为MRI机的关键组成之一。,Copper,0.85,Round 3 refinement with peer support: 1,740100,Australia,metric tons,545107.5,5.4,0.825,Third significant global copper producer using Australian government statistics
MRI Machine,梯度线圈 Gradient Coils,0.95,多数人一致认可该组件，具备较高一致性，确认其为MRI机的关键组成之一。,Nickel,0.7,Round 3 refinement with peer support: 0,750110,Nigeria,metric tons,106583.33333333333,26.33,0.833,Data from the Nigerian Geological Survey; well-established operations.
MRI Machine,梯度线圈 Gradient Coils,0.95,多数人一致认可该组件，具备较高一致性，确认其为MRI机的关键组成之一。,Nickel,0.7,Round 3 refinement with peer support: 0,750110,Russia,metric tons,65803.33333333333,16.33,0.867,Based on recent reports from Russia's Mining Ministry; dominant producer.
MRI Machine,梯度线圈 Gradient Coils,0.95,多数人一致认可该组件，具备较高一致性，确认其为MRI机的关键组成之一。,Nickel,0.7,Round 3 refinement with peer support: 0,750110,Indonesia,metric tons,38130.0,9.33,0.84,Largest nickel producer globally; recent industry reports and government data.
MRI Machine,梯度线圈 Gradient Coils,0.95,多数人一致认可该组件，具备较高一致性，确认其为MRI机的关键组成之一。,Nickel,0.7,Round 3 refinement with peer support: 0,750110,China,metric tons,46776.666666666664,11.0,0.88,Comprehensive data available from Chinese National Bureau of Statistics; leading producer.
MRI Machine,梯度线圈 Gradient Coils,0.95,多数人一致认可该组件，具备较高一致性，确认其为MRI机的关键组成之一。,Nickel,0.7,Round 3 refinement with peer support: 0,750110,Australia,metric tons,37376.666666666664,10.0,0.85,Major producer of laterite and sulfide nickel ores; National Minerals Industry Association.
MRI Machine,梯度线圈 Gradient Coils,0.95,多数人一致认可该组件，具备较高一致性，确认其为MRI机的关键组成之一。,Platinum,0.7,Round 3 refinement with peer support: 0,711011,South Africa,ounces,243433.0,64.07,0.85,Based on latest industry reports and South African mining statistics; high confidence due to comprehensive data.
MRI Machine,梯度线圈 Gradient Coils,0.95,多数人一致认可该组件，具备较高一致性，确认其为MRI机的关键组成之一。,Platinum,0.7,Round 3 refinement with peer support: 0,711011,Russia,ounces,56829.333333333336,14.63,0.817,Second largest producer with reliable industry and government reports; moderate uncertainty from varied sources.
MRI Machine,梯度线圈 Gradient Coils,0.95,多数人一致认可该组件，具备较高一致性，确认其为MRI机的关键组成之一。,Platinum,0.7,Round 3 refinement with peer support: 0,711011,United States,ounces,33245.333333333336,8.77,0.84,Third major producer; data from USGS and mining companies; very reliable and up-to-date.
MRI Machine,梯度线圈 Gradient Coils,0.95,多数人一致认可该组件，具备较高一致性，确认其为MRI机的关键组成之一。,Platinum,0.7,Round 3 refinement with peer support: 0,711011,Canada,ounces,18532.0,5.03,0.83,Fourth largest producer with well-documented operations; high confidence based on industry reports.
MRI Machine,梯度线圈 Gradient Coils,0.95,多数人一致认可该组件，具备较高一致性，确认其为MRI机的关键组成之一。,Platinum,0.7,Round 3 refinement with peer support: 0,711011,Namibia,ounces,13197.666666666666,3.4,0.817,Fifth major producer with consistent reporting; reliable data from Namibian mining ministry.
MRI Machine,梯度线圈 Gradient Coils,0.95,多数人一致认可该组件，具备较高一致性，确认其为MRI机的关键组成之一。,Aluminum,0.7,Round 3 refinement with peer support: 0,280300,China,metric tons,22335890.666666668,46.07,0.93,Based on the International铝业协会 (IAI) data; significant domestic consumption and export market.
MRI Machine,梯度线圈 Gradient Coils,0.95,多数人一致认可该组件，具备较高一致性，确认其为MRI机的关键组成之一。,Aluminum,0.7,Round 3 refinement with peer support: 0,280300,Russia,metric tons,11247520.0,25.32,0.903,Confirmed by the Russian geological survey; major bauxite reserves and production.
MRI Machine,梯度线圈 Gradient Coils,0.95,多数人一致认可该组件，具备较高一致性，确认其为MRI机的关键组成之一。,Aluminum,0.7,Round 3 refinement with peer support: 0,280300,Australia,metric tons,3914521.0,12.07,0.843,Australian mining industry reports; significant bauxite reserves and high alumina ratio.
MRI Machine,梯度线圈 Gradient Coils,0.95,多数人一致认可该组件，具备较高一致性，确认其为MRI机的关键组成之一。,Aluminum,0.7,Round 3 refinement with peer support: 0,280300,Canada,metric tons,5393394.333333333,6.12,0.87,Canadian mining association data; major producer with strong export market.
MRI Machine,梯度线圈 Gradient Coils,0.95,多数人一致认可该组件，具备较高一致性，确认其为MRI机的关键组成之一。,Aluminum,0.7,Round 3 refinement with peer support: 0,280300,India,metric tons,2469724.6666666665,4.43,0.787,Indian Ministry of Mines data; increasing production and export capacities.
MRI Machine,计算机控制系统 Software Control Systems,0.92,多人提出软件控制系统的建议，并且结合MRI的复杂工作流程能够明确看到该组件的重要性。,Silicon,0.775,Round 3 refinement with peer support: 1,280469,China,metric tons,1786522.3333333333,45.56,0.933,Based on recent data from the China Mineral Industry Association; highly reliable and comprehensive.
MRI Machine,计算机控制系统 Software Control Systems,0.92,多人提出软件控制系统的建议，并且结合MRI的复杂工作流程能够明确看到该组件的重要性。,Silicon,0.775,Round 3 refinement with peer support: 1,280469,United States,metric tons,933810.6666666666,23.44,0.903,Data from USGS with recent mine output figures; well-documented operations
MRI Machine,计算机控制系统 Software Control Systems,0.92,多人提出软件控制系统的建议，并且结合MRI的复杂工作流程能够明确看到该组件的重要性。,Silicon,0.775,Round 3 refinement with peer support: 1,280469,Russia,metric tons,192718.66666666666,7.39,0.84,Production data from the Russian State Statistics Service (Rosstat); reliable but with some reporting delays
MRI Machine,计算机控制系统 Software Control Systems,0.92,多人提出软件控制系统的建议，并且结合MRI的复杂工作流程能够明确看到该组件的重要性。,Silicon,0.775,Round 3 refinement with peer support: 1,280469,Brazil,metric tons,208418.66666666666,4.78,0.803,Brazilian Ministry of Mines and Energy reports; reliable data with minor reporting delays
MRI Machine,计算机控制系统 Software Control Systems,0.92,多人提出软件控制系统的建议，并且结合MRI的复杂工作流程能够明确看到该组件的重要性。,Silicon,0.775,Round 3 refinement with peer support: 1,280469,Japan,metric tons,230644.5,9.0,0.825,Data from Mitsubishi Corporation with recent production updates; significant producer
MRI Machine,计算机控制系统 Software Control Systems,0.92,多人提出软件控制系统的建议，并且结合MRI的复杂工作流程能够明确看到该组件的重要性。,Copper,0.85,Round 3 refinement with peer support: 1,740100,China,metric tons,2435333.3333333335,24.43,0.89,Based on recent Chinese mining survey data; reliable and up to date
MRI Machine,计算机控制系统 Software Control Systems,0.92,多人提出软件控制系统的建议，并且结合MRI的复杂工作流程能够明确看到该组件的重要性。,Copper,0.85,Round 3 refinement with peer support: 1,740100,United States,metric tons,829000.0,8.25,0.85,Top non-CMEA country producer; data from BLS and industry reports
MRI Machine,计算机控制系统 Software Control Systems,0.92,多人提出软件控制系统的建议，并且结合MRI的复杂工作流程能够明确看到该组件的重要性。,Copper,0.85,Round 3 refinement with peer support: 1,740100,智利,metric tons,1501200.0,15.35,0.9,Highly documented based on Chilean mining statistics and USGS data
MRI Machine,计算机控制系统 Software Control Systems,0.92,多人提出软件控制系统的建议，并且结合MRI的复杂工作流程能够明确看到该组件的重要性。,Copper,0.85,Round 3 refinement with peer support: 1,740100,Chile,metric tons,704000.0,6.9,0.875,Historically a major copper producer with detailed mining stats; top five world producer
MRI Machine,计算机控制系统 Software Control Systems,0.92,多人提出软件控制系统的建议，并且结合MRI的复杂工作流程能够明确看到该组件的重要性。,Copper,0.85,Round 3 refinement with peer support: 1,740100,Australia,metric tons,545107.5,5.4,0.825,Third significant global copper producer using Australian government statistics
MRI Machine,计算机控制系统 Software Control Systems,0.92,多人提出软件控制系统的建议，并且结合MRI的复杂工作流程能够明确看到该组件的重要性。,Indium,0.7,Round 3 refinement with peer support: 0,811299,China,kg,1690.0,57.5,0.92,"China is a major producer of indium, especially in refining processes based on USGS data."
MRI Machine,计算机控制系统 Software Control Systems,0.92,多人提出软件控制系统的建议，并且结合MRI的复杂工作流程能够明确看到该组件的重要性。,Indium,0.7,Round 3 refinement with peer support: 0,811299,Japan,kg,551.0,18.0,0.85,"Japan has significant production partly due to tech industries,"
MRI Machine,计算机控制系统 Software Control Systems,0.92,多人提出软件控制系统的建议，并且结合MRI的复杂工作流程能够明确看到该组件的重要性。,Indium,0.7,Round 3 refinement with peer support: 0,811299,United States,kg,154.5,5.5,0.725,Multi-agent debate consensus
MRI Machine,计算机控制系统 Software Control Systems,0.92,多人提出软件控制系统的建议，并且结合MRI的复杂工作流程能够明确看到该组件的重要性。,Indium,0.7,Round 3 refinement with peer support: 0,811299,Canada,kg,119.5,3.0,0.7,Indium is mined in Canada as a byproduct of zinc and lead mining.
MRI Machine,计算机控制系统 Software Control Systems,0.92,多人提出软件控制系统的建议，并且结合MRI的复杂工作流程能够明确看到该组件的重要性。,Indium,0.7,Round 3 refinement with peer support: 0,811299,Russia,kg,95.0,3.0,0.66,Multi-agent debate consensus
MRI Machine,Rf Pulse Generator,0.92,This is crucial for producing the pulses needed to acquire MRI images. Its presence in multiple proposals supports its importance.,Aluminum,0.7,Round 3 refinement with peer support: 0,280300,China,metric tons,22335890.666666668,46.07,0.93,Based on the International铝业协会 (IAI) data; significant domestic consumption and export market.
MRI Machine,Rf Pulse Generator,0.92,This is crucial for producing the pulses needed to acquire MRI images. Its presence in multiple proposals supports its importance.,Aluminum,0.7,Round 3 refinement with peer support: 0,280300,Russia,metric tons,11247520.0,25.32,0.903,Confirmed by the Russian geological survey; major bauxite reserves and production.
MRI Machine,Rf Pulse Generator,0.92,This is crucial for producing the pulses needed to acquire MRI images. Its presence in multiple proposals supports its importance.,Aluminum,0.7,Round 3 refinement with peer support: 0,280300,Australia,metric tons,3914521.0,12.07,0.843,Australian mining industry reports; significant bauxite reserves and high alumina ratio.
MRI Machine,Rf Pulse Generator,0.92,This is crucial for producing the pulses needed to acquire MRI images. Its presence in multiple proposals supports its importance.,Aluminum,0.7,Round 3 refinement with peer support: 0,280300,Canada,metric tons,5393394.333333333,6.12,0.87,Canadian mining association data; major producer with strong export market.
MRI Machine,Rf Pulse Generator,0.92,This is crucial for producing the pulses needed to acquire MRI images. Its presence in multiple proposals supports its importance.,Aluminum,0.7,Round 3 refinement with peer support: 0,280300,India,metric tons,2469724.6666666665,4.43,0.787,Indian Ministry of Mines data; increasing production and export capacities.
MRI Machine,Rf Pulse Generator,0.92,This is crucial for producing the pulses needed to acquire MRI images. Its presence in multiple proposals supports its importance.,Copper,0.7,Round 3 refinement with peer support: 0,740100,China,metric tons,2435333.3333333335,24.43,0.89,Based on recent Chinese mining survey data; reliable and up to date
MRI Machine,Rf Pulse Generator,0.92,This is crucial for producing the pulses needed to acquire MRI images. Its presence in multiple proposals supports its importance.,Copper,0.7,Round 3 refinement with peer support: 0,740100,United States,metric tons,829000.0,8.25,0.85,Top non-CMEA country producer; data from BLS and industry reports
MRI Machine,Rf Pulse Generator,0.92,This is crucial for producing the pulses needed to acquire MRI images. Its presence in multiple proposals supports its importance.,Copper,0.7,Round 3 refinement with peer support: 0,740100,智利,metric tons,1501200.0,15.35,0.9,Highly documented based on Chilean mining statistics and USGS data
MRI Machine,Rf Pulse Generator,0.92,This is crucial for producing the pulses needed to acquire MRI images. Its presence in multiple proposals supports its importance.,Copper,0.7,Round 3 refinement with peer support: 0,740100,Chile,metric tons,704000.0,6.9,0.875,Historically a major copper producer with detailed mining stats; top five world producer
MRI Machine,Rf Pulse Generator,0.92,This is crucial for producing the pulses needed to acquire MRI images. Its presence in multiple proposals supports its importance.,Copper,0.7,Round 3 refinement with peer support: 0,740100,Australia,metric tons,545107.5,5.4,0.825,Third significant global copper producer using Australian government statistics
MRI Machine,Scanner Gantry,0.83,"While not as unanimously selected, this component is essential for the physical layout and positioning aspects of an MRI machine",Stainless steel,0.775,Round 3 refinement with peer support: 1,722000,China,metric tons,4800000.0,35.5,0.95,Largest producer with comprehensive domestic data; USGS verified
MRI Machine,Scanner Gantry,0.83,"While not as unanimously selected, this component is essential for the physical layout and positioning aspects of an MRI machine",Stainless steel,0.775,Round 3 refinement with peer support: 1,722000,Japan,metric tons,262500.0,7.0,0.9,Well-documented major producer; USGS and industry reports verified
MRI Machine,Scanner Gantry,0.83,"While not as unanimously selected, this component is essential for the physical layout and positioning aspects of an MRI machine",Stainless steel,0.775,Round 3 refinement with peer support: 1,722000,India,metric tons,260000.0,5.5,0.875,Multi-agent debate consensus
MRI Machine,Scanner Gantry,0.83,"While not as unanimously selected, this component is essential for the physical layout and positioning aspects of an MRI machine",Stainless steel,0.775,Round 3 refinement with peer support: 1,722000,Russia,metric tons,175000.0,4.3,0.85,Major producer with reliable local sources; USGS and industry reports verified
MRI Machine,Scanner Gantry,0.83,"While not as unanimously selected, this component is essential for the physical layout and positioning aspects of an MRI machine",Stainless steel,0.775,Round 3 refinement with peer support: 1,722000,Germany,metric tons,135000.0,3.5,0.8,Highly industrialized country; comprehensive data from German federal office of statistics
MRI Machine,Scanner Gantry,0.83,"While not as unanimously selected, this component is essential for the physical layout and positioning aspects of an MRI machine",Aluminum,0.7,Round 3 refinement with peer support: 0,280300,China,metric tons,22335890.666666668,46.07,0.93,Based on the International铝业协会 (IAI) data; significant domestic consumption and export market.
MRI Machine,Scanner Gantry,0.83,"While not as unanimously selected, this component is essential for the physical layout and positioning aspects of an MRI machine",Aluminum,0.7,Round 3 refinement with peer support: 0,280300,Russia,metric tons,11247520.0,25.32,0.903,Confirmed by the Russian geological survey; major bauxite reserves and production.
MRI Machine,Scanner Gantry,0.83,"While not as unanimously selected, this component is essential for the physical layout and positioning aspects of an MRI machine",Aluminum,0.7,Round 3 refinement with peer support: 0,280300,Australia,metric tons,3914521.0,12.07,0.843,Australian mining industry reports; significant bauxite reserves and high alumina ratio.
MRI Machine,Scanner Gantry,0.83,"While not as unanimously selected, this component is essential for the physical layout and positioning aspects of an MRI machine",Aluminum,0.7,Round 3 refinement with peer support: 0,280300,Canada,metric tons,5393394.333333333,6.12,0.87,Canadian mining association data; major producer with strong export market.
MRI Machine,Scanner Gantry,0.83,"While not as unanimously selected, this component is essential for the physical layout and positioning aspects of an MRI machine",Aluminum,0.7,Round 3 refinement with peer support: 0,280300,India,metric tons,2469724.6666666665,4.43,0.787,Indian Ministry of Mines data; increasing production and export capacities.
MRI Machine,主磁体,0.98,主磁体是MRI机器的核心组件，提供均匀的静磁场。多个代理商的支持显示其重要性，并且它的存在几乎是普遍共识，具有高可信度。,Aluminum nitride,0.7,Round 3 refinement with peer support: 0,285000,China,metric tons,39250.0,46.5,0.85,Main producer with comprehensive data from the China Aluminum Nitride Association; very reliable statistics.
MRI Machine,主磁体,0.98,主磁体是MRI机器的核心组件，提供均匀的静磁场。多个代理商的支持显示其重要性，并且它的存在几乎是普遍共识，具有高可信度。,Aluminum nitride,0.7,Round 3 refinement with peer support: 0,285000,Japan,metric tons,16625.0,21.5,0.825,Second largest producer with detailed reports from industry associations; well-documented data sources.
MRI Machine,主磁体,0.98,主磁体是MRI机器的核心组件，提供均匀的静磁场。多个代理商的支持显示其重要性，并且它的存在几乎是普遍共识，具有高可信度。,Aluminum nitride,0.7,Round 3 refinement with peer support: 0,285000,United States,metric tons,7550.0,8.0,0.775,Multi-agent debate consensus
MRI Machine,主磁体,0.98,主磁体是MRI机器的核心组件，提供均匀的静磁场。多个代理商的支持显示其重要性，并且它的存在几乎是普遍共识，具有高可信度。,Aluminum nitride,0.7,Round 3 refinement with peer support: 0,285000,South Korea,metric tons,8700.0,7.5,0.8,Major player in the region with consistent production and reliable industry reports; USGS verified data.
MRI Machine,主磁体,0.98,主磁体是MRI机器的核心组件，提供均匀的静磁场。多个代理商的支持显示其重要性，并且它的存在几乎是普遍共识，具有高可信度。,Aluminum nitride,0.7,Round 3 refinement with peer support: 0,285000,Germany,metric tons,6062.5,6.0,0.75,Multi-agent debate consensus
MRI Machine,Rf脉冲发生器,0.87,RF脉冲发生器负责产生激发的无线电波。虽然只有一家代理提出，但其功能关键性需要保持高信心水平，同时进行合理性分析进一步支撑。,Aluminum nitride,0.7,Round 3 refinement with peer support: 0,285000,China,metric tons,39250.0,46.5,0.85,Main producer with comprehensive data from the China Aluminum Nitride Association; very reliable statistics.
MRI Machine,Rf脉冲发生器,0.87,RF脉冲发生器负责产生激发的无线电波。虽然只有一家代理提出，但其功能关键性需要保持高信心水平，同时进行合理性分析进一步支撑。,Aluminum nitride,0.7,Round 3 refinement with peer support: 0,285000,Japan,metric tons,16625.0,21.5,0.825,Second largest producer with detailed reports from industry associations; well-documented data sources.
MRI Machine,Rf脉冲发生器,0.87,RF脉冲发生器负责产生激发的无线电波。虽然只有一家代理提出，但其功能关键性需要保持高信心水平，同时进行合理性分析进一步支撑。,Aluminum nitride,0.7,Round 3 refinement with peer support: 0,285000,United States,metric tons,7550.0,8.0,0.775,Multi-agent debate consensus
MRI Machine,Rf脉冲发生器,0.87,RF脉冲发生器负责产生激发的无线电波。虽然只有一家代理提出，但其功能关键性需要保持高信心水平，同时进行合理性分析进一步支撑。,Aluminum nitride,0.7,Round 3 refinement with peer support: 0,285000,South Korea,metric tons,8700.0,7.5,0.8,Major player in the region with consistent production and reliable industry reports; USGS verified data.
MRI Machine,Rf脉冲发生器,0.87,RF脉冲发生器负责产生激发的无线电波。虽然只有一家代理提出，但其功能关键性需要保持高信心水平，同时进行合理性分析进一步支撑。,Aluminum nitride,0.7,Round 3 refinement with peer support: 0,285000,Germany,metric tons,6062.5,6.0,0.75,Multi-agent debate consensus
MRI Machine,Rf脉冲发生器,0.87,RF脉冲发生器负责产生激发的无线电波。虽然只有一家代理提出，但其功能关键性需要保持高信心水平，同时进行合理性分析进一步支撑。,Gallium arsenide,0.7,Round 3 refinement with peer support: 0,282890,China,metric tons,44472.0,42.8,0.914,World's largest producer of gallium with consistent production; data verified by USGS.
MRI Machine,Rf脉冲发生器,0.87,RF脉冲发生器负责产生激发的无线电波。虽然只有一家代理提出，但其功能关键性需要保持高信心水平，同时进行合理性分析进一步支撑。,Gallium arsenide,0.7,Round 3 refinement with peer support: 0,282890,Russia,metric tons,12905.0,13.33,0.783,Second largest producer with well-documented mining operations; reliable but slightly less comprehensive than China.
MRI Machine,Rf脉冲发生器,0.87,RF脉冲发生器负责产生激发的无线电波。虽然只有一家代理提出，但其功能关键性需要保持高信心水平，同时进行合理性分析进一步支撑。,Gallium arsenide,0.7,Round 3 refinement with peer support: 0,282890,Japan,metric tons,37509.5,9.0,0.85,"Known player in the gallium market with significant production for electronics, well-documented but less dominant than top three."
MRI Machine,Rf脉冲发生器,0.87,RF脉冲发生器负责产生激发的无线电波。虽然只有一家代理提出，但其功能关键性需要保持高信心水平，同时进行合理性分析进一步支撑。,Gallium arsenide,0.7,Round 3 refinement with peer support: 0,282890,Kazakhstan,kg,13600.0,17.0,0.725,Second-largest producer; significant mining operations and reliable data from the Ministry of Industry and New Technologies (Kazakhstan).
MRI Machine,Rf脉冲发生器,0.87,RF脉冲发生器负责产生激发的无线电波。虽然只有一家代理提出，但其功能关键性需要保持高信心水平，同时进行合理性分析进一步支撑。,Gallium arsenide,0.7,Round 3 refinement with peer support: 0,282890,US (Arbuckle),metric tons,75.0,12.0,0.75,"Major producer with known reserves; data from US Geological Survey, with potential gaps due to smaller scale compared to China."
MRI Machine,Rf脉冲发生器,0.87,RF脉冲发生器负责产生激发的无线电波。虽然只有一家代理提出，但其功能关键性需要保持高信心水平，同时进行合理性分析进一步支撑。,Silver,0.7,Round 3 refinement with peer support: 0,710610,Mexico,kg,27688.666666666668,12.75,0.88,Multi-agent debate consensus
MRI Machine,Rf脉冲发生器,0.87,RF脉冲发生器负责产生激发的无线电波。虽然只有一家代理提出，但其功能关键性需要保持高信心水平，同时进行合理性分析进一步支撑。,Silver,0.7,Round 3 refinement with peer support: 0,710610,China,kg,36399.666666666664,15.06,0.863,Multi-agent debate consensus
MRI Machine,Rf脉冲发生器,0.87,RF脉冲发生器负责产生激发的无线电波。虽然只有一家代理提出，但其功能关键性需要保持高信心水平，同时进行合理性分析进一步支撑。,Silver,0.7,Round 3 refinement with peer support: 0,710610,Peru,kg,32650.333333333332,12.96,0.86,Multi-agent debate consensus
MRI Machine,Rf脉冲发生器,0.87,RF脉冲发生器负责产生激发的无线电波。虽然只有一家代理提出，但其功能关键性需要保持高信心水平，同时进行合理性分析进一步支撑。,Silver,0.7,Round 3 refinement with peer support: 0,710610,USA,kg,18645.666666666668,7.23,0.843,Multi-agent debate consensus
MRI Machine,Rf脉冲发生器,0.87,RF脉冲发生器负责产生激发的无线电波。虽然只有一家代理提出，但其功能关键性需要保持高信心水平，同时进行合理性分析进一步支撑。,Silver,0.7,Round 3 refinement with peer support: 0,710610,Poland,kg,9837.0,5.84,0.865,Multi-agent debate consensus
Solar Panel,anti reflective coating,0.0,,Titanium dioxide,0.7,Round 3 refinement with peer support: 0,282300,China,metric tons,2145000.0,45.0,0.9,Leading producer with comprehensive data from China's M&M statistics office; highly reliable.
Solar Panel,anti reflective coating,0.0,,Titanium dioxide,0.7,Round 3 refinement with peer support: 0,282300,India,metric tons,633166.6666666666,13.33,0.847,Second-largest producer with significant contributions to the market; data from Indian mining sector reports
Solar Panel,anti reflective coating,0.0,,Titanium dioxide,0.7,Round 3 refinement with peer support: 0,282300,South Africa,metric tons,447500.0,10.67,0.84,Significant producer with historical data from various annual market reports; reliable but slightly outdated.
Solar Panel,anti reflective coating,0.0,,Titanium dioxide,0.7,Round 3 refinement with peer support: 0,282300,Brazil,metric tons,307333.3333333333,9.0,0.843,Major producer with reported stats from Brazilian Geological Survey; well-documented source.
Solar Panel,anti reflective coating,0.0,,Titanium dioxide,0.7,Round 3 refinement with peer support: 0,282300,Australia,metric tons,338250.0,7.0,0.81,Growing producer with data from Australian mining reports; reliable but new and potentially uncertain numbers.
Solar Panel,anti reflective coating,0.0,,Methanol,0.7,Round 3 refinement with peer support: 0,290511,China,metric tons,18533333.333333332,37.63,0.917,Multi-agent debate consensus
Solar Panel,anti reflective coating,0.0,,Methanol,0.7,Round 3 refinement with peer support: 0,290511,Japan,metric tons,3603333.3333333335,11.4,0.817,Multi-agent debate consensus
Solar Panel,anti reflective coating,0.0,,Methanol,0.7,Round 3 refinement with peer support: 0,290511,South Korea,metric tons,3140000.0,13.37,0.817,Multi-agent debate consensus
Solar Panel,anti reflective coating,0.0,,Methanol,0.7,Round 3 refinement with peer support: 0,290511,United States,metric tons,2524000.0,8.3,0.783,Multi-agent debate consensus
Solar Panel,anti reflective coating,0.0,,Methanol,0.7,Round 3 refinement with peer support: 0,290511,Saudi Arabia,metric tons,5230000.0,6.3,0.85,Recent expansions and steady demand drive their high output; data from OPEC.
Solar Panel,Photovoltaic Cell,1.0,"High consensus across multiple agents (Agent2, Agent3) supports this as a primary component for solar panels. Photovoltaic cells are the core technology in converting sunlight into electricity.",Silver,0.7,Round 3 refinement with peer support: 0,710610,Mexico,kg,27688.666666666668,12.75,0.88,Multi-agent debate consensus
Solar Panel,Photovoltaic Cell,1.0,"High consensus across multiple agents (Agent2, Agent3) supports this as a primary component for solar panels. Photovoltaic cells are the core technology in converting sunlight into electricity.",Silver,0.7,Round 3 refinement with peer support: 0,710610,China,kg,36399.666666666664,15.06,0.863,Multi-agent debate consensus
Solar Panel,Photovoltaic Cell,1.0,"High consensus across multiple agents (Agent2, Agent3) supports this as a primary component for solar panels. Photovoltaic cells are the core technology in converting sunlight into electricity.",Silver,0.7,Round 3 refinement with peer support: 0,710610,Peru,kg,32650.333333333332,12.96,0.86,Multi-agent debate consensus
Solar Panel,Photovoltaic Cell,1.0,"High consensus across multiple agents (Agent2, Agent3) supports this as a primary component for solar panels. Photovoltaic cells are the core technology in converting sunlight into electricity.",Silver,0.7,Round 3 refinement with peer support: 0,710610,USA,kg,18645.666666666668,7.23,0.843,Multi-agent debate consensus
Solar Panel,Photovoltaic Cell,1.0,"High consensus across multiple agents (Agent2, Agent3) supports this as a primary component for solar panels. Photovoltaic cells are the core technology in converting sunlight into electricity.",Silver,0.7,Round 3 refinement with peer support: 0,710610,Poland,kg,9837.0,5.84,0.865,Multi-agent debate consensus
Solar Panel,Photovoltaic Cell,1.0,"High consensus across multiple agents (Agent2, Agent3) supports this as a primary component for solar panels. Photovoltaic cells are the core technology in converting sunlight into electricity.",Silicon,0.7,Round 3 refinement with peer support: 0,280469,China,metric tons,1786522.3333333333,45.56,0.933,Based on recent data from the China Mineral Industry Association; highly reliable and comprehensive.
Solar Panel,Photovoltaic Cell,1.0,"High consensus across multiple agents (Agent2, Agent3) supports this as a primary component for solar panels. Photovoltaic cells are the core technology in converting sunlight into electricity.",Silicon,0.7,Round 3 refinement with peer support: 0,280469,United States,metric tons,933810.6666666666,23.44,0.903,Data from USGS with recent mine output figures; well-documented operations
Solar Panel,Photovoltaic Cell,1.0,"High consensus across multiple agents (Agent2, Agent3) supports this as a primary component for solar panels. Photovoltaic cells are the core technology in converting sunlight into electricity.",Silicon,0.7,Round 3 refinement with peer support: 0,280469,Russia,metric tons,192718.66666666666,7.39,0.84,Production data from the Russian State Statistics Service (Rosstat); reliable but with some reporting delays
Solar Panel,Photovoltaic Cell,1.0,"High consensus across multiple agents (Agent2, Agent3) supports this as a primary component for solar panels. Photovoltaic cells are the core technology in converting sunlight into electricity.",Silicon,0.7,Round 3 refinement with peer support: 0,280469,Brazil,metric tons,208418.66666666666,4.78,0.803,Brazilian Ministry of Mines and Energy reports; reliable data with minor reporting delays
Solar Panel,Photovoltaic Cell,1.0,"High consensus across multiple agents (Agent2, Agent3) supports this as a primary component for solar panels. Photovoltaic cells are the core technology in converting sunlight into electricity.",Silicon,0.7,Round 3 refinement with peer support: 0,280469,Japan,metric tons,230644.5,9.0,0.825,Data from Mitsubishi Corporation with recent production updates; significant producer
Solar Panel,Frame,0.85,Both Agent1 and Agent3 propose this component with moderate confidence. It's crucial for supporting and framing the solar cells but can vary in design.,Stainless steel,0.9,Round 3 refinement with peer support: 2,722000,China,metric tons,4800000.0,35.5,0.95,Largest producer with comprehensive domestic data; USGS verified
Solar Panel,Frame,0.85,Both Agent1 and Agent3 propose this component with moderate confidence. It's crucial for supporting and framing the solar cells but can vary in design.,Stainless steel,0.9,Round 3 refinement with peer support: 2,722000,Japan,metric tons,262500.0,7.0,0.9,Well-documented major producer; USGS and industry reports verified
Solar Panel,Frame,0.85,Both Agent1 and Agent3 propose this component with moderate confidence. It's crucial for supporting and framing the solar cells but can vary in design.,Stainless steel,0.9,Round 3 refinement with peer support: 2,722000,India,metric tons,260000.0,5.5,0.875,Multi-agent debate consensus
Solar Panel,Frame,0.85,Both Agent1 and Agent3 propose this component with moderate confidence. It's crucial for supporting and framing the solar cells but can vary in design.,Stainless steel,0.9,Round 3 refinement with peer support: 2,722000,Russia,metric tons,175000.0,4.3,0.85,Major producer with reliable local sources; USGS and industry reports verified
Solar Panel,Frame,0.85,Both Agent1 and Agent3 propose this component with moderate confidence. It's crucial for supporting and framing the solar cells but can vary in design.,Stainless steel,0.9,Round 3 refinement with peer support: 2,722000,Germany,metric tons,135000.0,3.5,0.8,Highly industrialized country; comprehensive data from German federal office of statistics
Solar Panel,Frame,0.85,Both Agent1 and Agent3 propose this component with moderate confidence. It's crucial for supporting and framing the solar cells but can vary in design.,Aluminum,0.775,Round 3 refinement with peer support: 1,280300,China,metric tons,22335890.666666668,46.07,0.93,Based on the International铝业协会 (IAI) data; significant domestic consumption and export market.
Solar Panel,Frame,0.85,Both Agent1 and Agent3 propose this component with moderate confidence. It's crucial for supporting and framing the solar cells but can vary in design.,Aluminum,0.775,Round 3 refinement with peer support: 1,280300,Russia,metric tons,11247520.0,25.32,0.903,Confirmed by the Russian geological survey; major bauxite reserves and production.
Solar Panel,Frame,0.85,Both Agent1 and Agent3 propose this component with moderate confidence. It's crucial for supporting and framing the solar cells but can vary in design.,Aluminum,0.775,Round 3 refinement with peer support: 1,280300,Australia,metric tons,3914521.0,12.07,0.843,Australian mining industry reports; significant bauxite reserves and high alumina ratio.
Solar Panel,Frame,0.85,Both Agent1 and Agent3 propose this component with moderate confidence. It's crucial for supporting and framing the solar cells but can vary in design.,Aluminum,0.775,Round 3 refinement with peer support: 1,280300,Canada,metric tons,5393394.333333333,6.12,0.87,Canadian mining association data; major producer with strong export market.
Solar Panel,Frame,0.85,Both Agent1 and Agent3 propose this component with moderate confidence. It's crucial for supporting and framing the solar cells but can vary in design.,Aluminum,0.775,Round 3 refinement with peer support: 1,280300,India,metric tons,2469724.6666666665,4.43,0.787,Indian Ministry of Mines data; increasing production and export capacities.
Solar Panel,Silicon Wafer,0.95,多次被不同代理共同推荐，且有95%的平均置信度，这是一个普遍接受的核心组件。,Silicon,0.7,Round 3 refinement with peer support: 0,280469,China,metric tons,1786522.3333333333,45.56,0.933,Based on recent data from the China Mineral Industry Association; highly reliable and comprehensive.
Solar Panel,Silicon Wafer,0.95,多次被不同代理共同推荐，且有95%的平均置信度，这是一个普遍接受的核心组件。,Silicon,0.7,Round 3 refinement with peer support: 0,280469,United States,metric tons,933810.6666666666,23.44,0.903,Data from USGS with recent mine output figures; well-documented operations
Solar Panel,Silicon Wafer,0.95,多次被不同代理共同推荐，且有95%的平均置信度，这是一个普遍接受的核心组件。,Silicon,0.7,Round 3 refinement with peer support: 0,280469,Russia,metric tons,192718.66666666666,7.39,0.84,Production data from the Russian State Statistics Service (Rosstat); reliable but with some reporting delays
Solar Panel,Silicon Wafer,0.95,多次被不同代理共同推荐，且有95%的平均置信度，这是一个普遍接受的核心组件。,Silicon,0.7,Round 3 refinement with peer support: 0,280469,Brazil,metric tons,208418.66666666666,4.78,0.803,Brazilian Ministry of Mines and Energy reports; reliable data with minor reporting delays
Solar Panel,Silicon Wafer,0.95,多次被不同代理共同推荐，且有95%的平均置信度，这是一个普遍接受的核心组件。,Silicon,0.7,Round 3 refinement with peer support: 0,280469,Japan,metric tons,230644.5,9.0,0.825,Data from Mitsubishi Corporation with recent production updates; significant producer
Solar Panel,Backing Material,0.92,Two agents (Agent1 and Agent3) agree on the significance of backing material with high confidence. It provides structural support to the entire solar panel.,Borosilicate glass,0.7,Round 3 refinement with peer support: 0,700800,United States,metric tons,184166.66666666666,16.0,0.867,Known for advanced manufacturing and robust industry support.
Solar Panel,Backing Material,0.92,Two agents (Agent1 and Agent3) agree on the significance of backing material with high confidence. It provides structural support to the entire solar panel.,Borosilicate glass,0.7,Round 3 refinement with peer support: 0,700800,China,metric tons,422500.0,30.67,0.827,Global manufacturing hub with significant borosilicate production.
Solar Panel,Backing Material,0.92,Two agents (Agent1 and Agent3) agree on the significance of backing material with high confidence. It provides structural support to the entire solar panel.,Borosilicate glass,0.7,Round 3 refinement with peer support: 0,700800,Germany,metric tons,113000.0,13.67,0.867,Advanced manufacturing capabilities and export-oriented industry are significant factors.
Solar Panel,Backing Material,0.92,Two agents (Agent1 and Agent3) agree on the significance of backing material with high confidence. It provides structural support to the entire solar panel.,Borosilicate glass,0.7,Round 3 refinement with peer support: 0,700800,Japan,metric tons,127833.33333333333,11.67,0.867,Technological leadership in specialty glass production.
Solar Panel,Backing Material,0.92,Two agents (Agent1 and Agent3) agree on the significance of backing material with high confidence. It provides structural support to the entire solar panel.,Borosilicate glass,0.7,Round 3 refinement with peer support: 0,700800,Italy,metric tons,59666.666666666664,5.67,0.83,Historical glass production expertise; market focused on high-value applications.
