technology,component,component_confidence,component_reasoning,material,material_confidence,material_reasoning,hs_code,country,meas_unit,amount,percentage,country_confidence,country_reasoning
Smartphone,Battery,0.98,Strong consensus among all peers supports the battery as a primary component.,Lithium,0.95,Round 3 refinement with peer support: 2,280520,AUSTRALIA,METRIC TONS,86000.0,47.78,0.95,USGS Mineral Commodity Summaries 2024/2023 - authoritative U.S. government production data with global coverage
Smartphone,Battery,0.98,Strong consensus among all peers supports the battery as a primary component.,Lithium,0.95,Round 3 refinement with peer support: 2,280520,CHILE,METRIC TONS,44000.0,24.44,0.95,USGS Mineral Commodity Summaries 2024/2023 - authoritative U.S. government production data with global coverage
Smartphone,Battery,0.98,Strong consensus among all peers supports the battery as a primary component.,Lithium,0.95,Round 3 refinement with peer support: 2,280520,CHINA,METRIC TONS,33000.0,18.33,0.95,USGS Mineral Commodity Summaries 2024/2023 - authoritative U.S. government production data with global coverage
Smartphone,Battery,0.98,Strong consensus among all peers supports the battery as a primary component.,Lithium,0.95,Round 3 refinement with peer support: 2,280520,ARGENTINA,METRIC TONS,9600.0,5.33,0.95,USGS Mineral Commodity Summaries 2024/2023 - authoritative U.S. government production data with global coverage
Smartphone,Battery,0.98,Strong consensus among all peers supports the battery as a primary component.,Lithium,0.95,Round 3 refinement with peer support: 2,280520,BRAZIL,METRIC TONS,4900.0,2.72,0.95,USGS Mineral Commodity Summaries 2024/2023 - authoritative U.S. government production data with global coverage
Smartphone,Battery,0.98,Strong consensus among all peers supports the battery as a primary component.,Copper,0.883,Round 3 refinement with peer support: 2,740100,CHINA,THOUSAND METRIC TONS,1700.0,3.47,0.95,USGS Mineral Commodity Summaries 2024/2023 - authoritative U.S. government production data with global coverage
Smartphone,Battery,0.98,Strong consensus among all peers supports the battery as a primary component.,Copper,0.883,Round 3 refinement with peer support: 2,740100,CHILE,THOUSAND METRIC TONS,5000.0,10.2,0.95,USGS Mineral Commodity Summaries 2024/2023 - authoritative U.S. government production data with global coverage
Smartphone,Battery,0.98,Strong consensus among all peers supports the battery as a primary component.,Copper,0.883,Round 3 refinement with peer support: 2,740100,OTHER,THOUSAND METRIC TONS,3100.0,6.33,0.95,USGS Mineral Commodity Summaries 2024/2023 - authoritative U.S. government production data with global coverage
Smartphone,Battery,0.98,Strong consensus among all peers supports the battery as a primary component.,Copper,0.883,Round 3 refinement with peer support: 2,740100,CONGO,THOUSAND METRIC TONS,2500.0,5.1,0.95,USGS Mineral Commodity Summaries 2024/2023 - authoritative U.S. government production data with global coverage
Smartphone,Battery,0.98,Strong consensus among all peers supports the battery as a primary component.,Copper,0.883,Round 3 refinement with peer support: 2,740100,PERU,THOUSAND METRIC TONS,2600.0,5.31,0.95,USGS Mineral Commodity Summaries 2024/2023 - authoritative U.S. government production data with global coverage
Smartphone,Battery,0.98,Strong consensus among all peers supports the battery as a primary component.,Nickel,0.85,Round 3 refinement with peer support: 1,750110,INDONESIA,METRIC TONS,1800000.0,50.0,0.95,USGS Mineral Commodity Summaries 2024/2023 - authoritative U.S. government production data with global coverage
Smartphone,Battery,0.98,Strong consensus among all peers supports the battery as a primary component.,Nickel,0.85,Round 3 refinement with peer support: 1,750110,PHILIPPINES,METRIC TONS,400000.0,11.11,0.95,USGS Mineral Commodity Summaries 2024/2023 - authoritative U.S. government production data with global coverage
Smartphone,Battery,0.98,Strong consensus among all peers supports the battery as a primary component.,Nickel,0.85,Round 3 refinement with peer support: 1,750110,OTHER,METRIC TONS,380000.0,10.56,0.95,USGS Mineral Commodity Summaries 2024/2023 - authoritative U.S. government production data with global coverage
Smartphone,Battery,0.98,Strong consensus among all peers supports the battery as a primary component.,Nickel,0.85,Round 3 refinement with peer support: 1,750110,NEW CALEDONIA,METRIC TONS,230000.0,6.39,0.95,USGS Mineral Commodity Summaries 2024/2023 - authoritative U.S. government production data with global coverage
Smartphone,Battery,0.98,Strong consensus among all peers supports the battery as a primary component.,Nickel,0.85,Round 3 refinement with peer support: 1,750110,RUSSIA,METRIC TONS,200000.0,5.56,0.95,USGS Mineral Commodity Summaries 2024/2023 - authoritative U.S. government production data with global coverage
Smartphone,Battery,0.98,Strong consensus among all peers supports the battery as a primary component.,Aluminum,0.85,Round 3 refinement with peer support: 1,280300,CHINA,THOUSAND METRIC TONS,41000.0,58.57,0.95,USGS Mineral Commodity Summaries 2024/2023 - authoritative U.S. government production data with global coverage
Smartphone,Battery,0.98,Strong consensus among all peers supports the battery as a primary component.,Aluminum,0.85,Round 3 refinement with peer support: 1,280300,OTHER,THOUSAND METRIC TONS,7000.0,10.0,0.95,USGS Mineral Commodity Summaries 2024/2023 - authoritative U.S. government production data with global coverage
Smartphone,Battery,0.98,Strong consensus among all peers supports the battery as a primary component.,Aluminum,0.85,Round 3 refinement with peer support: 1,280300,INDIA,THOUSAND METRIC TONS,4100.0,5.86,0.95,USGS Mineral Commodity Summaries 2024/2023 - authoritative U.S. government production data with global coverage
Smartphone,Battery,0.98,Strong consensus among all peers supports the battery as a primary component.,Aluminum,0.85,Round 3 refinement with peer support: 1,280300,RUSSIA,THOUSAND METRIC TONS,3800.0,5.43,0.95,USGS Mineral Commodity Summaries 2024/2023 - authoritative U.S. government production data with global coverage
Smartphone,Battery,0.98,Strong consensus among all peers supports the battery as a primary component.,Aluminum,0.85,Round 3 refinement with peer support: 1,280300,CANADA,THOUSAND METRIC TONS,3000.0,4.29,0.95,USGS Mineral Commodity Summaries 2024/2023 - authoritative U.S. government production data with global coverage
Smartphone,Battery,0.98,Strong consensus among all peers supports the battery as a primary component.,Cobalt,0.95,Round 3 refinement with peer support: 2,810510,CONGO,METRIC TONS,170000.0,73.91,0.95,USGS Mineral Commodity Summaries 2024/2023 - authoritative U.S. government production data with global coverage
Smartphone,Battery,0.98,Strong consensus among all peers supports the battery as a primary component.,Cobalt,0.95,Round 3 refinement with peer support: 2,810510,INDONESIA,METRIC TONS,17000.0,7.39,0.95,USGS Mineral Commodity Summaries 2024/2023 - authoritative U.S. government production data with global coverage
Smartphone,Battery,0.98,Strong consensus among all peers supports the battery as a primary component.,Cobalt,0.95,Round 3 refinement with peer support: 2,810510,RUSSIA,METRIC TONS,8800.0,3.83,0.95,USGS Mineral Commodity Summaries 2024/2023 - authoritative U.S. government production data with global coverage
Smartphone,Battery,0.98,Strong consensus among all peers supports the battery as a primary component.,Cobalt,0.95,Round 3 refinement with peer support: 2,810510,OTHER,METRIC TONS,6600.0,2.87,0.95,USGS Mineral Commodity Summaries 2024/2023 - authoritative U.S. government production data with global coverage
Smartphone,Battery,0.98,Strong consensus among all peers supports the battery as a primary component.,Cobalt,0.95,Round 3 refinement with peer support: 2,810510,AUSTRALIA,METRIC TONS,4600.0,2.0,0.95,USGS Mineral Commodity Summaries 2024/2023 - authoritative U.S. government production data with global coverage
Smartphone,Battery,0.98,Strong consensus among all peers supports the battery as a primary component.,Graphite,0.85,Round 3 refinement with peer support: 1,380110,CHINA,METRIC TONS,1230000.0,76.88,0.95,USGS Mineral Commodity Summaries 2024/2023 - authoritative U.S. government production data with global coverage
Smartphone,Battery,0.98,Strong consensus among all peers supports the battery as a primary component.,Graphite,0.85,Round 3 refinement with peer support: 1,380110,MADAGASCAR,METRIC TONS,100000.0,6.25,0.95,USGS Mineral Commodity Summaries 2024/2023 - authoritative U.S. government production data with global coverage
Smartphone,Battery,0.98,Strong consensus among all peers supports the battery as a primary component.,Graphite,0.85,Round 3 refinement with peer support: 1,380110,MOZAMBIQUE,METRIC TONS,96000.0,6.0,0.95,USGS Mineral Commodity Summaries 2024/2023 - authoritative U.S. government production data with global coverage
Smartphone,Battery,0.98,Strong consensus among all peers supports the battery as a primary component.,Graphite,0.85,Round 3 refinement with peer support: 1,380110,BRAZIL,METRIC TONS,73000.0,4.56,0.95,USGS Mineral Commodity Summaries 2024/2023 - authoritative U.S. government production data with global coverage
Smartphone,Battery,0.98,Strong consensus among all peers supports the battery as a primary component.,Graphite,0.85,Round 3 refinement with peer support: 1,380110,"KOREA, REPUBLIC OF",METRIC TONS,27000.0,1.69,0.95,USGS Mineral Commodity Summaries 2024/2023 - authoritative U.S. government production data with global coverage
Smartphone,Battery,0.98,Strong consensus among all peers supports the battery as a primary component.,Silicon,0.7,Round 3 refinement with peer support: 0,280469,CHINA,THOUSAND METRIC TONS,3600.0,40.0,0.95,USGS Mineral Commodity Summaries 2024/2023 - authoritative U.S. government production data with global coverage
Smartphone,Battery,0.98,Strong consensus among all peers supports the battery as a primary component.,Silicon,0.7,Round 3 refinement with peer support: 0,280469,RUSSIA,THOUSAND METRIC TONS,570.0,6.33,0.95,USGS Mineral Commodity Summaries 2024/2023 - authoritative U.S. government production data with global coverage
Smartphone,Battery,0.98,Strong consensus among all peers supports the battery as a primary component.,Silicon,0.7,Round 3 refinement with peer support: 0,280469,BRAZIL,THOUSAND METRIC TONS,190.0,2.11,0.95,USGS Mineral Commodity Summaries 2024/2023 - authoritative U.S. government production data with global coverage
Smartphone,Battery,0.98,Strong consensus among all peers supports the battery as a primary component.,Silicon,0.7,Round 3 refinement with peer support: 0,280469,NORWAY,THOUSAND METRIC TONS,200.0,2.22,0.95,USGS Mineral Commodity Summaries 2024/2023 - authoritative U.S. government production data with global coverage
Smartphone,Battery,0.98,Strong consensus among all peers supports the battery as a primary component.,Silicon,0.7,Round 3 refinement with peer support: 0,280469,OTHER,THOUSAND METRIC TONS,100.0,1.11,0.95,USGS Mineral Commodity Summaries 2024/2023 - authoritative U.S. government production data with global coverage
Smartphone,Processor,0.95,"While only one peer proposed this with high confidence, it aligns well with the general understanding of smartphone components.",Silicon,0.95,Round 3 refinement with peer support: 2,280469,CHINA,THOUSAND METRIC TONS,3600.0,40.0,0.95,USGS Mineral Commodity Summaries 2024/2023 - authoritative U.S. government production data with global coverage
Smartphone,Processor,0.95,"While only one peer proposed this with high confidence, it aligns well with the general understanding of smartphone components.",Silicon,0.95,Round 3 refinement with peer support: 2,280469,RUSSIA,THOUSAND METRIC TONS,570.0,6.33,0.95,USGS Mineral Commodity Summaries 2024/2023 - authoritative U.S. government production data with global coverage
Smartphone,Processor,0.95,"While only one peer proposed this with high confidence, it aligns well with the general understanding of smartphone components.",Silicon,0.95,Round 3 refinement with peer support: 2,280469,BRAZIL,THOUSAND METRIC TONS,190.0,2.11,0.95,USGS Mineral Commodity Summaries 2024/2023 - authoritative U.S. government production data with global coverage
Smartphone,Processor,0.95,"While only one peer proposed this with high confidence, it aligns well with the general understanding of smartphone components.",Silicon,0.95,Round 3 refinement with peer support: 2,280469,NORWAY,THOUSAND METRIC TONS,200.0,2.22,0.95,USGS Mineral Commodity Summaries 2024/2023 - authoritative U.S. government production data with global coverage
Smartphone,Processor,0.95,"While only one peer proposed this with high confidence, it aligns well with the general understanding of smartphone components.",Silicon,0.95,Round 3 refinement with peer support: 2,280469,OTHER,THOUSAND METRIC TONS,100.0,1.11,0.95,USGS Mineral Commodity Summaries 2024/2023 - authoritative U.S. government production data with global coverage
Smartphone,Processor,0.95,"While only one peer proposed this with high confidence, it aligns well with the general understanding of smartphone components.",Gold,0.95,Round 3 refinement with peer support: 2,710812,OTHER,METRIC TONS,700.0,23.33,0.95,USGS Mineral Commodity Summaries 2024/2023 - authoritative U.S. government production data with global coverage
Smartphone,Processor,0.95,"While only one peer proposed this with high confidence, it aligns well with the general understanding of smartphone components.",Gold,0.95,Round 3 refinement with peer support: 2,710812,CHINA,METRIC TONS,370.0,12.33,0.95,USGS Mineral Commodity Summaries 2024/2023 - authoritative U.S. government production data with global coverage
Smartphone,Processor,0.95,"While only one peer proposed this with high confidence, it aligns well with the general understanding of smartphone components.",Gold,0.95,Round 3 refinement with peer support: 2,710812,AUSTRALIA,METRIC TONS,310.0,10.33,0.95,USGS Mineral Commodity Summaries 2024/2023 - authoritative U.S. government production data with global coverage
Smartphone,Processor,0.95,"While only one peer proposed this with high confidence, it aligns well with the general understanding of smartphone components.",Gold,0.95,Round 3 refinement with peer support: 2,710812,RUSSIA,METRIC TONS,310.0,10.33,0.95,USGS Mineral Commodity Summaries 2024/2023 - authoritative U.S. government production data with global coverage
Smartphone,Processor,0.95,"While only one peer proposed this with high confidence, it aligns well with the general understanding of smartphone components.",Gold,0.95,Round 3 refinement with peer support: 2,710812,CANADA,METRIC TONS,200.0,6.67,0.95,USGS Mineral Commodity Summaries 2024/2023 - authoritative U.S. government production data with global coverage
Smartphone,Processor,0.95,"While only one peer proposed this with high confidence, it aligns well with the general understanding of smartphone components.",Silver,0.7,Round 3 refinement with peer support: 0,710610,MEXICO,METRIC TONS,6400.0,24.62,0.95,USGS Mineral Commodity Summaries 2024/2023 - authoritative U.S. government production data with global coverage
Smartphone,Processor,0.95,"While only one peer proposed this with high confidence, it aligns well with the general understanding of smartphone components.",Silver,0.7,Round 3 refinement with peer support: 0,710610,CHINA,METRIC TONS,3400.0,13.08,0.95,USGS Mineral Commodity Summaries 2024/2023 - authoritative U.S. government production data with global coverage
Smartphone,Processor,0.95,"While only one peer proposed this with high confidence, it aligns well with the general understanding of smartphone components.",Silver,0.7,Round 3 refinement with peer support: 0,710610,PERU,METRIC TONS,3100.0,11.92,0.95,USGS Mineral Commodity Summaries 2024/2023 - authoritative U.S. government production data with global coverage
Smartphone,Processor,0.95,"While only one peer proposed this with high confidence, it aligns well with the general understanding of smartphone components.",Silver,0.7,Round 3 refinement with peer support: 0,710610,OTHER,METRIC TONS,3000.0,11.54,0.95,USGS Mineral Commodity Summaries 2024/2023 - authoritative U.S. government production data with global coverage
Smartphone,Processor,0.95,"While only one peer proposed this with high confidence, it aligns well with the general understanding of smartphone components.",Silver,0.7,Round 3 refinement with peer support: 0,710610,CHILE,METRIC TONS,1400.0,5.38,0.95,USGS Mineral Commodity Summaries 2024/2023 - authoritative U.S. government production data with global coverage
Smartphone,Processor,0.95,"While only one peer proposed this with high confidence, it aligns well with the general understanding of smartphone components.",Indium,0.7,Round 3 refinement with peer support: 0,811299,CHINA,METRIC TONS,650.0,65.66,0.95,USGS Mineral Commodity Summaries 2024/2023 - authoritative U.S. government production data with global coverage
Smartphone,Processor,0.95,"While only one peer proposed this with high confidence, it aligns well with the general understanding of smartphone components.",Indium,0.7,Round 3 refinement with peer support: 0,811299,"KOREA, REPUBLIC OF",METRIC TONS,200.0,20.2,0.95,USGS Mineral Commodity Summaries 2024/2023 - authoritative U.S. government production data with global coverage
Smartphone,Processor,0.95,"While only one peer proposed this with high confidence, it aligns well with the general understanding of smartphone components.",Indium,0.7,Round 3 refinement with peer support: 0,811299,JAPAN,METRIC TONS,64.0,6.46,0.95,USGS Mineral Commodity Summaries 2024/2023 - authoritative U.S. government production data with global coverage
Smartphone,Processor,0.95,"While only one peer proposed this with high confidence, it aligns well with the general understanding of smartphone components.",Indium,0.7,Round 3 refinement with peer support: 0,811299,CANADA,METRIC TONS,37.0,3.74,0.95,USGS Mineral Commodity Summaries 2024/2023 - authoritative U.S. government production data with global coverage
Smartphone,Processor,0.95,"While only one peer proposed this with high confidence, it aligns well with the general understanding of smartphone components.",Indium,0.7,Round 3 refinement with peer support: 0,811299,BELGIUM,METRIC TONS,18.0,1.82,0.95,USGS Mineral Commodity Summaries 2024/2023 - authoritative U.S. government production data with global coverage
Smartphone,Memory,0.98,High confidence based on strong consensus among peers supporting Memory Chips for RAM and ROM.,Silicon,0.85,Round 3 refinement with peer support: 1,280469,CHINA,THOUSAND METRIC TONS,3600.0,40.0,0.95,USGS Mineral Commodity Summaries 2024/2023 - authoritative U.S. government production data with global coverage
Smartphone,Memory,0.98,High confidence based on strong consensus among peers supporting Memory Chips for RAM and ROM.,Silicon,0.85,Round 3 refinement with peer support: 1,280469,RUSSIA,THOUSAND METRIC TONS,570.0,6.33,0.95,USGS Mineral Commodity Summaries 2024/2023 - authoritative U.S. government production data with global coverage
Smartphone,Memory,0.98,High confidence based on strong consensus among peers supporting Memory Chips for RAM and ROM.,Silicon,0.85,Round 3 refinement with peer support: 1,280469,BRAZIL,THOUSAND METRIC TONS,190.0,2.11,0.95,USGS Mineral Commodity Summaries 2024/2023 - authoritative U.S. government production data with global coverage
Smartphone,Memory,0.98,High confidence based on strong consensus among peers supporting Memory Chips for RAM and ROM.,Silicon,0.85,Round 3 refinement with peer support: 1,280469,NORWAY,THOUSAND METRIC TONS,200.0,2.22,0.95,USGS Mineral Commodity Summaries 2024/2023 - authoritative U.S. government production data with global coverage
Smartphone,Memory,0.98,High confidence based on strong consensus among peers supporting Memory Chips for RAM and ROM.,Silicon,0.85,Round 3 refinement with peer support: 1,280469,OTHER,THOUSAND METRIC TONS,100.0,1.11,0.95,USGS Mineral Commodity Summaries 2024/2023 - authoritative U.S. government production data with global coverage
Smartphone,Memory,0.98,High confidence based on strong consensus among peers supporting Memory Chips for RAM and ROM.,Gold,0.7,Round 3 refinement with peer support: 0,710812,OTHER,METRIC TONS,700.0,23.33,0.95,USGS Mineral Commodity Summaries 2024/2023 - authoritative U.S. government production data with global coverage
Smartphone,Memory,0.98,High confidence based on strong consensus among peers supporting Memory Chips for RAM and ROM.,Gold,0.7,Round 3 refinement with peer support: 0,710812,CHINA,METRIC TONS,370.0,12.33,0.95,USGS Mineral Commodity Summaries 2024/2023 - authoritative U.S. government production data with global coverage
Smartphone,Memory,0.98,High confidence based on strong consensus among peers supporting Memory Chips for RAM and ROM.,Gold,0.7,Round 3 refinement with peer support: 0,710812,AUSTRALIA,METRIC TONS,310.0,10.33,0.95,USGS Mineral Commodity Summaries 2024/2023 - authoritative U.S. government production data with global coverage
Smartphone,Memory,0.98,High confidence based on strong consensus among peers supporting Memory Chips for RAM and ROM.,Gold,0.7,Round 3 refinement with peer support: 0,710812,RUSSIA,METRIC TONS,310.0,10.33,0.95,USGS Mineral Commodity Summaries 2024/2023 - authoritative U.S. government production data with global coverage
Smartphone,Memory,0.98,High confidence based on strong consensus among peers supporting Memory Chips for RAM and ROM.,Gold,0.7,Round 3 refinement with peer support: 0,710812,CANADA,METRIC TONS,200.0,6.67,0.95,USGS Mineral Commodity Summaries 2024/2023 - authoritative U.S. government production data with global coverage
Smartphone,Memory,0.98,High confidence based on strong consensus among peers supporting Memory Chips for RAM and ROM.,Platinum,0.7,Round 3 refinement with peer support: 0,711011,South Africa,metric tons,88480.59999999999,66.47,0.9,Based on USGS data for 2023 (most recent available)
Smartphone,Memory,0.98,High confidence based on strong consensus among peers supporting Memory Chips for RAM and ROM.,Platinum,0.7,Round 3 refinement with peer support: 0,711011,Russia,metric tons,13979.866666666667,13.17,0.867,USGS data confirms Russia as the second-largest producer next to South Africa
Smartphone,Memory,0.98,High confidence based on strong consensus among peers supporting Memory Chips for RAM and ROM.,Platinum,0.7,Round 3 refinement with peer support: 0,711011,United States,metric tons,5138.233333333334,3.23,0.817,Placer Dome in Georgia contributes significantly; data from USGS with some uncertainty due to recent production changes
Smartphone,Memory,0.98,High confidence based on strong consensus among peers supporting Memory Chips for RAM and ROM.,Platinum,0.7,Round 3 refinement with peer support: 0,711011,Canada,metric tons,9654.633333333333,3.47,0.733,Multi-agent debate consensus
Smartphone,Memory,0.98,High confidence based on strong consensus among peers supporting Memory Chips for RAM and ROM.,Platinum,0.7,Round 3 refinement with peer support: 0,711011,Zimbabwe,metric tons,180.15,1.99,0.725,Major producer primarily through small-scale mining operations; official Zimplats has decreased output recently
Smartphone,Display Module,1.0,Consensus from one peer and general industry practice support the display as a primary component.,Indium,0.9,Round 3 refinement with peer support: 2,811299,CHINA,METRIC TONS,650.0,65.66,0.95,USGS Mineral Commodity Summaries 2024/2023 - authoritative U.S. government production data with global coverage
Smartphone,Display Module,1.0,Consensus from one peer and general industry practice support the display as a primary component.,Indium,0.9,Round 3 refinement with peer support: 2,811299,"KOREA, REPUBLIC OF",METRIC TONS,200.0,20.2,0.95,USGS Mineral Commodity Summaries 2024/2023 - authoritative U.S. government production data with global coverage
Smartphone,Display Module,1.0,Consensus from one peer and general industry practice support the display as a primary component.,Indium,0.9,Round 3 refinement with peer support: 2,811299,JAPAN,METRIC TONS,64.0,6.46,0.95,USGS Mineral Commodity Summaries 2024/2023 - authoritative U.S. government production data with global coverage
Smartphone,Display Module,1.0,Consensus from one peer and general industry practice support the display as a primary component.,Indium,0.9,Round 3 refinement with peer support: 2,811299,CANADA,METRIC TONS,37.0,3.74,0.95,USGS Mineral Commodity Summaries 2024/2023 - authoritative U.S. government production data with global coverage
Smartphone,Display Module,1.0,Consensus from one peer and general industry practice support the display as a primary component.,Indium,0.9,Round 3 refinement with peer support: 2,811299,BELGIUM,METRIC TONS,18.0,1.82,0.95,USGS Mineral Commodity Summaries 2024/2023 - authoritative U.S. government production data with global coverage
Smartphone,Display Module,1.0,Consensus from one peer and general industry practice support the display as a primary component.,Glass,0.95,Round 3 refinement with peer support: 2,700800,China,metric tons,24900000.0,52.5,0.8,Major producer with comprehensive industry reports; USGS has data on key materials used in glass production.
Smartphone,Display Module,1.0,Consensus from one peer and general industry practice support the display as a primary component.,Glass,0.95,Round 3 refinement with peer support: 2,700800,India,metric tons,3130000.0,9.0,0.775,Multi-agent debate consensus
Smartphone,Display Module,1.0,Consensus from one peer and general industry practice support the display as a primary component.,Glass,0.95,Round 3 refinement with peer support: 2,700800,Japan,metric tons,1617500.0,5.0,0.825,Known producer with significant presence; USGS reports for related materials.
Smartphone,Display Module,1.0,Consensus from one peer and general industry practice support the display as a primary component.,Glass,0.95,Round 3 refinement with peer support: 2,700800,United States,metric tons,1222500.0,5.5,0.775,Multi-agent debate consensus
Smartphone,Display Module,1.0,Consensus from one peer and general industry practice support the display as a primary component.,Glass,0.95,Round 3 refinement with peer support: 2,700800,Germany,metric tons,1315000.0,4.5,0.8,Industrialized economy; reliable data from German statistics offices.
Smartphone,Display Module,1.0,Consensus from one peer and general industry practice support the display as a primary component.,Copper,0.7,Round 3 refinement with peer support: 0,740100,CHINA,THOUSAND METRIC TONS,1700.0,3.47,0.95,USGS Mineral Commodity Summaries 2024/2023 - authoritative U.S. government production data with global coverage
Smartphone,Display Module,1.0,Consensus from one peer and general industry practice support the display as a primary component.,Copper,0.7,Round 3 refinement with peer support: 0,740100,CHILE,THOUSAND METRIC TONS,5000.0,10.2,0.95,USGS Mineral Commodity Summaries 2024/2023 - authoritative U.S. government production data with global coverage
Smartphone,Display Module,1.0,Consensus from one peer and general industry practice support the display as a primary component.,Copper,0.7,Round 3 refinement with peer support: 0,740100,OTHER,THOUSAND METRIC TONS,3100.0,6.33,0.95,USGS Mineral Commodity Summaries 2024/2023 - authoritative U.S. government production data with global coverage
Smartphone,Display Module,1.0,Consensus from one peer and general industry practice support the display as a primary component.,Copper,0.7,Round 3 refinement with peer support: 0,740100,CONGO,THOUSAND METRIC TONS,2500.0,5.1,0.95,USGS Mineral Commodity Summaries 2024/2023 - authoritative U.S. government production data with global coverage
Smartphone,Display Module,1.0,Consensus from one peer and general industry practice support the display as a primary component.,Copper,0.7,Round 3 refinement with peer support: 0,740100,PERU,THOUSAND METRIC TONS,2600.0,5.31,0.95,USGS Mineral Commodity Summaries 2024/2023 - authoritative U.S. government production data with global coverage
Smartphone,Rf Ic,0.95,"Peer consensus is modest but the RFIC plays a critical role in wireless communication, warranting high inclusion likelihood.",Silicon,0.95,Round 3 refinement with peer support: 2,280469,CHINA,THOUSAND METRIC TONS,3600.0,40.0,0.95,USGS Mineral Commodity Summaries 2024/2023 - authoritative U.S. government production data with global coverage
Smartphone,Rf Ic,0.95,"Peer consensus is modest but the RFIC plays a critical role in wireless communication, warranting high inclusion likelihood.",Silicon,0.95,Round 3 refinement with peer support: 2,280469,RUSSIA,THOUSAND METRIC TONS,570.0,6.33,0.95,USGS Mineral Commodity Summaries 2024/2023 - authoritative U.S. government production data with global coverage
Smartphone,Rf Ic,0.95,"Peer consensus is modest but the RFIC plays a critical role in wireless communication, warranting high inclusion likelihood.",Silicon,0.95,Round 3 refinement with peer support: 2,280469,BRAZIL,THOUSAND METRIC TONS,190.0,2.11,0.95,USGS Mineral Commodity Summaries 2024/2023 - authoritative U.S. government production data with global coverage
Smartphone,Rf Ic,0.95,"Peer consensus is modest but the RFIC plays a critical role in wireless communication, warranting high inclusion likelihood.",Silicon,0.95,Round 3 refinement with peer support: 2,280469,NORWAY,THOUSAND METRIC TONS,200.0,2.22,0.95,USGS Mineral Commodity Summaries 2024/2023 - authoritative U.S. government production data with global coverage
Smartphone,Rf Ic,0.95,"Peer consensus is modest but the RFIC plays a critical role in wireless communication, warranting high inclusion likelihood.",Silicon,0.95,Round 3 refinement with peer support: 2,280469,OTHER,THOUSAND METRIC TONS,100.0,1.11,0.95,USGS Mineral Commodity Summaries 2024/2023 - authoritative U.S. government production data with global coverage
Smartphone,Rf Ic,0.95,"Peer consensus is modest but the RFIC plays a critical role in wireless communication, warranting high inclusion likelihood.",Aluminum,0.85,Round 3 refinement with peer support: 1,280300,CHINA,THOUSAND METRIC TONS,41000.0,58.57,0.95,USGS Mineral Commodity Summaries 2024/2023 - authoritative U.S. government production data with global coverage
Smartphone,Rf Ic,0.95,"Peer consensus is modest but the RFIC plays a critical role in wireless communication, warranting high inclusion likelihood.",Aluminum,0.85,Round 3 refinement with peer support: 1,280300,OTHER,THOUSAND METRIC TONS,7000.0,10.0,0.95,USGS Mineral Commodity Summaries 2024/2023 - authoritative U.S. government production data with global coverage
Smartphone,Rf Ic,0.95,"Peer consensus is modest but the RFIC plays a critical role in wireless communication, warranting high inclusion likelihood.",Aluminum,0.85,Round 3 refinement with peer support: 1,280300,INDIA,THOUSAND METRIC TONS,4100.0,5.86,0.95,USGS Mineral Commodity Summaries 2024/2023 - authoritative U.S. government production data with global coverage
Smartphone,Rf Ic,0.95,"Peer consensus is modest but the RFIC plays a critical role in wireless communication, warranting high inclusion likelihood.",Aluminum,0.85,Round 3 refinement with peer support: 1,280300,RUSSIA,THOUSAND METRIC TONS,3800.0,5.43,0.95,USGS Mineral Commodity Summaries 2024/2023 - authoritative U.S. government production data with global coverage
Smartphone,Rf Ic,0.95,"Peer consensus is modest but the RFIC plays a critical role in wireless communication, warranting high inclusion likelihood.",Aluminum,0.85,Round 3 refinement with peer support: 1,280300,CANADA,THOUSAND METRIC TONS,3000.0,4.29,0.95,USGS Mineral Commodity Summaries 2024/2023 - authoritative U.S. government production data with global coverage
PC Laptop,Battery,0.98,Strong consensus among multiple agents. Batteries are an essential primary component for laptops.,Cobalt,0.95,Round 3 refinement with peer support: 2,810510,CONGO,METRIC TONS,170000.0,73.91,0.95,USGS Mineral Commodity Summaries 2024/2023 - authoritative U.S. government production data with global coverage
PC Laptop,Battery,0.98,Strong consensus among multiple agents. Batteries are an essential primary component for laptops.,Cobalt,0.95,Round 3 refinement with peer support: 2,810510,INDONESIA,METRIC TONS,17000.0,7.39,0.95,USGS Mineral Commodity Summaries 2024/2023 - authoritative U.S. government production data with global coverage
PC Laptop,Battery,0.98,Strong consensus among multiple agents. Batteries are an essential primary component for laptops.,Cobalt,0.95,Round 3 refinement with peer support: 2,810510,RUSSIA,METRIC TONS,8800.0,3.83,0.95,USGS Mineral Commodity Summaries 2024/2023 - authoritative U.S. government production data with global coverage
PC Laptop,Battery,0.98,Strong consensus among multiple agents. Batteries are an essential primary component for laptops.,Cobalt,0.95,Round 3 refinement with peer support: 2,810510,OTHER,METRIC TONS,6600.0,2.87,0.95,USGS Mineral Commodity Summaries 2024/2023 - authoritative U.S. government production data with global coverage
PC Laptop,Battery,0.98,Strong consensus among multiple agents. Batteries are an essential primary component for laptops.,Cobalt,0.95,Round 3 refinement with peer support: 2,810510,AUSTRALIA,METRIC TONS,4600.0,2.0,0.95,USGS Mineral Commodity Summaries 2024/2023 - authoritative U.S. government production data with global coverage
PC Laptop,Battery,0.98,Strong consensus among multiple agents. Batteries are an essential primary component for laptops.,Lithium,0.95,Round 3 refinement with peer support: 2,280520,AUSTRALIA,METRIC TONS,86000.0,47.78,0.95,USGS Mineral Commodity Summaries 2024/2023 - authoritative U.S. government production data with global coverage
PC Laptop,Battery,0.98,Strong consensus among multiple agents. Batteries are an essential primary component for laptops.,Lithium,0.95,Round 3 refinement with peer support: 2,280520,CHILE,METRIC TONS,44000.0,24.44,0.95,USGS Mineral Commodity Summaries 2024/2023 - authoritative U.S. government production data with global coverage
PC Laptop,Battery,0.98,Strong consensus among multiple agents. Batteries are an essential primary component for laptops.,Lithium,0.95,Round 3 refinement with peer support: 2,280520,CHINA,METRIC TONS,33000.0,18.33,0.95,USGS Mineral Commodity Summaries 2024/2023 - authoritative U.S. government production data with global coverage
PC Laptop,Battery,0.98,Strong consensus among multiple agents. Batteries are an essential primary component for laptops.,Lithium,0.95,Round 3 refinement with peer support: 2,280520,ARGENTINA,METRIC TONS,9600.0,5.33,0.95,USGS Mineral Commodity Summaries 2024/2023 - authoritative U.S. government production data with global coverage
PC Laptop,Battery,0.98,Strong consensus among multiple agents. Batteries are an essential primary component for laptops.,Lithium,0.95,Round 3 refinement with peer support: 2,280520,BRAZIL,METRIC TONS,4900.0,2.72,0.95,USGS Mineral Commodity Summaries 2024/2023 - authoritative U.S. government production data with global coverage
PC Laptop,Battery,0.98,Strong consensus among multiple agents. Batteries are an essential primary component for laptops.,Graphite,0.9,Round 3 refinement with peer support: 2,380110,CHINA,METRIC TONS,1230000.0,76.88,0.95,USGS Mineral Commodity Summaries 2024/2023 - authoritative U.S. government production data with global coverage
PC Laptop,Battery,0.98,Strong consensus among multiple agents. Batteries are an essential primary component for laptops.,Graphite,0.9,Round 3 refinement with peer support: 2,380110,MADAGASCAR,METRIC TONS,100000.0,6.25,0.95,USGS Mineral Commodity Summaries 2024/2023 - authoritative U.S. government production data with global coverage
PC Laptop,Battery,0.98,Strong consensus among multiple agents. Batteries are an essential primary component for laptops.,Graphite,0.9,Round 3 refinement with peer support: 2,380110,MOZAMBIQUE,METRIC TONS,96000.0,6.0,0.95,USGS Mineral Commodity Summaries 2024/2023 - authoritative U.S. government production data with global coverage
PC Laptop,Battery,0.98,Strong consensus among multiple agents. Batteries are an essential primary component for laptops.,Graphite,0.9,Round 3 refinement with peer support: 2,380110,BRAZIL,METRIC TONS,73000.0,4.56,0.95,USGS Mineral Commodity Summaries 2024/2023 - authoritative U.S. government production data with global coverage
PC Laptop,Battery,0.98,Strong consensus among multiple agents. Batteries are an essential primary component for laptops.,Graphite,0.9,Round 3 refinement with peer support: 2,380110,"KOREA, REPUBLIC OF",METRIC TONS,27000.0,1.69,0.95,USGS Mineral Commodity Summaries 2024/2023 - authoritative U.S. government production data with global coverage
PC Laptop,Battery,0.98,Strong consensus among multiple agents. Batteries are an essential primary component for laptops.,Copper,0.775,Round 3 refinement with peer support: 1,740100,CHINA,THOUSAND METRIC TONS,1700.0,3.47,0.95,USGS Mineral Commodity Summaries 2024/2023 - authoritative U.S. government production data with global coverage
PC Laptop,Battery,0.98,Strong consensus among multiple agents. Batteries are an essential primary component for laptops.,Copper,0.775,Round 3 refinement with peer support: 1,740100,CHILE,THOUSAND METRIC TONS,5000.0,10.2,0.95,USGS Mineral Commodity Summaries 2024/2023 - authoritative U.S. government production data with global coverage
PC Laptop,Battery,0.98,Strong consensus among multiple agents. Batteries are an essential primary component for laptops.,Copper,0.775,Round 3 refinement with peer support: 1,740100,OTHER,THOUSAND METRIC TONS,3100.0,6.33,0.95,USGS Mineral Commodity Summaries 2024/2023 - authoritative U.S. government production data with global coverage
PC Laptop,Battery,0.98,Strong consensus among multiple agents. Batteries are an essential primary component for laptops.,Copper,0.775,Round 3 refinement with peer support: 1,740100,CONGO,THOUSAND METRIC TONS,2500.0,5.1,0.95,USGS Mineral Commodity Summaries 2024/2023 - authoritative U.S. government production data with global coverage
PC Laptop,Battery,0.98,Strong consensus among multiple agents. Batteries are an essential primary component for laptops.,Copper,0.775,Round 3 refinement with peer support: 1,740100,PERU,THOUSAND METRIC TONS,2600.0,5.31,0.95,USGS Mineral Commodity Summaries 2024/2023 - authoritative U.S. government production data with global coverage
PC Laptop,Battery,0.98,Strong consensus among multiple agents. Batteries are an essential primary component for laptops.,Aluminum,0.775,Round 3 refinement with peer support: 1,280300,CHINA,THOUSAND METRIC TONS,41000.0,58.57,0.95,USGS Mineral Commodity Summaries 2024/2023 - authoritative U.S. government production data with global coverage
PC Laptop,Battery,0.98,Strong consensus among multiple agents. Batteries are an essential primary component for laptops.,Aluminum,0.775,Round 3 refinement with peer support: 1,280300,OTHER,THOUSAND METRIC TONS,7000.0,10.0,0.95,USGS Mineral Commodity Summaries 2024/2023 - authoritative U.S. government production data with global coverage
PC Laptop,Battery,0.98,Strong consensus among multiple agents. Batteries are an essential primary component for laptops.,Aluminum,0.775,Round 3 refinement with peer support: 1,280300,INDIA,THOUSAND METRIC TONS,4100.0,5.86,0.95,USGS Mineral Commodity Summaries 2024/2023 - authoritative U.S. government production data with global coverage
PC Laptop,Battery,0.98,Strong consensus among multiple agents. Batteries are an essential primary component for laptops.,Aluminum,0.775,Round 3 refinement with peer support: 1,280300,RUSSIA,THOUSAND METRIC TONS,3800.0,5.43,0.95,USGS Mineral Commodity Summaries 2024/2023 - authoritative U.S. government production data with global coverage
PC Laptop,Battery,0.98,Strong consensus among multiple agents. Batteries are an essential primary component for laptops.,Aluminum,0.775,Round 3 refinement with peer support: 1,280300,CANADA,THOUSAND METRIC TONS,3000.0,4.29,0.95,USGS Mineral Commodity Summaries 2024/2023 - authoritative U.S. government production data with global coverage
PC Laptop,Battery,0.98,Strong consensus among multiple agents. Batteries are an essential primary component for laptops.,Nickel,0.85,Round 3 refinement with peer support: 1,750110,INDONESIA,METRIC TONS,1800000.0,50.0,0.95,USGS Mineral Commodity Summaries 2024/2023 - authoritative U.S. government production data with global coverage
PC Laptop,Battery,0.98,Strong consensus among multiple agents. Batteries are an essential primary component for laptops.,Nickel,0.85,Round 3 refinement with peer support: 1,750110,PHILIPPINES,METRIC TONS,400000.0,11.11,0.95,USGS Mineral Commodity Summaries 2024/2023 - authoritative U.S. government production data with global coverage
PC Laptop,Battery,0.98,Strong consensus among multiple agents. Batteries are an essential primary component for laptops.,Nickel,0.85,Round 3 refinement with peer support: 1,750110,OTHER,METRIC TONS,380000.0,10.56,0.95,USGS Mineral Commodity Summaries 2024/2023 - authoritative U.S. government production data with global coverage
PC Laptop,Battery,0.98,Strong consensus among multiple agents. Batteries are an essential primary component for laptops.,Nickel,0.85,Round 3 refinement with peer support: 1,750110,NEW CALEDONIA,METRIC TONS,230000.0,6.39,0.95,USGS Mineral Commodity Summaries 2024/2023 - authoritative U.S. government production data with global coverage
PC Laptop,Battery,0.98,Strong consensus among multiple agents. Batteries are an essential primary component for laptops.,Nickel,0.85,Round 3 refinement with peer support: 1,750110,RUSSIA,METRIC TONS,200000.0,5.56,0.95,USGS Mineral Commodity Summaries 2024/2023 - authoritative U.S. government production data with global coverage
PC Laptop,Central Processing Unit,0.98,Consensus from two agents with high confidence scores. CPUs are fundamental to computer functionality.,Silicon,0.95,Round 3 refinement with peer support: 2,280469,CHINA,THOUSAND METRIC TONS,3600.0,40.0,0.95,USGS Mineral Commodity Summaries 2024/2023 - authoritative U.S. government production data with global coverage
PC Laptop,Central Processing Unit,0.98,Consensus from two agents with high confidence scores. CPUs are fundamental to computer functionality.,Silicon,0.95,Round 3 refinement with peer support: 2,280469,RUSSIA,THOUSAND METRIC TONS,570.0,6.33,0.95,USGS Mineral Commodity Summaries 2024/2023 - authoritative U.S. government production data with global coverage
PC Laptop,Central Processing Unit,0.98,Consensus from two agents with high confidence scores. CPUs are fundamental to computer functionality.,Silicon,0.95,Round 3 refinement with peer support: 2,280469,BRAZIL,THOUSAND METRIC TONS,190.0,2.11,0.95,USGS Mineral Commodity Summaries 2024/2023 - authoritative U.S. government production data with global coverage
PC Laptop,Central Processing Unit,0.98,Consensus from two agents with high confidence scores. CPUs are fundamental to computer functionality.,Silicon,0.95,Round 3 refinement with peer support: 2,280469,NORWAY,THOUSAND METRIC TONS,200.0,2.22,0.95,USGS Mineral Commodity Summaries 2024/2023 - authoritative U.S. government production data with global coverage
PC Laptop,Central Processing Unit,0.98,Consensus from two agents with high confidence scores. CPUs are fundamental to computer functionality.,Silicon,0.95,Round 3 refinement with peer support: 2,280469,OTHER,THOUSAND METRIC TONS,100.0,1.11,0.95,USGS Mineral Commodity Summaries 2024/2023 - authoritative U.S. government production data with global coverage
PC Laptop,Central Processing Unit,0.98,Consensus from two agents with high confidence scores. CPUs are fundamental to computer functionality.,Tungsten,0.9,Round 3 refinement with peer support: 2,810194,CHINA,METRIC TONS,63000.0,80.77,0.95,USGS Mineral Commodity Summaries 2024/2023 - authoritative U.S. government production data with global coverage
PC Laptop,Central Processing Unit,0.98,Consensus from two agents with high confidence scores. CPUs are fundamental to computer functionality.,Tungsten,0.9,Round 3 refinement with peer support: 2,810194,VIETNAM,METRIC TONS,3500.0,4.49,0.95,USGS Mineral Commodity Summaries 2024/2023 - authoritative U.S. government production data with global coverage
PC Laptop,Central Processing Unit,0.98,Consensus from two agents with high confidence scores. CPUs are fundamental to computer functionality.,Tungsten,0.9,Round 3 refinement with peer support: 2,810194,RUSSIA,METRIC TONS,2000.0,2.56,0.95,USGS Mineral Commodity Summaries 2024/2023 - authoritative U.S. government production data with global coverage
PC Laptop,Central Processing Unit,0.98,Consensus from two agents with high confidence scores. CPUs are fundamental to computer functionality.,Tungsten,0.9,Round 3 refinement with peer support: 2,810194,"KOREA, NORTH",METRIC TONS,1700.0,2.18,0.95,USGS Mineral Commodity Summaries 2024/2023 - authoritative U.S. government production data with global coverage
PC Laptop,Central Processing Unit,0.98,Consensus from two agents with high confidence scores. CPUs are fundamental to computer functionality.,Tungsten,0.9,Round 3 refinement with peer support: 2,810194,SPAIN,METRIC TONS,1500.0,1.92,0.95,USGS Mineral Commodity Summaries 2024/2023 - authoritative U.S. government production data with global coverage
PC Laptop,Central Processing Unit,0.98,Consensus from two agents with high confidence scores. CPUs are fundamental to computer functionality.,Germanium,0.85,Round 3 refinement with peer support: 1,825600,China,metric tones,5040.0,62.0,0.86,Based on the recent reports from the China Geological Survey; consistent producer.
PC Laptop,Central Processing Unit,0.98,Consensus from two agents with high confidence scores. CPUs are fundamental to computer functionality.,Germanium,0.85,Round 3 refinement with peer support: 1,825600,Japan,metric tones,1358.5,16.5,0.825,"Japanese domestic production, reliable data from the Japan Mines Agency."
PC Laptop,Central Processing Unit,0.98,Consensus from two agents with high confidence scores. CPUs are fundamental to computer functionality.,Germanium,0.85,Round 3 refinement with peer support: 1,825600,Germany,metric tones,132.5,4.5,0.8,German production; reports from the Federal Institute for Geosciences and Natural Resources.
PC Laptop,Central Processing Unit,0.98,Consensus from two agents with high confidence scores. CPUs are fundamental to computer functionality.,Germanium,0.85,Round 3 refinement with peer support: 1,825600,United States,metric tones,192.5,4.0,0.79,Multi-agent debate consensus
PC Laptop,Central Processing Unit,0.98,Consensus from two agents with high confidence scores. CPUs are fundamental to computer functionality.,Germanium,0.85,Round 3 refinement with peer support: 1,825600,Russia,metric tones,95.5,2.0,0.725,Multi-agent debate consensus
PC Laptop,Central Processing Unit,0.98,Consensus from two agents with high confidence scores. CPUs are fundamental to computer functionality.,Gold,0.7,Round 3 refinement with peer support: 0,710812,OTHER,METRIC TONS,700.0,23.33,0.95,USGS Mineral Commodity Summaries 2024/2023 - authoritative U.S. government production data with global coverage
PC Laptop,Central Processing Unit,0.98,Consensus from two agents with high confidence scores. CPUs are fundamental to computer functionality.,Gold,0.7,Round 3 refinement with peer support: 0,710812,CHINA,METRIC TONS,370.0,12.33,0.95,USGS Mineral Commodity Summaries 2024/2023 - authoritative U.S. government production data with global coverage
PC Laptop,Central Processing Unit,0.98,Consensus from two agents with high confidence scores. CPUs are fundamental to computer functionality.,Gold,0.7,Round 3 refinement with peer support: 0,710812,AUSTRALIA,METRIC TONS,310.0,10.33,0.95,USGS Mineral Commodity Summaries 2024/2023 - authoritative U.S. government production data with global coverage
PC Laptop,Central Processing Unit,0.98,Consensus from two agents with high confidence scores. CPUs are fundamental to computer functionality.,Gold,0.7,Round 3 refinement with peer support: 0,710812,RUSSIA,METRIC TONS,310.0,10.33,0.95,USGS Mineral Commodity Summaries 2024/2023 - authoritative U.S. government production data with global coverage
PC Laptop,Central Processing Unit,0.98,Consensus from two agents with high confidence scores. CPUs are fundamental to computer functionality.,Gold,0.7,Round 3 refinement with peer support: 0,710812,CANADA,METRIC TONS,200.0,6.67,0.95,USGS Mineral Commodity Summaries 2024/2023 - authoritative U.S. government production data with global coverage
PC Laptop,Memory,0.95,Two agent consensus supports this component's importance as a primary feature of PC laptops.,Silicon,0.75,Round 3 refinement with peer support: 1,280469,CHINA,THOUSAND METRIC TONS,3600.0,40.0,0.95,USGS Mineral Commodity Summaries 2024/2023 - authoritative U.S. government production data with global coverage
PC Laptop,Memory,0.95,Two agent consensus supports this component's importance as a primary feature of PC laptops.,Silicon,0.75,Round 3 refinement with peer support: 1,280469,RUSSIA,THOUSAND METRIC TONS,570.0,6.33,0.95,USGS Mineral Commodity Summaries 2024/2023 - authoritative U.S. government production data with global coverage
PC Laptop,Memory,0.95,Two agent consensus supports this component's importance as a primary feature of PC laptops.,Silicon,0.75,Round 3 refinement with peer support: 1,280469,BRAZIL,THOUSAND METRIC TONS,190.0,2.11,0.95,USGS Mineral Commodity Summaries 2024/2023 - authoritative U.S. government production data with global coverage
PC Laptop,Memory,0.95,Two agent consensus supports this component's importance as a primary feature of PC laptops.,Silicon,0.75,Round 3 refinement with peer support: 1,280469,NORWAY,THOUSAND METRIC TONS,200.0,2.22,0.95,USGS Mineral Commodity Summaries 2024/2023 - authoritative U.S. government production data with global coverage
PC Laptop,Memory,0.95,Two agent consensus supports this component's importance as a primary feature of PC laptops.,Silicon,0.75,Round 3 refinement with peer support: 1,280469,OTHER,THOUSAND METRIC TONS,100.0,1.11,0.95,USGS Mineral Commodity Summaries 2024/2023 - authoritative U.S. government production data with global coverage
PC Laptop,Memory,0.95,Two agent consensus supports this component's importance as a primary feature of PC laptops.,Gold,0.7,Round 3 refinement with peer support: 0,710812,OTHER,METRIC TONS,700.0,23.33,0.95,USGS Mineral Commodity Summaries 2024/2023 - authoritative U.S. government production data with global coverage
PC Laptop,Memory,0.95,Two agent consensus supports this component's importance as a primary feature of PC laptops.,Gold,0.7,Round 3 refinement with peer support: 0,710812,CHINA,METRIC TONS,370.0,12.33,0.95,USGS Mineral Commodity Summaries 2024/2023 - authoritative U.S. government production data with global coverage
PC Laptop,Memory,0.95,Two agent consensus supports this component's importance as a primary feature of PC laptops.,Gold,0.7,Round 3 refinement with peer support: 0,710812,AUSTRALIA,METRIC TONS,310.0,10.33,0.95,USGS Mineral Commodity Summaries 2024/2023 - authoritative U.S. government production data with global coverage
PC Laptop,Memory,0.95,Two agent consensus supports this component's importance as a primary feature of PC laptops.,Gold,0.7,Round 3 refinement with peer support: 0,710812,RUSSIA,METRIC TONS,310.0,10.33,0.95,USGS Mineral Commodity Summaries 2024/2023 - authoritative U.S. government production data with global coverage
PC Laptop,Memory,0.95,Two agent consensus supports this component's importance as a primary feature of PC laptops.,Gold,0.7,Round 3 refinement with peer support: 0,710812,CANADA,METRIC TONS,200.0,6.67,0.95,USGS Mineral Commodity Summaries 2024/2023 - authoritative U.S. government production data with global coverage
PC Laptop,Graphics Processing Unit,0.92,This is well-supported by two agents and critical for many computing tasks involving graphics or video.,Silicon,0.883,Round 3 refinement with peer support: 2,280469,CHINA,THOUSAND METRIC TONS,3600.0,40.0,0.95,USGS Mineral Commodity Summaries 2024/2023 - authoritative U.S. government production data with global coverage
PC Laptop,Graphics Processing Unit,0.92,This is well-supported by two agents and critical for many computing tasks involving graphics or video.,Silicon,0.883,Round 3 refinement with peer support: 2,280469,RUSSIA,THOUSAND METRIC TONS,570.0,6.33,0.95,USGS Mineral Commodity Summaries 2024/2023 - authoritative U.S. government production data with global coverage
PC Laptop,Graphics Processing Unit,0.92,This is well-supported by two agents and critical for many computing tasks involving graphics or video.,Silicon,0.883,Round 3 refinement with peer support: 2,280469,BRAZIL,THOUSAND METRIC TONS,190.0,2.11,0.95,USGS Mineral Commodity Summaries 2024/2023 - authoritative U.S. government production data with global coverage
PC Laptop,Graphics Processing Unit,0.92,This is well-supported by two agents and critical for many computing tasks involving graphics or video.,Silicon,0.883,Round 3 refinement with peer support: 2,280469,NORWAY,THOUSAND METRIC TONS,200.0,2.22,0.95,USGS Mineral Commodity Summaries 2024/2023 - authoritative U.S. government production data with global coverage
PC Laptop,Graphics Processing Unit,0.92,This is well-supported by two agents and critical for many computing tasks involving graphics or video.,Silicon,0.883,Round 3 refinement with peer support: 2,280469,OTHER,THOUSAND METRIC TONS,100.0,1.11,0.95,USGS Mineral Commodity Summaries 2024/2023 - authoritative U.S. government production data with global coverage
PC Laptop,Graphics Processing Unit,0.92,This is well-supported by two agents and critical for many computing tasks involving graphics or video.,Gallium nitride,0.7,Round 3 refinement with peer support: 0,285000,China,metric tons,25283.333333333332,36.67,0.86,China is the largest producer of gallium based on USGS data for 2023.
PC Laptop,Graphics Processing Unit,0.92,This is well-supported by two agents and critical for many computing tasks involving graphics or video.,Gallium nitride,0.7,Round 3 refinement with peer support: 0,285000,Japan,metric tons,7891.0,21.0,0.833,Japan is known for its advanced electronics industry and is a significant producer (Confidence: 0.85).
PC Laptop,Graphics Processing Unit,0.92,This is well-supported by two agents and critical for many computing tasks involving graphics or video.,Gallium nitride,0.7,Round 3 refinement with peer support: 0,285000,United States,metric tons,3164.3333333333335,4.0,0.8,"The U.S., particularly Arizona, still produces a significant amount of gallium."
PC Laptop,Graphics Processing Unit,0.92,This is well-supported by two agents and critical for many computing tasks involving graphics or video.,Gallium nitride,0.7,Round 3 refinement with peer support: 0,285000,Spain,metric tons,8792.5,10.0,0.845,"Spain is a substantial producer, especially from its Iberian Pyrite Belt."
PC Laptop,Graphics Processing Unit,0.92,This is well-supported by two agents and critical for many computing tasks involving graphics or video.,Gallium nitride,0.7,Round 3 refinement with peer support: 0,285000,Australia,metric tons,3952.5,8.25,0.76,Australia contributes to gallium production through its bauxite and other mined materials.
PC Laptop,Graphics Processing Unit,0.92,This is well-supported by two agents and critical for many computing tasks involving graphics or video.,Silver,0.7,Round 3 refinement with peer support: 0,710610,MEXICO,METRIC TONS,6400.0,24.62,0.95,USGS Mineral Commodity Summaries 2024/2023 - authoritative U.S. government production data with global coverage
PC Laptop,Graphics Processing Unit,0.92,This is well-supported by two agents and critical for many computing tasks involving graphics or video.,Silver,0.7,Round 3 refinement with peer support: 0,710610,CHINA,METRIC TONS,3400.0,13.08,0.95,USGS Mineral Commodity Summaries 2024/2023 - authoritative U.S. government production data with global coverage
PC Laptop,Graphics Processing Unit,0.92,This is well-supported by two agents and critical for many computing tasks involving graphics or video.,Silver,0.7,Round 3 refinement with peer support: 0,710610,PERU,METRIC TONS,3100.0,11.92,0.95,USGS Mineral Commodity Summaries 2024/2023 - authoritative U.S. government production data with global coverage
PC Laptop,Graphics Processing Unit,0.92,This is well-supported by two agents and critical for many computing tasks involving graphics or video.,Silver,0.7,Round 3 refinement with peer support: 0,710610,OTHER,METRIC TONS,3000.0,11.54,0.95,USGS Mineral Commodity Summaries 2024/2023 - authoritative U.S. government production data with global coverage
PC Laptop,Graphics Processing Unit,0.92,This is well-supported by two agents and critical for many computing tasks involving graphics or video.,Silver,0.7,Round 3 refinement with peer support: 0,710610,CHILE,METRIC TONS,1400.0,5.38,0.95,USGS Mineral Commodity Summaries 2024/2023 - authoritative U.S. government production data with global coverage
PC Laptop,Graphics Processing Unit,0.92,This is well-supported by two agents and critical for many computing tasks involving graphics or video.,Tungsten,0.7,Round 3 refinement with peer support: 0,810194,CHINA,METRIC TONS,63000.0,80.77,0.95,USGS Mineral Commodity Summaries 2024/2023 - authoritative U.S. government production data with global coverage
PC Laptop,Graphics Processing Unit,0.92,This is well-supported by two agents and critical for many computing tasks involving graphics or video.,Tungsten,0.7,Round 3 refinement with peer support: 0,810194,VIETNAM,METRIC TONS,3500.0,4.49,0.95,USGS Mineral Commodity Summaries 2024/2023 - authoritative U.S. government production data with global coverage
PC Laptop,Graphics Processing Unit,0.92,This is well-supported by two agents and critical for many computing tasks involving graphics or video.,Tungsten,0.7,Round 3 refinement with peer support: 0,810194,RUSSIA,METRIC TONS,2000.0,2.56,0.95,USGS Mineral Commodity Summaries 2024/2023 - authoritative U.S. government production data with global coverage
PC Laptop,Graphics Processing Unit,0.92,This is well-supported by two agents and critical for many computing tasks involving graphics or video.,Tungsten,0.7,Round 3 refinement with peer support: 0,810194,"KOREA, NORTH",METRIC TONS,1700.0,2.18,0.95,USGS Mineral Commodity Summaries 2024/2023 - authoritative U.S. government production data with global coverage
PC Laptop,Graphics Processing Unit,0.92,This is well-supported by two agents and critical for many computing tasks involving graphics or video.,Tungsten,0.7,Round 3 refinement with peer support: 0,810194,SPAIN,METRIC TONS,1500.0,1.92,0.95,USGS Mineral Commodity Summaries 2024/2023 - authoritative U.S. government production data with global coverage
PC Laptop,Operating System,0.85,"Consensus among agents on OS, though slightly lower confidence due to mixed proposals and critiques.",Lithium,0.7,Round 3 refinement with peer support: 0,280520,AUSTRALIA,METRIC TONS,86000.0,47.78,0.95,USGS Mineral Commodity Summaries 2024/2023 - authoritative U.S. government production data with global coverage
PC Laptop,Operating System,0.85,"Consensus among agents on OS, though slightly lower confidence due to mixed proposals and critiques.",Lithium,0.7,Round 3 refinement with peer support: 0,280520,CHILE,METRIC TONS,44000.0,24.44,0.95,USGS Mineral Commodity Summaries 2024/2023 - authoritative U.S. government production data with global coverage
PC Laptop,Operating System,0.85,"Consensus among agents on OS, though slightly lower confidence due to mixed proposals and critiques.",Lithium,0.7,Round 3 refinement with peer support: 0,280520,CHINA,METRIC TONS,33000.0,18.33,0.95,USGS Mineral Commodity Summaries 2024/2023 - authoritative U.S. government production data with global coverage
PC Laptop,Operating System,0.85,"Consensus among agents on OS, though slightly lower confidence due to mixed proposals and critiques.",Lithium,0.7,Round 3 refinement with peer support: 0,280520,ARGENTINA,METRIC TONS,9600.0,5.33,0.95,USGS Mineral Commodity Summaries 2024/2023 - authoritative U.S. government production data with global coverage
PC Laptop,Operating System,0.85,"Consensus among agents on OS, though slightly lower confidence due to mixed proposals and critiques.",Lithium,0.7,Round 3 refinement with peer support: 0,280520,BRAZIL,METRIC TONS,4900.0,2.72,0.95,USGS Mineral Commodity Summaries 2024/2023 - authoritative U.S. government production data with global coverage
PC Laptop,Operating System,0.85,"Consensus among agents on OS, though slightly lower confidence due to mixed proposals and critiques.",Carbon,0.7,Round 3 refinement with peer support: 0,280300,China,metric tons,4110666.6666666665,50.58,0.84,Based on recent reports from the National Bureau of Statistics of China; consistent production
PC Laptop,Operating System,0.85,"Consensus among agents on OS, though slightly lower confidence due to mixed proposals and critiques.",Carbon,0.7,Round 3 refinement with peer support: 0,280300,United States,metric tons,1164000.0,11.48,0.833,Data from USGS annual reports on energy resources; established producer with clear statistics
PC Laptop,Operating System,0.85,"Consensus among agents on OS, though slightly lower confidence due to mixed proposals and critiques.",Carbon,0.7,Round 3 refinement with peer support: 0,280300,Russia,metric tons,1157866.6666666667,9.33,0.8,Multi-agent debate consensus
PC Laptop,Operating System,0.85,"Consensus among agents on OS, though slightly lower confidence due to mixed proposals and critiques.",Carbon,0.7,Round 3 refinement with peer support: 0,280300,Brazil,metric tons,501013.3333333333,5.78,0.817,Reported by the Brazilian Institute of Geography and Statistics (IBGE); second largest producer in South America
PC Laptop,Operating System,0.85,"Consensus among agents on OS, though slightly lower confidence due to mixed proposals and critiques.",Carbon,0.7,Round 3 refinement with peer support: 0,280300,India,metric tons,602666.6666666666,12.76,0.767,Multi-agent debate consensus
Electric Vehicle Battery,Battery Cell,0.98,This proposal is supported by multiple agents and has a high perceived importance in the electric vehicle battery design. The term 'battery cells' encompasses the fundamental building blocks of an EV battery system.,Lithium,0.95,Round 3 refinement with peer support: 2,280520,AUSTRALIA,METRIC TONS,86000.0,47.78,0.95,USGS Mineral Commodity Summaries 2024/2023 - authoritative U.S. government production data with global coverage
Electric Vehicle Battery,Battery Cell,0.98,This proposal is supported by multiple agents and has a high perceived importance in the electric vehicle battery design. The term 'battery cells' encompasses the fundamental building blocks of an EV battery system.,Lithium,0.95,Round 3 refinement with peer support: 2,280520,CHILE,METRIC TONS,44000.0,24.44,0.95,USGS Mineral Commodity Summaries 2024/2023 - authoritative U.S. government production data with global coverage
Electric Vehicle Battery,Battery Cell,0.98,This proposal is supported by multiple agents and has a high perceived importance in the electric vehicle battery design. The term 'battery cells' encompasses the fundamental building blocks of an EV battery system.,Lithium,0.95,Round 3 refinement with peer support: 2,280520,CHINA,METRIC TONS,33000.0,18.33,0.95,USGS Mineral Commodity Summaries 2024/2023 - authoritative U.S. government production data with global coverage
Electric Vehicle Battery,Battery Cell,0.98,This proposal is supported by multiple agents and has a high perceived importance in the electric vehicle battery design. The term 'battery cells' encompasses the fundamental building blocks of an EV battery system.,Lithium,0.95,Round 3 refinement with peer support: 2,280520,ARGENTINA,METRIC TONS,9600.0,5.33,0.95,USGS Mineral Commodity Summaries 2024/2023 - authoritative U.S. government production data with global coverage
Electric Vehicle Battery,Battery Cell,0.98,This proposal is supported by multiple agents and has a high perceived importance in the electric vehicle battery design. The term 'battery cells' encompasses the fundamental building blocks of an EV battery system.,Lithium,0.95,Round 3 refinement with peer support: 2,280520,BRAZIL,METRIC TONS,4900.0,2.72,0.95,USGS Mineral Commodity Summaries 2024/2023 - authoritative U.S. government production data with global coverage
Electric Vehicle Battery,Battery Cell,0.98,This proposal is supported by multiple agents and has a high perceived importance in the electric vehicle battery design. The term 'battery cells' encompasses the fundamental building blocks of an EV battery system.,Nickel,0.95,Round 3 refinement with peer support: 2,750110,INDONESIA,METRIC TONS,1800000.0,50.0,0.95,USGS Mineral Commodity Summaries 2024/2023 - authoritative U.S. government production data with global coverage
Electric Vehicle Battery,Battery Cell,0.98,This proposal is supported by multiple agents and has a high perceived importance in the electric vehicle battery design. The term 'battery cells' encompasses the fundamental building blocks of an EV battery system.,Nickel,0.95,Round 3 refinement with peer support: 2,750110,PHILIPPINES,METRIC TONS,400000.0,11.11,0.95,USGS Mineral Commodity Summaries 2024/2023 - authoritative U.S. government production data with global coverage
Electric Vehicle Battery,Battery Cell,0.98,This proposal is supported by multiple agents and has a high perceived importance in the electric vehicle battery design. The term 'battery cells' encompasses the fundamental building blocks of an EV battery system.,Nickel,0.95,Round 3 refinement with peer support: 2,750110,OTHER,METRIC TONS,380000.0,10.56,0.95,USGS Mineral Commodity Summaries 2024/2023 - authoritative U.S. government production data with global coverage
Electric Vehicle Battery,Battery Cell,0.98,This proposal is supported by multiple agents and has a high perceived importance in the electric vehicle battery design. The term 'battery cells' encompasses the fundamental building blocks of an EV battery system.,Nickel,0.95,Round 3 refinement with peer support: 2,750110,NEW CALEDONIA,METRIC TONS,230000.0,6.39,0.95,USGS Mineral Commodity Summaries 2024/2023 - authoritative U.S. government production data with global coverage
Electric Vehicle Battery,Battery Cell,0.98,This proposal is supported by multiple agents and has a high perceived importance in the electric vehicle battery design. The term 'battery cells' encompasses the fundamental building blocks of an EV battery system.,Nickel,0.95,Round 3 refinement with peer support: 2,750110,RUSSIA,METRIC TONS,200000.0,5.56,0.95,USGS Mineral Commodity Summaries 2024/2023 - authoritative U.S. government production data with global coverage
Electric Vehicle Battery,Battery Cell,0.98,This proposal is supported by multiple agents and has a high perceived importance in the electric vehicle battery design. The term 'battery cells' encompasses the fundamental building blocks of an EV battery system.,Cobalt,0.85,Round 3 refinement with peer support: 1,810510,CONGO,METRIC TONS,170000.0,73.91,0.95,USGS Mineral Commodity Summaries 2024/2023 - authoritative U.S. government production data with global coverage
Electric Vehicle Battery,Battery Cell,0.98,This proposal is supported by multiple agents and has a high perceived importance in the electric vehicle battery design. The term 'battery cells' encompasses the fundamental building blocks of an EV battery system.,Cobalt,0.85,Round 3 refinement with peer support: 1,810510,INDONESIA,METRIC TONS,17000.0,7.39,0.95,USGS Mineral Commodity Summaries 2024/2023 - authoritative U.S. government production data with global coverage
Electric Vehicle Battery,Battery Cell,0.98,This proposal is supported by multiple agents and has a high perceived importance in the electric vehicle battery design. The term 'battery cells' encompasses the fundamental building blocks of an EV battery system.,Cobalt,0.85,Round 3 refinement with peer support: 1,810510,RUSSIA,METRIC TONS,8800.0,3.83,0.95,USGS Mineral Commodity Summaries 2024/2023 - authoritative U.S. government production data with global coverage
Electric Vehicle Battery,Battery Cell,0.98,This proposal is supported by multiple agents and has a high perceived importance in the electric vehicle battery design. The term 'battery cells' encompasses the fundamental building blocks of an EV battery system.,Cobalt,0.85,Round 3 refinement with peer support: 1,810510,OTHER,METRIC TONS,6600.0,2.87,0.95,USGS Mineral Commodity Summaries 2024/2023 - authoritative U.S. government production data with global coverage
Electric Vehicle Battery,Battery Cell,0.98,This proposal is supported by multiple agents and has a high perceived importance in the electric vehicle battery design. The term 'battery cells' encompasses the fundamental building blocks of an EV battery system.,Cobalt,0.85,Round 3 refinement with peer support: 1,810510,AUSTRALIA,METRIC TONS,4600.0,2.0,0.95,USGS Mineral Commodity Summaries 2024/2023 - authoritative U.S. government production data with global coverage
Electric Vehicle Battery,Battery Cell,0.98,This proposal is supported by multiple agents and has a high perceived importance in the electric vehicle battery design. The term 'battery cells' encompasses the fundamental building blocks of an EV battery system.,Graphite,0.85,Round 3 refinement with peer support: 1,380110,CHINA,METRIC TONS,1230000.0,76.88,0.95,USGS Mineral Commodity Summaries 2024/2023 - authoritative U.S. government production data with global coverage
Electric Vehicle Battery,Battery Cell,0.98,This proposal is supported by multiple agents and has a high perceived importance in the electric vehicle battery design. The term 'battery cells' encompasses the fundamental building blocks of an EV battery system.,Graphite,0.85,Round 3 refinement with peer support: 1,380110,MADAGASCAR,METRIC TONS,100000.0,6.25,0.95,USGS Mineral Commodity Summaries 2024/2023 - authoritative U.S. government production data with global coverage
Electric Vehicle Battery,Battery Cell,0.98,This proposal is supported by multiple agents and has a high perceived importance in the electric vehicle battery design. The term 'battery cells' encompasses the fundamental building blocks of an EV battery system.,Graphite,0.85,Round 3 refinement with peer support: 1,380110,MOZAMBIQUE,METRIC TONS,96000.0,6.0,0.95,USGS Mineral Commodity Summaries 2024/2023 - authoritative U.S. government production data with global coverage
Electric Vehicle Battery,Battery Cell,0.98,This proposal is supported by multiple agents and has a high perceived importance in the electric vehicle battery design. The term 'battery cells' encompasses the fundamental building blocks of an EV battery system.,Graphite,0.85,Round 3 refinement with peer support: 1,380110,BRAZIL,METRIC TONS,73000.0,4.56,0.95,USGS Mineral Commodity Summaries 2024/2023 - authoritative U.S. government production data with global coverage
Electric Vehicle Battery,Battery Cell,0.98,This proposal is supported by multiple agents and has a high perceived importance in the electric vehicle battery design. The term 'battery cells' encompasses the fundamental building blocks of an EV battery system.,Graphite,0.85,Round 3 refinement with peer support: 1,380110,"KOREA, REPUBLIC OF",METRIC TONS,27000.0,1.69,0.95,USGS Mineral Commodity Summaries 2024/2023 - authoritative U.S. government production data with global coverage
Electric Vehicle Battery,Battery Cell,0.98,This proposal is supported by multiple agents and has a high perceived importance in the electric vehicle battery design. The term 'battery cells' encompasses the fundamental building blocks of an EV battery system.,Copper,0.85,Round 3 refinement with peer support: 1,740100,CHINA,THOUSAND METRIC TONS,1700.0,3.47,0.95,USGS Mineral Commodity Summaries 2024/2023 - authoritative U.S. government production data with global coverage
Electric Vehicle Battery,Battery Cell,0.98,This proposal is supported by multiple agents and has a high perceived importance in the electric vehicle battery design. The term 'battery cells' encompasses the fundamental building blocks of an EV battery system.,Copper,0.85,Round 3 refinement with peer support: 1,740100,CHILE,THOUSAND METRIC TONS,5000.0,10.2,0.95,USGS Mineral Commodity Summaries 2024/2023 - authoritative U.S. government production data with global coverage
Electric Vehicle Battery,Battery Cell,0.98,This proposal is supported by multiple agents and has a high perceived importance in the electric vehicle battery design. The term 'battery cells' encompasses the fundamental building blocks of an EV battery system.,Copper,0.85,Round 3 refinement with peer support: 1,740100,OTHER,THOUSAND METRIC TONS,3100.0,6.33,0.95,USGS Mineral Commodity Summaries 2024/2023 - authoritative U.S. government production data with global coverage
Electric Vehicle Battery,Battery Cell,0.98,This proposal is supported by multiple agents and has a high perceived importance in the electric vehicle battery design. The term 'battery cells' encompasses the fundamental building blocks of an EV battery system.,Copper,0.85,Round 3 refinement with peer support: 1,740100,CONGO,THOUSAND METRIC TONS,2500.0,5.1,0.95,USGS Mineral Commodity Summaries 2024/2023 - authoritative U.S. government production data with global coverage
Electric Vehicle Battery,Battery Cell,0.98,This proposal is supported by multiple agents and has a high perceived importance in the electric vehicle battery design. The term 'battery cells' encompasses the fundamental building blocks of an EV battery system.,Copper,0.85,Round 3 refinement with peer support: 1,740100,PERU,THOUSAND METRIC TONS,2600.0,5.31,0.95,USGS Mineral Commodity Summaries 2024/2023 - authoritative U.S. government production data with global coverage
Electric Vehicle Battery,Battery Cell,0.98,This proposal is supported by multiple agents and has a high perceived importance in the electric vehicle battery design. The term 'battery cells' encompasses the fundamental building blocks of an EV battery system.,Manganese,0.7,Round 3 refinement with peer support: 0,280300,SOUTH AFRICA,THOUSAND METRIC TONS,7200.0,36.0,0.95,USGS Mineral Commodity Summaries 2024/2023 - authoritative U.S. government production data with global coverage
Electric Vehicle Battery,Battery Cell,0.98,This proposal is supported by multiple agents and has a high perceived importance in the electric vehicle battery design. The term 'battery cells' encompasses the fundamental building blocks of an EV battery system.,Manganese,0.7,Round 3 refinement with peer support: 0,280300,GABON,THOUSAND METRIC TONS,4600.0,23.0,0.95,USGS Mineral Commodity Summaries 2024/2023 - authoritative U.S. government production data with global coverage
Electric Vehicle Battery,Battery Cell,0.98,This proposal is supported by multiple agents and has a high perceived importance in the electric vehicle battery design. The term 'battery cells' encompasses the fundamental building blocks of an EV battery system.,Manganese,0.7,Round 3 refinement with peer support: 0,280300,AUSTRALIA,THOUSAND METRIC TONS,3000.0,15.0,0.95,USGS Mineral Commodity Summaries 2024/2023 - authoritative U.S. government production data with global coverage
Electric Vehicle Battery,Battery Cell,0.98,This proposal is supported by multiple agents and has a high perceived importance in the electric vehicle battery design. The term 'battery cells' encompasses the fundamental building blocks of an EV battery system.,Manganese,0.7,Round 3 refinement with peer support: 0,280300,GHANA,THOUSAND METRIC TONS,840.0,4.2,0.95,USGS Mineral Commodity Summaries 2024/2023 - authoritative U.S. government production data with global coverage
Electric Vehicle Battery,Battery Cell,0.98,This proposal is supported by multiple agents and has a high perceived importance in the electric vehicle battery design. The term 'battery cells' encompasses the fundamental building blocks of an EV battery system.,Manganese,0.7,Round 3 refinement with peer support: 0,280300,CHINA,THOUSAND METRIC TONS,740.0,3.7,0.95,USGS Mineral Commodity Summaries 2024/2023 - authoritative U.S. government production data with global coverage
Electric Vehicle Battery,Battery Casing,0.92,"Similar to the battery cells component, this proposal is highly supported and reflects a common structural aspect critical for protecting the internal components during operation.",Aluminum,0.95,Round 3 refinement with peer support: 2,280300,CHINA,THOUSAND METRIC TONS,41000.0,58.57,0.95,USGS Mineral Commodity Summaries 2024/2023 - authoritative U.S. government production data with global coverage
Electric Vehicle Battery,Battery Casing,0.92,"Similar to the battery cells component, this proposal is highly supported and reflects a common structural aspect critical for protecting the internal components during operation.",Aluminum,0.95,Round 3 refinement with peer support: 2,280300,OTHER,THOUSAND METRIC TONS,7000.0,10.0,0.95,USGS Mineral Commodity Summaries 2024/2023 - authoritative U.S. government production data with global coverage
Electric Vehicle Battery,Battery Casing,0.92,"Similar to the battery cells component, this proposal is highly supported and reflects a common structural aspect critical for protecting the internal components during operation.",Aluminum,0.95,Round 3 refinement with peer support: 2,280300,INDIA,THOUSAND METRIC TONS,4100.0,5.86,0.95,USGS Mineral Commodity Summaries 2024/2023 - authoritative U.S. government production data with global coverage
Electric Vehicle Battery,Battery Casing,0.92,"Similar to the battery cells component, this proposal is highly supported and reflects a common structural aspect critical for protecting the internal components during operation.",Aluminum,0.95,Round 3 refinement with peer support: 2,280300,RUSSIA,THOUSAND METRIC TONS,3800.0,5.43,0.95,USGS Mineral Commodity Summaries 2024/2023 - authoritative U.S. government production data with global coverage
Electric Vehicle Battery,Battery Casing,0.92,"Similar to the battery cells component, this proposal is highly supported and reflects a common structural aspect critical for protecting the internal components during operation.",Aluminum,0.95,Round 3 refinement with peer support: 2,280300,CANADA,THOUSAND METRIC TONS,3000.0,4.29,0.95,USGS Mineral Commodity Summaries 2024/2023 - authoritative U.S. government production data with global coverage
Electric Vehicle Battery,Battery Casing,0.92,"Similar to the battery cells component, this proposal is highly supported and reflects a common structural aspect critical for protecting the internal components during operation.",Stainless steel,0.7,Round 3 refinement with peer support: 0,722000,China,metric tons,23728213.189999998,51.73,0.85,Data from industry reports and the International Steel Association.
Electric Vehicle Battery,Battery Casing,0.92,"Similar to the battery cells component, this proposal is highly supported and reflects a common structural aspect critical for protecting the internal components during operation.",Stainless steel,0.7,Round 3 refinement with peer support: 0,722000,India,metric tons,5343088.723333334,12.83,0.8,Data from the International Steel Association.
Electric Vehicle Battery,Battery Casing,0.92,"Similar to the battery cells component, this proposal is highly supported and reflects a common structural aspect critical for protecting the internal components during operation.",Stainless steel,0.7,Round 3 refinement with peer support: 0,722000,Japan,metric tons,2571949.96,9.43,0.867,"Data from the Ministry of Economy, Trade and Industry (METI)."
Electric Vehicle Battery,Battery Casing,0.92,"Similar to the battery cells component, this proposal is highly supported and reflects a common structural aspect critical for protecting the internal components during operation.",Stainless steel,0.7,Round 3 refinement with peer support: 0,722000,South Korea,metric tons,2152901.0100000002,5.33,0.783,Data from the Korean Steel Federation.
Electric Vehicle Battery,Battery Casing,0.92,"Similar to the battery cells component, this proposal is highly supported and reflects a common structural aspect critical for protecting the internal components during operation.",Stainless steel,0.7,Round 3 refinement with peer support: 0,722000,Germany,metric tons,1801315.3533333333,6.4,0.767,Data from the Statistical Office of the European Union (Eurostat).
Electric Vehicle Battery,Electrolyte Solution,0.85,Two agents proposed electrolyte solution with average confidence from 0.85-0.92. There is consistent support for this component across multiple proposals indicating it's a primary component in the construction of electric vehicle batteries.,Dimethyl sulfoxide (DMSO),0.7,Round 3 refinement with peer support: 0,293090,China,metric tons,137333.33333333334,45.0,0.717,Major producer with significant global market share; data from industry reports.
Electric Vehicle Battery,Electrolyte Solution,0.85,Two agents proposed electrolyte solution with average confidence from 0.85-0.92. There is consistent support for this component across multiple proposals indicating it's a primary component in the construction of electric vehicle batteries.,Dimethyl sulfoxide (DMSO),0.7,Round 3 refinement with peer support: 0,293090,United States,metric tons,38666.666666666664,16.67,0.717,Well-documented production but limited specific DMSO data; US Bureau of Economic Analysis.
Electric Vehicle Battery,Electrolyte Solution,0.85,Two agents proposed electrolyte solution with average confidence from 0.85-0.92. There is consistent support for this component across multiple proposals indicating it's a primary component in the construction of electric vehicle batteries.,Dimethyl sulfoxide (DMSO),0.7,Round 3 refinement with peer support: 0,293090,Japan,metric tons,51346.666666666664,17.33,0.717,Reports indicate this share of DMSO production in 2023 from key manufacturers.
Electric Vehicle Battery,Electrolyte Solution,0.85,Two agents proposed electrolyte solution with average confidence from 0.85-0.92. There is consistent support for this component across multiple proposals indicating it's a primary component in the construction of electric vehicle batteries.,Dimethyl sulfoxide (DMSO),0.7,Round 3 refinement with peer support: 0,293090,South Korea,metric tons,23333.333333333332,8.67,0.717,Industry sources indicate a smaller contribution from South Korea for DMSO production in 2023.
Electric Vehicle Battery,Electrolyte Solution,0.85,Two agents proposed electrolyte solution with average confidence from 0.85-0.92. There is consistent support for this component across multiple proposals indicating it's a primary component in the construction of electric vehicle batteries.,Dimethyl sulfoxide (DMSO),0.7,Round 3 refinement with peer support: 0,293090,Germany,metric tons,17773.333333333332,6.33,0.7,Key player in European chemical industry
Electric Vehicle Battery,Battery Management System,0.85,"Two agents proposed BMS with average confidence of 0.85. Despite high consensus, this component is more related to the system-level functionality rather than a primary manufacturing component. Yet, it significantly impacts performance and safety.",Copper,0.85,Round 3 refinement with peer support: 1,740100,CHINA,THOUSAND METRIC TONS,1700.0,3.47,0.95,USGS Mineral Commodity Summaries 2024/2023 - authoritative U.S. government production data with global coverage
Electric Vehicle Battery,Battery Management System,0.85,"Two agents proposed BMS with average confidence of 0.85. Despite high consensus, this component is more related to the system-level functionality rather than a primary manufacturing component. Yet, it significantly impacts performance and safety.",Copper,0.85,Round 3 refinement with peer support: 1,740100,CHILE,THOUSAND METRIC TONS,5000.0,10.2,0.95,USGS Mineral Commodity Summaries 2024/2023 - authoritative U.S. government production data with global coverage
Electric Vehicle Battery,Battery Management System,0.85,"Two agents proposed BMS with average confidence of 0.85. Despite high consensus, this component is more related to the system-level functionality rather than a primary manufacturing component. Yet, it significantly impacts performance and safety.",Copper,0.85,Round 3 refinement with peer support: 1,740100,OTHER,THOUSAND METRIC TONS,3100.0,6.33,0.95,USGS Mineral Commodity Summaries 2024/2023 - authoritative U.S. government production data with global coverage
Electric Vehicle Battery,Battery Management System,0.85,"Two agents proposed BMS with average confidence of 0.85. Despite high consensus, this component is more related to the system-level functionality rather than a primary manufacturing component. Yet, it significantly impacts performance and safety.",Copper,0.85,Round 3 refinement with peer support: 1,740100,CONGO,THOUSAND METRIC TONS,2500.0,5.1,0.95,USGS Mineral Commodity Summaries 2024/2023 - authoritative U.S. government production data with global coverage
Electric Vehicle Battery,Battery Management System,0.85,"Two agents proposed BMS with average confidence of 0.85. Despite high consensus, this component is more related to the system-level functionality rather than a primary manufacturing component. Yet, it significantly impacts performance and safety.",Copper,0.85,Round 3 refinement with peer support: 1,740100,PERU,THOUSAND METRIC TONS,2600.0,5.31,0.95,USGS Mineral Commodity Summaries 2024/2023 - authoritative U.S. government production data with global coverage
Electric Vehicle Battery,Battery Management System,0.85,"Two agents proposed BMS with average confidence of 0.85. Despite high consensus, this component is more related to the system-level functionality rather than a primary manufacturing component. Yet, it significantly impacts performance and safety.",Silver,0.7,Round 3 refinement with peer support: 0,710610,MEXICO,METRIC TONS,6400.0,24.62,0.95,USGS Mineral Commodity Summaries 2024/2023 - authoritative U.S. government production data with global coverage
Electric Vehicle Battery,Battery Management System,0.85,"Two agents proposed BMS with average confidence of 0.85. Despite high consensus, this component is more related to the system-level functionality rather than a primary manufacturing component. Yet, it significantly impacts performance and safety.",Silver,0.7,Round 3 refinement with peer support: 0,710610,CHINA,METRIC TONS,3400.0,13.08,0.95,USGS Mineral Commodity Summaries 2024/2023 - authoritative U.S. government production data with global coverage
Electric Vehicle Battery,Battery Management System,0.85,"Two agents proposed BMS with average confidence of 0.85. Despite high consensus, this component is more related to the system-level functionality rather than a primary manufacturing component. Yet, it significantly impacts performance and safety.",Silver,0.7,Round 3 refinement with peer support: 0,710610,PERU,METRIC TONS,3100.0,11.92,0.95,USGS Mineral Commodity Summaries 2024/2023 - authoritative U.S. government production data with global coverage
Electric Vehicle Battery,Battery Management System,0.85,"Two agents proposed BMS with average confidence of 0.85. Despite high consensus, this component is more related to the system-level functionality rather than a primary manufacturing component. Yet, it significantly impacts performance and safety.",Silver,0.7,Round 3 refinement with peer support: 0,710610,OTHER,METRIC TONS,3000.0,11.54,0.95,USGS Mineral Commodity Summaries 2024/2023 - authoritative U.S. government production data with global coverage
Electric Vehicle Battery,Battery Management System,0.85,"Two agents proposed BMS with average confidence of 0.85. Despite high consensus, this component is more related to the system-level functionality rather than a primary manufacturing component. Yet, it significantly impacts performance and safety.",Silver,0.7,Round 3 refinement with peer support: 0,710610,CHILE,METRIC TONS,1400.0,5.38,0.95,USGS Mineral Commodity Summaries 2024/2023 - authoritative U.S. government production data with global coverage
Electric Vehicle Battery,Pack Enclosure,0.75,"Two agents proposed pack enclosure with average confidence from 0.75-0.90. Though there is moderate support, the lower confidence accounts for the slight variance among proposals and need for specific design criteria.",Stainless steel,0.7,Round 3 refinement with peer support: 0,722000,China,metric tons,23728213.189999998,51.73,0.85,Data from industry reports and the International Steel Association.
Electric Vehicle Battery,Pack Enclosure,0.75,"Two agents proposed pack enclosure with average confidence from 0.75-0.90. Though there is moderate support, the lower confidence accounts for the slight variance among proposals and need for specific design criteria.",Stainless steel,0.7,Round 3 refinement with peer support: 0,722000,India,metric tons,5343088.723333334,12.83,0.8,Data from the International Steel Association.
Electric Vehicle Battery,Pack Enclosure,0.75,"Two agents proposed pack enclosure with average confidence from 0.75-0.90. Though there is moderate support, the lower confidence accounts for the slight variance among proposals and need for specific design criteria.",Stainless steel,0.7,Round 3 refinement with peer support: 0,722000,Japan,metric tons,2571949.96,9.43,0.867,"Data from the Ministry of Economy, Trade and Industry (METI)."
Electric Vehicle Battery,Pack Enclosure,0.75,"Two agents proposed pack enclosure with average confidence from 0.75-0.90. Though there is moderate support, the lower confidence accounts for the slight variance among proposals and need for specific design criteria.",Stainless steel,0.7,Round 3 refinement with peer support: 0,722000,South Korea,metric tons,2152901.0100000002,5.33,0.783,Data from the Korean Steel Federation.
Electric Vehicle Battery,Pack Enclosure,0.75,"Two agents proposed pack enclosure with average confidence from 0.75-0.90. Though there is moderate support, the lower confidence accounts for the slight variance among proposals and need for specific design criteria.",Stainless steel,0.7,Round 3 refinement with peer support: 0,722000,Germany,metric tons,1801315.3533333333,6.4,0.767,Data from the Statistical Office of the European Union (Eurostat).
Electric Vehicle Battery,Pack Enclosure,0.75,"Two agents proposed pack enclosure with average confidence from 0.75-0.90. Though there is moderate support, the lower confidence accounts for the slight variance among proposals and need for specific design criteria.",Polypropylene,0.7,Round 3 refinement with peer support: 0,390210,China,metric tons,17820000.0,30.5,0.783,Multi-agent debate consensus
Electric Vehicle Battery,Pack Enclosure,0.75,"Two agents proposed pack enclosure with average confidence from 0.75-0.90. Though there is moderate support, the lower confidence accounts for the slight variance among proposals and need for specific design criteria.",Polypropylene,0.7,Round 3 refinement with peer support: 0,390210,Saudi Arabia,metric tons,9566666.666666666,18.03,0.75,Multi-agent debate consensus
Electric Vehicle Battery,Pack Enclosure,0.75,"Two agents proposed pack enclosure with average confidence from 0.75-0.90. Though there is moderate support, the lower confidence accounts for the slight variance among proposals and need for specific design criteria.",Polypropylene,0.7,Round 3 refinement with peer support: 0,390210,United States,metric tons,5466666.666666667,10.27,0.723,Multi-agent debate consensus
Electric Vehicle Battery,Pack Enclosure,0.75,"Two agents proposed pack enclosure with average confidence from 0.75-0.90. Though there is moderate support, the lower confidence accounts for the slight variance among proposals and need for specific design criteria.",Polypropylene,0.7,Round 3 refinement with peer support: 0,390210,South Korea,metric tons,4900000.0,15.05,0.675,Multi-agent debate consensus
Electric Vehicle Battery,Pack Enclosure,0.75,"Two agents proposed pack enclosure with average confidence from 0.75-0.90. Though there is moderate support, the lower confidence accounts for the slight variance among proposals and need for specific design criteria.",Polypropylene,0.7,Round 3 refinement with peer support: 0,390210,Germany,metric tons,3398666.6666666665,6.63,0.683,Multi-agent debate consensus
Electric Vehicle Motor,Stator Windings,1.0,High consensus among peers and Agent3 providing a confidence of 1.0 supports the importance of stator windings as primary components.,Copper,0.95,Round 3 refinement with peer support: 2,740100,CHINA,THOUSAND METRIC TONS,1700.0,3.47,0.95,USGS Mineral Commodity Summaries 2024/2023 - authoritative U.S. government production data with global coverage
Electric Vehicle Motor,Stator Windings,1.0,High consensus among peers and Agent3 providing a confidence of 1.0 supports the importance of stator windings as primary components.,Copper,0.95,Round 3 refinement with peer support: 2,740100,CHILE,THOUSAND METRIC TONS,5000.0,10.2,0.95,USGS Mineral Commodity Summaries 2024/2023 - authoritative U.S. government production data with global coverage
Electric Vehicle Motor,Stator Windings,1.0,High consensus among peers and Agent3 providing a confidence of 1.0 supports the importance of stator windings as primary components.,Copper,0.95,Round 3 refinement with peer support: 2,740100,OTHER,THOUSAND METRIC TONS,3100.0,6.33,0.95,USGS Mineral Commodity Summaries 2024/2023 - authoritative U.S. government production data with global coverage
Electric Vehicle Motor,Stator Windings,1.0,High consensus among peers and Agent3 providing a confidence of 1.0 supports the importance of stator windings as primary components.,Copper,0.95,Round 3 refinement with peer support: 2,740100,CONGO,THOUSAND METRIC TONS,2500.0,5.1,0.95,USGS Mineral Commodity Summaries 2024/2023 - authoritative U.S. government production data with global coverage
Electric Vehicle Motor,Stator Windings,1.0,High consensus among peers and Agent3 providing a confidence of 1.0 supports the importance of stator windings as primary components.,Copper,0.95,Round 3 refinement with peer support: 2,740100,PERU,THOUSAND METRIC TONS,2600.0,5.31,0.95,USGS Mineral Commodity Summaries 2024/2023 - authoritative U.S. government production data with global coverage
Electric Vehicle Motor,Stator Windings,1.0,High consensus among peers and Agent3 providing a confidence of 1.0 supports the importance of stator windings as primary components.,Aluminum,0.85,Round 3 refinement with peer support: 1,280300,CHINA,THOUSAND METRIC TONS,41000.0,58.57,0.95,USGS Mineral Commodity Summaries 2024/2023 - authoritative U.S. government production data with global coverage
Electric Vehicle Motor,Stator Windings,1.0,High consensus among peers and Agent3 providing a confidence of 1.0 supports the importance of stator windings as primary components.,Aluminum,0.85,Round 3 refinement with peer support: 1,280300,OTHER,THOUSAND METRIC TONS,7000.0,10.0,0.95,USGS Mineral Commodity Summaries 2024/2023 - authoritative U.S. government production data with global coverage
Electric Vehicle Motor,Stator Windings,1.0,High consensus among peers and Agent3 providing a confidence of 1.0 supports the importance of stator windings as primary components.,Aluminum,0.85,Round 3 refinement with peer support: 1,280300,INDIA,THOUSAND METRIC TONS,4100.0,5.86,0.95,USGS Mineral Commodity Summaries 2024/2023 - authoritative U.S. government production data with global coverage
Electric Vehicle Motor,Stator Windings,1.0,High consensus among peers and Agent3 providing a confidence of 1.0 supports the importance of stator windings as primary components.,Aluminum,0.85,Round 3 refinement with peer support: 1,280300,RUSSIA,THOUSAND METRIC TONS,3800.0,5.43,0.95,USGS Mineral Commodity Summaries 2024/2023 - authoritative U.S. government production data with global coverage
Electric Vehicle Motor,Stator Windings,1.0,High consensus among peers and Agent3 providing a confidence of 1.0 supports the importance of stator windings as primary components.,Aluminum,0.85,Round 3 refinement with peer support: 1,280300,CANADA,THOUSAND METRIC TONS,3000.0,4.29,0.95,USGS Mineral Commodity Summaries 2024/2023 - authoritative U.S. government production data with global coverage
Electric Vehicle Motor,Permanent Magnets,0.95,"Both Agents agree on the importance of permanent magnets, which is solid evidence but not universal in design as Agent1 proposed the induction motor without PMs.",Iron,0.7,Round 3 refinement with peer support: 0,720110,China,metric tons,178688481.66666666,37.33,0.95,Based on the latest OECD data; China is the world's largest producer.
Electric Vehicle Motor,Permanent Magnets,0.95,"Both Agents agree on the importance of permanent magnets, which is solid evidence but not universal in design as Agent1 proposed the induction motor without PMs.",Iron,0.7,Round 3 refinement with peer support: 0,720110,Australia,metric tons,72155441.66666667,13.33,0.91,From BHP Group's annual report; significant iron ore export country.
Electric Vehicle Motor,Permanent Magnets,0.95,"Both Agents agree on the importance of permanent magnets, which is solid evidence but not universal in design as Agent1 proposed the induction motor without PMs.",Iron,0.7,Round 3 refinement with peer support: 0,720110,Brazil,metric tons,80576803.33333333,13.27,0.9,Data from Brazil's National Steel and Iron Association (Aci MG); key producer outside China.
Electric Vehicle Motor,Permanent Magnets,0.95,"Both Agents agree on the importance of permanent magnets, which is solid evidence but not universal in design as Agent1 proposed the induction motor without PMs.",Iron,0.7,Round 3 refinement with peer support: 0,720110,India,metric tons,103307197.66666667,12.77,0.883,From BGR India report; third-largest producer globally.
Electric Vehicle Motor,Permanent Magnets,0.95,"Both Agents agree on the importance of permanent magnets, which is solid evidence but not universal in design as Agent1 proposed the induction motor without PMs.",Iron,0.7,Round 3 refinement with peer support: 0,720110,Russia,metric tons,49153624.666666664,6.8,0.857,Based on USGS data; significant producer with reported growth.
Electric Vehicle Motor,Rotor,1.0,Strong support from both Agent2 and Agent3 with an average confidence of 0.85 indicates rotor's critical role in electric vehicle motors.,Stainless steel,0.85,Round 3 refinement with peer support: 1,722000,China,metric tons,23728213.189999998,51.73,0.85,Data from industry reports and the International Steel Association.
Electric Vehicle Motor,Rotor,1.0,Strong support from both Agent2 and Agent3 with an average confidence of 0.85 indicates rotor's critical role in electric vehicle motors.,Stainless steel,0.85,Round 3 refinement with peer support: 1,722000,India,metric tons,5343088.723333334,12.83,0.8,Data from the International Steel Association.
Electric Vehicle Motor,Rotor,1.0,Strong support from both Agent2 and Agent3 with an average confidence of 0.85 indicates rotor's critical role in electric vehicle motors.,Stainless steel,0.85,Round 3 refinement with peer support: 1,722000,Japan,metric tons,2571949.96,9.43,0.867,"Data from the Ministry of Economy, Trade and Industry (METI)."
Electric Vehicle Motor,Rotor,1.0,Strong support from both Agent2 and Agent3 with an average confidence of 0.85 indicates rotor's critical role in electric vehicle motors.,Stainless steel,0.85,Round 3 refinement with peer support: 1,722000,South Korea,metric tons,2152901.0100000002,5.33,0.783,Data from the Korean Steel Federation.
Electric Vehicle Motor,Rotor,1.0,Strong support from both Agent2 and Agent3 with an average confidence of 0.85 indicates rotor's critical role in electric vehicle motors.,Stainless steel,0.85,Round 3 refinement with peer support: 1,722000,Germany,metric tons,1801315.3533333333,6.4,0.767,Data from the Statistical Office of the European Union (Eurostat).
Electric Vehicle Motor,Rotor,1.0,Strong support from both Agent2 and Agent3 with an average confidence of 0.85 indicates rotor's critical role in electric vehicle motors.,Iron,0.7,Round 3 refinement with peer support: 0,720110,China,metric tons,178688481.66666666,37.33,0.95,Based on the latest OECD data; China is the world's largest producer.
Electric Vehicle Motor,Rotor,1.0,Strong support from both Agent2 and Agent3 with an average confidence of 0.85 indicates rotor's critical role in electric vehicle motors.,Iron,0.7,Round 3 refinement with peer support: 0,720110,Australia,metric tons,72155441.66666667,13.33,0.91,From BHP Group's annual report; significant iron ore export country.
Electric Vehicle Motor,Rotor,1.0,Strong support from both Agent2 and Agent3 with an average confidence of 0.85 indicates rotor's critical role in electric vehicle motors.,Iron,0.7,Round 3 refinement with peer support: 0,720110,Brazil,metric tons,80576803.33333333,13.27,0.9,Data from Brazil's National Steel and Iron Association (Aci MG); key producer outside China.
Electric Vehicle Motor,Rotor,1.0,Strong support from both Agent2 and Agent3 with an average confidence of 0.85 indicates rotor's critical role in electric vehicle motors.,Iron,0.7,Round 3 refinement with peer support: 0,720110,India,metric tons,103307197.66666667,12.77,0.883,From BGR India report; third-largest producer globally.
Electric Vehicle Motor,Rotor,1.0,Strong support from both Agent2 and Agent3 with an average confidence of 0.85 indicates rotor's critical role in electric vehicle motors.,Iron,0.7,Round 3 refinement with peer support: 0,720110,Russia,metric tons,49153624.666666664,6.8,0.857,Based on USGS data; significant producer with reported growth.
Electric Vehicle Motor,Motor Controller,0.93,"Agent3 provides a high confidence score for the motor controller at 0.93, supported by consensus in the debate round for its necessity.",Aluminum,0.7,Round 3 refinement with peer support: 0,280300,CHINA,THOUSAND METRIC TONS,41000.0,58.57,0.95,USGS Mineral Commodity Summaries 2024/2023 - authoritative U.S. government production data with global coverage
Electric Vehicle Motor,Motor Controller,0.93,"Agent3 provides a high confidence score for the motor controller at 0.93, supported by consensus in the debate round for its necessity.",Aluminum,0.7,Round 3 refinement with peer support: 0,280300,OTHER,THOUSAND METRIC TONS,7000.0,10.0,0.95,USGS Mineral Commodity Summaries 2024/2023 - authoritative U.S. government production data with global coverage
Electric Vehicle Motor,Motor Controller,0.93,"Agent3 provides a high confidence score for the motor controller at 0.93, supported by consensus in the debate round for its necessity.",Aluminum,0.7,Round 3 refinement with peer support: 0,280300,INDIA,THOUSAND METRIC TONS,4100.0,5.86,0.95,USGS Mineral Commodity Summaries 2024/2023 - authoritative U.S. government production data with global coverage
Electric Vehicle Motor,Motor Controller,0.93,"Agent3 provides a high confidence score for the motor controller at 0.93, supported by consensus in the debate round for its necessity.",Aluminum,0.7,Round 3 refinement with peer support: 0,280300,RUSSIA,THOUSAND METRIC TONS,3800.0,5.43,0.95,USGS Mineral Commodity Summaries 2024/2023 - authoritative U.S. government production data with global coverage
Electric Vehicle Motor,Motor Controller,0.93,"Agent3 provides a high confidence score for the motor controller at 0.93, supported by consensus in the debate round for its necessity.",Aluminum,0.7,Round 3 refinement with peer support: 0,280300,CANADA,THOUSAND METRIC TONS,3000.0,4.29,0.95,USGS Mineral Commodity Summaries 2024/2023 - authoritative U.S. government production data with global coverage
Quantum Computer,Quantum Bit,0.98,"Strong consensus among agents, supported by a high average confidence.",Bismuth telluride,0.9,Round 3 refinement with peer support: 2,284390,China,metric tons,4200.0,48.0,0.8,Multi-agent debate consensus
Quantum Computer,Quantum Bit,0.98,"Strong consensus among agents, supported by a high average confidence.",Bismuth telluride,0.9,Round 3 refinement with peer support: 2,284390,Japan,metric tons,1370.0,16.0,0.783,Multi-agent debate consensus
Quantum Computer,Quantum Bit,0.98,"Strong consensus among agents, supported by a high average confidence.",Bismuth telluride,0.9,Round 3 refinement with peer support: 2,284390,United States,metric tons,996.6666666666666,11.67,0.65,Multi-agent debate consensus
Quantum Computer,Quantum Bit,0.98,"Strong consensus among agents, supported by a high average confidence.",Bismuth telluride,0.9,Round 3 refinement with peer support: 2,284390,Germany,metric tons,850.0,10.0,0.7,Multi-agent debate consensus
Quantum Computer,Quantum Bit,0.98,"Strong consensus among agents, supported by a high average confidence.",Bismuth telluride,0.9,Round 3 refinement with peer support: 2,284390,South Korea,metric tons,513.3333333333334,6.0,0.733,Multi-agent debate consensus
Quantum Computer,Quantum Bit,0.98,"Strong consensus among agents, supported by a high average confidence.",Aluminum gallium arsenide,0.7,Round 3 refinement with peer support: 0,282890,Japan,kg,1206516.6666666667,23.33,0.85,Based on USGS data; key producer with significant market share.
Quantum Computer,Quantum Bit,0.98,"Strong consensus among agents, supported by a high average confidence.",Aluminum gallium arsenide,0.7,Round 3 refinement with peer support: 0,282890,United States,metric tons,2745.6666666666665,15.0,0.807,Second-largest producer with substantial arsenic resources; reports from USGS.
Quantum Computer,Quantum Bit,0.98,"Strong consensus among agents, supported by a high average confidence.",Aluminum gallium arsenide,0.7,Round 3 refinement with peer support: 0,282890,China,metric tons,2801750.0,50.0,0.85,Based on recent USGS data; dominant global producer.
Quantum Computer,Quantum Bit,0.98,"Strong consensus among agents, supported by a high average confidence.",Aluminum gallium arsenide,0.7,Round 3 refinement with peer support: 0,282890,Germany,kg,1425.0,10.5,0.75,Notable producer of high-purity materials used in AlGaAs synthesis; verified by national surveys.
Quantum Computer,Quantum Bit,0.98,"Strong consensus among agents, supported by a high average confidence.",Aluminum gallium arsenide,0.7,Round 3 refinement with peer support: 0,282890,South Korea,kg,1400.0,11.0,0.875,Significant semiconductor production with comprehensive data from industry reports.
Quantum Computer,Quantum Bit,0.98,"Strong consensus among agents, supported by a high average confidence.",Actinomycin D,0.7,Round 3 refinement with peer support: 0,294190,United States,metric tons,20000.0,32.33,0.817,Multi-agent debate consensus
Quantum Computer,Quantum Bit,0.98,"Strong consensus among agents, supported by a high average confidence.",Actinomycin D,0.7,Round 3 refinement with peer support: 0,294190,Japan,metric tons,7500.0,16.67,0.767,Multi-agent debate consensus
Quantum Computer,Quantum Bit,0.98,"Strong consensus among agents, supported by a high average confidence.",Actinomycin D,0.7,Round 3 refinement with peer support: 0,294190,Germany,metric tons,4000.0,6.67,0.683,Multi-agent debate consensus
Quantum Computer,Quantum Bit,0.98,"Strong consensus among agents, supported by a high average confidence.",Actinomycin D,0.7,Round 3 refinement with peer support: 0,294190,France,metric tons,1700.0,2.5,0.583,Multi-agent debate consensus
Quantum Computer,Quantum Bit,0.98,"Strong consensus among agents, supported by a high average confidence.",Actinomycin D,0.7,Round 3 refinement with peer support: 0,294190,Italy,metric tons,3250.0,4.0,0.775,Multi-agent debate consensus
Quantum Computer,Quantum Bit,0.98,"Strong consensus among agents, supported by a high average confidence.",Amino acids,0.7,Round 3 refinement with peer support: 0,292249,China,metric tons,844333.3333333334,44.27,0.817,Leading producer with extensive chemical manufacturing capabilities; data from industry reports.
Quantum Computer,Quantum Bit,0.98,"Strong consensus among agents, supported by a high average confidence.",Amino acids,0.7,Round 3 refinement with peer support: 0,292249,Japan,metric tons,280333.3333333333,11.54,0.833,Second largest producer with significant industrial base; data from Japanese chemical industry association.
Quantum Computer,Quantum Bit,0.98,"Strong consensus among agents, supported by a high average confidence.",Amino acids,0.7,Round 3 refinement with peer support: 0,292249,South Korea,metric tons,155000.0,7.07,0.817,Key player with advanced biochemical manufacturing; data from Korean industry reports.
Quantum Computer,Quantum Bit,0.98,"Strong consensus among agents, supported by a high average confidence.",Amino acids,0.7,Round 3 refinement with peer support: 0,292249,Germany,metric tons,169333.33333333334,7.14,0.85,"Developed industrial base, strong in fermentation and chemical processes; European Chemical Industry Council."
Quantum Computer,Quantum Bit,0.98,"Strong consensus among agents, supported by a high average confidence.",Amino acids,0.7,Round 3 refinement with peer support: 0,292249,India,metric tons,91000.0,4.54,0.817,"Growing biotech and pharmaceutical industry, producing L-lysine and other key amino acids; Indian Ministry of Chemicals."
Quantum Computer,Cooling System,0.95,"Strong support from one agent and essential for qubit stability; however, not a core computational component",Aluminum nitride,0.9,Round 3 refinement with peer support: 2,285000,Japan,metric tons,15725.0,34.44,0.8,Leading producer with multiple research and development hubs; data from industry reports.
Quantum Computer,Cooling System,0.95,"Strong support from one agent and essential for qubit stability; however, not a core computational component",Aluminum nitride,0.9,Round 3 refinement with peer support: 2,285000,China,metric tons,10912.666666666666,19.62,0.783,Major production by state-owned enterprises; well-documented in market statistics.
Quantum Computer,Cooling System,0.95,"Strong support from one agent and essential for qubit stability; however, not a core computational component",Aluminum nitride,0.9,Round 3 refinement with peer support: 2,285000,South Korea,metric tons,4365.0,7.52,0.767,Advanced semiconductor manufacturing capabilities; detailed data from industry surveys.
Quantum Computer,Cooling System,0.95,"Strong support from one agent and essential for qubit stability; however, not a core computational component",Aluminum nitride,0.9,Round 3 refinement with peer support: 2,285000,Germany,metric tons,2646.3333333333335,9.06,0.773,Solid industrial base for aluminum nitride; recent expansions in production capacity.
Quantum Computer,Cooling System,0.95,"Strong support from one agent and essential for qubit stability; however, not a core computational component",Aluminum nitride,0.9,Round 3 refinement with peer support: 2,285000,Italy,metric tons,4366.333333333333,7.71,0.75,Multi-agent debate consensus
Quantum Computer,Cooling System,0.95,"Strong support from one agent and essential for qubit stability; however, not a core computational component",Bismuth telluride,0.85,Round 3 refinement with peer support: 1,284390,China,metric tons,4200.0,48.0,0.8,Multi-agent debate consensus
Quantum Computer,Cooling System,0.95,"Strong support from one agent and essential for qubit stability; however, not a core computational component",Bismuth telluride,0.85,Round 3 refinement with peer support: 1,284390,Japan,metric tons,1370.0,16.0,0.783,Multi-agent debate consensus
Quantum Computer,Cooling System,0.95,"Strong support from one agent and essential for qubit stability; however, not a core computational component",Bismuth telluride,0.85,Round 3 refinement with peer support: 1,284390,United States,metric tons,996.6666666666666,11.67,0.65,Multi-agent debate consensus
Quantum Computer,Cooling System,0.95,"Strong support from one agent and essential for qubit stability; however, not a core computational component",Bismuth telluride,0.85,Round 3 refinement with peer support: 1,284390,Germany,metric tons,850.0,10.0,0.7,Multi-agent debate consensus
Quantum Computer,Cooling System,0.95,"Strong support from one agent and essential for qubit stability; however, not a core computational component",Bismuth telluride,0.85,Round 3 refinement with peer support: 1,284390,South Korea,metric tons,513.3333333333334,6.0,0.733,Multi-agent debate consensus
Quantum Computer,Cooling System,0.95,"Strong support from one agent and essential for qubit stability; however, not a core computational component",Arsenic,0.7,Round 3 refinement with peer support: 0,280480,PERU,METRIC TONS,27000.0,45.0,0.95,USGS Mineral Commodity Summaries 2024/2023 - authoritative U.S. government production data with global coverage
Quantum Computer,Cooling System,0.95,"Strong support from one agent and essential for qubit stability; however, not a core computational component",Arsenic,0.7,Round 3 refinement with peer support: 0,280480,CHINA,METRIC TONS,24000.0,40.0,0.95,USGS Mineral Commodity Summaries 2024/2023 - authoritative U.S. government production data with global coverage
Quantum Computer,Cooling System,0.95,"Strong support from one agent and essential for qubit stability; however, not a core computational component",Arsenic,0.7,Round 3 refinement with peer support: 0,280480,MOROCCO,METRIC TONS,8000.0,13.33,0.95,USGS Mineral Commodity Summaries 2024/2023 - authoritative U.S. government production data with global coverage
Quantum Computer,Cooling System,0.95,"Strong support from one agent and essential for qubit stability; however, not a core computational component",Arsenic,0.7,Round 3 refinement with peer support: 0,280480,BELGIUM,METRIC TONS,1000.0,1.67,0.95,USGS Mineral Commodity Summaries 2024/2023 - authoritative U.S. government production data with global coverage
Quantum Computer,Cooling System,0.95,"Strong support from one agent and essential for qubit stability; however, not a core computational component",Arsenic,0.7,Round 3 refinement with peer support: 0,280480,RUSSIA,METRIC TONS,200.0,0.33,0.95,USGS Mineral Commodity Summaries 2024/2023 - authoritative U.S. government production data with global coverage
Quantum Computer,Cooling System,0.95,"Strong support from one agent and essential for qubit stability; however, not a core computational component",Boron carbide,0.7,Round 3 refinement with peer support: 0,284920,Japan,metric tons,3450.0,37.5,0.7,Japan is known for its advanced industrial applications and has significant production.
Quantum Computer,Cooling System,0.95,"Strong support from one agent and essential for qubit stability; however, not a core computational component",Boron carbide,0.7,Round 3 refinement with peer support: 0,284920,United States,metric tons,4300.0,35.0,0.7,"Major producer with stable operations, particularly in military and aerospace applications."
Quantum Computer,Cooling System,0.95,"Strong support from one agent and essential for qubit stability; however, not a core computational component",Boron carbide,0.7,Round 3 refinement with peer support: 0,284920,China,metric tons,1650.0,15.0,0.625,Active in various manufacturing sectors but less prominent than Japan or the U.S.
Quantum Computer,Cooling System,0.95,"Strong support from one agent and essential for qubit stability; however, not a core computational component",Boron carbide,0.7,Round 3 refinement with peer support: 0,284920,India,metric tons,660.0,6.0,0.775,Multi-agent debate consensus
Quantum Computer,Cooling System,0.95,"Strong support from one agent and essential for qubit stability; however, not a core computational component",Boron carbide,0.7,Round 3 refinement with peer support: 0,284920,Germany,metric tons,720.0,4.5,0.65,Multi-agent debate consensus
Quantum Computer,Cooling System,0.95,"Strong support from one agent and essential for qubit stability; however, not a core computational component",Barium titanate,0.7,Round 3 refinement with peer support: 0,282590,Japan,metric tons,12166.666666666666,35.67,0.733,Second largest producer with well-documented industrial production; data from Japan’s Metal Association.
Quantum Computer,Cooling System,0.95,"Strong support from one agent and essential for qubit stability; however, not a core computational component",Barium titanate,0.7,Round 3 refinement with peer support: 0,282590,China,metric tons,5466.666666666667,28.5,0.767,Growing industrial base with expanding focus on high-tech materials.
Quantum Computer,Cooling System,0.95,"Strong support from one agent and essential for qubit stability; however, not a core computational component",Barium titanate,0.7,Round 3 refinement with peer support: 0,282590,Germany,metric tons,3666.6666666666665,8.33,0.767,Advanced manufacturing sector driven by academic and industrial R&D.
Quantum Computer,Cooling System,0.95,"Strong support from one agent and essential for qubit stability; however, not a core computational component",Barium titanate,0.7,Round 3 refinement with peer support: 0,282590,South Korea,metric tons,2300.0,5.17,0.75,Significant in electronics and advanced ceramics; industry report data.
Quantum Computer,Cooling System,0.95,"Strong support from one agent and essential for qubit stability; however, not a core computational component",Barium titanate,0.7,Round 3 refinement with peer support: 0,282590,United States,metric tons,1350.0,12.5,0.825,Third major producer with active mining operations; USGS verified.
Quantum Computer,Superconductors,0.95,"High support from one agent and reasonable assumption for qubit implementation; however, isolated and less critical compared to Qubits",Bismuth telluride,0.883,Round 3 refinement with peer support: 2,284390,China,metric tons,4200.0,48.0,0.8,Multi-agent debate consensus
Quantum Computer,Superconductors,0.95,"High support from one agent and reasonable assumption for qubit implementation; however, isolated and less critical compared to Qubits",Bismuth telluride,0.883,Round 3 refinement with peer support: 2,284390,Japan,metric tons,1370.0,16.0,0.783,Multi-agent debate consensus
Quantum Computer,Superconductors,0.95,"High support from one agent and reasonable assumption for qubit implementation; however, isolated and less critical compared to Qubits",Bismuth telluride,0.883,Round 3 refinement with peer support: 2,284390,United States,metric tons,996.6666666666666,11.67,0.65,Multi-agent debate consensus
Quantum Computer,Superconductors,0.95,"High support from one agent and reasonable assumption for qubit implementation; however, isolated and less critical compared to Qubits",Bismuth telluride,0.883,Round 3 refinement with peer support: 2,284390,Germany,metric tons,850.0,10.0,0.7,Multi-agent debate consensus
Quantum Computer,Superconductors,0.95,"High support from one agent and reasonable assumption for qubit implementation; however, isolated and less critical compared to Qubits",Bismuth telluride,0.883,Round 3 refinement with peer support: 2,284390,South Korea,metric tons,513.3333333333334,6.0,0.733,Multi-agent debate consensus
Quantum Computer,Superconductors,0.95,"High support from one agent and reasonable assumption for qubit implementation; however, isolated and less critical compared to Qubits",Aluminum gallium arsenide,0.85,Round 3 refinement with peer support: 1,282890,Japan,kg,1206516.6666666667,23.33,0.85,Based on USGS data; key producer with significant market share.
Quantum Computer,Superconductors,0.95,"High support from one agent and reasonable assumption for qubit implementation; however, isolated and less critical compared to Qubits",Aluminum gallium arsenide,0.85,Round 3 refinement with peer support: 1,282890,United States,metric tons,2745.6666666666665,15.0,0.807,Second-largest producer with substantial arsenic resources; reports from USGS.
Quantum Computer,Superconductors,0.95,"High support from one agent and reasonable assumption for qubit implementation; however, isolated and less critical compared to Qubits",Aluminum gallium arsenide,0.85,Round 3 refinement with peer support: 1,282890,China,metric tons,2801750.0,50.0,0.85,Based on recent USGS data; dominant global producer.
Quantum Computer,Superconductors,0.95,"High support from one agent and reasonable assumption for qubit implementation; however, isolated and less critical compared to Qubits",Aluminum gallium arsenide,0.85,Round 3 refinement with peer support: 1,282890,Germany,kg,1425.0,10.5,0.75,Notable producer of high-purity materials used in AlGaAs synthesis; verified by national surveys.
Quantum Computer,Superconductors,0.95,"High support from one agent and reasonable assumption for qubit implementation; however, isolated and less critical compared to Qubits",Aluminum gallium arsenide,0.85,Round 3 refinement with peer support: 1,282890,South Korea,kg,1400.0,11.0,0.875,Significant semiconductor production with comprehensive data from industry reports.
Night Vision Goggles,Optics/lens,0.95,High confidence from two agents suggests this is crucial for optics and image processing in the device.,Borosilicate glass,0.85,Round 3 refinement with peer support: 1,700800,China,tons,697333.3333333334,31.67,0.75,Dominant producer with substantial industrial usage; data from China's National Bureau of Statistics.
Night Vision Goggles,Optics/lens,0.95,High confidence from two agents suggests this is crucial for optics and image processing in the device.,Borosilicate glass,0.85,Round 3 refinement with peer support: 1,700800,United States,tons,693666.6666666666,19.33,0.8,Significant production in states like Ohio and Georgia due to specialized industries; recent industry stats from early 2023.
Night Vision Goggles,Optics/lens,0.95,High confidence from two agents suggests this is crucial for optics and image processing in the device.,Borosilicate glass,0.85,Round 3 refinement with peer support: 1,700800,Germany,tons,334933.3333333333,11.33,0.767,Strong production for advanced manufacturing and laboratory equipment; data from German statistical sources.
Night Vision Goggles,Optics/lens,0.95,High confidence from two agents suggests this is crucial for optics and image processing in the device.,Borosilicate glass,0.85,Round 3 refinement with peer support: 1,700800,Japan,tons,310833.3333333333,10.33,0.783,Produces high-quality glass for electronics and laboratory use; data from Japanese industry reports early 2023.
Night Vision Goggles,Optics/lens,0.95,High confidence from two agents suggests this is crucial for optics and image processing in the device.,Borosilicate glass,0.85,Round 3 refinement with peer support: 1,700800,Italy,tons,177666.66666666666,7.0,0.723,Notable producer in kitchenware and laboratory instruments; recent estimates based on Italian industry studies.
Night Vision Goggles,Optics/lens,0.95,High confidence from two agents suggests this is crucial for optics and image processing in the device.,Aluminum oxide,0.7,Round 3 refinement with peer support: 0,281820,China,metric tons,7425000.0,59.15,0.935,Multi-agent debate consensus
Night Vision Goggles,Optics/lens,0.95,High confidence from two agents suggests this is crucial for optics and image processing in the device.,Aluminum oxide,0.7,Round 3 refinement with peer support: 0,281820,India,metric tons,1436000.0,11.05,0.89,Multi-agent debate consensus
Night Vision Goggles,Optics/lens,0.95,High confidence from two agents suggests this is crucial for optics and image processing in the device.,Aluminum oxide,0.7,Round 3 refinement with peer support: 0,281820,Algeria,metric tons,1525000.0,12.0,0.885,Multi-agent debate consensus
Night Vision Goggles,Optics/lens,0.95,High confidence from two agents suggests this is crucial for optics and image processing in the device.,Aluminum oxide,0.7,Round 3 refinement with peer support: 0,281820,Australia,metric tons,914800.0,7.9,0.82,Multi-agent debate consensus
Night Vision Goggles,Optics/lens,0.95,High confidence from two agents suggests this is crucial for optics and image processing in the device.,Aluminum oxide,0.7,Round 3 refinement with peer support: 0,281820,Ukraine,metric tons,625000.0,4.6,0.88,Multi-agent debate consensus
Night Vision Goggles,Optics/lens,0.95,High confidence from two agents suggests this is crucial for optics and image processing in the device.,Germanium,0.7,Round 3 refinement with peer support: 0,825600,China,metric tones,5040.0,62.0,0.86,Based on the recent reports from the China Geological Survey; consistent producer.
Night Vision Goggles,Optics/lens,0.95,High confidence from two agents suggests this is crucial for optics and image processing in the device.,Germanium,0.7,Round 3 refinement with peer support: 0,825600,Japan,metric tones,1358.5,16.5,0.825,"Japanese domestic production, reliable data from the Japan Mines Agency."
Night Vision Goggles,Optics/lens,0.95,High confidence from two agents suggests this is crucial for optics and image processing in the device.,Germanium,0.7,Round 3 refinement with peer support: 0,825600,Germany,metric tones,132.5,4.5,0.8,German production; reports from the Federal Institute for Geosciences and Natural Resources.
Night Vision Goggles,Optics/lens,0.95,High confidence from two agents suggests this is crucial for optics and image processing in the device.,Germanium,0.7,Round 3 refinement with peer support: 0,825600,United States,metric tones,192.5,4.0,0.79,Multi-agent debate consensus
Night Vision Goggles,Optics/lens,0.95,High confidence from two agents suggests this is crucial for optics and image processing in the device.,Germanium,0.7,Round 3 refinement with peer support: 0,825600,Russia,metric tones,95.5,2.0,0.725,Multi-agent debate consensus
Night Vision Goggles,Light Amplification,0.93,Strong consensus among multiple agents as a critical component for night vision goggles.,Boron nitride,0.7,Round 3 refinement with peer support: 0,285000,United States,metric tons,5841.333333333333,35.67,0.783,Primary producer with detailed industry reports; data reasonably reliable but can vary.
Night Vision Goggles,Light Amplification,0.93,Strong consensus among multiple agents as a critical component for night vision goggles.,Boron nitride,0.7,Round 3 refinement with peer support: 0,285000,China,metric tons,3441.0,29.37,0.773,"One of the major producers, with robust mining operations and significant market share. Data from industry reports and Chinese government figures."
Night Vision Goggles,Light Amplification,0.93,Strong consensus among multiple agents as a critical component for night vision goggles.,Boron nitride,0.7,Round 3 refinement with peer support: 0,285000,Japan,metric tons,386.3333333333333,11.33,0.75,"Another key producer, focusing on high-demand applications like electronics and coatings. Data from Ministry of Economy, Trade and Industry reports."
Night Vision Goggles,Light Amplification,0.93,Strong consensus among multiple agents as a critical component for night vision goggles.,Boron nitride,0.7,Round 3 refinement with peer support: 0,285000,Germany,metric tons,255.0,3.67,0.667,"Industrial usage and production, though minor;"
Night Vision Goggles,Light Amplification,0.93,Strong consensus among multiple agents as a critical component for night vision goggles.,Boron nitride,0.7,Round 3 refinement with peer support: 0,285000,Italy,metric tons,179.33333333333334,2.4,0.617,Known for its research activities and industrial scale applications in advanced materials.
Night Vision Goggles,Electronic Circuitry And Processing,0.92,Consensus among multiple agents highlights the significance of electronic processing in analyzing and displaying infrared data.,Silicon,0.9,Round 3 refinement with peer support: 2,280469,CHINA,THOUSAND METRIC TONS,3600.0,40.0,0.95,USGS Mineral Commodity Summaries 2024/2023 - authoritative U.S. government production data with global coverage
Night Vision Goggles,Electronic Circuitry And Processing,0.92,Consensus among multiple agents highlights the significance of electronic processing in analyzing and displaying infrared data.,Silicon,0.9,Round 3 refinement with peer support: 2,280469,RUSSIA,THOUSAND METRIC TONS,570.0,6.33,0.95,USGS Mineral Commodity Summaries 2024/2023 - authoritative U.S. government production data with global coverage
Night Vision Goggles,Electronic Circuitry And Processing,0.92,Consensus among multiple agents highlights the significance of electronic processing in analyzing and displaying infrared data.,Silicon,0.9,Round 3 refinement with peer support: 2,280469,BRAZIL,THOUSAND METRIC TONS,190.0,2.11,0.95,USGS Mineral Commodity Summaries 2024/2023 - authoritative U.S. government production data with global coverage
Night Vision Goggles,Electronic Circuitry And Processing,0.92,Consensus among multiple agents highlights the significance of electronic processing in analyzing and displaying infrared data.,Silicon,0.9,Round 3 refinement with peer support: 2,280469,NORWAY,THOUSAND METRIC TONS,200.0,2.22,0.95,USGS Mineral Commodity Summaries 2024/2023 - authoritative U.S. government production data with global coverage
Night Vision Goggles,Electronic Circuitry And Processing,0.92,Consensus among multiple agents highlights the significance of electronic processing in analyzing and displaying infrared data.,Silicon,0.9,Round 3 refinement with peer support: 2,280469,OTHER,THOUSAND METRIC TONS,100.0,1.11,0.95,USGS Mineral Commodity Summaries 2024/2023 - authoritative U.S. government production data with global coverage
Night Vision Goggles,Electronic Circuitry And Processing,0.92,Consensus among multiple agents highlights the significance of electronic processing in analyzing and displaying infrared data.,Copper,0.95,Round 3 refinement with peer support: 2,740100,CHINA,THOUSAND METRIC TONS,1700.0,3.47,0.95,USGS Mineral Commodity Summaries 2024/2023 - authoritative U.S. government production data with global coverage
Night Vision Goggles,Electronic Circuitry And Processing,0.92,Consensus among multiple agents highlights the significance of electronic processing in analyzing and displaying infrared data.,Copper,0.95,Round 3 refinement with peer support: 2,740100,CHILE,THOUSAND METRIC TONS,5000.0,10.2,0.95,USGS Mineral Commodity Summaries 2024/2023 - authoritative U.S. government production data with global coverage
Night Vision Goggles,Electronic Circuitry And Processing,0.92,Consensus among multiple agents highlights the significance of electronic processing in analyzing and displaying infrared data.,Copper,0.95,Round 3 refinement with peer support: 2,740100,OTHER,THOUSAND METRIC TONS,3100.0,6.33,0.95,USGS Mineral Commodity Summaries 2024/2023 - authoritative U.S. government production data with global coverage
Night Vision Goggles,Electronic Circuitry And Processing,0.92,Consensus among multiple agents highlights the significance of electronic processing in analyzing and displaying infrared data.,Copper,0.95,Round 3 refinement with peer support: 2,740100,CONGO,THOUSAND METRIC TONS,2500.0,5.1,0.95,USGS Mineral Commodity Summaries 2024/2023 - authoritative U.S. government production data with global coverage
Night Vision Goggles,Electronic Circuitry And Processing,0.92,Consensus among multiple agents highlights the significance of electronic processing in analyzing and displaying infrared data.,Copper,0.95,Round 3 refinement with peer support: 2,740100,PERU,THOUSAND METRIC TONS,2600.0,5.31,0.95,USGS Mineral Commodity Summaries 2024/2023 - authoritative U.S. government production data with global coverage
Night Vision Goggles,Power Supply (battery),0.92,Strong backing from multiple agents despite variations in implementation,Cobalt,0.85,Round 3 refinement with peer support: 1,810510,CONGO,METRIC TONS,170000.0,73.91,0.95,USGS Mineral Commodity Summaries 2024/2023 - authoritative U.S. government production data with global coverage
Night Vision Goggles,Power Supply (battery),0.92,Strong backing from multiple agents despite variations in implementation,Cobalt,0.85,Round 3 refinement with peer support: 1,810510,INDONESIA,METRIC TONS,17000.0,7.39,0.95,USGS Mineral Commodity Summaries 2024/2023 - authoritative U.S. government production data with global coverage
Night Vision Goggles,Power Supply (battery),0.92,Strong backing from multiple agents despite variations in implementation,Cobalt,0.85,Round 3 refinement with peer support: 1,810510,RUSSIA,METRIC TONS,8800.0,3.83,0.95,USGS Mineral Commodity Summaries 2024/2023 - authoritative U.S. government production data with global coverage
Night Vision Goggles,Power Supply (battery),0.92,Strong backing from multiple agents despite variations in implementation,Cobalt,0.85,Round 3 refinement with peer support: 1,810510,OTHER,METRIC TONS,6600.0,2.87,0.95,USGS Mineral Commodity Summaries 2024/2023 - authoritative U.S. government production data with global coverage
Night Vision Goggles,Power Supply (battery),0.92,Strong backing from multiple agents despite variations in implementation,Cobalt,0.85,Round 3 refinement with peer support: 1,810510,AUSTRALIA,METRIC TONS,4600.0,2.0,0.95,USGS Mineral Commodity Summaries 2024/2023 - authoritative U.S. government production data with global coverage
Night Vision Goggles,Power Supply (battery),0.92,Strong backing from multiple agents despite variations in implementation,Nickel,0.7,Round 3 refinement with peer support: 0,750110,INDONESIA,METRIC TONS,1800000.0,50.0,0.95,USGS Mineral Commodity Summaries 2024/2023 - authoritative U.S. government production data with global coverage
Night Vision Goggles,Power Supply (battery),0.92,Strong backing from multiple agents despite variations in implementation,Nickel,0.7,Round 3 refinement with peer support: 0,750110,PHILIPPINES,METRIC TONS,400000.0,11.11,0.95,USGS Mineral Commodity Summaries 2024/2023 - authoritative U.S. government production data with global coverage
Night Vision Goggles,Power Supply (battery),0.92,Strong backing from multiple agents despite variations in implementation,Nickel,0.7,Round 3 refinement with peer support: 0,750110,OTHER,METRIC TONS,380000.0,10.56,0.95,USGS Mineral Commodity Summaries 2024/2023 - authoritative U.S. government production data with global coverage
Night Vision Goggles,Power Supply (battery),0.92,Strong backing from multiple agents despite variations in implementation,Nickel,0.7,Round 3 refinement with peer support: 0,750110,NEW CALEDONIA,METRIC TONS,230000.0,6.39,0.95,USGS Mineral Commodity Summaries 2024/2023 - authoritative U.S. government production data with global coverage
Night Vision Goggles,Power Supply (battery),0.92,Strong backing from multiple agents despite variations in implementation,Nickel,0.7,Round 3 refinement with peer support: 0,750110,RUSSIA,METRIC TONS,200000.0,5.56,0.95,USGS Mineral Commodity Summaries 2024/2023 - authoritative U.S. government production data with global coverage
Night Vision Goggles,Optical System/lens,0.95,Consistent support from many agents indicates it's crucial for image focus and clarity in the absence of visible light.,Borosilicate glass,0.85,Round 3 refinement with peer support: 1,700800,China,tons,697333.3333333334,31.67,0.75,Dominant producer with substantial industrial usage; data from China's National Bureau of Statistics.
Night Vision Goggles,Optical System/lens,0.95,Consistent support from many agents indicates it's crucial for image focus and clarity in the absence of visible light.,Borosilicate glass,0.85,Round 3 refinement with peer support: 1,700800,United States,tons,693666.6666666666,19.33,0.8,Significant production in states like Ohio and Georgia due to specialized industries; recent industry stats from early 2023.
Night Vision Goggles,Optical System/lens,0.95,Consistent support from many agents indicates it's crucial for image focus and clarity in the absence of visible light.,Borosilicate glass,0.85,Round 3 refinement with peer support: 1,700800,Germany,tons,334933.3333333333,11.33,0.767,Strong production for advanced manufacturing and laboratory equipment; data from German statistical sources.
Night Vision Goggles,Optical System/lens,0.95,Consistent support from many agents indicates it's crucial for image focus and clarity in the absence of visible light.,Borosilicate glass,0.85,Round 3 refinement with peer support: 1,700800,Japan,tons,310833.3333333333,10.33,0.783,Produces high-quality glass for electronics and laboratory use; data from Japanese industry reports early 2023.
Night Vision Goggles,Optical System/lens,0.95,Consistent support from many agents indicates it's crucial for image focus and clarity in the absence of visible light.,Borosilicate glass,0.85,Round 3 refinement with peer support: 1,700800,Italy,tons,177666.66666666666,7.0,0.723,Notable producer in kitchenware and laboratory instruments; recent estimates based on Italian industry studies.
Night Vision Goggles,Optical System/lens,0.95,Consistent support from many agents indicates it's crucial for image focus and clarity in the absence of visible light.,Germanium,0.7,Round 3 refinement with peer support: 0,825600,China,metric tones,5040.0,62.0,0.86,Based on the recent reports from the China Geological Survey; consistent producer.
Night Vision Goggles,Optical System/lens,0.95,Consistent support from many agents indicates it's crucial for image focus and clarity in the absence of visible light.,Germanium,0.7,Round 3 refinement with peer support: 0,825600,Japan,metric tones,1358.5,16.5,0.825,"Japanese domestic production, reliable data from the Japan Mines Agency."
Night Vision Goggles,Optical System/lens,0.95,Consistent support from many agents indicates it's crucial for image focus and clarity in the absence of visible light.,Germanium,0.7,Round 3 refinement with peer support: 0,825600,Germany,metric tones,132.5,4.5,0.8,German production; reports from the Federal Institute for Geosciences and Natural Resources.
Night Vision Goggles,Optical System/lens,0.95,Consistent support from many agents indicates it's crucial for image focus and clarity in the absence of visible light.,Germanium,0.7,Round 3 refinement with peer support: 0,825600,United States,metric tones,192.5,4.0,0.79,Multi-agent debate consensus
Night Vision Goggles,Optical System/lens,0.95,Consistent support from many agents indicates it's crucial for image focus and clarity in the absence of visible light.,Germanium,0.7,Round 3 refinement with peer support: 0,825600,Russia,metric tones,95.5,2.0,0.725,Multi-agent debate consensus
Night Vision Goggles,Electronic Circuitry/processing,0.85,Agreement among several agents highlights its importance in signal processing and amplification for the user interface.,Silicon,0.9,Round 3 refinement with peer support: 2,280469,CHINA,THOUSAND METRIC TONS,3600.0,40.0,0.95,USGS Mineral Commodity Summaries 2024/2023 - authoritative U.S. government production data with global coverage
Night Vision Goggles,Electronic Circuitry/processing,0.85,Agreement among several agents highlights its importance in signal processing and amplification for the user interface.,Silicon,0.9,Round 3 refinement with peer support: 2,280469,RUSSIA,THOUSAND METRIC TONS,570.0,6.33,0.95,USGS Mineral Commodity Summaries 2024/2023 - authoritative U.S. government production data with global coverage
Night Vision Goggles,Electronic Circuitry/processing,0.85,Agreement among several agents highlights its importance in signal processing and amplification for the user interface.,Silicon,0.9,Round 3 refinement with peer support: 2,280469,BRAZIL,THOUSAND METRIC TONS,190.0,2.11,0.95,USGS Mineral Commodity Summaries 2024/2023 - authoritative U.S. government production data with global coverage
Night Vision Goggles,Electronic Circuitry/processing,0.85,Agreement among several agents highlights its importance in signal processing and amplification for the user interface.,Silicon,0.9,Round 3 refinement with peer support: 2,280469,NORWAY,THOUSAND METRIC TONS,200.0,2.22,0.95,USGS Mineral Commodity Summaries 2024/2023 - authoritative U.S. government production data with global coverage
Night Vision Goggles,Electronic Circuitry/processing,0.85,Agreement among several agents highlights its importance in signal processing and amplification for the user interface.,Silicon,0.9,Round 3 refinement with peer support: 2,280469,OTHER,THOUSAND METRIC TONS,100.0,1.11,0.95,USGS Mineral Commodity Summaries 2024/2023 - authoritative U.S. government production data with global coverage
Night Vision Goggles,Electronic Circuitry/processing,0.85,Agreement among several agents highlights its importance in signal processing and amplification for the user interface.,Copper,0.95,Round 3 refinement with peer support: 2,740100,CHINA,THOUSAND METRIC TONS,1700.0,3.47,0.95,USGS Mineral Commodity Summaries 2024/2023 - authoritative U.S. government production data with global coverage
Night Vision Goggles,Electronic Circuitry/processing,0.85,Agreement among several agents highlights its importance in signal processing and amplification for the user interface.,Copper,0.95,Round 3 refinement with peer support: 2,740100,CHILE,THOUSAND METRIC TONS,5000.0,10.2,0.95,USGS Mineral Commodity Summaries 2024/2023 - authoritative U.S. government production data with global coverage
Night Vision Goggles,Electronic Circuitry/processing,0.85,Agreement among several agents highlights its importance in signal processing and amplification for the user interface.,Copper,0.95,Round 3 refinement with peer support: 2,740100,OTHER,THOUSAND METRIC TONS,3100.0,6.33,0.95,USGS Mineral Commodity Summaries 2024/2023 - authoritative U.S. government production data with global coverage
Night Vision Goggles,Electronic Circuitry/processing,0.85,Agreement among several agents highlights its importance in signal processing and amplification for the user interface.,Copper,0.95,Round 3 refinement with peer support: 2,740100,CONGO,THOUSAND METRIC TONS,2500.0,5.1,0.95,USGS Mineral Commodity Summaries 2024/2023 - authoritative U.S. government production data with global coverage
Night Vision Goggles,Electronic Circuitry/processing,0.85,Agreement among several agents highlights its importance in signal processing and amplification for the user interface.,Copper,0.95,Round 3 refinement with peer support: 2,740100,PERU,THOUSAND METRIC TONS,2600.0,5.31,0.95,USGS Mineral Commodity Summaries 2024/2023 - authoritative U.S. government production data with global coverage
Night Vision Goggles,Cooling,0.8,"Multiple agents have proposed this component, which is essential to maintain sensor performance by reducing thermal noise.",Graphite,0.7,Round 3 refinement with peer support: 0,380110,CHINA,METRIC TONS,1230000.0,76.88,0.95,USGS Mineral Commodity Summaries 2024/2023 - authoritative U.S. government production data with global coverage
Night Vision Goggles,Cooling,0.8,"Multiple agents have proposed this component, which is essential to maintain sensor performance by reducing thermal noise.",Graphite,0.7,Round 3 refinement with peer support: 0,380110,MADAGASCAR,METRIC TONS,100000.0,6.25,0.95,USGS Mineral Commodity Summaries 2024/2023 - authoritative U.S. government production data with global coverage
Night Vision Goggles,Cooling,0.8,"Multiple agents have proposed this component, which is essential to maintain sensor performance by reducing thermal noise.",Graphite,0.7,Round 3 refinement with peer support: 0,380110,MOZAMBIQUE,METRIC TONS,96000.0,6.0,0.95,USGS Mineral Commodity Summaries 2024/2023 - authoritative U.S. government production data with global coverage
Night Vision Goggles,Cooling,0.8,"Multiple agents have proposed this component, which is essential to maintain sensor performance by reducing thermal noise.",Graphite,0.7,Round 3 refinement with peer support: 0,380110,BRAZIL,METRIC TONS,73000.0,4.56,0.95,USGS Mineral Commodity Summaries 2024/2023 - authoritative U.S. government production data with global coverage
Night Vision Goggles,Cooling,0.8,"Multiple agents have proposed this component, which is essential to maintain sensor performance by reducing thermal noise.",Graphite,0.7,Round 3 refinement with peer support: 0,380110,"KOREA, REPUBLIC OF",METRIC TONS,27000.0,1.69,0.95,USGS Mineral Commodity Summaries 2024/2023 - authoritative U.S. government production data with global coverage
Night Vision Goggles,Infrared Camera,0.98,Consensus among multiple agents with high confidence indicates it is a primary component in night vision goggles.,Germanium,0.7,Round 3 refinement with peer support: 0,825600,China,metric tones,5040.0,62.0,0.86,Based on the recent reports from the China Geological Survey; consistent producer.
Night Vision Goggles,Infrared Camera,0.98,Consensus among multiple agents with high confidence indicates it is a primary component in night vision goggles.,Germanium,0.7,Round 3 refinement with peer support: 0,825600,Japan,metric tones,1358.5,16.5,0.825,"Japanese domestic production, reliable data from the Japan Mines Agency."
Night Vision Goggles,Infrared Camera,0.98,Consensus among multiple agents with high confidence indicates it is a primary component in night vision goggles.,Germanium,0.7,Round 3 refinement with peer support: 0,825600,Germany,metric tones,132.5,4.5,0.8,German production; reports from the Federal Institute for Geosciences and Natural Resources.
Night Vision Goggles,Infrared Camera,0.98,Consensus among multiple agents with high confidence indicates it is a primary component in night vision goggles.,Germanium,0.7,Round 3 refinement with peer support: 0,825600,United States,metric tones,192.5,4.0,0.79,Multi-agent debate consensus
Night Vision Goggles,Infrared Camera,0.98,Consensus among multiple agents with high confidence indicates it is a primary component in night vision goggles.,Germanium,0.7,Round 3 refinement with peer support: 0,825600,Russia,metric tones,95.5,2.0,0.725,Multi-agent debate consensus
MRI Machine,Gradient Coils,0.92,Strong consensus on the importance of these components for creating spatial localization of images. They are a core component in MRI technology.,Copper,0.8,Round 3 refinement with peer support: 1,740100,CHINA,THOUSAND METRIC TONS,1700.0,3.47,0.95,USGS Mineral Commodity Summaries 2024/2023 - authoritative U.S. government production data with global coverage
MRI Machine,Gradient Coils,0.92,Strong consensus on the importance of these components for creating spatial localization of images. They are a core component in MRI technology.,Copper,0.8,Round 3 refinement with peer support: 1,740100,CHILE,THOUSAND METRIC TONS,5000.0,10.2,0.95,USGS Mineral Commodity Summaries 2024/2023 - authoritative U.S. government production data with global coverage
MRI Machine,Gradient Coils,0.92,Strong consensus on the importance of these components for creating spatial localization of images. They are a core component in MRI technology.,Copper,0.8,Round 3 refinement with peer support: 1,740100,OTHER,THOUSAND METRIC TONS,3100.0,6.33,0.95,USGS Mineral Commodity Summaries 2024/2023 - authoritative U.S. government production data with global coverage
MRI Machine,Gradient Coils,0.92,Strong consensus on the importance of these components for creating spatial localization of images. They are a core component in MRI technology.,Copper,0.8,Round 3 refinement with peer support: 1,740100,CONGO,THOUSAND METRIC TONS,2500.0,5.1,0.95,USGS Mineral Commodity Summaries 2024/2023 - authoritative U.S. government production data with global coverage
MRI Machine,Gradient Coils,0.92,Strong consensus on the importance of these components for creating spatial localization of images. They are a core component in MRI technology.,Copper,0.8,Round 3 refinement with peer support: 1,740100,PERU,THOUSAND METRIC TONS,2600.0,5.31,0.95,USGS Mineral Commodity Summaries 2024/2023 - authoritative U.S. government production data with global coverage
MRI Machine,Gradient Coils,0.92,Strong consensus on the importance of these components for creating spatial localization of images. They are a core component in MRI technology.,Aluminum,0.8,Round 3 refinement with peer support: 1,280300,CHINA,THOUSAND METRIC TONS,41000.0,58.57,0.95,USGS Mineral Commodity Summaries 2024/2023 - authoritative U.S. government production data with global coverage
MRI Machine,Gradient Coils,0.92,Strong consensus on the importance of these components for creating spatial localization of images. They are a core component in MRI technology.,Aluminum,0.8,Round 3 refinement with peer support: 1,280300,OTHER,THOUSAND METRIC TONS,7000.0,10.0,0.95,USGS Mineral Commodity Summaries 2024/2023 - authoritative U.S. government production data with global coverage
MRI Machine,Gradient Coils,0.92,Strong consensus on the importance of these components for creating spatial localization of images. They are a core component in MRI technology.,Aluminum,0.8,Round 3 refinement with peer support: 1,280300,INDIA,THOUSAND METRIC TONS,4100.0,5.86,0.95,USGS Mineral Commodity Summaries 2024/2023 - authoritative U.S. government production data with global coverage
MRI Machine,Gradient Coils,0.92,Strong consensus on the importance of these components for creating spatial localization of images. They are a core component in MRI technology.,Aluminum,0.8,Round 3 refinement with peer support: 1,280300,RUSSIA,THOUSAND METRIC TONS,3800.0,5.43,0.95,USGS Mineral Commodity Summaries 2024/2023 - authoritative U.S. government production data with global coverage
MRI Machine,Gradient Coils,0.92,Strong consensus on the importance of these components for creating spatial localization of images. They are a core component in MRI technology.,Aluminum,0.8,Round 3 refinement with peer support: 1,280300,CANADA,THOUSAND METRIC TONS,3000.0,4.29,0.95,USGS Mineral Commodity Summaries 2024/2023 - authoritative U.S. government production data with global coverage
MRI Machine,Rf Transmitter Coil,0.93,"Consensus exists, as this component is essential for generating radio-frequency pulses to interact with the magnetic field. Common across different MRI machine manufacturers.",Copper,0.883,Round 3 refinement with peer support: 2,740100,CHINA,THOUSAND METRIC TONS,1700.0,3.47,0.95,USGS Mineral Commodity Summaries 2024/2023 - authoritative U.S. government production data with global coverage
MRI Machine,Rf Transmitter Coil,0.93,"Consensus exists, as this component is essential for generating radio-frequency pulses to interact with the magnetic field. Common across different MRI machine manufacturers.",Copper,0.883,Round 3 refinement with peer support: 2,740100,CHILE,THOUSAND METRIC TONS,5000.0,10.2,0.95,USGS Mineral Commodity Summaries 2024/2023 - authoritative U.S. government production data with global coverage
MRI Machine,Rf Transmitter Coil,0.93,"Consensus exists, as this component is essential for generating radio-frequency pulses to interact with the magnetic field. Common across different MRI machine manufacturers.",Copper,0.883,Round 3 refinement with peer support: 2,740100,OTHER,THOUSAND METRIC TONS,3100.0,6.33,0.95,USGS Mineral Commodity Summaries 2024/2023 - authoritative U.S. government production data with global coverage
MRI Machine,Rf Transmitter Coil,0.93,"Consensus exists, as this component is essential for generating radio-frequency pulses to interact with the magnetic field. Common across different MRI machine manufacturers.",Copper,0.883,Round 3 refinement with peer support: 2,740100,CONGO,THOUSAND METRIC TONS,2500.0,5.1,0.95,USGS Mineral Commodity Summaries 2024/2023 - authoritative U.S. government production data with global coverage
MRI Machine,Rf Transmitter Coil,0.93,"Consensus exists, as this component is essential for generating radio-frequency pulses to interact with the magnetic field. Common across different MRI machine manufacturers.",Copper,0.883,Round 3 refinement with peer support: 2,740100,PERU,THOUSAND METRIC TONS,2600.0,5.31,0.95,USGS Mineral Commodity Summaries 2024/2023 - authoritative U.S. government production data with global coverage
MRI Machine,Rf Transmitter Coil,0.93,"Consensus exists, as this component is essential for generating radio-frequency pulses to interact with the magnetic field. Common across different MRI machine manufacturers.",Silver,0.7,Round 3 refinement with peer support: 0,710610,MEXICO,METRIC TONS,6400.0,24.62,0.95,USGS Mineral Commodity Summaries 2024/2023 - authoritative U.S. government production data with global coverage
MRI Machine,Rf Transmitter Coil,0.93,"Consensus exists, as this component is essential for generating radio-frequency pulses to interact with the magnetic field. Common across different MRI machine manufacturers.",Silver,0.7,Round 3 refinement with peer support: 0,710610,CHINA,METRIC TONS,3400.0,13.08,0.95,USGS Mineral Commodity Summaries 2024/2023 - authoritative U.S. government production data with global coverage
MRI Machine,Rf Transmitter Coil,0.93,"Consensus exists, as this component is essential for generating radio-frequency pulses to interact with the magnetic field. Common across different MRI machine manufacturers.",Silver,0.7,Round 3 refinement with peer support: 0,710610,PERU,METRIC TONS,3100.0,11.92,0.95,USGS Mineral Commodity Summaries 2024/2023 - authoritative U.S. government production data with global coverage
MRI Machine,Rf Transmitter Coil,0.93,"Consensus exists, as this component is essential for generating radio-frequency pulses to interact with the magnetic field. Common across different MRI machine manufacturers.",Silver,0.7,Round 3 refinement with peer support: 0,710610,OTHER,METRIC TONS,3000.0,11.54,0.95,USGS Mineral Commodity Summaries 2024/2023 - authoritative U.S. government production data with global coverage
MRI Machine,Rf Transmitter Coil,0.93,"Consensus exists, as this component is essential for generating radio-frequency pulses to interact with the magnetic field. Common across different MRI machine manufacturers.",Silver,0.7,Round 3 refinement with peer support: 0,710610,CHILE,METRIC TONS,1400.0,5.38,0.95,USGS Mineral Commodity Summaries 2024/2023 - authoritative U.S. government production data with global coverage
MRI Machine,Cpu,0.91,"Unanimous agreement that a computer or processor is crucial for data processing and image reconstruction in MRI machines, aligning with industry standards.",Silicon,0.8,Round 3 refinement with peer support: 1,280469,CHINA,THOUSAND METRIC TONS,3600.0,40.0,0.95,USGS Mineral Commodity Summaries 2024/2023 - authoritative U.S. government production data with global coverage
MRI Machine,Cpu,0.91,"Unanimous agreement that a computer or processor is crucial for data processing and image reconstruction in MRI machines, aligning with industry standards.",Silicon,0.8,Round 3 refinement with peer support: 1,280469,RUSSIA,THOUSAND METRIC TONS,570.0,6.33,0.95,USGS Mineral Commodity Summaries 2024/2023 - authoritative U.S. government production data with global coverage
MRI Machine,Cpu,0.91,"Unanimous agreement that a computer or processor is crucial for data processing and image reconstruction in MRI machines, aligning with industry standards.",Silicon,0.8,Round 3 refinement with peer support: 1,280469,BRAZIL,THOUSAND METRIC TONS,190.0,2.11,0.95,USGS Mineral Commodity Summaries 2024/2023 - authoritative U.S. government production data with global coverage
MRI Machine,Cpu,0.91,"Unanimous agreement that a computer or processor is crucial for data processing and image reconstruction in MRI machines, aligning with industry standards.",Silicon,0.8,Round 3 refinement with peer support: 1,280469,NORWAY,THOUSAND METRIC TONS,200.0,2.22,0.95,USGS Mineral Commodity Summaries 2024/2023 - authoritative U.S. government production data with global coverage
MRI Machine,Cpu,0.91,"Unanimous agreement that a computer or processor is crucial for data processing and image reconstruction in MRI machines, aligning with industry standards.",Silicon,0.8,Round 3 refinement with peer support: 1,280469,OTHER,THOUSAND METRIC TONS,100.0,1.11,0.95,USGS Mineral Commodity Summaries 2024/2023 - authoritative U.S. government production data with global coverage
MRI Machine,Cpu,0.91,"Unanimous agreement that a computer or processor is crucial for data processing and image reconstruction in MRI machines, aligning with industry standards.",Aluminum,0.7,Round 3 refinement with peer support: 0,280300,CHINA,THOUSAND METRIC TONS,41000.0,58.57,0.95,USGS Mineral Commodity Summaries 2024/2023 - authoritative U.S. government production data with global coverage
MRI Machine,Cpu,0.91,"Unanimous agreement that a computer or processor is crucial for data processing and image reconstruction in MRI machines, aligning with industry standards.",Aluminum,0.7,Round 3 refinement with peer support: 0,280300,OTHER,THOUSAND METRIC TONS,7000.0,10.0,0.95,USGS Mineral Commodity Summaries 2024/2023 - authoritative U.S. government production data with global coverage
MRI Machine,Cpu,0.91,"Unanimous agreement that a computer or processor is crucial for data processing and image reconstruction in MRI machines, aligning with industry standards.",Aluminum,0.7,Round 3 refinement with peer support: 0,280300,INDIA,THOUSAND METRIC TONS,4100.0,5.86,0.95,USGS Mineral Commodity Summaries 2024/2023 - authoritative U.S. government production data with global coverage
MRI Machine,Cpu,0.91,"Unanimous agreement that a computer or processor is crucial for data processing and image reconstruction in MRI machines, aligning with industry standards.",Aluminum,0.7,Round 3 refinement with peer support: 0,280300,RUSSIA,THOUSAND METRIC TONS,3800.0,5.43,0.95,USGS Mineral Commodity Summaries 2024/2023 - authoritative U.S. government production data with global coverage
MRI Machine,Cpu,0.91,"Unanimous agreement that a computer or processor is crucial for data processing and image reconstruction in MRI machines, aligning with industry standards.",Aluminum,0.7,Round 3 refinement with peer support: 0,280300,CANADA,THOUSAND METRIC TONS,3000.0,4.29,0.95,USGS Mineral Commodity Summaries 2024/2023 - authoritative U.S. government production data with global coverage
MRI Machine,Power Supply Unit,0.88,"A single agent proposed it at a confidence level of 0.88. While these are important to ensure the MRI machine operates efficiently and safely, they have less direct impact on image acquisition and therefore their importance as primary components is relatively lower compared to other listed items.",Aluminum,0.8,Round 3 refinement with peer support: 1,280300,CHINA,THOUSAND METRIC TONS,41000.0,58.57,0.95,USGS Mineral Commodity Summaries 2024/2023 - authoritative U.S. government production data with global coverage
MRI Machine,Power Supply Unit,0.88,"A single agent proposed it at a confidence level of 0.88. While these are important to ensure the MRI machine operates efficiently and safely, they have less direct impact on image acquisition and therefore their importance as primary components is relatively lower compared to other listed items.",Aluminum,0.8,Round 3 refinement with peer support: 1,280300,OTHER,THOUSAND METRIC TONS,7000.0,10.0,0.95,USGS Mineral Commodity Summaries 2024/2023 - authoritative U.S. government production data with global coverage
MRI Machine,Power Supply Unit,0.88,"A single agent proposed it at a confidence level of 0.88. While these are important to ensure the MRI machine operates efficiently and safely, they have less direct impact on image acquisition and therefore their importance as primary components is relatively lower compared to other listed items.",Aluminum,0.8,Round 3 refinement with peer support: 1,280300,INDIA,THOUSAND METRIC TONS,4100.0,5.86,0.95,USGS Mineral Commodity Summaries 2024/2023 - authoritative U.S. government production data with global coverage
MRI Machine,Power Supply Unit,0.88,"A single agent proposed it at a confidence level of 0.88. While these are important to ensure the MRI machine operates efficiently and safely, they have less direct impact on image acquisition and therefore their importance as primary components is relatively lower compared to other listed items.",Aluminum,0.8,Round 3 refinement with peer support: 1,280300,RUSSIA,THOUSAND METRIC TONS,3800.0,5.43,0.95,USGS Mineral Commodity Summaries 2024/2023 - authoritative U.S. government production data with global coverage
MRI Machine,Power Supply Unit,0.88,"A single agent proposed it at a confidence level of 0.88. While these are important to ensure the MRI machine operates efficiently and safely, they have less direct impact on image acquisition and therefore their importance as primary components is relatively lower compared to other listed items.",Aluminum,0.8,Round 3 refinement with peer support: 1,280300,CANADA,THOUSAND METRIC TONS,3000.0,4.29,0.95,USGS Mineral Commodity Summaries 2024/2023 - authoritative U.S. government production data with global coverage
MRI Machine,Power Supply Unit,0.88,"A single agent proposed it at a confidence level of 0.88. While these are important to ensure the MRI machine operates efficiently and safely, they have less direct impact on image acquisition and therefore their importance as primary components is relatively lower compared to other listed items.",Copper,0.775,Round 3 refinement with peer support: 1,740100,CHINA,THOUSAND METRIC TONS,1700.0,3.47,0.95,USGS Mineral Commodity Summaries 2024/2023 - authoritative U.S. government production data with global coverage
MRI Machine,Power Supply Unit,0.88,"A single agent proposed it at a confidence level of 0.88. While these are important to ensure the MRI machine operates efficiently and safely, they have less direct impact on image acquisition and therefore their importance as primary components is relatively lower compared to other listed items.",Copper,0.775,Round 3 refinement with peer support: 1,740100,CHILE,THOUSAND METRIC TONS,5000.0,10.2,0.95,USGS Mineral Commodity Summaries 2024/2023 - authoritative U.S. government production data with global coverage
MRI Machine,Power Supply Unit,0.88,"A single agent proposed it at a confidence level of 0.88. While these are important to ensure the MRI machine operates efficiently and safely, they have less direct impact on image acquisition and therefore their importance as primary components is relatively lower compared to other listed items.",Copper,0.775,Round 3 refinement with peer support: 1,740100,OTHER,THOUSAND METRIC TONS,3100.0,6.33,0.95,USGS Mineral Commodity Summaries 2024/2023 - authoritative U.S. government production data with global coverage
MRI Machine,Power Supply Unit,0.88,"A single agent proposed it at a confidence level of 0.88. While these are important to ensure the MRI machine operates efficiently and safely, they have less direct impact on image acquisition and therefore their importance as primary components is relatively lower compared to other listed items.",Copper,0.775,Round 3 refinement with peer support: 1,740100,CONGO,THOUSAND METRIC TONS,2500.0,5.1,0.95,USGS Mineral Commodity Summaries 2024/2023 - authoritative U.S. government production data with global coverage
MRI Machine,Power Supply Unit,0.88,"A single agent proposed it at a confidence level of 0.88. While these are important to ensure the MRI machine operates efficiently and safely, they have less direct impact on image acquisition and therefore their importance as primary components is relatively lower compared to other listed items.",Copper,0.775,Round 3 refinement with peer support: 1,740100,PERU,THOUSAND METRIC TONS,2600.0,5.31,0.95,USGS Mineral Commodity Summaries 2024/2023 - authoritative U.S. government production data with global coverage
MRI Machine,Rf Receiver,0.85,Highly common but may vary depending on manufacturer implementation. Most peers have agreed that this is an important primary component for signal reception.,Copper,0.7,Round 3 refinement with peer support: 0,740100,CHINA,THOUSAND METRIC TONS,1700.0,3.47,0.95,USGS Mineral Commodity Summaries 2024/2023 - authoritative U.S. government production data with global coverage
MRI Machine,Rf Receiver,0.85,Highly common but may vary depending on manufacturer implementation. Most peers have agreed that this is an important primary component for signal reception.,Copper,0.7,Round 3 refinement with peer support: 0,740100,CHILE,THOUSAND METRIC TONS,5000.0,10.2,0.95,USGS Mineral Commodity Summaries 2024/2023 - authoritative U.S. government production data with global coverage
MRI Machine,Rf Receiver,0.85,Highly common but may vary depending on manufacturer implementation. Most peers have agreed that this is an important primary component for signal reception.,Copper,0.7,Round 3 refinement with peer support: 0,740100,OTHER,THOUSAND METRIC TONS,3100.0,6.33,0.95,USGS Mineral Commodity Summaries 2024/2023 - authoritative U.S. government production data with global coverage
MRI Machine,Rf Receiver,0.85,Highly common but may vary depending on manufacturer implementation. Most peers have agreed that this is an important primary component for signal reception.,Copper,0.7,Round 3 refinement with peer support: 0,740100,CONGO,THOUSAND METRIC TONS,2500.0,5.1,0.95,USGS Mineral Commodity Summaries 2024/2023 - authoritative U.S. government production data with global coverage
MRI Machine,Rf Receiver,0.85,Highly common but may vary depending on manufacturer implementation. Most peers have agreed that this is an important primary component for signal reception.,Copper,0.7,Round 3 refinement with peer support: 0,740100,PERU,THOUSAND METRIC TONS,2600.0,5.31,0.95,USGS Mineral Commodity Summaries 2024/2023 - authoritative U.S. government production data with global coverage
MRI Machine,Rf Receiver,0.85,Highly common but may vary depending on manufacturer implementation. Most peers have agreed that this is an important primary component for signal reception.,Silver,0.7,Round 3 refinement with peer support: 0,710610,MEXICO,METRIC TONS,6400.0,24.62,0.95,USGS Mineral Commodity Summaries 2024/2023 - authoritative U.S. government production data with global coverage
MRI Machine,Rf Receiver,0.85,Highly common but may vary depending on manufacturer implementation. Most peers have agreed that this is an important primary component for signal reception.,Silver,0.7,Round 3 refinement with peer support: 0,710610,CHINA,METRIC TONS,3400.0,13.08,0.95,USGS Mineral Commodity Summaries 2024/2023 - authoritative U.S. government production data with global coverage
MRI Machine,Rf Receiver,0.85,Highly common but may vary depending on manufacturer implementation. Most peers have agreed that this is an important primary component for signal reception.,Silver,0.7,Round 3 refinement with peer support: 0,710610,PERU,METRIC TONS,3100.0,11.92,0.95,USGS Mineral Commodity Summaries 2024/2023 - authoritative U.S. government production data with global coverage
MRI Machine,Rf Receiver,0.85,Highly common but may vary depending on manufacturer implementation. Most peers have agreed that this is an important primary component for signal reception.,Silver,0.7,Round 3 refinement with peer support: 0,710610,OTHER,METRIC TONS,3000.0,11.54,0.95,USGS Mineral Commodity Summaries 2024/2023 - authoritative U.S. government production data with global coverage
MRI Machine,Rf Receiver,0.85,Highly common but may vary depending on manufacturer implementation. Most peers have agreed that this is an important primary component for signal reception.,Silver,0.7,Round 3 refinement with peer support: 0,710610,CHILE,METRIC TONS,1400.0,5.38,0.95,USGS Mineral Commodity Summaries 2024/2023 - authoritative U.S. government production data with global coverage
MRI Machine,Receiving Coil,0.93,Consensus from multiple agents indicates its importance and primary status.,Copper,0.8,Round 3 refinement with peer support: 1,740100,CHINA,THOUSAND METRIC TONS,1700.0,3.47,0.95,USGS Mineral Commodity Summaries 2024/2023 - authoritative U.S. government production data with global coverage
MRI Machine,Receiving Coil,0.93,Consensus from multiple agents indicates its importance and primary status.,Copper,0.8,Round 3 refinement with peer support: 1,740100,CHILE,THOUSAND METRIC TONS,5000.0,10.2,0.95,USGS Mineral Commodity Summaries 2024/2023 - authoritative U.S. government production data with global coverage
MRI Machine,Receiving Coil,0.93,Consensus from multiple agents indicates its importance and primary status.,Copper,0.8,Round 3 refinement with peer support: 1,740100,OTHER,THOUSAND METRIC TONS,3100.0,6.33,0.95,USGS Mineral Commodity Summaries 2024/2023 - authoritative U.S. government production data with global coverage
MRI Machine,Receiving Coil,0.93,Consensus from multiple agents indicates its importance and primary status.,Copper,0.8,Round 3 refinement with peer support: 1,740100,CONGO,THOUSAND METRIC TONS,2500.0,5.1,0.95,USGS Mineral Commodity Summaries 2024/2023 - authoritative U.S. government production data with global coverage
MRI Machine,Receiving Coil,0.93,Consensus from multiple agents indicates its importance and primary status.,Copper,0.8,Round 3 refinement with peer support: 1,740100,PERU,THOUSAND METRIC TONS,2600.0,5.31,0.95,USGS Mineral Commodity Summaries 2024/2023 - authoritative U.S. government production data with global coverage
MRI Machine,Receiving Coil,0.93,Consensus from multiple agents indicates its importance and primary status.,Silver,0.7,Round 3 refinement with peer support: 0,710610,MEXICO,METRIC TONS,6400.0,24.62,0.95,USGS Mineral Commodity Summaries 2024/2023 - authoritative U.S. government production data with global coverage
MRI Machine,Receiving Coil,0.93,Consensus from multiple agents indicates its importance and primary status.,Silver,0.7,Round 3 refinement with peer support: 0,710610,CHINA,METRIC TONS,3400.0,13.08,0.95,USGS Mineral Commodity Summaries 2024/2023 - authoritative U.S. government production data with global coverage
MRI Machine,Receiving Coil,0.93,Consensus from multiple agents indicates its importance and primary status.,Silver,0.7,Round 3 refinement with peer support: 0,710610,PERU,METRIC TONS,3100.0,11.92,0.95,USGS Mineral Commodity Summaries 2024/2023 - authoritative U.S. government production data with global coverage
MRI Machine,Receiving Coil,0.93,Consensus from multiple agents indicates its importance and primary status.,Silver,0.7,Round 3 refinement with peer support: 0,710610,OTHER,METRIC TONS,3000.0,11.54,0.95,USGS Mineral Commodity Summaries 2024/2023 - authoritative U.S. government production data with global coverage
MRI Machine,Receiving Coil,0.93,Consensus from multiple agents indicates its importance and primary status.,Silver,0.7,Round 3 refinement with peer support: 0,710610,CHILE,METRIC TONS,1400.0,5.38,0.95,USGS Mineral Commodity Summaries 2024/2023 - authoritative U.S. government production data with global coverage
MRI Machine,Rf Transmitter,0.9,Critical for operating an MRI machine; supported by Agent1's high confidence in their proposal.,Copper,0.8,Round 3 refinement with peer support: 1,740100,CHINA,THOUSAND METRIC TONS,1700.0,3.47,0.95,USGS Mineral Commodity Summaries 2024/2023 - authoritative U.S. government production data with global coverage
MRI Machine,Rf Transmitter,0.9,Critical for operating an MRI machine; supported by Agent1's high confidence in their proposal.,Copper,0.8,Round 3 refinement with peer support: 1,740100,CHILE,THOUSAND METRIC TONS,5000.0,10.2,0.95,USGS Mineral Commodity Summaries 2024/2023 - authoritative U.S. government production data with global coverage
MRI Machine,Rf Transmitter,0.9,Critical for operating an MRI machine; supported by Agent1's high confidence in their proposal.,Copper,0.8,Round 3 refinement with peer support: 1,740100,OTHER,THOUSAND METRIC TONS,3100.0,6.33,0.95,USGS Mineral Commodity Summaries 2024/2023 - authoritative U.S. government production data with global coverage
MRI Machine,Rf Transmitter,0.9,Critical for operating an MRI machine; supported by Agent1's high confidence in their proposal.,Copper,0.8,Round 3 refinement with peer support: 1,740100,CONGO,THOUSAND METRIC TONS,2500.0,5.1,0.95,USGS Mineral Commodity Summaries 2024/2023 - authoritative U.S. government production data with global coverage
MRI Machine,Rf Transmitter,0.9,Critical for operating an MRI machine; supported by Agent1's high confidence in their proposal.,Copper,0.8,Round 3 refinement with peer support: 1,740100,PERU,THOUSAND METRIC TONS,2600.0,5.31,0.95,USGS Mineral Commodity Summaries 2024/2023 - authoritative U.S. government production data with global coverage
MRI Machine,Rf Transmitter,0.9,Critical for operating an MRI machine; supported by Agent1's high confidence in their proposal.,Silver,0.7,Round 3 refinement with peer support: 0,710610,MEXICO,METRIC TONS,6400.0,24.62,0.95,USGS Mineral Commodity Summaries 2024/2023 - authoritative U.S. government production data with global coverage
MRI Machine,Rf Transmitter,0.9,Critical for operating an MRI machine; supported by Agent1's high confidence in their proposal.,Silver,0.7,Round 3 refinement with peer support: 0,710610,CHINA,METRIC TONS,3400.0,13.08,0.95,USGS Mineral Commodity Summaries 2024/2023 - authoritative U.S. government production data with global coverage
MRI Machine,Rf Transmitter,0.9,Critical for operating an MRI machine; supported by Agent1's high confidence in their proposal.,Silver,0.7,Round 3 refinement with peer support: 0,710610,PERU,METRIC TONS,3100.0,11.92,0.95,USGS Mineral Commodity Summaries 2024/2023 - authoritative U.S. government production data with global coverage
MRI Machine,Rf Transmitter,0.9,Critical for operating an MRI machine; supported by Agent1's high confidence in their proposal.,Silver,0.7,Round 3 refinement with peer support: 0,710610,OTHER,METRIC TONS,3000.0,11.54,0.95,USGS Mineral Commodity Summaries 2024/2023 - authoritative U.S. government production data with global coverage
MRI Machine,Rf Transmitter,0.9,Critical for operating an MRI machine; supported by Agent1's high confidence in their proposal.,Silver,0.7,Round 3 refinement with peer support: 0,710610,CHILE,METRIC TONS,1400.0,5.38,0.95,USGS Mineral Commodity Summaries 2024/2023 - authoritative U.S. government production data with global coverage
Solar Panel,Photovoltaic Cell,0.98,"Strong consensus among two agents, indicating high reliability as a primary component",Silicon,0.95,Round 3 refinement with peer support: 2,280469,CHINA,THOUSAND METRIC TONS,3600.0,40.0,0.95,USGS Mineral Commodity Summaries 2024/2023 - authoritative U.S. government production data with global coverage
Solar Panel,Photovoltaic Cell,0.98,"Strong consensus among two agents, indicating high reliability as a primary component",Silicon,0.95,Round 3 refinement with peer support: 2,280469,RUSSIA,THOUSAND METRIC TONS,570.0,6.33,0.95,USGS Mineral Commodity Summaries 2024/2023 - authoritative U.S. government production data with global coverage
Solar Panel,Photovoltaic Cell,0.98,"Strong consensus among two agents, indicating high reliability as a primary component",Silicon,0.95,Round 3 refinement with peer support: 2,280469,BRAZIL,THOUSAND METRIC TONS,190.0,2.11,0.95,USGS Mineral Commodity Summaries 2024/2023 - authoritative U.S. government production data with global coverage
Solar Panel,Photovoltaic Cell,0.98,"Strong consensus among two agents, indicating high reliability as a primary component",Silicon,0.95,Round 3 refinement with peer support: 2,280469,NORWAY,THOUSAND METRIC TONS,200.0,2.22,0.95,USGS Mineral Commodity Summaries 2024/2023 - authoritative U.S. government production data with global coverage
Solar Panel,Photovoltaic Cell,0.98,"Strong consensus among two agents, indicating high reliability as a primary component",Silicon,0.95,Round 3 refinement with peer support: 2,280469,OTHER,THOUSAND METRIC TONS,100.0,1.11,0.95,USGS Mineral Commodity Summaries 2024/2023 - authoritative U.S. government production data with global coverage
Solar Panel,Photovoltaic Cell,0.98,"Strong consensus among two agents, indicating high reliability as a primary component",Aluminum,0.8,Round 3 refinement with peer support: 1,280300,CHINA,THOUSAND METRIC TONS,41000.0,58.57,0.95,USGS Mineral Commodity Summaries 2024/2023 - authoritative U.S. government production data with global coverage
Solar Panel,Photovoltaic Cell,0.98,"Strong consensus among two agents, indicating high reliability as a primary component",Aluminum,0.8,Round 3 refinement with peer support: 1,280300,OTHER,THOUSAND METRIC TONS,7000.0,10.0,0.95,USGS Mineral Commodity Summaries 2024/2023 - authoritative U.S. government production data with global coverage
Solar Panel,Photovoltaic Cell,0.98,"Strong consensus among two agents, indicating high reliability as a primary component",Aluminum,0.8,Round 3 refinement with peer support: 1,280300,INDIA,THOUSAND METRIC TONS,4100.0,5.86,0.95,USGS Mineral Commodity Summaries 2024/2023 - authoritative U.S. government production data with global coverage
Solar Panel,Photovoltaic Cell,0.98,"Strong consensus among two agents, indicating high reliability as a primary component",Aluminum,0.8,Round 3 refinement with peer support: 1,280300,RUSSIA,THOUSAND METRIC TONS,3800.0,5.43,0.95,USGS Mineral Commodity Summaries 2024/2023 - authoritative U.S. government production data with global coverage
Solar Panel,Photovoltaic Cell,0.98,"Strong consensus among two agents, indicating high reliability as a primary component",Aluminum,0.8,Round 3 refinement with peer support: 1,280300,CANADA,THOUSAND METRIC TONS,3000.0,4.29,0.95,USGS Mineral Commodity Summaries 2024/2023 - authoritative U.S. government production data with global coverage
Solar Panel,Photovoltaic Cell,0.98,"Strong consensus among two agents, indicating high reliability as a primary component",Silver,0.775,Round 3 refinement with peer support: 1,710610,MEXICO,METRIC TONS,6400.0,24.62,0.95,USGS Mineral Commodity Summaries 2024/2023 - authoritative U.S. government production data with global coverage
Solar Panel,Photovoltaic Cell,0.98,"Strong consensus among two agents, indicating high reliability as a primary component",Silver,0.775,Round 3 refinement with peer support: 1,710610,CHINA,METRIC TONS,3400.0,13.08,0.95,USGS Mineral Commodity Summaries 2024/2023 - authoritative U.S. government production data with global coverage
Solar Panel,Photovoltaic Cell,0.98,"Strong consensus among two agents, indicating high reliability as a primary component",Silver,0.775,Round 3 refinement with peer support: 1,710610,PERU,METRIC TONS,3100.0,11.92,0.95,USGS Mineral Commodity Summaries 2024/2023 - authoritative U.S. government production data with global coverage
Solar Panel,Photovoltaic Cell,0.98,"Strong consensus among two agents, indicating high reliability as a primary component",Silver,0.775,Round 3 refinement with peer support: 1,710610,OTHER,METRIC TONS,3000.0,11.54,0.95,USGS Mineral Commodity Summaries 2024/2023 - authoritative U.S. government production data with global coverage
Solar Panel,Photovoltaic Cell,0.98,"Strong consensus among two agents, indicating high reliability as a primary component",Silver,0.775,Round 3 refinement with peer support: 1,710610,CHILE,METRIC TONS,1400.0,5.38,0.95,USGS Mineral Commodity Summaries 2024/2023 - authoritative U.S. government production data with global coverage
Power Amplifiers,Semiconductor Die,0.95,"This is a well-established primary component in power amplifiers, essential for their operation.",Silicon,0.95,Round 3 refinement with peer support: 2,280469,CHINA,THOUSAND METRIC TONS,3600.0,40.0,0.95,USGS Mineral Commodity Summaries 2024/2023 - authoritative U.S. government production data with global coverage
Power Amplifiers,Semiconductor Die,0.95,"This is a well-established primary component in power amplifiers, essential for their operation.",Silicon,0.95,Round 3 refinement with peer support: 2,280469,RUSSIA,THOUSAND METRIC TONS,570.0,6.33,0.95,USGS Mineral Commodity Summaries 2024/2023 - authoritative U.S. government production data with global coverage
Power Amplifiers,Semiconductor Die,0.95,"This is a well-established primary component in power amplifiers, essential for their operation.",Silicon,0.95,Round 3 refinement with peer support: 2,280469,BRAZIL,THOUSAND METRIC TONS,190.0,2.11,0.95,USGS Mineral Commodity Summaries 2024/2023 - authoritative U.S. government production data with global coverage
Power Amplifiers,Semiconductor Die,0.95,"This is a well-established primary component in power amplifiers, essential for their operation.",Silicon,0.95,Round 3 refinement with peer support: 2,280469,NORWAY,THOUSAND METRIC TONS,200.0,2.22,0.95,USGS Mineral Commodity Summaries 2024/2023 - authoritative U.S. government production data with global coverage
Power Amplifiers,Semiconductor Die,0.95,"This is a well-established primary component in power amplifiers, essential for their operation.",Silicon,0.95,Round 3 refinement with peer support: 2,280469,OTHER,THOUSAND METRIC TONS,100.0,1.11,0.95,USGS Mineral Commodity Summaries 2024/2023 - authoritative U.S. government production data with global coverage
Power Amplifiers,Semiconductor Die,0.95,"This is a well-established primary component in power amplifiers, essential for their operation.",Gold,0.85,Round 3 refinement with peer support: 1,710812,OTHER,METRIC TONS,700.0,23.33,0.95,USGS Mineral Commodity Summaries 2024/2023 - authoritative U.S. government production data with global coverage
Power Amplifiers,Semiconductor Die,0.95,"This is a well-established primary component in power amplifiers, essential for their operation.",Gold,0.85,Round 3 refinement with peer support: 1,710812,CHINA,METRIC TONS,370.0,12.33,0.95,USGS Mineral Commodity Summaries 2024/2023 - authoritative U.S. government production data with global coverage
Power Amplifiers,Semiconductor Die,0.95,"This is a well-established primary component in power amplifiers, essential for their operation.",Gold,0.85,Round 3 refinement with peer support: 1,710812,AUSTRALIA,METRIC TONS,310.0,10.33,0.95,USGS Mineral Commodity Summaries 2024/2023 - authoritative U.S. government production data with global coverage
Power Amplifiers,Semiconductor Die,0.95,"This is a well-established primary component in power amplifiers, essential for their operation.",Gold,0.85,Round 3 refinement with peer support: 1,710812,RUSSIA,METRIC TONS,310.0,10.33,0.95,USGS Mineral Commodity Summaries 2024/2023 - authoritative U.S. government production data with global coverage
Power Amplifiers,Semiconductor Die,0.95,"This is a well-established primary component in power amplifiers, essential for their operation.",Gold,0.85,Round 3 refinement with peer support: 1,710812,CANADA,METRIC TONS,200.0,6.67,0.95,USGS Mineral Commodity Summaries 2024/2023 - authoritative U.S. government production data with global coverage
Power Amplifiers,Semiconductor Die,0.95,"This is a well-established primary component in power amplifiers, essential for their operation.",Titanium nitride,0.7,Round 3 refinement with peer support: 0,285000,China,g,10750.0,27.5,0.775,Leading producer of titanium sponge and pig iron; data source: World Bank.
Power Amplifiers,Semiconductor Die,0.95,"This is a well-established primary component in power amplifiers, essential for their operation.",Titanium nitride,0.7,Round 3 refinement with peer support: 0,285000,Australia,g,7225.0,16.5,0.65,Home to large titanium ore deposits in the Hamersley Ranges; data from AREE.
Power Amplifiers,Semiconductor Die,0.95,"This is a well-established primary component in power amplifiers, essential for their operation.",Titanium nitride,0.7,Round 3 refinement with peer support: 0,285000,Japan,g,3800.0,25.0,0.75,日本在纳米材料和先进涂层领域处于领先地位，拥有几个先进的钛 nitride 生产设施。
Power Amplifiers,Semiconductor Die,0.95,"This is a well-established primary component in power amplifiers, essential for their operation.",Titanium nitride,0.7,Round 3 refinement with peer support: 0,285000,United States,g,2600.0,18.0,0.7,德克萨斯州、马里兰州和俄亥俄州的一些研究机构和高科技企业从事相关生产工作。
Power Amplifiers,Semiconductor Die,0.95,"This is a well-established primary component in power amplifiers, essential for their operation.",Titanium nitride,0.7,Round 3 refinement with peer support: 0,285000,Germany,g,2200.0,15.0,0.7,德国在高端材料研发方面占据领先地位，有多家公司在该领域有重大投入。
Power Amplifiers,Semiconductor Die,0.95,"This is a well-established primary component in power amplifiers, essential for their operation.",Boron,0.7,Round 3 refinement with peer support: 0,280450,Turkey,metric tons,51920.666666666664,43.89,0.867,Based on Turkish Statistical Institute data for 2023; reliable and comprehensive statistics
Power Amplifiers,Semiconductor Die,0.95,"This is a well-established primary component in power amplifiers, essential for their operation.",Boron,0.7,Round 3 refinement with peer support: 0,280450,China,metric tons,38784.666666666664,29.3,0.867,Multi-agent debate consensus
Power Amplifiers,Semiconductor Die,0.95,"This is a well-established primary component in power amplifiers, essential for their operation.",Boron,0.7,Round 3 refinement with peer support: 0,280450,Uzbekistan,metric tons,5777.333333333333,3.62,0.75,Multi-agent debate consensus
Power Amplifiers,Semiconductor Die,0.95,"This is a well-established primary component in power amplifiers, essential for their operation.",Boron,0.7,Round 3 refinement with peer support: 0,280450,Romania,metric tons,1777.6666666666667,1.22,0.767,Multi-agent debate consensus
Power Amplifiers,Semiconductor Die,0.95,"This is a well-established primary component in power amplifiers, essential for their operation.",Boron,0.7,Round 3 refinement with peer support: 0,280450,Jordan,metric tons,3854.5,2.48,0.85,Multi-agent debate consensus
Power Amplifiers,Semiconductor Die,0.95,"This is a well-established primary component in power amplifiers, essential for their operation.",Phosphorus,0.7,Round 3 refinement with peer support: 0,280470,China,metric tons,13136608.5,21.28,0.9,Data from China National Phosphate Industry Association; very reliable statistics.
Power Amplifiers,Semiconductor Die,0.95,"This is a well-established primary component in power amplifiers, essential for their operation.",Phosphorus,0.7,Round 3 refinement with peer support: 0,280470,Egypt,metric tons,12930386.5,15.6,0.895,USGS verified; stable major producer in the global market
Power Amplifiers,Semiconductor Die,0.95,"This is a well-established primary component in power amplifiers, essential for their operation.",Phosphorus,0.7,Round 3 refinement with peer support: 0,280470,Morocco,metric tons,12586314.0,15.19,0.9,Leading producer of phosphate rocks; data from Moroccan government and USGS.
Power Amplifiers,Semiconductor Die,0.95,"This is a well-established primary component in power amplifiers, essential for their operation.",Phosphorus,0.7,Round 3 refinement with peer support: 0,280470,Mexico,metric tons,12903138.5,9.38,0.835,Based on USGS data; reliable and widely recognized production statistics
Power Amplifiers,Semiconductor Die,0.95,"This is a well-established primary component in power amplifiers, essential for their operation.",Phosphorus,0.7,Round 3 refinement with peer support: 0,280470,United States,metric tons,3426746.0,18.9,0.9,Major producer in Florida; data from U.S. Geological Survey.
Power Amplifiers,Package,0.9,"While not strictly the active components, packages are crucial for mounting and protecting semiconductor dies, so they deserve consideration as secondary primary components.",Copper,0.85,Round 3 refinement with peer support: 1,740100,CHINA,THOUSAND METRIC TONS,1700.0,3.47,0.95,USGS Mineral Commodity Summaries 2024/2023 - authoritative U.S. government production data with global coverage
Power Amplifiers,Package,0.9,"While not strictly the active components, packages are crucial for mounting and protecting semiconductor dies, so they deserve consideration as secondary primary components.",Copper,0.85,Round 3 refinement with peer support: 1,740100,CHILE,THOUSAND METRIC TONS,5000.0,10.2,0.95,USGS Mineral Commodity Summaries 2024/2023 - authoritative U.S. government production data with global coverage
Power Amplifiers,Package,0.9,"While not strictly the active components, packages are crucial for mounting and protecting semiconductor dies, so they deserve consideration as secondary primary components.",Copper,0.85,Round 3 refinement with peer support: 1,740100,OTHER,THOUSAND METRIC TONS,3100.0,6.33,0.95,USGS Mineral Commodity Summaries 2024/2023 - authoritative U.S. government production data with global coverage
Power Amplifiers,Package,0.9,"While not strictly the active components, packages are crucial for mounting and protecting semiconductor dies, so they deserve consideration as secondary primary components.",Copper,0.85,Round 3 refinement with peer support: 1,740100,CONGO,THOUSAND METRIC TONS,2500.0,5.1,0.95,USGS Mineral Commodity Summaries 2024/2023 - authoritative U.S. government production data with global coverage
Power Amplifiers,Package,0.9,"While not strictly the active components, packages are crucial for mounting and protecting semiconductor dies, so they deserve consideration as secondary primary components.",Copper,0.85,Round 3 refinement with peer support: 1,740100,PERU,THOUSAND METRIC TONS,2600.0,5.31,0.95,USGS Mineral Commodity Summaries 2024/2023 - authoritative U.S. government production data with global coverage
Power Amplifiers,Matching Network,0.95,"Agent3 proposed matching networks with high confidence (0.65), and its importance was also highlighted by other agents. This indicates a substantial level of support for the inclusion of this component, thus justifying our higher confidence.",Silver,0.85,Round 3 refinement with peer support: 1,710610,MEXICO,METRIC TONS,6400.0,24.62,0.95,USGS Mineral Commodity Summaries 2024/2023 - authoritative U.S. government production data with global coverage
Power Amplifiers,Matching Network,0.95,"Agent3 proposed matching networks with high confidence (0.65), and its importance was also highlighted by other agents. This indicates a substantial level of support for the inclusion of this component, thus justifying our higher confidence.",Silver,0.85,Round 3 refinement with peer support: 1,710610,CHINA,METRIC TONS,3400.0,13.08,0.95,USGS Mineral Commodity Summaries 2024/2023 - authoritative U.S. government production data with global coverage
Power Amplifiers,Matching Network,0.95,"Agent3 proposed matching networks with high confidence (0.65), and its importance was also highlighted by other agents. This indicates a substantial level of support for the inclusion of this component, thus justifying our higher confidence.",Silver,0.85,Round 3 refinement with peer support: 1,710610,PERU,METRIC TONS,3100.0,11.92,0.95,USGS Mineral Commodity Summaries 2024/2023 - authoritative U.S. government production data with global coverage
Power Amplifiers,Matching Network,0.95,"Agent3 proposed matching networks with high confidence (0.65), and its importance was also highlighted by other agents. This indicates a substantial level of support for the inclusion of this component, thus justifying our higher confidence.",Silver,0.85,Round 3 refinement with peer support: 1,710610,OTHER,METRIC TONS,3000.0,11.54,0.95,USGS Mineral Commodity Summaries 2024/2023 - authoritative U.S. government production data with global coverage
Power Amplifiers,Matching Network,0.95,"Agent3 proposed matching networks with high confidence (0.65), and its importance was also highlighted by other agents. This indicates a substantial level of support for the inclusion of this component, thus justifying our higher confidence.",Silver,0.85,Round 3 refinement with peer support: 1,710610,CHILE,METRIC TONS,1400.0,5.38,0.95,USGS Mineral Commodity Summaries 2024/2023 - authoritative U.S. government production data with global coverage
Power Amplifiers,Matching Network,0.95,"Agent3 proposed matching networks with high confidence (0.65), and its importance was also highlighted by other agents. This indicates a substantial level of support for the inclusion of this component, thus justifying our higher confidence.",Copper,0.7,Round 3 refinement with peer support: 0,740100,CHINA,THOUSAND METRIC TONS,1700.0,3.47,0.95,USGS Mineral Commodity Summaries 2024/2023 - authoritative U.S. government production data with global coverage
Power Amplifiers,Matching Network,0.95,"Agent3 proposed matching networks with high confidence (0.65), and its importance was also highlighted by other agents. This indicates a substantial level of support for the inclusion of this component, thus justifying our higher confidence.",Copper,0.7,Round 3 refinement with peer support: 0,740100,CHILE,THOUSAND METRIC TONS,5000.0,10.2,0.95,USGS Mineral Commodity Summaries 2024/2023 - authoritative U.S. government production data with global coverage
Power Amplifiers,Matching Network,0.95,"Agent3 proposed matching networks with high confidence (0.65), and its importance was also highlighted by other agents. This indicates a substantial level of support for the inclusion of this component, thus justifying our higher confidence.",Copper,0.7,Round 3 refinement with peer support: 0,740100,OTHER,THOUSAND METRIC TONS,3100.0,6.33,0.95,USGS Mineral Commodity Summaries 2024/2023 - authoritative U.S. government production data with global coverage
Power Amplifiers,Matching Network,0.95,"Agent3 proposed matching networks with high confidence (0.65), and its importance was also highlighted by other agents. This indicates a substantial level of support for the inclusion of this component, thus justifying our higher confidence.",Copper,0.7,Round 3 refinement with peer support: 0,740100,CONGO,THOUSAND METRIC TONS,2500.0,5.1,0.95,USGS Mineral Commodity Summaries 2024/2023 - authoritative U.S. government production data with global coverage
Power Amplifiers,Matching Network,0.95,"Agent3 proposed matching networks with high confidence (0.65), and its importance was also highlighted by other agents. This indicates a substantial level of support for the inclusion of this component, thus justifying our higher confidence.",Copper,0.7,Round 3 refinement with peer support: 0,740100,PERU,THOUSAND METRIC TONS,2600.0,5.31,0.95,USGS Mineral Commodity Summaries 2024/2023 - authoritative U.S. government production data with global coverage
Power Amplifiers,Matching Network,0.95,"Agent3 proposed matching networks with high confidence (0.65), and its importance was also highlighted by other agents. This indicates a substantial level of support for the inclusion of this component, thus justifying our higher confidence.",Aluminum nitride,0.7,Round 3 refinement with peer support: 0,285000,Japan,metric tons,15725.0,34.44,0.8,Leading producer with multiple research and development hubs; data from industry reports.
Power Amplifiers,Matching Network,0.95,"Agent3 proposed matching networks with high confidence (0.65), and its importance was also highlighted by other agents. This indicates a substantial level of support for the inclusion of this component, thus justifying our higher confidence.",Aluminum nitride,0.7,Round 3 refinement with peer support: 0,285000,China,metric tons,10912.666666666666,19.62,0.783,Major production by state-owned enterprises; well-documented in market statistics.
Power Amplifiers,Matching Network,0.95,"Agent3 proposed matching networks with high confidence (0.65), and its importance was also highlighted by other agents. This indicates a substantial level of support for the inclusion of this component, thus justifying our higher confidence.",Aluminum nitride,0.7,Round 3 refinement with peer support: 0,285000,South Korea,metric tons,4365.0,7.52,0.767,Advanced semiconductor manufacturing capabilities; detailed data from industry surveys.
Power Amplifiers,Matching Network,0.95,"Agent3 proposed matching networks with high confidence (0.65), and its importance was also highlighted by other agents. This indicates a substantial level of support for the inclusion of this component, thus justifying our higher confidence.",Aluminum nitride,0.7,Round 3 refinement with peer support: 0,285000,Germany,metric tons,2646.3333333333335,9.06,0.773,Solid industrial base for aluminum nitride; recent expansions in production capacity.
Power Amplifiers,Matching Network,0.95,"Agent3 proposed matching networks with high confidence (0.65), and its importance was also highlighted by other agents. This indicates a substantial level of support for the inclusion of this component, thus justifying our higher confidence.",Aluminum nitride,0.7,Round 3 refinement with peer support: 0,285000,Italy,metric tons,4366.333333333333,7.71,0.75,Multi-agent debate consensus
Power Amplifiers,Housing,0.91,This is broadly supported across different agents and aligns with standard packaging practices in power amplifiers. The design and protection provided by enclosures are critical for maintaining performance under various environmental conditions,Molybdenum,0.7,Round 3 refinement with peer support: 0,811020,CHINA,METRIC TONS,110000.0,42.31,0.95,USGS Mineral Commodity Summaries 2024/2023 - authoritative U.S. government production data with global coverage
Power Amplifiers,Housing,0.91,This is broadly supported across different agents and aligns with standard packaging practices in power amplifiers. The design and protection provided by enclosures are critical for maintaining performance under various environmental conditions,Molybdenum,0.7,Round 3 refinement with peer support: 0,811020,CHILE,METRIC TONS,46000.0,17.69,0.95,USGS Mineral Commodity Summaries 2024/2023 - authoritative U.S. government production data with global coverage
Power Amplifiers,Housing,0.91,This is broadly supported across different agents and aligns with standard packaging practices in power amplifiers. The design and protection provided by enclosures are critical for maintaining performance under various environmental conditions,Molybdenum,0.7,Round 3 refinement with peer support: 0,811020,PERU,METRIC TONS,37000.0,14.23,0.95,USGS Mineral Commodity Summaries 2024/2023 - authoritative U.S. government production data with global coverage
Power Amplifiers,Housing,0.91,This is broadly supported across different agents and aligns with standard packaging practices in power amplifiers. The design and protection provided by enclosures are critical for maintaining performance under various environmental conditions,Molybdenum,0.7,Round 3 refinement with peer support: 0,811020,UNITED STATES,METRIC TONS,34000.0,13.08,0.95,USGS Mineral Commodity Summaries 2024/2023 - authoritative U.S. government production data with global coverage
Power Amplifiers,Housing,0.91,This is broadly supported across different agents and aligns with standard packaging practices in power amplifiers. The design and protection provided by enclosures are critical for maintaining performance under various environmental conditions,Molybdenum,0.7,Round 3 refinement with peer support: 0,811020,MEXICO,METRIC TONS,15000.0,5.77,0.95,USGS Mineral Commodity Summaries 2024/2023 - authoritative U.S. government production data with global coverage
Power Amplifiers,Semiconductor Chip,0.9,Several agents proposed semiconductor chips/silicon-based which indicates strong consensus among peers. The confidence is slightly less than maximum as there are minor variations in specific materials mentioned.,Silicon,0.95,Round 3 refinement with peer support: 2,280469,CHINA,THOUSAND METRIC TONS,3600.0,40.0,0.95,USGS Mineral Commodity Summaries 2024/2023 - authoritative U.S. government production data with global coverage
Power Amplifiers,Semiconductor Chip,0.9,Several agents proposed semiconductor chips/silicon-based which indicates strong consensus among peers. The confidence is slightly less than maximum as there are minor variations in specific materials mentioned.,Silicon,0.95,Round 3 refinement with peer support: 2,280469,RUSSIA,THOUSAND METRIC TONS,570.0,6.33,0.95,USGS Mineral Commodity Summaries 2024/2023 - authoritative U.S. government production data with global coverage
Power Amplifiers,Semiconductor Chip,0.9,Several agents proposed semiconductor chips/silicon-based which indicates strong consensus among peers. The confidence is slightly less than maximum as there are minor variations in specific materials mentioned.,Silicon,0.95,Round 3 refinement with peer support: 2,280469,BRAZIL,THOUSAND METRIC TONS,190.0,2.11,0.95,USGS Mineral Commodity Summaries 2024/2023 - authoritative U.S. government production data with global coverage
Power Amplifiers,Semiconductor Chip,0.9,Several agents proposed semiconductor chips/silicon-based which indicates strong consensus among peers. The confidence is slightly less than maximum as there are minor variations in specific materials mentioned.,Silicon,0.95,Round 3 refinement with peer support: 2,280469,NORWAY,THOUSAND METRIC TONS,200.0,2.22,0.95,USGS Mineral Commodity Summaries 2024/2023 - authoritative U.S. government production data with global coverage
Power Amplifiers,Semiconductor Chip,0.9,Several agents proposed semiconductor chips/silicon-based which indicates strong consensus among peers. The confidence is slightly less than maximum as there are minor variations in specific materials mentioned.,Silicon,0.95,Round 3 refinement with peer support: 2,280469,OTHER,THOUSAND METRIC TONS,100.0,1.11,0.95,USGS Mineral Commodity Summaries 2024/2023 - authoritative U.S. government production data with global coverage
Power Amplifiers,Semiconductor Chip,0.9,Several agents proposed semiconductor chips/silicon-based which indicates strong consensus among peers. The confidence is slightly less than maximum as there are minor variations in specific materials mentioned.,Boron,0.7,Round 3 refinement with peer support: 0,280450,Turkey,metric tons,51920.666666666664,43.89,0.867,Based on Turkish Statistical Institute data for 2023; reliable and comprehensive statistics
Power Amplifiers,Semiconductor Chip,0.9,Several agents proposed semiconductor chips/silicon-based which indicates strong consensus among peers. The confidence is slightly less than maximum as there are minor variations in specific materials mentioned.,Boron,0.7,Round 3 refinement with peer support: 0,280450,China,metric tons,38784.666666666664,29.3,0.867,Multi-agent debate consensus
Power Amplifiers,Semiconductor Chip,0.9,Several agents proposed semiconductor chips/silicon-based which indicates strong consensus among peers. The confidence is slightly less than maximum as there are minor variations in specific materials mentioned.,Boron,0.7,Round 3 refinement with peer support: 0,280450,Uzbekistan,metric tons,5777.333333333333,3.62,0.75,Multi-agent debate consensus
Power Amplifiers,Semiconductor Chip,0.9,Several agents proposed semiconductor chips/silicon-based which indicates strong consensus among peers. The confidence is slightly less than maximum as there are minor variations in specific materials mentioned.,Boron,0.7,Round 3 refinement with peer support: 0,280450,Romania,metric tons,1777.6666666666667,1.22,0.767,Multi-agent debate consensus
Power Amplifiers,Semiconductor Chip,0.9,Several agents proposed semiconductor chips/silicon-based which indicates strong consensus among peers. The confidence is slightly less than maximum as there are minor variations in specific materials mentioned.,Boron,0.7,Round 3 refinement with peer support: 0,280450,Jordan,metric tons,3854.5,2.48,0.85,Multi-agent debate consensus
Power Amplifiers,Semiconductor Chip,0.9,Several agents proposed semiconductor chips/silicon-based which indicates strong consensus among peers. The confidence is slightly less than maximum as there are minor variations in specific materials mentioned.,Phosphorus,0.7,Round 3 refinement with peer support: 0,280470,China,metric tons,13136608.5,21.28,0.9,Data from China National Phosphate Industry Association; very reliable statistics.
Power Amplifiers,Semiconductor Chip,0.9,Several agents proposed semiconductor chips/silicon-based which indicates strong consensus among peers. The confidence is slightly less than maximum as there are minor variations in specific materials mentioned.,Phosphorus,0.7,Round 3 refinement with peer support: 0,280470,Egypt,metric tons,12930386.5,15.6,0.895,USGS verified; stable major producer in the global market
Power Amplifiers,Semiconductor Chip,0.9,Several agents proposed semiconductor chips/silicon-based which indicates strong consensus among peers. The confidence is slightly less than maximum as there are minor variations in specific materials mentioned.,Phosphorus,0.7,Round 3 refinement with peer support: 0,280470,Morocco,metric tons,12586314.0,15.19,0.9,Leading producer of phosphate rocks; data from Moroccan government and USGS.
Power Amplifiers,Semiconductor Chip,0.9,Several agents proposed semiconductor chips/silicon-based which indicates strong consensus among peers. The confidence is slightly less than maximum as there are minor variations in specific materials mentioned.,Phosphorus,0.7,Round 3 refinement with peer support: 0,280470,Mexico,metric tons,12903138.5,9.38,0.835,Based on USGS data; reliable and widely recognized production statistics
Power Amplifiers,Semiconductor Chip,0.9,Several agents proposed semiconductor chips/silicon-based which indicates strong consensus among peers. The confidence is slightly less than maximum as there are minor variations in specific materials mentioned.,Phosphorus,0.7,Round 3 refinement with peer support: 0,280470,United States,metric tons,3426746.0,18.9,0.9,Major producer in Florida; data from U.S. Geological Survey.
Power Amplifiers,Mosfet Transistor,0.85,Multiple agents including Agent1 and Agent2 proposed MOSFET transistors. This component is highly critical for power amplifiers given their switching behavior which is fundamental for these devices. The confidence slightly decreases as this component might not be absolute in all applications.,Silicon,0.9,Round 3 refinement with peer support: 2,280469,CHINA,THOUSAND METRIC TONS,3600.0,40.0,0.95,USGS Mineral Commodity Summaries 2024/2023 - authoritative U.S. government production data with global coverage
Power Amplifiers,Mosfet Transistor,0.85,Multiple agents including Agent1 and Agent2 proposed MOSFET transistors. This component is highly critical for power amplifiers given their switching behavior which is fundamental for these devices. The confidence slightly decreases as this component might not be absolute in all applications.,Silicon,0.9,Round 3 refinement with peer support: 2,280469,RUSSIA,THOUSAND METRIC TONS,570.0,6.33,0.95,USGS Mineral Commodity Summaries 2024/2023 - authoritative U.S. government production data with global coverage
Power Amplifiers,Mosfet Transistor,0.85,Multiple agents including Agent1 and Agent2 proposed MOSFET transistors. This component is highly critical for power amplifiers given their switching behavior which is fundamental for these devices. The confidence slightly decreases as this component might not be absolute in all applications.,Silicon,0.9,Round 3 refinement with peer support: 2,280469,BRAZIL,THOUSAND METRIC TONS,190.0,2.11,0.95,USGS Mineral Commodity Summaries 2024/2023 - authoritative U.S. government production data with global coverage
Power Amplifiers,Mosfet Transistor,0.85,Multiple agents including Agent1 and Agent2 proposed MOSFET transistors. This component is highly critical for power amplifiers given their switching behavior which is fundamental for these devices. The confidence slightly decreases as this component might not be absolute in all applications.,Silicon,0.9,Round 3 refinement with peer support: 2,280469,NORWAY,THOUSAND METRIC TONS,200.0,2.22,0.95,USGS Mineral Commodity Summaries 2024/2023 - authoritative U.S. government production data with global coverage
Power Amplifiers,Mosfet Transistor,0.85,Multiple agents including Agent1 and Agent2 proposed MOSFET transistors. This component is highly critical for power amplifiers given their switching behavior which is fundamental for these devices. The confidence slightly decreases as this component might not be absolute in all applications.,Silicon,0.9,Round 3 refinement with peer support: 2,280469,OTHER,THOUSAND METRIC TONS,100.0,1.11,0.95,USGS Mineral Commodity Summaries 2024/2023 - authoritative U.S. government production data with global coverage
Power Amplifiers,Mosfet Transistor,0.85,Multiple agents including Agent1 and Agent2 proposed MOSFET transistors. This component is highly critical for power amplifiers given their switching behavior which is fundamental for these devices. The confidence slightly decreases as this component might not be absolute in all applications.,Boron,0.85,Round 3 refinement with peer support: 1,280450,Turkey,metric tons,51920.666666666664,43.89,0.867,Based on Turkish Statistical Institute data for 2023; reliable and comprehensive statistics
Power Amplifiers,Mosfet Transistor,0.85,Multiple agents including Agent1 and Agent2 proposed MOSFET transistors. This component is highly critical for power amplifiers given their switching behavior which is fundamental for these devices. The confidence slightly decreases as this component might not be absolute in all applications.,Boron,0.85,Round 3 refinement with peer support: 1,280450,China,metric tons,38784.666666666664,29.3,0.867,Multi-agent debate consensus
Power Amplifiers,Mosfet Transistor,0.85,Multiple agents including Agent1 and Agent2 proposed MOSFET transistors. This component is highly critical for power amplifiers given their switching behavior which is fundamental for these devices. The confidence slightly decreases as this component might not be absolute in all applications.,Boron,0.85,Round 3 refinement with peer support: 1,280450,Uzbekistan,metric tons,5777.333333333333,3.62,0.75,Multi-agent debate consensus
Power Amplifiers,Mosfet Transistor,0.85,Multiple agents including Agent1 and Agent2 proposed MOSFET transistors. This component is highly critical for power amplifiers given their switching behavior which is fundamental for these devices. The confidence slightly decreases as this component might not be absolute in all applications.,Boron,0.85,Round 3 refinement with peer support: 1,280450,Romania,metric tons,1777.6666666666667,1.22,0.767,Multi-agent debate consensus
Power Amplifiers,Mosfet Transistor,0.85,Multiple agents including Agent1 and Agent2 proposed MOSFET transistors. This component is highly critical for power amplifiers given their switching behavior which is fundamental for these devices. The confidence slightly decreases as this component might not be absolute in all applications.,Boron,0.85,Round 3 refinement with peer support: 1,280450,Jordan,metric tons,3854.5,2.48,0.85,Multi-agent debate consensus
Power Amplifiers,Resistor/capacitor/inductor,0.8,"A few agents proposed these components (specifically Agent2), which provides moderate support. However, given the complexity of power amplifiers and their reliance on filtering and impedance matching, capacitors and inductors are indeed relevant primary components despite the lower confidence.",Silver,0.85,Round 3 refinement with peer support: 1,710610,MEXICO,METRIC TONS,6400.0,24.62,0.95,USGS Mineral Commodity Summaries 2024/2023 - authoritative U.S. government production data with global coverage
Power Amplifiers,Resistor/capacitor/inductor,0.8,"A few agents proposed these components (specifically Agent2), which provides moderate support. However, given the complexity of power amplifiers and their reliance on filtering and impedance matching, capacitors and inductors are indeed relevant primary components despite the lower confidence.",Silver,0.85,Round 3 refinement with peer support: 1,710610,CHINA,METRIC TONS,3400.0,13.08,0.95,USGS Mineral Commodity Summaries 2024/2023 - authoritative U.S. government production data with global coverage
Power Amplifiers,Resistor/capacitor/inductor,0.8,"A few agents proposed these components (specifically Agent2), which provides moderate support. However, given the complexity of power amplifiers and their reliance on filtering and impedance matching, capacitors and inductors are indeed relevant primary components despite the lower confidence.",Silver,0.85,Round 3 refinement with peer support: 1,710610,PERU,METRIC TONS,3100.0,11.92,0.95,USGS Mineral Commodity Summaries 2024/2023 - authoritative U.S. government production data with global coverage
Power Amplifiers,Resistor/capacitor/inductor,0.8,"A few agents proposed these components (specifically Agent2), which provides moderate support. However, given the complexity of power amplifiers and their reliance on filtering and impedance matching, capacitors and inductors are indeed relevant primary components despite the lower confidence.",Silver,0.85,Round 3 refinement with peer support: 1,710610,OTHER,METRIC TONS,3000.0,11.54,0.95,USGS Mineral Commodity Summaries 2024/2023 - authoritative U.S. government production data with global coverage
Power Amplifiers,Resistor/capacitor/inductor,0.8,"A few agents proposed these components (specifically Agent2), which provides moderate support. However, given the complexity of power amplifiers and their reliance on filtering and impedance matching, capacitors and inductors are indeed relevant primary components despite the lower confidence.",Silver,0.85,Round 3 refinement with peer support: 1,710610,CHILE,METRIC TONS,1400.0,5.38,0.95,USGS Mineral Commodity Summaries 2024/2023 - authoritative U.S. government production data with global coverage
Power Amplifiers,Resistor/capacitor/inductor,0.8,"A few agents proposed these components (specifically Agent2), which provides moderate support. However, given the complexity of power amplifiers and their reliance on filtering and impedance matching, capacitors and inductors are indeed relevant primary components despite the lower confidence.",Manganese,0.7,Round 3 refinement with peer support: 0,280300,SOUTH AFRICA,THOUSAND METRIC TONS,7200.0,36.0,0.95,USGS Mineral Commodity Summaries 2024/2023 - authoritative U.S. government production data with global coverage
Power Amplifiers,Resistor/capacitor/inductor,0.8,"A few agents proposed these components (specifically Agent2), which provides moderate support. However, given the complexity of power amplifiers and their reliance on filtering and impedance matching, capacitors and inductors are indeed relevant primary components despite the lower confidence.",Manganese,0.7,Round 3 refinement with peer support: 0,280300,GABON,THOUSAND METRIC TONS,4600.0,23.0,0.95,USGS Mineral Commodity Summaries 2024/2023 - authoritative U.S. government production data with global coverage
Power Amplifiers,Resistor/capacitor/inductor,0.8,"A few agents proposed these components (specifically Agent2), which provides moderate support. However, given the complexity of power amplifiers and their reliance on filtering and impedance matching, capacitors and inductors are indeed relevant primary components despite the lower confidence.",Manganese,0.7,Round 3 refinement with peer support: 0,280300,AUSTRALIA,THOUSAND METRIC TONS,3000.0,15.0,0.95,USGS Mineral Commodity Summaries 2024/2023 - authoritative U.S. government production data with global coverage
Power Amplifiers,Resistor/capacitor/inductor,0.8,"A few agents proposed these components (specifically Agent2), which provides moderate support. However, given the complexity of power amplifiers and their reliance on filtering and impedance matching, capacitors and inductors are indeed relevant primary components despite the lower confidence.",Manganese,0.7,Round 3 refinement with peer support: 0,280300,GHANA,THOUSAND METRIC TONS,840.0,4.2,0.95,USGS Mineral Commodity Summaries 2024/2023 - authoritative U.S. government production data with global coverage
Power Amplifiers,Resistor/capacitor/inductor,0.8,"A few agents proposed these components (specifically Agent2), which provides moderate support. However, given the complexity of power amplifiers and their reliance on filtering and impedance matching, capacitors and inductors are indeed relevant primary components despite the lower confidence.",Manganese,0.7,Round 3 refinement with peer support: 0,280300,CHINA,THOUSAND METRIC TONS,740.0,3.7,0.95,USGS Mineral Commodity Summaries 2024/2023 - authoritative U.S. government production data with global coverage
Hydroponic Systems,Water Delivery System,0.95,"This is a core component for providing water to the plants in a hydroponic system and typically includes components like pumps and tubing, which are widely recognized as essential.",Polyethylene,0.7,Round 3 refinement with peer support: 0,390110,China,metric tons,2816666.6666666665,26.47,0.897,Multi-agent debate consensus
Hydroponic Systems,Water Delivery System,0.95,"This is a core component for providing water to the plants in a hydroponic system and typically includes components like pumps and tubing, which are widely recognized as essential.",Polyethylene,0.7,Round 3 refinement with peer support: 0,390110,Saudi Arabia,metric tons,3320000.0,17.07,0.847,Multi-agent debate consensus
Hydroponic Systems,Water Delivery System,0.95,"This is a core component for providing water to the plants in a hydroponic system and typically includes components like pumps and tubing, which are widely recognized as essential.",Polyethylene,0.7,Round 3 refinement with peer support: 0,390110,United States,metric tons,2666666.6666666665,16.77,0.873,Multi-agent debate consensus
Hydroponic Systems,Water Delivery System,0.95,"This is a core component for providing water to the plants in a hydroponic system and typically includes components like pumps and tubing, which are widely recognized as essential.",Polyethylene,0.7,Round 3 refinement with peer support: 0,390110,Japan,metric tons,941666.6666666666,8.8,0.813,Multi-agent debate consensus
Hydroponic Systems,Water Delivery System,0.95,"This is a core component for providing water to the plants in a hydroponic system and typically includes components like pumps and tubing, which are widely recognized as essential.",Polyethylene,0.7,Round 3 refinement with peer support: 0,390110,Germany,metric tons,1193333.3333333333,7.77,0.75,Multi-agent debate consensus
Hydroponic Systems,Grow Pots/containers,0.92,These provide the physical structure where plants grow and are vital in any hydroponics setup for root anchorage and nutrient uptake.,Ceramic,0.85,Round 3 refinement with peer support: 1,691010,China,metric tons,1670000.0,41.53,0.83,"China is the largest producer and consumer of ceramics globally, leveraging large-scale manufacturing capabilities."
Hydroponic Systems,Grow Pots/containers,0.92,These provide the physical structure where plants grow and are vital in any hydroponics setup for root anchorage and nutrient uptake.,Ceramic,0.85,Round 3 refinement with peer support: 1,691010,India,metric tons,719233.3333333334,13.13,0.7,Primary source for kaolin and other clays; data from Indian Bureau of Mines.
Hydroponic Systems,Grow Pots/containers,0.92,These provide the physical structure where plants grow and are vital in any hydroponics setup for root anchorage and nutrient uptake.,Ceramic,0.85,Round 3 refinement with peer support: 1,691010,Germany,metric tons,220733.33333333334,5.5,0.817,Multi-agent debate consensus
Hydroponic Systems,Grow Pots/containers,0.92,These provide the physical structure where plants grow and are vital in any hydroponics setup for root anchorage and nutrient uptake.,Ceramic,0.85,Round 3 refinement with peer support: 1,691010,Spain,metric tons,172033.33333333334,4.37,0.75,Multi-agent debate consensus
Hydroponic Systems,Grow Pots/containers,0.92,These provide the physical structure where plants grow and are vital in any hydroponics setup for root anchorage and nutrient uptake.,Ceramic,0.85,Round 3 refinement with peer support: 1,691010,Japan,metric tons,258500.0,8.2,0.9,Multi-agent debate consensus
Hydroponic Systems,Grow Pots/containers,0.92,These provide the physical structure where plants grow and are vital in any hydroponics setup for root anchorage and nutrient uptake.,Polyethylene,0.7,Round 3 refinement with peer support: 0,390110,China,metric tons,2816666.6666666665,26.47,0.897,Multi-agent debate consensus
Hydroponic Systems,Grow Pots/containers,0.92,These provide the physical structure where plants grow and are vital in any hydroponics setup for root anchorage and nutrient uptake.,Polyethylene,0.7,Round 3 refinement with peer support: 0,390110,Saudi Arabia,metric tons,3320000.0,17.07,0.847,Multi-agent debate consensus
Hydroponic Systems,Grow Pots/containers,0.92,These provide the physical structure where plants grow and are vital in any hydroponics setup for root anchorage and nutrient uptake.,Polyethylene,0.7,Round 3 refinement with peer support: 0,390110,United States,metric tons,2666666.6666666665,16.77,0.873,Multi-agent debate consensus
Hydroponic Systems,Grow Pots/containers,0.92,These provide the physical structure where plants grow and are vital in any hydroponics setup for root anchorage and nutrient uptake.,Polyethylene,0.7,Round 3 refinement with peer support: 0,390110,Japan,metric tons,941666.6666666666,8.8,0.813,Multi-agent debate consensus
Hydroponic Systems,Grow Pots/containers,0.92,These provide the physical structure where plants grow and are vital in any hydroponics setup for root anchorage and nutrient uptake.,Polyethylene,0.7,Round 3 refinement with peer support: 0,390110,Germany,metric tons,1193333.3333333333,7.77,0.75,Multi-agent debate consensus
Hydroponic Systems,Nutrient Solution Supply System,0.92,"This component is proposed by Agent3 with 0.88 confidence and also implicitly supported by other components like the nutrient delivery system, which shows its importance to the overall system.",Stainless steel,0.7,Round 3 refinement with peer support: 0,722000,China,metric tons,23728213.189999998,51.73,0.85,Data from industry reports and the International Steel Association.
Hydroponic Systems,Nutrient Solution Supply System,0.92,"This component is proposed by Agent3 with 0.88 confidence and also implicitly supported by other components like the nutrient delivery system, which shows its importance to the overall system.",Stainless steel,0.7,Round 3 refinement with peer support: 0,722000,India,metric tons,5343088.723333334,12.83,0.8,Data from the International Steel Association.
Hydroponic Systems,Nutrient Solution Supply System,0.92,"This component is proposed by Agent3 with 0.88 confidence and also implicitly supported by other components like the nutrient delivery system, which shows its importance to the overall system.",Stainless steel,0.7,Round 3 refinement with peer support: 0,722000,Japan,metric tons,2571949.96,9.43,0.867,"Data from the Ministry of Economy, Trade and Industry (METI)."
Hydroponic Systems,Nutrient Solution Supply System,0.92,"This component is proposed by Agent3 with 0.88 confidence and also implicitly supported by other components like the nutrient delivery system, which shows its importance to the overall system.",Stainless steel,0.7,Round 3 refinement with peer support: 0,722000,South Korea,metric tons,2152901.0100000002,5.33,0.783,Data from the Korean Steel Federation.
Hydroponic Systems,Nutrient Solution Supply System,0.92,"This component is proposed by Agent3 with 0.88 confidence and also implicitly supported by other components like the nutrient delivery system, which shows its importance to the overall system.",Stainless steel,0.7,Round 3 refinement with peer support: 0,722000,Germany,metric tons,1801315.3533333333,6.4,0.767,Data from the Statistical Office of the European Union (Eurostat).
Hydroponic Systems,Nutrient Solution Supply System,0.92,"This component is proposed by Agent3 with 0.88 confidence and also implicitly supported by other components like the nutrient delivery system, which shows its importance to the overall system.",Polyethylene,0.7,Round 3 refinement with peer support: 0,390110,China,metric tons,2816666.6666666665,26.47,0.897,Multi-agent debate consensus
Hydroponic Systems,Nutrient Solution Supply System,0.92,"This component is proposed by Agent3 with 0.88 confidence and also implicitly supported by other components like the nutrient delivery system, which shows its importance to the overall system.",Polyethylene,0.7,Round 3 refinement with peer support: 0,390110,Saudi Arabia,metric tons,3320000.0,17.07,0.847,Multi-agent debate consensus
Hydroponic Systems,Nutrient Solution Supply System,0.92,"This component is proposed by Agent3 with 0.88 confidence and also implicitly supported by other components like the nutrient delivery system, which shows its importance to the overall system.",Polyethylene,0.7,Round 3 refinement with peer support: 0,390110,United States,metric tons,2666666.6666666665,16.77,0.873,Multi-agent debate consensus
Hydroponic Systems,Nutrient Solution Supply System,0.92,"This component is proposed by Agent3 with 0.88 confidence and also implicitly supported by other components like the nutrient delivery system, which shows its importance to the overall system.",Polyethylene,0.7,Round 3 refinement with peer support: 0,390110,Japan,metric tons,941666.6666666666,8.8,0.813,Multi-agent debate consensus
Hydroponic Systems,Nutrient Solution Supply System,0.92,"This component is proposed by Agent3 with 0.88 confidence and also implicitly supported by other components like the nutrient delivery system, which shows its importance to the overall system.",Polyethylene,0.7,Round 3 refinement with peer support: 0,390110,Germany,metric tons,1193333.3333333333,7.77,0.75,Multi-agent debate consensus
Hydroponic Systems,Led Lighting System,0.9,"Lighting is essential in hydroponics to mimic sunlight for photosynthesis, and LEDs are commonly used due to energy efficiency and adjustable spectra.",Aluminum,0.85,Round 3 refinement with peer support: 1,280300,CHINA,THOUSAND METRIC TONS,41000.0,58.57,0.95,USGS Mineral Commodity Summaries 2024/2023 - authoritative U.S. government production data with global coverage
Hydroponic Systems,Led Lighting System,0.9,"Lighting is essential in hydroponics to mimic sunlight for photosynthesis, and LEDs are commonly used due to energy efficiency and adjustable spectra.",Aluminum,0.85,Round 3 refinement with peer support: 1,280300,OTHER,THOUSAND METRIC TONS,7000.0,10.0,0.95,USGS Mineral Commodity Summaries 2024/2023 - authoritative U.S. government production data with global coverage
Hydroponic Systems,Led Lighting System,0.9,"Lighting is essential in hydroponics to mimic sunlight for photosynthesis, and LEDs are commonly used due to energy efficiency and adjustable spectra.",Aluminum,0.85,Round 3 refinement with peer support: 1,280300,INDIA,THOUSAND METRIC TONS,4100.0,5.86,0.95,USGS Mineral Commodity Summaries 2024/2023 - authoritative U.S. government production data with global coverage
Hydroponic Systems,Led Lighting System,0.9,"Lighting is essential in hydroponics to mimic sunlight for photosynthesis, and LEDs are commonly used due to energy efficiency and adjustable spectra.",Aluminum,0.85,Round 3 refinement with peer support: 1,280300,RUSSIA,THOUSAND METRIC TONS,3800.0,5.43,0.95,USGS Mineral Commodity Summaries 2024/2023 - authoritative U.S. government production data with global coverage
Hydroponic Systems,Led Lighting System,0.9,"Lighting is essential in hydroponics to mimic sunlight for photosynthesis, and LEDs are commonly used due to energy efficiency and adjustable spectra.",Aluminum,0.85,Round 3 refinement with peer support: 1,280300,CANADA,THOUSAND METRIC TONS,3000.0,4.29,0.95,USGS Mineral Commodity Summaries 2024/2023 - authoritative U.S. government production data with global coverage
Hydroponic Systems,Led Lighting System,0.9,"Lighting is essential in hydroponics to mimic sunlight for photosynthesis, and LEDs are commonly used due to energy efficiency and adjustable spectra.",Copper,0.7,Round 3 refinement with peer support: 0,740100,CHINA,THOUSAND METRIC TONS,1700.0,3.47,0.95,USGS Mineral Commodity Summaries 2024/2023 - authoritative U.S. government production data with global coverage
Hydroponic Systems,Led Lighting System,0.9,"Lighting is essential in hydroponics to mimic sunlight for photosynthesis, and LEDs are commonly used due to energy efficiency and adjustable spectra.",Copper,0.7,Round 3 refinement with peer support: 0,740100,CHILE,THOUSAND METRIC TONS,5000.0,10.2,0.95,USGS Mineral Commodity Summaries 2024/2023 - authoritative U.S. government production data with global coverage
Hydroponic Systems,Led Lighting System,0.9,"Lighting is essential in hydroponics to mimic sunlight for photosynthesis, and LEDs are commonly used due to energy efficiency and adjustable spectra.",Copper,0.7,Round 3 refinement with peer support: 0,740100,OTHER,THOUSAND METRIC TONS,3100.0,6.33,0.95,USGS Mineral Commodity Summaries 2024/2023 - authoritative U.S. government production data with global coverage
Hydroponic Systems,Led Lighting System,0.9,"Lighting is essential in hydroponics to mimic sunlight for photosynthesis, and LEDs are commonly used due to energy efficiency and adjustable spectra.",Copper,0.7,Round 3 refinement with peer support: 0,740100,CONGO,THOUSAND METRIC TONS,2500.0,5.1,0.95,USGS Mineral Commodity Summaries 2024/2023 - authoritative U.S. government production data with global coverage
Hydroponic Systems,Led Lighting System,0.9,"Lighting is essential in hydroponics to mimic sunlight for photosynthesis, and LEDs are commonly used due to energy efficiency and adjustable spectra.",Copper,0.7,Round 3 refinement with peer support: 0,740100,PERU,THOUSAND METRIC TONS,2600.0,5.31,0.95,USGS Mineral Commodity Summaries 2024/2023 - authoritative U.S. government production data with global coverage
Hydroponic Systems,Led Lighting System,0.9,"Lighting is essential in hydroponics to mimic sunlight for photosynthesis, and LEDs are commonly used due to energy efficiency and adjustable spectra.",Aluminum nitride,0.7,Round 3 refinement with peer support: 0,285000,Japan,metric tons,15725.0,34.44,0.8,Leading producer with multiple research and development hubs; data from industry reports.
Hydroponic Systems,Led Lighting System,0.9,"Lighting is essential in hydroponics to mimic sunlight for photosynthesis, and LEDs are commonly used due to energy efficiency and adjustable spectra.",Aluminum nitride,0.7,Round 3 refinement with peer support: 0,285000,China,metric tons,10912.666666666666,19.62,0.783,Major production by state-owned enterprises; well-documented in market statistics.
Hydroponic Systems,Led Lighting System,0.9,"Lighting is essential in hydroponics to mimic sunlight for photosynthesis, and LEDs are commonly used due to energy efficiency and adjustable spectra.",Aluminum nitride,0.7,Round 3 refinement with peer support: 0,285000,South Korea,metric tons,4365.0,7.52,0.767,Advanced semiconductor manufacturing capabilities; detailed data from industry surveys.
Hydroponic Systems,Led Lighting System,0.9,"Lighting is essential in hydroponics to mimic sunlight for photosynthesis, and LEDs are commonly used due to energy efficiency and adjustable spectra.",Aluminum nitride,0.7,Round 3 refinement with peer support: 0,285000,Germany,metric tons,2646.3333333333335,9.06,0.773,Solid industrial base for aluminum nitride; recent expansions in production capacity.
Hydroponic Systems,Led Lighting System,0.9,"Lighting is essential in hydroponics to mimic sunlight for photosynthesis, and LEDs are commonly used due to energy efficiency and adjustable spectra.",Aluminum nitride,0.7,Round 3 refinement with peer support: 0,285000,Italy,metric tons,4366.333333333333,7.71,0.75,Multi-agent debate consensus
Hydroponic Systems,Grow Light,0.95,"Peer proposal has high consensus and strong support across multiple agents, indicating this is a critical component for hydroponic systems.",Copper,0.7,Round 3 refinement with peer support: 0,740100,CHINA,THOUSAND METRIC TONS,1700.0,3.47,0.95,USGS Mineral Commodity Summaries 2024/2023 - authoritative U.S. government production data with global coverage
Hydroponic Systems,Grow Light,0.95,"Peer proposal has high consensus and strong support across multiple agents, indicating this is a critical component for hydroponic systems.",Copper,0.7,Round 3 refinement with peer support: 0,740100,CHILE,THOUSAND METRIC TONS,5000.0,10.2,0.95,USGS Mineral Commodity Summaries 2024/2023 - authoritative U.S. government production data with global coverage
Hydroponic Systems,Grow Light,0.95,"Peer proposal has high consensus and strong support across multiple agents, indicating this is a critical component for hydroponic systems.",Copper,0.7,Round 3 refinement with peer support: 0,740100,OTHER,THOUSAND METRIC TONS,3100.0,6.33,0.95,USGS Mineral Commodity Summaries 2024/2023 - authoritative U.S. government production data with global coverage
Hydroponic Systems,Grow Light,0.95,"Peer proposal has high consensus and strong support across multiple agents, indicating this is a critical component for hydroponic systems.",Copper,0.7,Round 3 refinement with peer support: 0,740100,CONGO,THOUSAND METRIC TONS,2500.0,5.1,0.95,USGS Mineral Commodity Summaries 2024/2023 - authoritative U.S. government production data with global coverage
Hydroponic Systems,Grow Light,0.95,"Peer proposal has high consensus and strong support across multiple agents, indicating this is a critical component for hydroponic systems.",Copper,0.7,Round 3 refinement with peer support: 0,740100,PERU,THOUSAND METRIC TONS,2600.0,5.31,0.95,USGS Mineral Commodity Summaries 2024/2023 - authoritative U.S. government production data with global coverage
Hydroponic Systems,Climate Control Components,0.85,Consistent recognition among agents that optimal growth conditions depend on precise climate control.,Aluminum,0.7,Round 3 refinement with peer support: 0,280300,CHINA,THOUSAND METRIC TONS,41000.0,58.57,0.95,USGS Mineral Commodity Summaries 2024/2023 - authoritative U.S. government production data with global coverage
Hydroponic Systems,Climate Control Components,0.85,Consistent recognition among agents that optimal growth conditions depend on precise climate control.,Aluminum,0.7,Round 3 refinement with peer support: 0,280300,OTHER,THOUSAND METRIC TONS,7000.0,10.0,0.95,USGS Mineral Commodity Summaries 2024/2023 - authoritative U.S. government production data with global coverage
Hydroponic Systems,Climate Control Components,0.85,Consistent recognition among agents that optimal growth conditions depend on precise climate control.,Aluminum,0.7,Round 3 refinement with peer support: 0,280300,INDIA,THOUSAND METRIC TONS,4100.0,5.86,0.95,USGS Mineral Commodity Summaries 2024/2023 - authoritative U.S. government production data with global coverage
Hydroponic Systems,Climate Control Components,0.85,Consistent recognition among agents that optimal growth conditions depend on precise climate control.,Aluminum,0.7,Round 3 refinement with peer support: 0,280300,RUSSIA,THOUSAND METRIC TONS,3800.0,5.43,0.95,USGS Mineral Commodity Summaries 2024/2023 - authoritative U.S. government production data with global coverage
Hydroponic Systems,Climate Control Components,0.85,Consistent recognition among agents that optimal growth conditions depend on precise climate control.,Aluminum,0.7,Round 3 refinement with peer support: 0,280300,CANADA,THOUSAND METRIC TONS,3000.0,4.29,0.95,USGS Mineral Commodity Summaries 2024/2023 - authoritative U.S. government production data with global coverage
Hydroponic Systems,Climate Control Components,0.85,Consistent recognition among agents that optimal growth conditions depend on precise climate control.,Stainless steel,0.7,Round 3 refinement with peer support: 0,722000,China,metric tons,23728213.189999998,51.73,0.85,Data from industry reports and the International Steel Association.
Hydroponic Systems,Climate Control Components,0.85,Consistent recognition among agents that optimal growth conditions depend on precise climate control.,Stainless steel,0.7,Round 3 refinement with peer support: 0,722000,India,metric tons,5343088.723333334,12.83,0.8,Data from the International Steel Association.
Hydroponic Systems,Climate Control Components,0.85,Consistent recognition among agents that optimal growth conditions depend on precise climate control.,Stainless steel,0.7,Round 3 refinement with peer support: 0,722000,Japan,metric tons,2571949.96,9.43,0.867,"Data from the Ministry of Economy, Trade and Industry (METI)."
Hydroponic Systems,Climate Control Components,0.85,Consistent recognition among agents that optimal growth conditions depend on precise climate control.,Stainless steel,0.7,Round 3 refinement with peer support: 0,722000,South Korea,metric tons,2152901.0100000002,5.33,0.783,Data from the Korean Steel Federation.
Hydroponic Systems,Climate Control Components,0.85,Consistent recognition among agents that optimal growth conditions depend on precise climate control.,Stainless steel,0.7,Round 3 refinement with peer support: 0,722000,Germany,metric tons,1801315.3533333333,6.4,0.767,Data from the Statistical Office of the European Union (Eurostat).
Mass Spectrometer,Ion Source,1.0,Very strong consensus among agents (0.98 to 1.00) suggests this is a crucial component of the mass spectrometer.,Aluminum,0.95,Round 3 refinement with peer support: 2,280300,CHINA,THOUSAND METRIC TONS,41000.0,58.57,0.95,USGS Mineral Commodity Summaries 2024/2023 - authoritative U.S. government production data with global coverage
Mass Spectrometer,Ion Source,1.0,Very strong consensus among agents (0.98 to 1.00) suggests this is a crucial component of the mass spectrometer.,Aluminum,0.95,Round 3 refinement with peer support: 2,280300,OTHER,THOUSAND METRIC TONS,7000.0,10.0,0.95,USGS Mineral Commodity Summaries 2024/2023 - authoritative U.S. government production data with global coverage
Mass Spectrometer,Ion Source,1.0,Very strong consensus among agents (0.98 to 1.00) suggests this is a crucial component of the mass spectrometer.,Aluminum,0.95,Round 3 refinement with peer support: 2,280300,INDIA,THOUSAND METRIC TONS,4100.0,5.86,0.95,USGS Mineral Commodity Summaries 2024/2023 - authoritative U.S. government production data with global coverage
Mass Spectrometer,Ion Source,1.0,Very strong consensus among agents (0.98 to 1.00) suggests this is a crucial component of the mass spectrometer.,Aluminum,0.95,Round 3 refinement with peer support: 2,280300,RUSSIA,THOUSAND METRIC TONS,3800.0,5.43,0.95,USGS Mineral Commodity Summaries 2024/2023 - authoritative U.S. government production data with global coverage
Mass Spectrometer,Ion Source,1.0,Very strong consensus among agents (0.98 to 1.00) suggests this is a crucial component of the mass spectrometer.,Aluminum,0.95,Round 3 refinement with peer support: 2,280300,CANADA,THOUSAND METRIC TONS,3000.0,4.29,0.95,USGS Mineral Commodity Summaries 2024/2023 - authoritative U.S. government production data with global coverage
Mass Spectrometer,Ion Source,1.0,Very strong consensus among agents (0.98 to 1.00) suggests this is a crucial component of the mass spectrometer.,Antimony,0.775,Round 3 refinement with peer support: 1,811100,CHINA,METRIC TONS,40000.0,48.19,0.95,USGS Mineral Commodity Summaries 2024/2023 - authoritative U.S. government production data with global coverage
Mass Spectrometer,Ion Source,1.0,Very strong consensus among agents (0.98 to 1.00) suggests this is a crucial component of the mass spectrometer.,Antimony,0.775,Round 3 refinement with peer support: 1,811100,TAJIKISTAN,METRIC TONS,21000.0,25.3,0.95,USGS Mineral Commodity Summaries 2024/2023 - authoritative U.S. government production data with global coverage
Mass Spectrometer,Ion Source,1.0,Very strong consensus among agents (0.98 to 1.00) suggests this is a crucial component of the mass spectrometer.,Antimony,0.775,Round 3 refinement with peer support: 1,811100,TURKEY,METRIC TONS,6000.0,7.23,0.95,USGS Mineral Commodity Summaries 2024/2023 - authoritative U.S. government production data with global coverage
Mass Spectrometer,Ion Source,1.0,Very strong consensus among agents (0.98 to 1.00) suggests this is a crucial component of the mass spectrometer.,Antimony,0.775,Round 3 refinement with peer support: 1,811100,BURMA,METRIC TONS,4600.0,5.54,0.95,USGS Mineral Commodity Summaries 2024/2023 - authoritative U.S. government production data with global coverage
Mass Spectrometer,Ion Source,1.0,Very strong consensus among agents (0.98 to 1.00) suggests this is a crucial component of the mass spectrometer.,Antimony,0.775,Round 3 refinement with peer support: 1,811100,RUSSIA,METRIC TONS,4300.0,5.18,0.95,USGS Mineral Commodity Summaries 2024/2023 - authoritative U.S. government production data with global coverage
Mass Spectrometer,Ion Source,1.0,Very strong consensus among agents (0.98 to 1.00) suggests this is a crucial component of the mass spectrometer.,Boron nitride,0.7,Round 3 refinement with peer support: 0,285000,United States,metric tons,5841.333333333333,35.67,0.783,Primary producer with detailed industry reports; data reasonably reliable but can vary.
Mass Spectrometer,Ion Source,1.0,Very strong consensus among agents (0.98 to 1.00) suggests this is a crucial component of the mass spectrometer.,Boron nitride,0.7,Round 3 refinement with peer support: 0,285000,China,metric tons,3441.0,29.37,0.773,"One of the major producers, with robust mining operations and significant market share. Data from industry reports and Chinese government figures."
Mass Spectrometer,Ion Source,1.0,Very strong consensus among agents (0.98 to 1.00) suggests this is a crucial component of the mass spectrometer.,Boron nitride,0.7,Round 3 refinement with peer support: 0,285000,Japan,metric tons,386.3333333333333,11.33,0.75,"Another key producer, focusing on high-demand applications like electronics and coatings. Data from Ministry of Economy, Trade and Industry reports."
Mass Spectrometer,Ion Source,1.0,Very strong consensus among agents (0.98 to 1.00) suggests this is a crucial component of the mass spectrometer.,Boron nitride,0.7,Round 3 refinement with peer support: 0,285000,Germany,metric tons,255.0,3.67,0.667,"Industrial usage and production, though minor;"
Mass Spectrometer,Ion Source,1.0,Very strong consensus among agents (0.98 to 1.00) suggests this is a crucial component of the mass spectrometer.,Boron nitride,0.7,Round 3 refinement with peer support: 0,285000,Italy,metric tons,179.33333333333334,2.4,0.617,Known for its research activities and industrial scale applications in advanced materials.
Mass Spectrometer,Ion Source,1.0,Very strong consensus among agents (0.98 to 1.00) suggests this is a crucial component of the mass spectrometer.,Acetone,0.7,Round 3 refinement with peer support: 0,291411,Japan,metric tons,413000.0,23.9,0.83,Based on reports from the Japan Plastics Manufacturers Association and industry insights; Japan is a large producer in East Asia.
Mass Spectrometer,Ion Source,1.0,Very strong consensus among agents (0.98 to 1.00) suggests this is a crucial component of the mass spectrometer.,Acetone,0.7,Round 3 refinement with peer support: 0,291411,South Korea,metric tons,227666.66666666666,13.37,0.75,South Korea has robust petrochemical industries that produce acetone; data comes from the Federation of Korean Chemical Industry Association and industry reports.
Mass Spectrometer,Ion Source,1.0,Very strong consensus among agents (0.98 to 1.00) suggests this is a crucial component of the mass spectrometer.,Acetone,0.7,Round 3 refinement with peer support: 0,291411,United States,metric tons,189333.33333333334,9.93,0.797,"The U.S., with large petrochemical industries in regions like Texas, is a major producer; data from the American Chemistry Council."
Mass Spectrometer,Ion Source,1.0,Very strong consensus among agents (0.98 to 1.00) suggests this is a crucial component of the mass spectrometer.,Acetone,0.7,Round 3 refinement with peer support: 0,291411,China,metric tons,316666.6666666667,16.33,0.75,Largest producer in the world with significant chemical manufacturing capacity; reliable data from industry reports
Mass Spectrometer,Ion Source,1.0,Very strong consensus among agents (0.98 to 1.00) suggests this is a crucial component of the mass spectrometer.,Acetone,0.7,Round 3 refinement with peer support: 0,291411,Germany,metric tons,136333.33333333334,7.9,0.75,Germany's strong chemical industry supports high acetone production; data from Statista and the German Chemical Industry Association.
Mass Spectrometer,Ion Source,1.0,Very strong consensus among agents (0.98 to 1.00) suggests this is a crucial component of the mass spectrometer.,Barium titanate,0.7,Round 3 refinement with peer support: 0,282590,Japan,metric tons,12166.666666666666,35.67,0.733,Second largest producer with well-documented industrial production; data from Japan’s Metal Association.
Mass Spectrometer,Ion Source,1.0,Very strong consensus among agents (0.98 to 1.00) suggests this is a crucial component of the mass spectrometer.,Barium titanate,0.7,Round 3 refinement with peer support: 0,282590,China,metric tons,5466.666666666667,28.5,0.767,Growing industrial base with expanding focus on high-tech materials.
Mass Spectrometer,Ion Source,1.0,Very strong consensus among agents (0.98 to 1.00) suggests this is a crucial component of the mass spectrometer.,Barium titanate,0.7,Round 3 refinement with peer support: 0,282590,Germany,metric tons,3666.6666666666665,8.33,0.767,Advanced manufacturing sector driven by academic and industrial R&D.
Mass Spectrometer,Ion Source,1.0,Very strong consensus among agents (0.98 to 1.00) suggests this is a crucial component of the mass spectrometer.,Barium titanate,0.7,Round 3 refinement with peer support: 0,282590,South Korea,metric tons,2300.0,5.17,0.75,Significant in electronics and advanced ceramics; industry report data.
Mass Spectrometer,Ion Source,1.0,Very strong consensus among agents (0.98 to 1.00) suggests this is a crucial component of the mass spectrometer.,Barium titanate,0.7,Round 3 refinement with peer support: 0,282590,United States,metric tons,1350.0,12.5,0.825,Third major producer with active mining operations; USGS verified.
Mass Spectrometer,Mass Analyzer,1.0,High degree of agreement from multiple sources (average confidence: 0.97) indicates strong support for the Mass Analyzer as a primary component.,Silicon,0.7,Round 3 refinement with peer support: 0,280469,CHINA,THOUSAND METRIC TONS,3600.0,40.0,0.95,USGS Mineral Commodity Summaries 2024/2023 - authoritative U.S. government production data with global coverage
Mass Spectrometer,Mass Analyzer,1.0,High degree of agreement from multiple sources (average confidence: 0.97) indicates strong support for the Mass Analyzer as a primary component.,Silicon,0.7,Round 3 refinement with peer support: 0,280469,RUSSIA,THOUSAND METRIC TONS,570.0,6.33,0.95,USGS Mineral Commodity Summaries 2024/2023 - authoritative U.S. government production data with global coverage
Mass Spectrometer,Mass Analyzer,1.0,High degree of agreement from multiple sources (average confidence: 0.97) indicates strong support for the Mass Analyzer as a primary component.,Silicon,0.7,Round 3 refinement with peer support: 0,280469,BRAZIL,THOUSAND METRIC TONS,190.0,2.11,0.95,USGS Mineral Commodity Summaries 2024/2023 - authoritative U.S. government production data with global coverage
Mass Spectrometer,Mass Analyzer,1.0,High degree of agreement from multiple sources (average confidence: 0.97) indicates strong support for the Mass Analyzer as a primary component.,Silicon,0.7,Round 3 refinement with peer support: 0,280469,NORWAY,THOUSAND METRIC TONS,200.0,2.22,0.95,USGS Mineral Commodity Summaries 2024/2023 - authoritative U.S. government production data with global coverage
Mass Spectrometer,Mass Analyzer,1.0,High degree of agreement from multiple sources (average confidence: 0.97) indicates strong support for the Mass Analyzer as a primary component.,Silicon,0.7,Round 3 refinement with peer support: 0,280469,OTHER,THOUSAND METRIC TONS,100.0,1.11,0.95,USGS Mineral Commodity Summaries 2024/2023 - authoritative U.S. government production data with global coverage
Mass Spectrometer,Mass Analyzer,1.0,High degree of agreement from multiple sources (average confidence: 0.97) indicates strong support for the Mass Analyzer as a primary component.,Bromophenol blue,0.7,Round 3 refinement with peer support: 0,320419,Germany,kg,2933.3333333333335,27.0,0.683,Germany is a major player in fine chemicals and likely produces significant bromophenol blue for the global market.
Mass Spectrometer,Mass Analyzer,1.0,High degree of agreement from multiple sources (average confidence: 0.97) indicates strong support for the Mass Analyzer as a primary component.,Bromophenol blue,0.7,Round 3 refinement with peer support: 0,320419,China,kg,1630.0,20.67,0.683,China's chemical sector has been increasingly producing a variety of dye intermediates and additives for the global market.
Mass Spectrometer,Mass Analyzer,1.0,High degree of agreement from multiple sources (average confidence: 0.97) indicates strong support for the Mass Analyzer as a primary component.,Bromophenol blue,0.7,Round 3 refinement with peer support: 0,320419,Japan,kg,1913.3333333333333,13.33,0.7,"Advanced chemical industry with high tech applications, reliable data from reports."
Mass Spectrometer,Mass Analyzer,1.0,High degree of agreement from multiple sources (average confidence: 0.97) indicates strong support for the Mass Analyzer as a primary component.,Bromophenol blue,0.7,Round 3 refinement with peer support: 0,320419,United States,kg,2446.6666666666665,18.0,0.6,The US has several large chemical companies that contribute to bromophenol blue production for the market.
Mass Spectrometer,Mass Analyzer,1.0,High degree of agreement from multiple sources (average confidence: 0.97) indicates strong support for the Mass Analyzer as a primary component.,Bromophenol blue,0.7,Round 3 refinement with peer support: 0,320419,South Korea,kg,885.0,9.5,0.75,South Korean companies are known for producing a variety of chemical intermediates and may include bromophenol blue as one of their products.
Mass Spectrometer,Mass Analyzer,1.0,High degree of agreement from multiple sources (average confidence: 0.97) indicates strong support for the Mass Analyzer as a primary component.,Beryllium,0.7,Round 3 refinement with peer support: 0,811212,UNITED STATES,METRIC TONS,190.0,57.58,0.95,USGS Mineral Commodity Summaries 2024/2023 - authoritative U.S. government production data with global coverage
Mass Spectrometer,Mass Analyzer,1.0,High degree of agreement from multiple sources (average confidence: 0.97) indicates strong support for the Mass Analyzer as a primary component.,Beryllium,0.7,Round 3 refinement with peer support: 0,811212,CHINA,METRIC TONS,74.0,22.42,0.95,USGS Mineral Commodity Summaries 2024/2023 - authoritative U.S. government production data with global coverage
Mass Spectrometer,Mass Analyzer,1.0,High degree of agreement from multiple sources (average confidence: 0.97) indicates strong support for the Mass Analyzer as a primary component.,Beryllium,0.7,Round 3 refinement with peer support: 0,811212,BRAZIL,METRIC TONS,40.0,12.12,0.95,USGS Mineral Commodity Summaries 2024/2023 - authoritative U.S. government production data with global coverage
Mass Spectrometer,Mass Analyzer,1.0,High degree of agreement from multiple sources (average confidence: 0.97) indicates strong support for the Mass Analyzer as a primary component.,Beryllium,0.7,Round 3 refinement with peer support: 0,811212,MOZAMBIQUE,METRIC TONS,24.0,7.27,0.95,USGS Mineral Commodity Summaries 2024/2023 - authoritative U.S. government production data with global coverage
Mass Spectrometer,Mass Analyzer,1.0,High degree of agreement from multiple sources (average confidence: 0.97) indicates strong support for the Mass Analyzer as a primary component.,Beryllium,0.7,Round 3 refinement with peer support: 0,811212,RWANDA,METRIC TONS,1.0,0.3,0.95,USGS Mineral Commodity Summaries 2024/2023 - authoritative U.S. government production data with global coverage
Mass Spectrometer,Mass Analyzer,1.0,High degree of agreement from multiple sources (average confidence: 0.97) indicates strong support for the Mass Analyzer as a primary component.,Bismuth telluride,0.7,Round 3 refinement with peer support: 0,284390,China,metric tons,4200.0,48.0,0.8,Multi-agent debate consensus
Mass Spectrometer,Mass Analyzer,1.0,High degree of agreement from multiple sources (average confidence: 0.97) indicates strong support for the Mass Analyzer as a primary component.,Bismuth telluride,0.7,Round 3 refinement with peer support: 0,284390,Japan,metric tons,1370.0,16.0,0.783,Multi-agent debate consensus
Mass Spectrometer,Mass Analyzer,1.0,High degree of agreement from multiple sources (average confidence: 0.97) indicates strong support for the Mass Analyzer as a primary component.,Bismuth telluride,0.7,Round 3 refinement with peer support: 0,284390,United States,metric tons,996.6666666666666,11.67,0.65,Multi-agent debate consensus
Mass Spectrometer,Mass Analyzer,1.0,High degree of agreement from multiple sources (average confidence: 0.97) indicates strong support for the Mass Analyzer as a primary component.,Bismuth telluride,0.7,Round 3 refinement with peer support: 0,284390,Germany,metric tons,850.0,10.0,0.7,Multi-agent debate consensus
Mass Spectrometer,Mass Analyzer,1.0,High degree of agreement from multiple sources (average confidence: 0.97) indicates strong support for the Mass Analyzer as a primary component.,Bismuth telluride,0.7,Round 3 refinement with peer support: 0,284390,South Korea,metric tons,513.3333333333334,6.0,0.733,Multi-agent debate consensus
Mass Spectrometer,Mass Analyzer,1.0,High degree of agreement from multiple sources (average confidence: 0.97) indicates strong support for the Mass Analyzer as a primary component.,Silver,0.7,Round 3 refinement with peer support: 0,710610,MEXICO,METRIC TONS,6400.0,24.62,0.95,USGS Mineral Commodity Summaries 2024/2023 - authoritative U.S. government production data with global coverage
Mass Spectrometer,Mass Analyzer,1.0,High degree of agreement from multiple sources (average confidence: 0.97) indicates strong support for the Mass Analyzer as a primary component.,Silver,0.7,Round 3 refinement with peer support: 0,710610,CHINA,METRIC TONS,3400.0,13.08,0.95,USGS Mineral Commodity Summaries 2024/2023 - authoritative U.S. government production data with global coverage
Mass Spectrometer,Mass Analyzer,1.0,High degree of agreement from multiple sources (average confidence: 0.97) indicates strong support for the Mass Analyzer as a primary component.,Silver,0.7,Round 3 refinement with peer support: 0,710610,PERU,METRIC TONS,3100.0,11.92,0.95,USGS Mineral Commodity Summaries 2024/2023 - authoritative U.S. government production data with global coverage
Mass Spectrometer,Mass Analyzer,1.0,High degree of agreement from multiple sources (average confidence: 0.97) indicates strong support for the Mass Analyzer as a primary component.,Silver,0.7,Round 3 refinement with peer support: 0,710610,OTHER,METRIC TONS,3000.0,11.54,0.95,USGS Mineral Commodity Summaries 2024/2023 - authoritative U.S. government production data with global coverage
Mass Spectrometer,Mass Analyzer,1.0,High degree of agreement from multiple sources (average confidence: 0.97) indicates strong support for the Mass Analyzer as a primary component.,Silver,0.7,Round 3 refinement with peer support: 0,710610,CHILE,METRIC TONS,1400.0,5.38,0.95,USGS Mineral Commodity Summaries 2024/2023 - authoritative U.S. government production data with global coverage
Mass Spectrometer,Mass Analyzer,1.0,High degree of agreement from multiple sources (average confidence: 0.97) indicates strong support for the Mass Analyzer as a primary component.,Aluminum nitride,0.7,Round 3 refinement with peer support: 0,285000,Japan,metric tons,15725.0,34.44,0.8,Leading producer with multiple research and development hubs; data from industry reports.
Mass Spectrometer,Mass Analyzer,1.0,High degree of agreement from multiple sources (average confidence: 0.97) indicates strong support for the Mass Analyzer as a primary component.,Aluminum nitride,0.7,Round 3 refinement with peer support: 0,285000,China,metric tons,10912.666666666666,19.62,0.783,Major production by state-owned enterprises; well-documented in market statistics.
Mass Spectrometer,Mass Analyzer,1.0,High degree of agreement from multiple sources (average confidence: 0.97) indicates strong support for the Mass Analyzer as a primary component.,Aluminum nitride,0.7,Round 3 refinement with peer support: 0,285000,South Korea,metric tons,4365.0,7.52,0.767,Advanced semiconductor manufacturing capabilities; detailed data from industry surveys.
Mass Spectrometer,Mass Analyzer,1.0,High degree of agreement from multiple sources (average confidence: 0.97) indicates strong support for the Mass Analyzer as a primary component.,Aluminum nitride,0.7,Round 3 refinement with peer support: 0,285000,Germany,metric tons,2646.3333333333335,9.06,0.773,Solid industrial base for aluminum nitride; recent expansions in production capacity.
Mass Spectrometer,Mass Analyzer,1.0,High degree of agreement from multiple sources (average confidence: 0.97) indicates strong support for the Mass Analyzer as a primary component.,Aluminum nitride,0.7,Round 3 refinement with peer support: 0,285000,Italy,metric tons,4366.333333333333,7.71,0.75,Multi-agent debate consensus
Mass Spectrometer,Detectors,1.0,"Again, multiple agents (Agent2 and Agent3) propose this with high confidence, underscoring the importance of these components in measuring ion signals.",Avidin,0.7,Round 3 refinement with peer support: 0,350400,United States,grams,48500.0,33.0,0.867,Major producer with comprehensive data from industry reports.
Mass Spectrometer,Detectors,1.0,"Again, multiple agents (Agent2 and Agent3) propose this with high confidence, underscoring the importance of these components in measuring ion signals.",Avidin,0.7,Round 3 refinement with peer support: 0,350400,Germany,grams,14750.0,10.33,0.767,Multi-agent debate consensus
Mass Spectrometer,Detectors,1.0,"Again, multiple agents (Agent2 and Agent3) propose this with high confidence, underscoring the importance of these components in measuring ion signals.",Avidin,0.7,Round 3 refinement with peer support: 0,350400,China,liters,18500.0,36.0,0.825,Multi-agent debate consensus
Mass Spectrometer,Detectors,1.0,"Again, multiple agents (Agent2 and Agent3) propose this with high confidence, underscoring the importance of these components in measuring ion signals.",Avidin,0.7,Round 3 refinement with peer support: 0,350400,Japan,metric tons,18533.333333333332,10.5,0.8,Multi-agent debate consensus
Mass Spectrometer,Detectors,1.0,"Again, multiple agents (Agent2 and Agent3) propose this with high confidence, underscoring the importance of these components in measuring ion signals.",Avidin,0.7,Round 3 refinement with peer support: 0,350400,Australia,metric tons,5566.666666666667,12.2,0.683,Multi-agent debate consensus
Mass Spectrometer,Detectors,1.0,"Again, multiple agents (Agent2 and Agent3) propose this with high confidence, underscoring the importance of these components in measuring ion signals.",Alexa Fluor dyes,0.7,Round 3 refinement with peer support: 0,320419,United States,kg,11806.666666666666,41.67,0.533,Based on recent industry reports and the US as a significant player in bioimaging and fluorophore production.
Mass Spectrometer,Detectors,1.0,"Again, multiple agents (Agent2 and Agent3) propose this with high confidence, underscoring the importance of these components in measuring ion signals.",Alexa Fluor dyes,0.7,Round 3 refinement with peer support: 0,320419,Germany,kg,7405.333333333333,22.67,0.517,Germany has strong chemical manufacturing capabilities and industry presence in fluorescent technologies.
Mass Spectrometer,Detectors,1.0,"Again, multiple agents (Agent2 and Agent3) propose this with high confidence, underscoring the importance of these components in measuring ion signals.",Alexa Fluor dyes,0.7,Round 3 refinement with peer support: 0,320419,Japan,kg,4560.0,14.0,0.5,Known for advanced material science research and manufacture of specialty chemicals including fluorophores.
Mass Spectrometer,Detectors,1.0,"Again, multiple agents (Agent2 and Agent3) propose this with high confidence, underscoring the importance of these components in measuring ion signals.",Alexa Fluor dyes,0.7,Round 3 refinement with peer support: 0,320419,France,kg,1386.6666666666667,4.61,0.433,Advanced production facilities and technological expertise in specialty chemicals.
Mass Spectrometer,Detectors,1.0,"Again, multiple agents (Agent2 and Agent3) propose this with high confidence, underscoring the importance of these components in measuring ion signals.",Alexa Fluor dyes,0.7,Round 3 refinement with peer support: 0,320419,Switzerland,kg,982.0,4.62,0.417,High-quality and specialized chemical producer.
Mass Spectrometer,Detectors,1.0,"Again, multiple agents (Agent2 and Agent3) propose this with high confidence, underscoring the importance of these components in measuring ion signals.",Bovine serum albumin (BSA),0.7,Round 3 refinement with peer support: 0,350290,United States,metric tons,41816.666666666664,32.33,0.85,Multi-agent debate consensus
Mass Spectrometer,Detectors,1.0,"Again, multiple agents (Agent2 and Agent3) propose this with high confidence, underscoring the importance of these components in measuring ion signals.",Bovine serum albumin (BSA),0.7,Round 3 refinement with peer support: 0,350290,Germany,metric tons,1097.5,16.0,0.79,Multi-agent debate consensus
Mass Spectrometer,Detectors,1.0,"Again, multiple agents (Agent2 and Agent3) propose this with high confidence, underscoring the importance of these components in measuring ion signals.",Bovine serum albumin (BSA),0.7,Round 3 refinement with peer support: 0,350290,China,metric tons,30700.0,10.5,0.675,Multi-agent debate consensus
Mass Spectrometer,Detectors,1.0,"Again, multiple agents (Agent2 and Agent3) propose this with high confidence, underscoring the importance of these components in measuring ion signals.",Bovine serum albumin (BSA),0.7,Round 3 refinement with peer support: 0,350290,Japan,metric tons,480.0,13.0,0.7,"Japan is a significant producer with well-documented production levels, primarily focused on biotechnology and medical research."
Mass Spectrometer,Detectors,1.0,"Again, multiple agents (Agent2 and Agent3) propose this with high confidence, underscoring the importance of these components in measuring ion signals.",Bovine serum albumin (BSA),0.7,Round 3 refinement with peer support: 0,350290,India,metric tons,90025.0,17.0,0.76,"India is quickly becoming a significant player in producing BSA, driven by the demand for research and pharmaceuticals."
Bioreactor,Bioreactor Housing Material,0.95,"Strong consensus among two agents with average high confidence support this as a primary component, hence the high confidence level.",Polypropylene,0.7,Round 3 refinement with peer support: 0,390210,China,metric tons,17820000.0,30.5,0.783,Multi-agent debate consensus
Bioreactor,Bioreactor Housing Material,0.95,"Strong consensus among two agents with average high confidence support this as a primary component, hence the high confidence level.",Polypropylene,0.7,Round 3 refinement with peer support: 0,390210,Saudi Arabia,metric tons,9566666.666666666,18.03,0.75,Multi-agent debate consensus
Bioreactor,Bioreactor Housing Material,0.95,"Strong consensus among two agents with average high confidence support this as a primary component, hence the high confidence level.",Polypropylene,0.7,Round 3 refinement with peer support: 0,390210,United States,metric tons,5466666.666666667,10.27,0.723,Multi-agent debate consensus
Bioreactor,Bioreactor Housing Material,0.95,"Strong consensus among two agents with average high confidence support this as a primary component, hence the high confidence level.",Polypropylene,0.7,Round 3 refinement with peer support: 0,390210,South Korea,metric tons,4900000.0,15.05,0.675,Multi-agent debate consensus
Bioreactor,Bioreactor Housing Material,0.95,"Strong consensus among two agents with average high confidence support this as a primary component, hence the high confidence level.",Polypropylene,0.7,Round 3 refinement with peer support: 0,390210,Germany,metric tons,3398666.6666666665,6.63,0.683,Multi-agent debate consensus
Bioreactor,Bioreactor Housing Material,0.95,"Strong consensus among two agents with average high confidence support this as a primary component, hence the high confidence level.",Polycarbonate,0.7,Round 3 refinement with peer support: 0,390690,Germany,metric tons,533796.54,27.8,0.7,Germany is a significant producer with well-documented companies such as Evonik and DSM.
Bioreactor,Bioreactor Housing Material,0.95,"Strong consensus among two agents with average high confidence support this as a primary component, hence the high confidence level.",Polycarbonate,0.7,Round 3 refinement with peer support: 0,390690,Japan,metric tons,365297.35333333333,16.23,0.667,Relying on data from Japanese petrochemical producers.
Bioreactor,Bioreactor Housing Material,0.95,"Strong consensus among two agents with average high confidence support this as a primary component, hence the high confidence level.",Polycarbonate,0.7,Round 3 refinement with peer support: 0,390690,South Korea,metric tons,210422.32666666666,9.17,0.6,From reports of South Korean industry output.
Bioreactor,Bioreactor Housing Material,0.95,"Strong consensus among two agents with average high confidence support this as a primary component, hence the high confidence level.",Polycarbonate,0.7,Round 3 refinement with peer support: 0,390690,China,metric tons,365139.8415,29.6,0.625,Based on recent industry reports and the dominance of Chinese polycarbonate manufacturers.
Bioreactor,Bioreactor Housing Material,0.95,"Strong consensus among two agents with average high confidence support this as a primary component, hence the high confidence level.",Polycarbonate,0.7,Round 3 refinement with peer support: 0,390690,United States,metric tons,143913.22666666665,6.47,0.6,Based on data from large US petrochemical players.
Bioreactor,Temperature Control System,0.85,"Strong consensus among two agents with an average confidence of 0.85, supporting its importance in bioreactor operations.",Aluminum,0.85,Round 3 refinement with peer support: 1,280300,CHINA,THOUSAND METRIC TONS,41000.0,58.57,0.95,USGS Mineral Commodity Summaries 2024/2023 - authoritative U.S. government production data with global coverage
Bioreactor,Temperature Control System,0.85,"Strong consensus among two agents with an average confidence of 0.85, supporting its importance in bioreactor operations.",Aluminum,0.85,Round 3 refinement with peer support: 1,280300,OTHER,THOUSAND METRIC TONS,7000.0,10.0,0.95,USGS Mineral Commodity Summaries 2024/2023 - authoritative U.S. government production data with global coverage
Bioreactor,Temperature Control System,0.85,"Strong consensus among two agents with an average confidence of 0.85, supporting its importance in bioreactor operations.",Aluminum,0.85,Round 3 refinement with peer support: 1,280300,INDIA,THOUSAND METRIC TONS,4100.0,5.86,0.95,USGS Mineral Commodity Summaries 2024/2023 - authoritative U.S. government production data with global coverage
Bioreactor,Temperature Control System,0.85,"Strong consensus among two agents with an average confidence of 0.85, supporting its importance in bioreactor operations.",Aluminum,0.85,Round 3 refinement with peer support: 1,280300,RUSSIA,THOUSAND METRIC TONS,3800.0,5.43,0.95,USGS Mineral Commodity Summaries 2024/2023 - authoritative U.S. government production data with global coverage
Bioreactor,Temperature Control System,0.85,"Strong consensus among two agents with an average confidence of 0.85, supporting its importance in bioreactor operations.",Aluminum,0.85,Round 3 refinement with peer support: 1,280300,CANADA,THOUSAND METRIC TONS,3000.0,4.29,0.95,USGS Mineral Commodity Summaries 2024/2023 - authoritative U.S. government production data with global coverage
Bioreactor,Monitoring And Control Instruments,0.92,"A single isolated proposal with an individual confidence of 0.92. Lacks consensus from other agents, so lower confidence is warranted despite its importance.",Silicon,0.883,Round 3 refinement with peer support: 2,280469,CHINA,THOUSAND METRIC TONS,3600.0,40.0,0.95,USGS Mineral Commodity Summaries 2024/2023 - authoritative U.S. government production data with global coverage
Bioreactor,Monitoring And Control Instruments,0.92,"A single isolated proposal with an individual confidence of 0.92. Lacks consensus from other agents, so lower confidence is warranted despite its importance.",Silicon,0.883,Round 3 refinement with peer support: 2,280469,RUSSIA,THOUSAND METRIC TONS,570.0,6.33,0.95,USGS Mineral Commodity Summaries 2024/2023 - authoritative U.S. government production data with global coverage
Bioreactor,Monitoring And Control Instruments,0.92,"A single isolated proposal with an individual confidence of 0.92. Lacks consensus from other agents, so lower confidence is warranted despite its importance.",Silicon,0.883,Round 3 refinement with peer support: 2,280469,BRAZIL,THOUSAND METRIC TONS,190.0,2.11,0.95,USGS Mineral Commodity Summaries 2024/2023 - authoritative U.S. government production data with global coverage
Bioreactor,Monitoring And Control Instruments,0.92,"A single isolated proposal with an individual confidence of 0.92. Lacks consensus from other agents, so lower confidence is warranted despite its importance.",Silicon,0.883,Round 3 refinement with peer support: 2,280469,NORWAY,THOUSAND METRIC TONS,200.0,2.22,0.95,USGS Mineral Commodity Summaries 2024/2023 - authoritative U.S. government production data with global coverage
Bioreactor,Monitoring And Control Instruments,0.92,"A single isolated proposal with an individual confidence of 0.92. Lacks consensus from other agents, so lower confidence is warranted despite its importance.",Silicon,0.883,Round 3 refinement with peer support: 2,280469,OTHER,THOUSAND METRIC TONS,100.0,1.11,0.95,USGS Mineral Commodity Summaries 2024/2023 - authoritative U.S. government production data with global coverage
Bioreactor,Monitoring And Control Instruments,0.92,"A single isolated proposal with an individual confidence of 0.92. Lacks consensus from other agents, so lower confidence is warranted despite its importance.",Glass,0.7,Round 3 refinement with peer support: 0,700800,China,metric tons,24900000.0,52.5,0.8,Major producer with comprehensive industry reports; USGS has data on key materials used in glass production.
Bioreactor,Monitoring And Control Instruments,0.92,"A single isolated proposal with an individual confidence of 0.92. Lacks consensus from other agents, so lower confidence is warranted despite its importance.",Glass,0.7,Round 3 refinement with peer support: 0,700800,India,metric tons,3130000.0,9.0,0.775,Multi-agent debate consensus
Bioreactor,Monitoring And Control Instruments,0.92,"A single isolated proposal with an individual confidence of 0.92. Lacks consensus from other agents, so lower confidence is warranted despite its importance.",Glass,0.7,Round 3 refinement with peer support: 0,700800,Japan,metric tons,1617500.0,5.0,0.825,Known producer with significant presence; USGS reports for related materials.
Bioreactor,Monitoring And Control Instruments,0.92,"A single isolated proposal with an individual confidence of 0.92. Lacks consensus from other agents, so lower confidence is warranted despite its importance.",Glass,0.7,Round 3 refinement with peer support: 0,700800,United States,metric tons,1222500.0,5.5,0.775,Multi-agent debate consensus
Bioreactor,Monitoring And Control Instruments,0.92,"A single isolated proposal with an individual confidence of 0.92. Lacks consensus from other agents, so lower confidence is warranted despite its importance.",Glass,0.7,Round 3 refinement with peer support: 0,700800,Germany,metric tons,1315000.0,4.5,0.8,Industrialized economy; reliable data from German statistics offices.
Bioreactor,Monitoring And Control Instruments,0.92,"A single isolated proposal with an individual confidence of 0.92. Lacks consensus from other agents, so lower confidence is warranted despite its importance.",Copper,0.7,Round 3 refinement with peer support: 0,740100,CHINA,THOUSAND METRIC TONS,1700.0,3.47,0.95,USGS Mineral Commodity Summaries 2024/2023 - authoritative U.S. government production data with global coverage
Bioreactor,Monitoring And Control Instruments,0.92,"A single isolated proposal with an individual confidence of 0.92. Lacks consensus from other agents, so lower confidence is warranted despite its importance.",Copper,0.7,Round 3 refinement with peer support: 0,740100,CHILE,THOUSAND METRIC TONS,5000.0,10.2,0.95,USGS Mineral Commodity Summaries 2024/2023 - authoritative U.S. government production data with global coverage
Bioreactor,Monitoring And Control Instruments,0.92,"A single isolated proposal with an individual confidence of 0.92. Lacks consensus from other agents, so lower confidence is warranted despite its importance.",Copper,0.7,Round 3 refinement with peer support: 0,740100,OTHER,THOUSAND METRIC TONS,3100.0,6.33,0.95,USGS Mineral Commodity Summaries 2024/2023 - authoritative U.S. government production data with global coverage
Bioreactor,Monitoring And Control Instruments,0.92,"A single isolated proposal with an individual confidence of 0.92. Lacks consensus from other agents, so lower confidence is warranted despite its importance.",Copper,0.7,Round 3 refinement with peer support: 0,740100,CONGO,THOUSAND METRIC TONS,2500.0,5.1,0.95,USGS Mineral Commodity Summaries 2024/2023 - authoritative U.S. government production data with global coverage
Bioreactor,Monitoring And Control Instruments,0.92,"A single isolated proposal with an individual confidence of 0.92. Lacks consensus from other agents, so lower confidence is warranted despite its importance.",Copper,0.7,Round 3 refinement with peer support: 0,740100,PERU,THOUSAND METRIC TONS,2600.0,5.31,0.95,USGS Mineral Commodity Summaries 2024/2023 - authoritative U.S. government production data with global coverage
Bioreactor,Aeration And Foam Management System,0.85,"Single isolated proposal with an average confidence of 0.85. This component is critical but lacks multi-agent agreement, so the confidence remains moderate.",Polyethylene,0.7,Round 3 refinement with peer support: 0,390110,China,metric tons,2816666.6666666665,26.47,0.897,Multi-agent debate consensus
Bioreactor,Aeration And Foam Management System,0.85,"Single isolated proposal with an average confidence of 0.85. This component is critical but lacks multi-agent agreement, so the confidence remains moderate.",Polyethylene,0.7,Round 3 refinement with peer support: 0,390110,Saudi Arabia,metric tons,3320000.0,17.07,0.847,Multi-agent debate consensus
Bioreactor,Aeration And Foam Management System,0.85,"Single isolated proposal with an average confidence of 0.85. This component is critical but lacks multi-agent agreement, so the confidence remains moderate.",Polyethylene,0.7,Round 3 refinement with peer support: 0,390110,United States,metric tons,2666666.6666666665,16.77,0.873,Multi-agent debate consensus
Bioreactor,Aeration And Foam Management System,0.85,"Single isolated proposal with an average confidence of 0.85. This component is critical but lacks multi-agent agreement, so the confidence remains moderate.",Polyethylene,0.7,Round 3 refinement with peer support: 0,390110,Japan,metric tons,941666.6666666666,8.8,0.813,Multi-agent debate consensus
Bioreactor,Aeration And Foam Management System,0.85,"Single isolated proposal with an average confidence of 0.85. This component is critical but lacks multi-agent agreement, so the confidence remains moderate.",Polyethylene,0.7,Round 3 refinement with peer support: 0,390110,Germany,metric tons,1193333.3333333333,7.77,0.75,Multi-agent debate consensus
Bioreactor,Aeration And Foam Management System,0.85,"Single isolated proposal with an average confidence of 0.85. This component is critical but lacks multi-agent agreement, so the confidence remains moderate.",Stainless steel,0.7,Round 3 refinement with peer support: 0,722000,China,metric tons,23728213.189999998,51.73,0.85,Data from industry reports and the International Steel Association.
Bioreactor,Aeration And Foam Management System,0.85,"Single isolated proposal with an average confidence of 0.85. This component is critical but lacks multi-agent agreement, so the confidence remains moderate.",Stainless steel,0.7,Round 3 refinement with peer support: 0,722000,India,metric tons,5343088.723333334,12.83,0.8,Data from the International Steel Association.
Bioreactor,Aeration And Foam Management System,0.85,"Single isolated proposal with an average confidence of 0.85. This component is critical but lacks multi-agent agreement, so the confidence remains moderate.",Stainless steel,0.7,Round 3 refinement with peer support: 0,722000,Japan,metric tons,2571949.96,9.43,0.867,"Data from the Ministry of Economy, Trade and Industry (METI)."
Bioreactor,Aeration And Foam Management System,0.85,"Single isolated proposal with an average confidence of 0.85. This component is critical but lacks multi-agent agreement, so the confidence remains moderate.",Stainless steel,0.7,Round 3 refinement with peer support: 0,722000,South Korea,metric tons,2152901.0100000002,5.33,0.783,Data from the Korean Steel Federation.
Bioreactor,Aeration And Foam Management System,0.85,"Single isolated proposal with an average confidence of 0.85. This component is critical but lacks multi-agent agreement, so the confidence remains moderate.",Stainless steel,0.7,Round 3 refinement with peer support: 0,722000,Germany,metric tons,1801315.3533333333,6.4,0.767,Data from the Statistical Office of the European Union (Eurostat).
Bioreactor,Agitation System,0.7,"Single isolated proposal with an individual confidence of 0.90. While the value is high, there's no strong consensus to warrant higher confidence without peer support.",Stainless steel,0.7,Round 3 refinement with peer support: 0,722000,China,metric tons,23728213.189999998,51.73,0.85,Data from industry reports and the International Steel Association.
Bioreactor,Agitation System,0.7,"Single isolated proposal with an individual confidence of 0.90. While the value is high, there's no strong consensus to warrant higher confidence without peer support.",Stainless steel,0.7,Round 3 refinement with peer support: 0,722000,India,metric tons,5343088.723333334,12.83,0.8,Data from the International Steel Association.
Bioreactor,Agitation System,0.7,"Single isolated proposal with an individual confidence of 0.90. While the value is high, there's no strong consensus to warrant higher confidence without peer support.",Stainless steel,0.7,Round 3 refinement with peer support: 0,722000,Japan,metric tons,2571949.96,9.43,0.867,"Data from the Ministry of Economy, Trade and Industry (METI)."
Bioreactor,Agitation System,0.7,"Single isolated proposal with an individual confidence of 0.90. While the value is high, there's no strong consensus to warrant higher confidence without peer support.",Stainless steel,0.7,Round 3 refinement with peer support: 0,722000,South Korea,metric tons,2152901.0100000002,5.33,0.783,Data from the Korean Steel Federation.
Bioreactor,Agitation System,0.7,"Single isolated proposal with an individual confidence of 0.90. While the value is high, there's no strong consensus to warrant higher confidence without peer support.",Stainless steel,0.7,Round 3 refinement with peer support: 0,722000,Germany,metric tons,1801315.3533333333,6.4,0.767,Data from the Statistical Office of the European Union (Eurostat).
Bioreactor,Agitation System,0.7,"Single isolated proposal with an individual confidence of 0.90. While the value is high, there's no strong consensus to warrant higher confidence without peer support.",Aluminum,0.7,Round 3 refinement with peer support: 0,280300,CHINA,THOUSAND METRIC TONS,41000.0,58.57,0.95,USGS Mineral Commodity Summaries 2024/2023 - authoritative U.S. government production data with global coverage
Bioreactor,Agitation System,0.7,"Single isolated proposal with an individual confidence of 0.90. While the value is high, there's no strong consensus to warrant higher confidence without peer support.",Aluminum,0.7,Round 3 refinement with peer support: 0,280300,OTHER,THOUSAND METRIC TONS,7000.0,10.0,0.95,USGS Mineral Commodity Summaries 2024/2023 - authoritative U.S. government production data with global coverage
Bioreactor,Agitation System,0.7,"Single isolated proposal with an individual confidence of 0.90. While the value is high, there's no strong consensus to warrant higher confidence without peer support.",Aluminum,0.7,Round 3 refinement with peer support: 0,280300,INDIA,THOUSAND METRIC TONS,4100.0,5.86,0.95,USGS Mineral Commodity Summaries 2024/2023 - authoritative U.S. government production data with global coverage
Bioreactor,Agitation System,0.7,"Single isolated proposal with an individual confidence of 0.90. While the value is high, there's no strong consensus to warrant higher confidence without peer support.",Aluminum,0.7,Round 3 refinement with peer support: 0,280300,RUSSIA,THOUSAND METRIC TONS,3800.0,5.43,0.95,USGS Mineral Commodity Summaries 2024/2023 - authoritative U.S. government production data with global coverage
Bioreactor,Agitation System,0.7,"Single isolated proposal with an individual confidence of 0.90. While the value is high, there's no strong consensus to warrant higher confidence without peer support.",Aluminum,0.7,Round 3 refinement with peer support: 0,280300,CANADA,THOUSAND METRIC TONS,3000.0,4.29,0.95,USGS Mineral Commodity Summaries 2024/2023 - authoritative U.S. government production data with global coverage
Flow Cytometer,Laser Diode,0.98,Laser diodes are a common and widely used primary source of light for flow cytometers due to their efficiency and stability. This component has high peer support across two agents.,Aluminum gallium arsenide,0.8,Round 3 refinement with peer support: 1,282890,Japan,kg,1206516.6666666667,23.33,0.85,Based on USGS data; key producer with significant market share.
Flow Cytometer,Laser Diode,0.98,Laser diodes are a common and widely used primary source of light for flow cytometers due to their efficiency and stability. This component has high peer support across two agents.,Aluminum gallium arsenide,0.8,Round 3 refinement with peer support: 1,282890,United States,metric tons,2745.6666666666665,15.0,0.807,Second-largest producer with substantial arsenic resources; reports from USGS.
Flow Cytometer,Laser Diode,0.98,Laser diodes are a common and widely used primary source of light for flow cytometers due to their efficiency and stability. This component has high peer support across two agents.,Aluminum gallium arsenide,0.8,Round 3 refinement with peer support: 1,282890,China,metric tons,2801750.0,50.0,0.85,Based on recent USGS data; dominant global producer.
Flow Cytometer,Laser Diode,0.98,Laser diodes are a common and widely used primary source of light for flow cytometers due to their efficiency and stability. This component has high peer support across two agents.,Aluminum gallium arsenide,0.8,Round 3 refinement with peer support: 1,282890,Germany,kg,1425.0,10.5,0.75,Notable producer of high-purity materials used in AlGaAs synthesis; verified by national surveys.
Flow Cytometer,Laser Diode,0.98,Laser diodes are a common and widely used primary source of light for flow cytometers due to their efficiency and stability. This component has high peer support across two agents.,Aluminum gallium arsenide,0.8,Round 3 refinement with peer support: 1,282890,South Korea,kg,1400.0,11.0,0.875,Significant semiconductor production with comprehensive data from industry reports.
Flow Cytometer,Laser Diode,0.98,Laser diodes are a common and widely used primary source of light for flow cytometers due to their efficiency and stability. This component has high peer support across two agents.,Boron carbide,0.7,Round 3 refinement with peer support: 0,284920,Japan,metric tons,3450.0,37.5,0.7,Japan is known for its advanced industrial applications and has significant production.
Flow Cytometer,Laser Diode,0.98,Laser diodes are a common and widely used primary source of light for flow cytometers due to their efficiency and stability. This component has high peer support across two agents.,Boron carbide,0.7,Round 3 refinement with peer support: 0,284920,United States,metric tons,4300.0,35.0,0.7,"Major producer with stable operations, particularly in military and aerospace applications."
Flow Cytometer,Laser Diode,0.98,Laser diodes are a common and widely used primary source of light for flow cytometers due to their efficiency and stability. This component has high peer support across two agents.,Boron carbide,0.7,Round 3 refinement with peer support: 0,284920,China,metric tons,1650.0,15.0,0.625,Active in various manufacturing sectors but less prominent than Japan or the U.S.
Flow Cytometer,Laser Diode,0.98,Laser diodes are a common and widely used primary source of light for flow cytometers due to their efficiency and stability. This component has high peer support across two agents.,Boron carbide,0.7,Round 3 refinement with peer support: 0,284920,India,metric tons,660.0,6.0,0.775,Multi-agent debate consensus
Flow Cytometer,Laser Diode,0.98,Laser diodes are a common and widely used primary source of light for flow cytometers due to their efficiency and stability. This component has high peer support across two agents.,Boron carbide,0.7,Round 3 refinement with peer support: 0,284920,Germany,metric tons,720.0,4.5,0.65,Multi-agent debate consensus
Flow Cytometer,Photomultiplier Tube,0.95,"Photomultiplier tubes are essential detection components in flow cytometers, known for their ability to amplify signals from light sources. Peer consensus supports its critical role.",Antimony,0.7,Round 3 refinement with peer support: 0,811100,CHINA,METRIC TONS,40000.0,48.19,0.95,USGS Mineral Commodity Summaries 2024/2023 - authoritative U.S. government production data with global coverage
Flow Cytometer,Photomultiplier Tube,0.95,"Photomultiplier tubes are essential detection components in flow cytometers, known for their ability to amplify signals from light sources. Peer consensus supports its critical role.",Antimony,0.7,Round 3 refinement with peer support: 0,811100,TAJIKISTAN,METRIC TONS,21000.0,25.3,0.95,USGS Mineral Commodity Summaries 2024/2023 - authoritative U.S. government production data with global coverage
Flow Cytometer,Photomultiplier Tube,0.95,"Photomultiplier tubes are essential detection components in flow cytometers, known for their ability to amplify signals from light sources. Peer consensus supports its critical role.",Antimony,0.7,Round 3 refinement with peer support: 0,811100,TURKEY,METRIC TONS,6000.0,7.23,0.95,USGS Mineral Commodity Summaries 2024/2023 - authoritative U.S. government production data with global coverage
Flow Cytometer,Photomultiplier Tube,0.95,"Photomultiplier tubes are essential detection components in flow cytometers, known for their ability to amplify signals from light sources. Peer consensus supports its critical role.",Antimony,0.7,Round 3 refinement with peer support: 0,811100,BURMA,METRIC TONS,4600.0,5.54,0.95,USGS Mineral Commodity Summaries 2024/2023 - authoritative U.S. government production data with global coverage
Flow Cytometer,Photomultiplier Tube,0.95,"Photomultiplier tubes are essential detection components in flow cytometers, known for their ability to amplify signals from light sources. Peer consensus supports its critical role.",Antimony,0.7,Round 3 refinement with peer support: 0,811100,RUSSIA,METRIC TONS,4300.0,5.18,0.95,USGS Mineral Commodity Summaries 2024/2023 - authoritative U.S. government production data with global coverage
Flow Cytometer,Flow Cell,0.85,"Essential for sample transport and alignment of particles during analysis, with strong peer support",Acrylic,0.7,Round 3 refinement with peer support: 0,390690,Japan,metric tons,655000.0,18.0,0.8,Multi-agent debate consensus
Flow Cytometer,Flow Cell,0.85,"Essential for sample transport and alignment of particles during analysis, with strong peer support",Acrylic,0.7,Round 3 refinement with peer support: 0,390690,China,metric tons,1725000.0,28.5,0.825,根据行业报告，中国是全球最大的聚丙烯酸酯生产国之一。来源：Chemical Business Association (CBA) 2023年报告。
Flow Cytometer,Flow Cell,0.85,"Essential for sample transport and alignment of particles during analysis, with strong peer support",Acrylic,0.7,Round 3 refinement with peer support: 0,390690,South Korea,metric tons,420000.0,11.0,0.775,韩国国企图在全球化学品市场占据重要地位，其中聚丙烯酸酯是其生产的重要部分。数据来自KBI Korea Business Intelligence。
Flow Cytometer,Flow Cell,0.85,"Essential for sample transport and alignment of particles during analysis, with strong peer support",Acrylic,0.7,Round 3 refinement with peer support: 0,390690,United States,metric tons,330000.0,9.0,0.825,聚丙烯酸酯生产在美国较为集中，特别是在德克萨斯州、路易斯安那州等地区。数据来源于美国能源信息署 (EIA)。
Flow Cytometer,Flow Cell,0.85,"Essential for sample transport and alignment of particles during analysis, with strong peer support",Acrylic,0.7,Round 3 refinement with peer support: 0,390690,Germany,metric tons,195000.0,6.5,0.725,德国拥有多家大型化工企业，合成树脂是其重要产品之一。数据来自德国化学学会 (GDCh)。
Flow Cytometer,Flow Cell,0.85,"Essential for sample transport and alignment of particles during analysis, with strong peer support",Borosilicate glass,0.7,Round 3 refinement with peer support: 0,700800,China,tons,697333.3333333334,31.67,0.75,Dominant producer with substantial industrial usage; data from China's National Bureau of Statistics.
Flow Cytometer,Flow Cell,0.85,"Essential for sample transport and alignment of particles during analysis, with strong peer support",Borosilicate glass,0.7,Round 3 refinement with peer support: 0,700800,United States,tons,693666.6666666666,19.33,0.8,Significant production in states like Ohio and Georgia due to specialized industries; recent industry stats from early 2023.
Flow Cytometer,Flow Cell,0.85,"Essential for sample transport and alignment of particles during analysis, with strong peer support",Borosilicate glass,0.7,Round 3 refinement with peer support: 0,700800,Germany,tons,334933.3333333333,11.33,0.767,Strong production for advanced manufacturing and laboratory equipment; data from German statistical sources.
Flow Cytometer,Flow Cell,0.85,"Essential for sample transport and alignment of particles during analysis, with strong peer support",Borosilicate glass,0.7,Round 3 refinement with peer support: 0,700800,Japan,tons,310833.3333333333,10.33,0.783,Produces high-quality glass for electronics and laboratory use; data from Japanese industry reports early 2023.
Flow Cytometer,Flow Cell,0.85,"Essential for sample transport and alignment of particles during analysis, with strong peer support",Borosilicate glass,0.7,Round 3 refinement with peer support: 0,700800,Italy,tons,177666.66666666666,7.0,0.723,Notable producer in kitchenware and laboratory instruments; recent estimates based on Italian industry studies.
Flow Cytometer,Flow Cell,0.85,"Essential for sample transport and alignment of particles during analysis, with strong peer support",Silicon nitride,0.7,Round 3 refinement with peer support: 0,285000,Japan,metric tons,2475.0,26.5,0.775,Multi-agent debate consensus
Flow Cytometer,Flow Cell,0.85,"Essential for sample transport and alignment of particles during analysis, with strong peer support",Silicon nitride,0.7,Round 3 refinement with peer support: 0,285000,United States,metric tons,1200.0,17.5,0.775,Multi-agent debate consensus
Flow Cytometer,Flow Cell,0.85,"Essential for sample transport and alignment of particles during analysis, with strong peer support",Silicon nitride,0.7,Round 3 refinement with peer support: 0,285000,Germany,metric tons,1450.0,16.0,0.775,Multi-agent debate consensus
Flow Cytometer,Flow Cell,0.85,"Essential for sample transport and alignment of particles during analysis, with strong peer support",Silicon nitride,0.7,Round 3 refinement with peer support: 0,285000,Italy,metric tons,437.5,7.0,0.65,Multi-agent debate consensus
Flow Cytometer,Flow Cell,0.85,"Essential for sample transport and alignment of particles during analysis, with strong peer support",Silicon nitride,0.7,Round 3 refinement with peer support: 0,285000,South Korea,metric tons,595.0,7.0,0.625,Multi-agent debate consensus
Flow Cytometer,Flow Cell,0.85,"Essential for sample transport and alignment of particles during analysis, with strong peer support",Polycarbonate,0.7,Round 3 refinement with peer support: 0,390690,Germany,metric tons,533796.54,27.8,0.7,Germany is a significant producer with well-documented companies such as Evonik and DSM.
Flow Cytometer,Flow Cell,0.85,"Essential for sample transport and alignment of particles during analysis, with strong peer support",Polycarbonate,0.7,Round 3 refinement with peer support: 0,390690,Japan,metric tons,365297.35333333333,16.23,0.667,Relying on data from Japanese petrochemical producers.
Flow Cytometer,Flow Cell,0.85,"Essential for sample transport and alignment of particles during analysis, with strong peer support",Polycarbonate,0.7,Round 3 refinement with peer support: 0,390690,South Korea,metric tons,210422.32666666666,9.17,0.6,From reports of South Korean industry output.
Flow Cytometer,Flow Cell,0.85,"Essential for sample transport and alignment of particles during analysis, with strong peer support",Polycarbonate,0.7,Round 3 refinement with peer support: 0,390690,China,metric tons,365139.8415,29.6,0.625,Based on recent industry reports and the dominance of Chinese polycarbonate manufacturers.
Flow Cytometer,Flow Cell,0.85,"Essential for sample transport and alignment of particles during analysis, with strong peer support",Polycarbonate,0.7,Round 3 refinement with peer support: 0,390690,United States,metric tons,143913.22666666665,6.47,0.6,Based on data from large US petrochemical players.
Flow Cytometer,Detector Set,0.92,Widely agreed upon by multiple agents with a confidence of 0.92. This component includes various detectors that are vital for accurately measuring scattered and emitted light from cells.,Ammonium persulfate,0.7,Round 3 refinement with peer support: 0,284110,China,metric tons,18264.0,38.33,0.783,Multi-agent debate consensus
Flow Cytometer,Detector Set,0.92,Widely agreed upon by multiple agents with a confidence of 0.92. This component includes various detectors that are vital for accurately measuring scattered and emitted light from cells.,Ammonium persulfate,0.7,Round 3 refinement with peer support: 0,284110,Japan,metric tons,4581.0,11.0,0.733,Multi-agent debate consensus
Flow Cytometer,Detector Set,0.92,Widely agreed upon by multiple agents with a confidence of 0.92. This component includes various detectors that are vital for accurately measuring scattered and emitted light from cells.,Ammonium persulfate,0.7,Round 3 refinement with peer support: 0,284110,Germany,metric tons,4483.333333333333,9.53,0.75,A key European producer with significant refining and processing capabilities.
Flow Cytometer,Detector Set,0.92,Widely agreed upon by multiple agents with a confidence of 0.92. This component includes various detectors that are vital for accurately measuring scattered and emitted light from cells.,Ammonium persulfate,0.7,Round 3 refinement with peer support: 0,284110,India,metric tons,12400.0,17.5,0.675,"Second largest producer according to industry estimates, primarily due to domestic demand."
Flow Cytometer,Detector Set,0.92,Widely agreed upon by multiple agents with a confidence of 0.92. This component includes various detectors that are vital for accurately measuring scattered and emitted light from cells.,Ammonium persulfate,0.7,Round 3 refinement with peer support: 0,284110,South Korea,metric tons,2472.0,5.93,0.717,A robust producer with integrated manufacturing capabilities; data from industry sources.
Flow Cytometer,Detector Set,0.92,Widely agreed upon by multiple agents with a confidence of 0.92. This component includes various detectors that are vital for accurately measuring scattered and emitted light from cells.,Brilliant Violet dyes,0.7,Round 3 refinement with peer support: 0,320419,China,metric tons,120000.0,36.0,0.683,Multi-agent debate consensus
Flow Cytometer,Detector Set,0.92,Widely agreed upon by multiple agents with a confidence of 0.92. This component includes various detectors that are vital for accurately measuring scattered and emitted light from cells.,Brilliant Violet dyes,0.7,Round 3 refinement with peer support: 0,320419,India,metric tons,86666.66666666667,24.67,0.717,Multi-agent debate consensus
Flow Cytometer,Detector Set,0.92,Widely agreed upon by multiple agents with a confidence of 0.92. This component includes various detectors that are vital for accurately measuring scattered and emitted light from cells.,Brilliant Violet dyes,0.7,Round 3 refinement with peer support: 0,320419,Germany,metric tons,42000.0,13.67,0.767,Multi-agent debate consensus
Flow Cytometer,Detector Set,0.92,Widely agreed upon by multiple agents with a confidence of 0.92. This component includes various detectors that are vital for accurately measuring scattered and emitted light from cells.,Brilliant Violet dyes,0.7,Round 3 refinement with peer support: 0,320419,Japan,metric tons,27333.333333333332,11.33,0.717,Multi-agent debate consensus
Flow Cytometer,Detector Set,0.92,Widely agreed upon by multiple agents with a confidence of 0.92. This component includes various detectors that are vital for accurately measuring scattered and emitted light from cells.,Brilliant Violet dyes,0.7,Round 3 refinement with peer support: 0,320419,Italy,metric tons,12666.666666666666,6.83,0.683,Multi-agent debate consensus
Flow Cytometer,Detector Set,0.92,Widely agreed upon by multiple agents with a confidence of 0.92. This component includes various detectors that are vital for accurately measuring scattered and emitted light from cells.,Antibodies,0.7,Round 3 refinement with peer support: 0,300290,United States,liters,401266666.6666667,36.67,0.873,U.S. produces a significant portion of global antibody manufacturing due to major pharmaceutical and biotech companies; data from industry reports.
Flow Cytometer,Detector Set,0.92,Widely agreed upon by multiple agents with a confidence of 0.92. This component includes various detectors that are vital for accurately measuring scattered and emitted light from cells.,Antibodies,0.7,Round 3 refinement with peer support: 0,300290,Germany,liters,267216666.66666666,18.67,0.907,Multi-agent debate consensus
Flow Cytometer,Detector Set,0.92,Widely agreed upon by multiple agents with a confidence of 0.92. This component includes various detectors that are vital for accurately measuring scattered and emitted light from cells.,Antibodies,0.7,Round 3 refinement with peer support: 0,300290,Japan,liters,200250000.0,10.0,0.817,Japan's biotech industry is a key player in antibody production; data from Japanese Ministry of Health.
Flow Cytometer,Detector Set,0.92,Widely agreed upon by multiple agents with a confidence of 0.92. This component includes various detectors that are vital for accurately measuring scattered and emitted light from cells.,Antibodies,0.7,Round 3 refinement with peer support: 0,300290,China,liters,133750000.0,12.67,0.783,Large-scale manufacturing; data from global biotech market analyses
Flow Cytometer,Detector Set,0.92,Widely agreed upon by multiple agents with a confidence of 0.92. This component includes various detectors that are vital for accurately measuring scattered and emitted light from cells.,Antibodies,0.7,Round 3 refinement with peer support: 0,300290,United Kingdom,liters,160216666.66666666,8.67,0.867,Home to leading research institutions; data from industry surveys
Flow Cytometer,Detector Set,0.92,Widely agreed upon by multiple agents with a confidence of 0.92. This component includes various detectors that are vital for accurately measuring scattered and emitted light from cells.,Alexa Fluor dyes,0.7,Round 3 refinement with peer support: 0,320419,United States,kg,11806.666666666666,41.67,0.533,Based on recent industry reports and the US as a significant player in bioimaging and fluorophore production.
Flow Cytometer,Detector Set,0.92,Widely agreed upon by multiple agents with a confidence of 0.92. This component includes various detectors that are vital for accurately measuring scattered and emitted light from cells.,Alexa Fluor dyes,0.7,Round 3 refinement with peer support: 0,320419,Germany,kg,7405.333333333333,22.67,0.517,Germany has strong chemical manufacturing capabilities and industry presence in fluorescent technologies.
Flow Cytometer,Detector Set,0.92,Widely agreed upon by multiple agents with a confidence of 0.92. This component includes various detectors that are vital for accurately measuring scattered and emitted light from cells.,Alexa Fluor dyes,0.7,Round 3 refinement with peer support: 0,320419,Japan,kg,4560.0,14.0,0.5,Known for advanced material science research and manufacture of specialty chemicals including fluorophores.
Flow Cytometer,Detector Set,0.92,Widely agreed upon by multiple agents with a confidence of 0.92. This component includes various detectors that are vital for accurately measuring scattered and emitted light from cells.,Alexa Fluor dyes,0.7,Round 3 refinement with peer support: 0,320419,France,kg,1386.6666666666667,4.61,0.433,Advanced production facilities and technological expertise in specialty chemicals.
Flow Cytometer,Detector Set,0.92,Widely agreed upon by multiple agents with a confidence of 0.92. This component includes various detectors that are vital for accurately measuring scattered and emitted light from cells.,Alexa Fluor dyes,0.7,Round 3 refinement with peer support: 0,320419,Switzerland,kg,982.0,4.62,0.417,High-quality and specialized chemical producer.
Flow Cytometer,Fluidic System,0.82,"The fluidics system is fundamental for controlling the flow of samples through the flow cell. Although it has less direct detection importance compared to lasers and PMTs, peer support justifies its inclusion.",Bovine serum albumin (BSA),0.7,Round 3 refinement with peer support: 0,350290,United States,metric tons,41816.666666666664,32.33,0.85,Multi-agent debate consensus
Flow Cytometer,Fluidic System,0.82,"The fluidics system is fundamental for controlling the flow of samples through the flow cell. Although it has less direct detection importance compared to lasers and PMTs, peer support justifies its inclusion.",Bovine serum albumin (BSA),0.7,Round 3 refinement with peer support: 0,350290,Germany,metric tons,1097.5,16.0,0.79,Multi-agent debate consensus
Flow Cytometer,Fluidic System,0.82,"The fluidics system is fundamental for controlling the flow of samples through the flow cell. Although it has less direct detection importance compared to lasers and PMTs, peer support justifies its inclusion.",Bovine serum albumin (BSA),0.7,Round 3 refinement with peer support: 0,350290,China,metric tons,30700.0,10.5,0.675,Multi-agent debate consensus
Flow Cytometer,Fluidic System,0.82,"The fluidics system is fundamental for controlling the flow of samples through the flow cell. Although it has less direct detection importance compared to lasers and PMTs, peer support justifies its inclusion.",Bovine serum albumin (BSA),0.7,Round 3 refinement with peer support: 0,350290,Japan,metric tons,480.0,13.0,0.7,"Japan is a significant producer with well-documented production levels, primarily focused on biotechnology and medical research."
Flow Cytometer,Fluidic System,0.82,"The fluidics system is fundamental for controlling the flow of samples through the flow cell. Although it has less direct detection importance compared to lasers and PMTs, peer support justifies its inclusion.",Bovine serum albumin (BSA),0.7,Round 3 refinement with peer support: 0,350290,India,metric tons,90025.0,17.0,0.76,"India is quickly becoming a significant player in producing BSA, driven by the demand for research and pharmaceuticals."
Freeze Dryer (Lyophilizer),Freezing Chamber,0.98,The freezing chamber is integral for the freeze-drying process where water is removed from a frozen substance under vacuum conditions. This component is critical to the technology's operation and is present in all freeze dryers.,Aluminum,0.775,Round 3 refinement with peer support: 1,280300,CHINA,THOUSAND METRIC TONS,41000.0,58.57,0.95,USGS Mineral Commodity Summaries 2024/2023 - authoritative U.S. government production data with global coverage
Freeze Dryer (Lyophilizer),Freezing Chamber,0.98,The freezing chamber is integral for the freeze-drying process where water is removed from a frozen substance under vacuum conditions. This component is critical to the technology's operation and is present in all freeze dryers.,Aluminum,0.775,Round 3 refinement with peer support: 1,280300,OTHER,THOUSAND METRIC TONS,7000.0,10.0,0.95,USGS Mineral Commodity Summaries 2024/2023 - authoritative U.S. government production data with global coverage
Freeze Dryer (Lyophilizer),Freezing Chamber,0.98,The freezing chamber is integral for the freeze-drying process where water is removed from a frozen substance under vacuum conditions. This component is critical to the technology's operation and is present in all freeze dryers.,Aluminum,0.775,Round 3 refinement with peer support: 1,280300,INDIA,THOUSAND METRIC TONS,4100.0,5.86,0.95,USGS Mineral Commodity Summaries 2024/2023 - authoritative U.S. government production data with global coverage
Freeze Dryer (Lyophilizer),Freezing Chamber,0.98,The freezing chamber is integral for the freeze-drying process where water is removed from a frozen substance under vacuum conditions. This component is critical to the technology's operation and is present in all freeze dryers.,Aluminum,0.775,Round 3 refinement with peer support: 1,280300,RUSSIA,THOUSAND METRIC TONS,3800.0,5.43,0.95,USGS Mineral Commodity Summaries 2024/2023 - authoritative U.S. government production data with global coverage
Freeze Dryer (Lyophilizer),Freezing Chamber,0.98,The freezing chamber is integral for the freeze-drying process where water is removed from a frozen substance under vacuum conditions. This component is critical to the technology's operation and is present in all freeze dryers.,Aluminum,0.775,Round 3 refinement with peer support: 1,280300,CANADA,THOUSAND METRIC TONS,3000.0,4.29,0.95,USGS Mineral Commodity Summaries 2024/2023 - authoritative U.S. government production data with global coverage
Freeze Dryer (Lyophilizer),Freezing Chamber,0.98,The freezing chamber is integral for the freeze-drying process where water is removed from a frozen substance under vacuum conditions. This component is critical to the technology's operation and is present in all freeze dryers.,Borosilicate glass,0.7,Round 3 refinement with peer support: 0,700800,China,tons,697333.3333333334,31.67,0.75,Dominant producer with substantial industrial usage; data from China's National Bureau of Statistics.
Freeze Dryer (Lyophilizer),Freezing Chamber,0.98,The freezing chamber is integral for the freeze-drying process where water is removed from a frozen substance under vacuum conditions. This component is critical to the technology's operation and is present in all freeze dryers.,Borosilicate glass,0.7,Round 3 refinement with peer support: 0,700800,United States,tons,693666.6666666666,19.33,0.8,Significant production in states like Ohio and Georgia due to specialized industries; recent industry stats from early 2023.
Freeze Dryer (Lyophilizer),Freezing Chamber,0.98,The freezing chamber is integral for the freeze-drying process where water is removed from a frozen substance under vacuum conditions. This component is critical to the technology's operation and is present in all freeze dryers.,Borosilicate glass,0.7,Round 3 refinement with peer support: 0,700800,Germany,tons,334933.3333333333,11.33,0.767,Strong production for advanced manufacturing and laboratory equipment; data from German statistical sources.
Freeze Dryer (Lyophilizer),Freezing Chamber,0.98,The freezing chamber is integral for the freeze-drying process where water is removed from a frozen substance under vacuum conditions. This component is critical to the technology's operation and is present in all freeze dryers.,Borosilicate glass,0.7,Round 3 refinement with peer support: 0,700800,Japan,tons,310833.3333333333,10.33,0.783,Produces high-quality glass for electronics and laboratory use; data from Japanese industry reports early 2023.
Freeze Dryer (Lyophilizer),Freezing Chamber,0.98,The freezing chamber is integral for the freeze-drying process where water is removed from a frozen substance under vacuum conditions. This component is critical to the technology's operation and is present in all freeze dryers.,Borosilicate glass,0.7,Round 3 refinement with peer support: 0,700800,Italy,tons,177666.66666666666,7.0,0.723,Notable producer in kitchenware and laboratory instruments; recent estimates based on Italian industry studies.
Freeze Dryer (Lyophilizer),Vacuum Pump,0.95,The vacuum pump creates a low-pressure environment necessary for effective removal of moisture from materials. Its inclusion in nearly every freeze dryer design ensures high confidence as a primary component.,Aluminum,0.9,Round 3 refinement with peer support: 2,280300,CHINA,THOUSAND METRIC TONS,41000.0,58.57,0.95,USGS Mineral Commodity Summaries 2024/2023 - authoritative U.S. government production data with global coverage
Freeze Dryer (Lyophilizer),Vacuum Pump,0.95,The vacuum pump creates a low-pressure environment necessary for effective removal of moisture from materials. Its inclusion in nearly every freeze dryer design ensures high confidence as a primary component.,Aluminum,0.9,Round 3 refinement with peer support: 2,280300,OTHER,THOUSAND METRIC TONS,7000.0,10.0,0.95,USGS Mineral Commodity Summaries 2024/2023 - authoritative U.S. government production data with global coverage
Freeze Dryer (Lyophilizer),Vacuum Pump,0.95,The vacuum pump creates a low-pressure environment necessary for effective removal of moisture from materials. Its inclusion in nearly every freeze dryer design ensures high confidence as a primary component.,Aluminum,0.9,Round 3 refinement with peer support: 2,280300,INDIA,THOUSAND METRIC TONS,4100.0,5.86,0.95,USGS Mineral Commodity Summaries 2024/2023 - authoritative U.S. government production data with global coverage
Freeze Dryer (Lyophilizer),Vacuum Pump,0.95,The vacuum pump creates a low-pressure environment necessary for effective removal of moisture from materials. Its inclusion in nearly every freeze dryer design ensures high confidence as a primary component.,Aluminum,0.9,Round 3 refinement with peer support: 2,280300,RUSSIA,THOUSAND METRIC TONS,3800.0,5.43,0.95,USGS Mineral Commodity Summaries 2024/2023 - authoritative U.S. government production data with global coverage
Freeze Dryer (Lyophilizer),Vacuum Pump,0.95,The vacuum pump creates a low-pressure environment necessary for effective removal of moisture from materials. Its inclusion in nearly every freeze dryer design ensures high confidence as a primary component.,Aluminum,0.9,Round 3 refinement with peer support: 2,280300,CANADA,THOUSAND METRIC TONS,3000.0,4.29,0.95,USGS Mineral Commodity Summaries 2024/2023 - authoritative U.S. government production data with global coverage
Freeze Dryer (Lyophilizer),Vacuum Pump,0.95,The vacuum pump creates a low-pressure environment necessary for effective removal of moisture from materials. Its inclusion in nearly every freeze dryer design ensures high confidence as a primary component.,Stainless steel,0.85,Round 3 refinement with peer support: 1,722000,China,metric tons,23728213.189999998,51.73,0.85,Data from industry reports and the International Steel Association.
Freeze Dryer (Lyophilizer),Vacuum Pump,0.95,The vacuum pump creates a low-pressure environment necessary for effective removal of moisture from materials. Its inclusion in nearly every freeze dryer design ensures high confidence as a primary component.,Stainless steel,0.85,Round 3 refinement with peer support: 1,722000,India,metric tons,5343088.723333334,12.83,0.8,Data from the International Steel Association.
Freeze Dryer (Lyophilizer),Vacuum Pump,0.95,The vacuum pump creates a low-pressure environment necessary for effective removal of moisture from materials. Its inclusion in nearly every freeze dryer design ensures high confidence as a primary component.,Stainless steel,0.85,Round 3 refinement with peer support: 1,722000,Japan,metric tons,2571949.96,9.43,0.867,"Data from the Ministry of Economy, Trade and Industry (METI)."
Freeze Dryer (Lyophilizer),Vacuum Pump,0.95,The vacuum pump creates a low-pressure environment necessary for effective removal of moisture from materials. Its inclusion in nearly every freeze dryer design ensures high confidence as a primary component.,Stainless steel,0.85,Round 3 refinement with peer support: 1,722000,South Korea,metric tons,2152901.0100000002,5.33,0.783,Data from the Korean Steel Federation.
Freeze Dryer (Lyophilizer),Vacuum Pump,0.95,The vacuum pump creates a low-pressure environment necessary for effective removal of moisture from materials. Its inclusion in nearly every freeze dryer design ensures high confidence as a primary component.,Stainless steel,0.85,Round 3 refinement with peer support: 1,722000,Germany,metric tons,1801315.3533333333,6.4,0.767,Data from the Statistical Office of the European Union (Eurostat).
Freeze Dryer (Lyophilizer),Vacuum Chamber,0.93,Consensus among two agents with confidence 0.93. This component is crucial for maintaining vacuum conditions necessary during the freeze drying process.,Borosilicate glass,0.883,Round 3 refinement with peer support: 2,700800,China,tons,697333.3333333334,31.67,0.75,Dominant producer with substantial industrial usage; data from China's National Bureau of Statistics.
Freeze Dryer (Lyophilizer),Vacuum Chamber,0.93,Consensus among two agents with confidence 0.93. This component is crucial for maintaining vacuum conditions necessary during the freeze drying process.,Borosilicate glass,0.883,Round 3 refinement with peer support: 2,700800,United States,tons,693666.6666666666,19.33,0.8,Significant production in states like Ohio and Georgia due to specialized industries; recent industry stats from early 2023.
Freeze Dryer (Lyophilizer),Vacuum Chamber,0.93,Consensus among two agents with confidence 0.93. This component is crucial for maintaining vacuum conditions necessary during the freeze drying process.,Borosilicate glass,0.883,Round 3 refinement with peer support: 2,700800,Germany,tons,334933.3333333333,11.33,0.767,Strong production for advanced manufacturing and laboratory equipment; data from German statistical sources.
Freeze Dryer (Lyophilizer),Vacuum Chamber,0.93,Consensus among two agents with confidence 0.93. This component is crucial for maintaining vacuum conditions necessary during the freeze drying process.,Borosilicate glass,0.883,Round 3 refinement with peer support: 2,700800,Japan,tons,310833.3333333333,10.33,0.783,Produces high-quality glass for electronics and laboratory use; data from Japanese industry reports early 2023.
Freeze Dryer (Lyophilizer),Vacuum Chamber,0.93,Consensus among two agents with confidence 0.93. This component is crucial for maintaining vacuum conditions necessary during the freeze drying process.,Borosilicate glass,0.883,Round 3 refinement with peer support: 2,700800,Italy,tons,177666.66666666666,7.0,0.723,Notable producer in kitchenware and laboratory instruments; recent estimates based on Italian industry studies.
Freeze Dryer (Lyophilizer),Vacuum Chamber,0.93,Consensus among two agents with confidence 0.93. This component is crucial for maintaining vacuum conditions necessary during the freeze drying process.,Aluminum,0.775,Round 3 refinement with peer support: 1,280300,CHINA,THOUSAND METRIC TONS,41000.0,58.57,0.95,USGS Mineral Commodity Summaries 2024/2023 - authoritative U.S. government production data with global coverage
Freeze Dryer (Lyophilizer),Vacuum Chamber,0.93,Consensus among two agents with confidence 0.93. This component is crucial for maintaining vacuum conditions necessary during the freeze drying process.,Aluminum,0.775,Round 3 refinement with peer support: 1,280300,OTHER,THOUSAND METRIC TONS,7000.0,10.0,0.95,USGS Mineral Commodity Summaries 2024/2023 - authoritative U.S. government production data with global coverage
Freeze Dryer (Lyophilizer),Vacuum Chamber,0.93,Consensus among two agents with confidence 0.93. This component is crucial for maintaining vacuum conditions necessary during the freeze drying process.,Aluminum,0.775,Round 3 refinement with peer support: 1,280300,INDIA,THOUSAND METRIC TONS,4100.0,5.86,0.95,USGS Mineral Commodity Summaries 2024/2023 - authoritative U.S. government production data with global coverage
Freeze Dryer (Lyophilizer),Vacuum Chamber,0.93,Consensus among two agents with confidence 0.93. This component is crucial for maintaining vacuum conditions necessary during the freeze drying process.,Aluminum,0.775,Round 3 refinement with peer support: 1,280300,RUSSIA,THOUSAND METRIC TONS,3800.0,5.43,0.95,USGS Mineral Commodity Summaries 2024/2023 - authoritative U.S. government production data with global coverage
Freeze Dryer (Lyophilizer),Vacuum Chamber,0.93,Consensus among two agents with confidence 0.93. This component is crucial for maintaining vacuum conditions necessary during the freeze drying process.,Aluminum,0.775,Round 3 refinement with peer support: 1,280300,CANADA,THOUSAND METRIC TONS,3000.0,4.29,0.95,USGS Mineral Commodity Summaries 2024/2023 - authoritative U.S. government production data with global coverage
Freeze Dryer (Lyophilizer),Vacuum Chamber,0.93,Consensus among two agents with confidence 0.93. This component is crucial for maintaining vacuum conditions necessary during the freeze drying process.,Polycarbonate,0.7,Round 3 refinement with peer support: 0,390690,Germany,metric tons,533796.54,27.8,0.7,Germany is a significant producer with well-documented companies such as Evonik and DSM.
Freeze Dryer (Lyophilizer),Vacuum Chamber,0.93,Consensus among two agents with confidence 0.93. This component is crucial for maintaining vacuum conditions necessary during the freeze drying process.,Polycarbonate,0.7,Round 3 refinement with peer support: 0,390690,Japan,metric tons,365297.35333333333,16.23,0.667,Relying on data from Japanese petrochemical producers.
Freeze Dryer (Lyophilizer),Vacuum Chamber,0.93,Consensus among two agents with confidence 0.93. This component is crucial for maintaining vacuum conditions necessary during the freeze drying process.,Polycarbonate,0.7,Round 3 refinement with peer support: 0,390690,South Korea,metric tons,210422.32666666666,9.17,0.6,From reports of South Korean industry output.
Freeze Dryer (Lyophilizer),Vacuum Chamber,0.93,Consensus among two agents with confidence 0.93. This component is crucial for maintaining vacuum conditions necessary during the freeze drying process.,Polycarbonate,0.7,Round 3 refinement with peer support: 0,390690,China,metric tons,365139.8415,29.6,0.625,Based on recent industry reports and the dominance of Chinese polycarbonate manufacturers.
Freeze Dryer (Lyophilizer),Vacuum Chamber,0.93,Consensus among two agents with confidence 0.93. This component is crucial for maintaining vacuum conditions necessary during the freeze drying process.,Polycarbonate,0.7,Round 3 refinement with peer support: 0,390690,United States,metric tons,143913.22666666665,6.47,0.6,Based on data from large US petrochemical players.
Freeze Dryer (Lyophilizer),Inlet Valve,0.92,"The inlet valve controls the entry of gases into the vacuum chamber, which is essential for maintaining proper environmental conditions during operation. This component is standard in most freeze dryer designs.",Stainless steel,0.9,Round 3 refinement with peer support: 2,722000,China,metric tons,23728213.189999998,51.73,0.85,Data from industry reports and the International Steel Association.
Freeze Dryer (Lyophilizer),Inlet Valve,0.92,"The inlet valve controls the entry of gases into the vacuum chamber, which is essential for maintaining proper environmental conditions during operation. This component is standard in most freeze dryer designs.",Stainless steel,0.9,Round 3 refinement with peer support: 2,722000,India,metric tons,5343088.723333334,12.83,0.8,Data from the International Steel Association.
Freeze Dryer (Lyophilizer),Inlet Valve,0.92,"The inlet valve controls the entry of gases into the vacuum chamber, which is essential for maintaining proper environmental conditions during operation. This component is standard in most freeze dryer designs.",Stainless steel,0.9,Round 3 refinement with peer support: 2,722000,Japan,metric tons,2571949.96,9.43,0.867,"Data from the Ministry of Economy, Trade and Industry (METI)."
Freeze Dryer (Lyophilizer),Inlet Valve,0.92,"The inlet valve controls the entry of gases into the vacuum chamber, which is essential for maintaining proper environmental conditions during operation. This component is standard in most freeze dryer designs.",Stainless steel,0.9,Round 3 refinement with peer support: 2,722000,South Korea,metric tons,2152901.0100000002,5.33,0.783,Data from the Korean Steel Federation.
Freeze Dryer (Lyophilizer),Inlet Valve,0.92,"The inlet valve controls the entry of gases into the vacuum chamber, which is essential for maintaining proper environmental conditions during operation. This component is standard in most freeze dryer designs.",Stainless steel,0.9,Round 3 refinement with peer support: 2,722000,Germany,metric tons,1801315.3533333333,6.4,0.767,Data from the Statistical Office of the European Union (Eurostat).
Freeze Dryer (Lyophilizer),Inlet Valve,0.92,"The inlet valve controls the entry of gases into the vacuum chamber, which is essential for maintaining proper environmental conditions during operation. This component is standard in most freeze dryer designs.",Nylon,0.7,Round 3 refinement with peer support: 0,390810,China,metric tons,3333333.3333333335,42.33,0.833,Based on recent industry reports and company financials.
Freeze Dryer (Lyophilizer),Inlet Valve,0.92,"The inlet valve controls the entry of gases into the vacuum chamber, which is essential for maintaining proper environmental conditions during operation. This component is standard in most freeze dryer designs.",Nylon,0.7,Round 3 refinement with peer support: 0,390810,United States,metric tons,725000.0,12.33,0.883,Historic producer with reliable data from U.S. polymer producers.
Freeze Dryer (Lyophilizer),Inlet Valve,0.92,"The inlet valve controls the entry of gases into the vacuum chamber, which is essential for maintaining proper environmental conditions during operation. This component is standard in most freeze dryer designs.",Nylon,0.7,Round 3 refinement with peer support: 0,390810,Japan,metric tons,440000.0,10.67,0.867,"Known for advanced polymer production technology; data from Japanese Ministry of Economy, Trade and Industry."
Freeze Dryer (Lyophilizer),Inlet Valve,0.92,"The inlet valve controls the entry of gases into the vacuum chamber, which is essential for maintaining proper environmental conditions during operation. This component is standard in most freeze dryer designs.",Nylon,0.7,Round 3 refinement with peer support: 0,390810,South Korea,metric tons,296666.6666666667,5.67,0.817,Growing market share; verified by recent industry studies.
Freeze Dryer (Lyophilizer),Inlet Valve,0.92,"The inlet valve controls the entry of gases into the vacuum chamber, which is essential for maintaining proper environmental conditions during operation. This component is standard in most freeze dryer designs.",Nylon,0.7,Round 3 refinement with peer support: 0,390810,India,metric tons,248333.33333333334,5.33,0.767,Reports from industry analysts and financial data.
Freeze Dryer (Lyophilizer),Temperature Control System,0.91,Consensus among two agents with average confidence 0.91. Needed for regulating temperature crucial to freeze drying operations,Copper,0.9,Round 3 refinement with peer support: 2,740100,CHINA,THOUSAND METRIC TONS,1700.0,3.47,0.95,USGS Mineral Commodity Summaries 2024/2023 - authoritative U.S. government production data with global coverage
Freeze Dryer (Lyophilizer),Temperature Control System,0.91,Consensus among two agents with average confidence 0.91. Needed for regulating temperature crucial to freeze drying operations,Copper,0.9,Round 3 refinement with peer support: 2,740100,CHILE,THOUSAND METRIC TONS,5000.0,10.2,0.95,USGS Mineral Commodity Summaries 2024/2023 - authoritative U.S. government production data with global coverage
Freeze Dryer (Lyophilizer),Temperature Control System,0.91,Consensus among two agents with average confidence 0.91. Needed for regulating temperature crucial to freeze drying operations,Copper,0.9,Round 3 refinement with peer support: 2,740100,OTHER,THOUSAND METRIC TONS,3100.0,6.33,0.95,USGS Mineral Commodity Summaries 2024/2023 - authoritative U.S. government production data with global coverage
Freeze Dryer (Lyophilizer),Temperature Control System,0.91,Consensus among two agents with average confidence 0.91. Needed for regulating temperature crucial to freeze drying operations,Copper,0.9,Round 3 refinement with peer support: 2,740100,CONGO,THOUSAND METRIC TONS,2500.0,5.1,0.95,USGS Mineral Commodity Summaries 2024/2023 - authoritative U.S. government production data with global coverage
Freeze Dryer (Lyophilizer),Temperature Control System,0.91,Consensus among two agents with average confidence 0.91. Needed for regulating temperature crucial to freeze drying operations,Copper,0.9,Round 3 refinement with peer support: 2,740100,PERU,THOUSAND METRIC TONS,2600.0,5.31,0.95,USGS Mineral Commodity Summaries 2024/2023 - authoritative U.S. government production data with global coverage
Freeze Dryer (Lyophilizer),Temperature Control System,0.91,Consensus among two agents with average confidence 0.91. Needed for regulating temperature crucial to freeze drying operations,Aluminum,0.7,Round 3 refinement with peer support: 0,280300,CHINA,THOUSAND METRIC TONS,41000.0,58.57,0.95,USGS Mineral Commodity Summaries 2024/2023 - authoritative U.S. government production data with global coverage
Freeze Dryer (Lyophilizer),Temperature Control System,0.91,Consensus among two agents with average confidence 0.91. Needed for regulating temperature crucial to freeze drying operations,Aluminum,0.7,Round 3 refinement with peer support: 0,280300,OTHER,THOUSAND METRIC TONS,7000.0,10.0,0.95,USGS Mineral Commodity Summaries 2024/2023 - authoritative U.S. government production data with global coverage
Freeze Dryer (Lyophilizer),Temperature Control System,0.91,Consensus among two agents with average confidence 0.91. Needed for regulating temperature crucial to freeze drying operations,Aluminum,0.7,Round 3 refinement with peer support: 0,280300,INDIA,THOUSAND METRIC TONS,4100.0,5.86,0.95,USGS Mineral Commodity Summaries 2024/2023 - authoritative U.S. government production data with global coverage
Freeze Dryer (Lyophilizer),Temperature Control System,0.91,Consensus among two agents with average confidence 0.91. Needed for regulating temperature crucial to freeze drying operations,Aluminum,0.7,Round 3 refinement with peer support: 0,280300,RUSSIA,THOUSAND METRIC TONS,3800.0,5.43,0.95,USGS Mineral Commodity Summaries 2024/2023 - authoritative U.S. government production data with global coverage
Freeze Dryer (Lyophilizer),Temperature Control System,0.91,Consensus among two agents with average confidence 0.91. Needed for regulating temperature crucial to freeze drying operations,Aluminum,0.7,Round 3 refinement with peer support: 0,280300,CANADA,THOUSAND METRIC TONS,3000.0,4.29,0.95,USGS Mineral Commodity Summaries 2024/2023 - authoritative U.S. government production data with global coverage
Freeze Dryer (Lyophilizer),Heating Block,0.9,"While not all freezers use a heating element, it is common to have some form of temperature control during the warming phase of freeze drying. The bath or heat exchanger ensures uniform and controlled temperature adjustment.",Aluminum,0.79,Round 3 refinement with peer support: 1,280300,CHINA,THOUSAND METRIC TONS,41000.0,58.57,0.95,USGS Mineral Commodity Summaries 2024/2023 - authoritative U.S. government production data with global coverage
Freeze Dryer (Lyophilizer),Heating Block,0.9,"While not all freezers use a heating element, it is common to have some form of temperature control during the warming phase of freeze drying. The bath or heat exchanger ensures uniform and controlled temperature adjustment.",Aluminum,0.79,Round 3 refinement with peer support: 1,280300,OTHER,THOUSAND METRIC TONS,7000.0,10.0,0.95,USGS Mineral Commodity Summaries 2024/2023 - authoritative U.S. government production data with global coverage
Freeze Dryer (Lyophilizer),Heating Block,0.9,"While not all freezers use a heating element, it is common to have some form of temperature control during the warming phase of freeze drying. The bath or heat exchanger ensures uniform and controlled temperature adjustment.",Aluminum,0.79,Round 3 refinement with peer support: 1,280300,INDIA,THOUSAND METRIC TONS,4100.0,5.86,0.95,USGS Mineral Commodity Summaries 2024/2023 - authoritative U.S. government production data with global coverage
Freeze Dryer (Lyophilizer),Heating Block,0.9,"While not all freezers use a heating element, it is common to have some form of temperature control during the warming phase of freeze drying. The bath or heat exchanger ensures uniform and controlled temperature adjustment.",Aluminum,0.79,Round 3 refinement with peer support: 1,280300,RUSSIA,THOUSAND METRIC TONS,3800.0,5.43,0.95,USGS Mineral Commodity Summaries 2024/2023 - authoritative U.S. government production data with global coverage
Freeze Dryer (Lyophilizer),Heating Block,0.9,"While not all freezers use a heating element, it is common to have some form of temperature control during the warming phase of freeze drying. The bath or heat exchanger ensures uniform and controlled temperature adjustment.",Aluminum,0.79,Round 3 refinement with peer support: 1,280300,CANADA,THOUSAND METRIC TONS,3000.0,4.29,0.95,USGS Mineral Commodity Summaries 2024/2023 - authoritative U.S. government production data with global coverage
Freeze Dryer (Lyophilizer),Heating Block,0.9,"While not all freezers use a heating element, it is common to have some form of temperature control during the warming phase of freeze drying. The bath or heat exchanger ensures uniform and controlled temperature adjustment.",Copper,0.75,Round 3 refinement with peer support: 1,740100,CHINA,THOUSAND METRIC TONS,1700.0,3.47,0.95,USGS Mineral Commodity Summaries 2024/2023 - authoritative U.S. government production data with global coverage
Freeze Dryer (Lyophilizer),Heating Block,0.9,"While not all freezers use a heating element, it is common to have some form of temperature control during the warming phase of freeze drying. The bath or heat exchanger ensures uniform and controlled temperature adjustment.",Copper,0.75,Round 3 refinement with peer support: 1,740100,CHILE,THOUSAND METRIC TONS,5000.0,10.2,0.95,USGS Mineral Commodity Summaries 2024/2023 - authoritative U.S. government production data with global coverage
Freeze Dryer (Lyophilizer),Heating Block,0.9,"While not all freezers use a heating element, it is common to have some form of temperature control during the warming phase of freeze drying. The bath or heat exchanger ensures uniform and controlled temperature adjustment.",Copper,0.75,Round 3 refinement with peer support: 1,740100,OTHER,THOUSAND METRIC TONS,3100.0,6.33,0.95,USGS Mineral Commodity Summaries 2024/2023 - authoritative U.S. government production data with global coverage
Freeze Dryer (Lyophilizer),Heating Block,0.9,"While not all freezers use a heating element, it is common to have some form of temperature control during the warming phase of freeze drying. The bath or heat exchanger ensures uniform and controlled temperature adjustment.",Copper,0.75,Round 3 refinement with peer support: 1,740100,CONGO,THOUSAND METRIC TONS,2500.0,5.1,0.95,USGS Mineral Commodity Summaries 2024/2023 - authoritative U.S. government production data with global coverage
Freeze Dryer (Lyophilizer),Heating Block,0.9,"While not all freezers use a heating element, it is common to have some form of temperature control during the warming phase of freeze drying. The bath or heat exchanger ensures uniform and controlled temperature adjustment.",Copper,0.75,Round 3 refinement with peer support: 1,740100,PERU,THOUSAND METRIC TONS,2600.0,5.31,0.95,USGS Mineral Commodity Summaries 2024/2023 - authoritative U.S. government production data with global coverage
Freeze Dryer (Lyophilizer),Heating Block,0.9,"While not all freezers use a heating element, it is common to have some form of temperature control during the warming phase of freeze drying. The bath or heat exchanger ensures uniform and controlled temperature adjustment.",Boron nitride,0.7,Round 3 refinement with peer support: 0,285000,United States,metric tons,5841.333333333333,35.67,0.783,Primary producer with detailed industry reports; data reasonably reliable but can vary.
Freeze Dryer (Lyophilizer),Heating Block,0.9,"While not all freezers use a heating element, it is common to have some form of temperature control during the warming phase of freeze drying. The bath or heat exchanger ensures uniform and controlled temperature adjustment.",Boron nitride,0.7,Round 3 refinement with peer support: 0,285000,China,metric tons,3441.0,29.37,0.773,"One of the major producers, with robust mining operations and significant market share. Data from industry reports and Chinese government figures."
Freeze Dryer (Lyophilizer),Heating Block,0.9,"While not all freezers use a heating element, it is common to have some form of temperature control during the warming phase of freeze drying. The bath or heat exchanger ensures uniform and controlled temperature adjustment.",Boron nitride,0.7,Round 3 refinement with peer support: 0,285000,Japan,metric tons,386.3333333333333,11.33,0.75,"Another key producer, focusing on high-demand applications like electronics and coatings. Data from Ministry of Economy, Trade and Industry reports."
Freeze Dryer (Lyophilizer),Heating Block,0.9,"While not all freezers use a heating element, it is common to have some form of temperature control during the warming phase of freeze drying. The bath or heat exchanger ensures uniform and controlled temperature adjustment.",Boron nitride,0.7,Round 3 refinement with peer support: 0,285000,Germany,metric tons,255.0,3.67,0.667,"Industrial usage and production, though minor;"
Freeze Dryer (Lyophilizer),Heating Block,0.9,"While not all freezers use a heating element, it is common to have some form of temperature control during the warming phase of freeze drying. The bath or heat exchanger ensures uniform and controlled temperature adjustment.",Boron nitride,0.7,Round 3 refinement with peer support: 0,285000,Italy,metric tons,179.33333333333334,2.4,0.617,Known for its research activities and industrial scale applications in advanced materials.
Freeze Dryer (Lyophilizer),Cold Trap,0.88,"Support from one other agent at a relatively high confidence of 0.88. While isolated, its importance in preventing contamination warrants consideration",Copper,0.85,Round 3 refinement with peer support: 1,740100,CHINA,THOUSAND METRIC TONS,1700.0,3.47,0.95,USGS Mineral Commodity Summaries 2024/2023 - authoritative U.S. government production data with global coverage
Freeze Dryer (Lyophilizer),Cold Trap,0.88,"Support from one other agent at a relatively high confidence of 0.88. While isolated, its importance in preventing contamination warrants consideration",Copper,0.85,Round 3 refinement with peer support: 1,740100,CHILE,THOUSAND METRIC TONS,5000.0,10.2,0.95,USGS Mineral Commodity Summaries 2024/2023 - authoritative U.S. government production data with global coverage
Freeze Dryer (Lyophilizer),Cold Trap,0.88,"Support from one other agent at a relatively high confidence of 0.88. While isolated, its importance in preventing contamination warrants consideration",Copper,0.85,Round 3 refinement with peer support: 1,740100,OTHER,THOUSAND METRIC TONS,3100.0,6.33,0.95,USGS Mineral Commodity Summaries 2024/2023 - authoritative U.S. government production data with global coverage
Freeze Dryer (Lyophilizer),Cold Trap,0.88,"Support from one other agent at a relatively high confidence of 0.88. While isolated, its importance in preventing contamination warrants consideration",Copper,0.85,Round 3 refinement with peer support: 1,740100,CONGO,THOUSAND METRIC TONS,2500.0,5.1,0.95,USGS Mineral Commodity Summaries 2024/2023 - authoritative U.S. government production data with global coverage
Freeze Dryer (Lyophilizer),Cold Trap,0.88,"Support from one other agent at a relatively high confidence of 0.88. While isolated, its importance in preventing contamination warrants consideration",Copper,0.85,Round 3 refinement with peer support: 1,740100,PERU,THOUSAND METRIC TONS,2600.0,5.31,0.95,USGS Mineral Commodity Summaries 2024/2023 - authoritative U.S. government production data with global coverage
Freeze Dryer (Lyophilizer),Cold Trap,0.88,"Support from one other agent at a relatively high confidence of 0.88. While isolated, its importance in preventing contamination warrants consideration",Aluminum,0.7,Round 3 refinement with peer support: 0,280300,CHINA,THOUSAND METRIC TONS,41000.0,58.57,0.95,USGS Mineral Commodity Summaries 2024/2023 - authoritative U.S. government production data with global coverage
Freeze Dryer (Lyophilizer),Cold Trap,0.88,"Support from one other agent at a relatively high confidence of 0.88. While isolated, its importance in preventing contamination warrants consideration",Aluminum,0.7,Round 3 refinement with peer support: 0,280300,OTHER,THOUSAND METRIC TONS,7000.0,10.0,0.95,USGS Mineral Commodity Summaries 2024/2023 - authoritative U.S. government production data with global coverage
Freeze Dryer (Lyophilizer),Cold Trap,0.88,"Support from one other agent at a relatively high confidence of 0.88. While isolated, its importance in preventing contamination warrants consideration",Aluminum,0.7,Round 3 refinement with peer support: 0,280300,INDIA,THOUSAND METRIC TONS,4100.0,5.86,0.95,USGS Mineral Commodity Summaries 2024/2023 - authoritative U.S. government production data with global coverage
Freeze Dryer (Lyophilizer),Cold Trap,0.88,"Support from one other agent at a relatively high confidence of 0.88. While isolated, its importance in preventing contamination warrants consideration",Aluminum,0.7,Round 3 refinement with peer support: 0,280300,RUSSIA,THOUSAND METRIC TONS,3800.0,5.43,0.95,USGS Mineral Commodity Summaries 2024/2023 - authoritative U.S. government production data with global coverage
Freeze Dryer (Lyophilizer),Cold Trap,0.88,"Support from one other agent at a relatively high confidence of 0.88. While isolated, its importance in preventing contamination warrants consideration",Aluminum,0.7,Round 3 refinement with peer support: 0,280300,CANADA,THOUSAND METRIC TONS,3000.0,4.29,0.95,USGS Mineral Commodity Summaries 2024/2023 - authoritative U.S. government production data with global coverage
Freeze Dryer (Lyophilizer),Cold Trap,0.88,"Support from one other agent at a relatively high confidence of 0.88. While isolated, its importance in preventing contamination warrants consideration",Stainless steel,0.7,Round 3 refinement with peer support: 0,722000,China,metric tons,23728213.189999998,51.73,0.85,Data from industry reports and the International Steel Association.
Freeze Dryer (Lyophilizer),Cold Trap,0.88,"Support from one other agent at a relatively high confidence of 0.88. While isolated, its importance in preventing contamination warrants consideration",Stainless steel,0.7,Round 3 refinement with peer support: 0,722000,India,metric tons,5343088.723333334,12.83,0.8,Data from the International Steel Association.
Freeze Dryer (Lyophilizer),Cold Trap,0.88,"Support from one other agent at a relatively high confidence of 0.88. While isolated, its importance in preventing contamination warrants consideration",Stainless steel,0.7,Round 3 refinement with peer support: 0,722000,Japan,metric tons,2571949.96,9.43,0.867,"Data from the Ministry of Economy, Trade and Industry (METI)."
Freeze Dryer (Lyophilizer),Cold Trap,0.88,"Support from one other agent at a relatively high confidence of 0.88. While isolated, its importance in preventing contamination warrants consideration",Stainless steel,0.7,Round 3 refinement with peer support: 0,722000,South Korea,metric tons,2152901.0100000002,5.33,0.783,Data from the Korean Steel Federation.
Freeze Dryer (Lyophilizer),Cold Trap,0.88,"Support from one other agent at a relatively high confidence of 0.88. While isolated, its importance in preventing contamination warrants consideration",Stainless steel,0.7,Round 3 refinement with peer support: 0,722000,Germany,metric tons,1801315.3533333333,6.4,0.767,Data from the Statistical Office of the European Union (Eurostat).
Freeze Dryer (Lyophilizer),Pressurization System,0.85,Proposed with lower confidence but included due to its importance for maintaining pressure balance during the process; it is generally necessary although not universal.,Aluminum,0.7,Round 3 refinement with peer support: 0,280300,CHINA,THOUSAND METRIC TONS,41000.0,58.57,0.95,USGS Mineral Commodity Summaries 2024/2023 - authoritative U.S. government production data with global coverage
Freeze Dryer (Lyophilizer),Pressurization System,0.85,Proposed with lower confidence but included due to its importance for maintaining pressure balance during the process; it is generally necessary although not universal.,Aluminum,0.7,Round 3 refinement with peer support: 0,280300,OTHER,THOUSAND METRIC TONS,7000.0,10.0,0.95,USGS Mineral Commodity Summaries 2024/2023 - authoritative U.S. government production data with global coverage
Freeze Dryer (Lyophilizer),Pressurization System,0.85,Proposed with lower confidence but included due to its importance for maintaining pressure balance during the process; it is generally necessary although not universal.,Aluminum,0.7,Round 3 refinement with peer support: 0,280300,INDIA,THOUSAND METRIC TONS,4100.0,5.86,0.95,USGS Mineral Commodity Summaries 2024/2023 - authoritative U.S. government production data with global coverage
Freeze Dryer (Lyophilizer),Pressurization System,0.85,Proposed with lower confidence but included due to its importance for maintaining pressure balance during the process; it is generally necessary although not universal.,Aluminum,0.7,Round 3 refinement with peer support: 0,280300,RUSSIA,THOUSAND METRIC TONS,3800.0,5.43,0.95,USGS Mineral Commodity Summaries 2024/2023 - authoritative U.S. government production data with global coverage
Freeze Dryer (Lyophilizer),Pressurization System,0.85,Proposed with lower confidence but included due to its importance for maintaining pressure balance during the process; it is generally necessary although not universal.,Aluminum,0.7,Round 3 refinement with peer support: 0,280300,CANADA,THOUSAND METRIC TONS,3000.0,4.29,0.95,USGS Mineral Commodity Summaries 2024/2023 - authoritative U.S. government production data with global coverage
Freeze Dryer (Lyophilizer),Pressurization System,0.85,Proposed with lower confidence but included due to its importance for maintaining pressure balance during the process; it is generally necessary although not universal.,Stainless steel,0.95,Round 3 refinement with peer support: 2,722000,China,metric tons,23728213.189999998,51.73,0.85,Data from industry reports and the International Steel Association.
Freeze Dryer (Lyophilizer),Pressurization System,0.85,Proposed with lower confidence but included due to its importance for maintaining pressure balance during the process; it is generally necessary although not universal.,Stainless steel,0.95,Round 3 refinement with peer support: 2,722000,India,metric tons,5343088.723333334,12.83,0.8,Data from the International Steel Association.
Freeze Dryer (Lyophilizer),Pressurization System,0.85,Proposed with lower confidence but included due to its importance for maintaining pressure balance during the process; it is generally necessary although not universal.,Stainless steel,0.95,Round 3 refinement with peer support: 2,722000,Japan,metric tons,2571949.96,9.43,0.867,"Data from the Ministry of Economy, Trade and Industry (METI)."
Freeze Dryer (Lyophilizer),Pressurization System,0.85,Proposed with lower confidence but included due to its importance for maintaining pressure balance during the process; it is generally necessary although not universal.,Stainless steel,0.95,Round 3 refinement with peer support: 2,722000,South Korea,metric tons,2152901.0100000002,5.33,0.783,Data from the Korean Steel Federation.
Freeze Dryer (Lyophilizer),Pressurization System,0.85,Proposed with lower confidence but included due to its importance for maintaining pressure balance during the process; it is generally necessary although not universal.,Stainless steel,0.95,Round 3 refinement with peer support: 2,722000,Germany,metric tons,1801315.3533333333,6.4,0.767,Data from the Statistical Office of the European Union (Eurostat).
Freeze Dryer (Lyophilizer),Pressurization System,0.85,Proposed with lower confidence but included due to its importance for maintaining pressure balance during the process; it is generally necessary although not universal.,Copper,0.7,Round 3 refinement with peer support: 0,740100,CHINA,THOUSAND METRIC TONS,1700.0,3.47,0.95,USGS Mineral Commodity Summaries 2024/2023 - authoritative U.S. government production data with global coverage
Freeze Dryer (Lyophilizer),Pressurization System,0.85,Proposed with lower confidence but included due to its importance for maintaining pressure balance during the process; it is generally necessary although not universal.,Copper,0.7,Round 3 refinement with peer support: 0,740100,CHILE,THOUSAND METRIC TONS,5000.0,10.2,0.95,USGS Mineral Commodity Summaries 2024/2023 - authoritative U.S. government production data with global coverage
Freeze Dryer (Lyophilizer),Pressurization System,0.85,Proposed with lower confidence but included due to its importance for maintaining pressure balance during the process; it is generally necessary although not universal.,Copper,0.7,Round 3 refinement with peer support: 0,740100,OTHER,THOUSAND METRIC TONS,3100.0,6.33,0.95,USGS Mineral Commodity Summaries 2024/2023 - authoritative U.S. government production data with global coverage
Freeze Dryer (Lyophilizer),Pressurization System,0.85,Proposed with lower confidence but included due to its importance for maintaining pressure balance during the process; it is generally necessary although not universal.,Copper,0.7,Round 3 refinement with peer support: 0,740100,CONGO,THOUSAND METRIC TONS,2500.0,5.1,0.95,USGS Mineral Commodity Summaries 2024/2023 - authoritative U.S. government production data with global coverage
Freeze Dryer (Lyophilizer),Pressurization System,0.85,Proposed with lower confidence but included due to its importance for maintaining pressure balance during the process; it is generally necessary although not universal.,Copper,0.7,Round 3 refinement with peer support: 0,740100,PERU,THOUSAND METRIC TONS,2600.0,5.31,0.95,USGS Mineral Commodity Summaries 2024/2023 - authoritative U.S. government production data with global coverage
Computer Graphics Processing Units (GPUs),Graphics Processing Unit (gpu),0.98,Multiple agents support this as a primary component with high confidence. It is the central processing unit of GPUs and fundamental to their operation.,Silicon,0.95,Round 3 refinement with peer support: 2,280469,CHINA,THOUSAND METRIC TONS,3600.0,40.0,0.95,USGS Mineral Commodity Summaries 2024/2023 - authoritative U.S. government production data with global coverage
Computer Graphics Processing Units (GPUs),Graphics Processing Unit (gpu),0.98,Multiple agents support this as a primary component with high confidence. It is the central processing unit of GPUs and fundamental to their operation.,Silicon,0.95,Round 3 refinement with peer support: 2,280469,RUSSIA,THOUSAND METRIC TONS,570.0,6.33,0.95,USGS Mineral Commodity Summaries 2024/2023 - authoritative U.S. government production data with global coverage
Computer Graphics Processing Units (GPUs),Graphics Processing Unit (gpu),0.98,Multiple agents support this as a primary component with high confidence. It is the central processing unit of GPUs and fundamental to their operation.,Silicon,0.95,Round 3 refinement with peer support: 2,280469,BRAZIL,THOUSAND METRIC TONS,190.0,2.11,0.95,USGS Mineral Commodity Summaries 2024/2023 - authoritative U.S. government production data with global coverage
Computer Graphics Processing Units (GPUs),Graphics Processing Unit (gpu),0.98,Multiple agents support this as a primary component with high confidence. It is the central processing unit of GPUs and fundamental to their operation.,Silicon,0.95,Round 3 refinement with peer support: 2,280469,NORWAY,THOUSAND METRIC TONS,200.0,2.22,0.95,USGS Mineral Commodity Summaries 2024/2023 - authoritative U.S. government production data with global coverage
Computer Graphics Processing Units (GPUs),Graphics Processing Unit (gpu),0.98,Multiple agents support this as a primary component with high confidence. It is the central processing unit of GPUs and fundamental to their operation.,Silicon,0.95,Round 3 refinement with peer support: 2,280469,OTHER,THOUSAND METRIC TONS,100.0,1.11,0.95,USGS Mineral Commodity Summaries 2024/2023 - authoritative U.S. government production data with global coverage
Computer Graphics Processing Units (GPUs),Graphics Processing Unit (gpu),0.98,Multiple agents support this as a primary component with high confidence. It is the central processing unit of GPUs and fundamental to their operation.,Aluminum,0.9,Round 3 refinement with peer support: 2,280300,CHINA,THOUSAND METRIC TONS,41000.0,58.57,0.95,USGS Mineral Commodity Summaries 2024/2023 - authoritative U.S. government production data with global coverage
Computer Graphics Processing Units (GPUs),Graphics Processing Unit (gpu),0.98,Multiple agents support this as a primary component with high confidence. It is the central processing unit of GPUs and fundamental to their operation.,Aluminum,0.9,Round 3 refinement with peer support: 2,280300,OTHER,THOUSAND METRIC TONS,7000.0,10.0,0.95,USGS Mineral Commodity Summaries 2024/2023 - authoritative U.S. government production data with global coverage
Computer Graphics Processing Units (GPUs),Graphics Processing Unit (gpu),0.98,Multiple agents support this as a primary component with high confidence. It is the central processing unit of GPUs and fundamental to their operation.,Aluminum,0.9,Round 3 refinement with peer support: 2,280300,INDIA,THOUSAND METRIC TONS,4100.0,5.86,0.95,USGS Mineral Commodity Summaries 2024/2023 - authoritative U.S. government production data with global coverage
Computer Graphics Processing Units (GPUs),Graphics Processing Unit (gpu),0.98,Multiple agents support this as a primary component with high confidence. It is the central processing unit of GPUs and fundamental to their operation.,Aluminum,0.9,Round 3 refinement with peer support: 2,280300,RUSSIA,THOUSAND METRIC TONS,3800.0,5.43,0.95,USGS Mineral Commodity Summaries 2024/2023 - authoritative U.S. government production data with global coverage
Computer Graphics Processing Units (GPUs),Graphics Processing Unit (gpu),0.98,Multiple agents support this as a primary component with high confidence. It is the central processing unit of GPUs and fundamental to their operation.,Aluminum,0.9,Round 3 refinement with peer support: 2,280300,CANADA,THOUSAND METRIC TONS,3000.0,4.29,0.95,USGS Mineral Commodity Summaries 2024/2023 - authoritative U.S. government production data with global coverage
Computer Graphics Processing Units (GPUs),Graphics Processing Unit (gpu),0.98,Multiple agents support this as a primary component with high confidence. It is the central processing unit of GPUs and fundamental to their operation.,Gold,0.9,Round 3 refinement with peer support: 2,710812,OTHER,METRIC TONS,700.0,23.33,0.95,USGS Mineral Commodity Summaries 2024/2023 - authoritative U.S. government production data with global coverage
Computer Graphics Processing Units (GPUs),Graphics Processing Unit (gpu),0.98,Multiple agents support this as a primary component with high confidence. It is the central processing unit of GPUs and fundamental to their operation.,Gold,0.9,Round 3 refinement with peer support: 2,710812,CHINA,METRIC TONS,370.0,12.33,0.95,USGS Mineral Commodity Summaries 2024/2023 - authoritative U.S. government production data with global coverage
Computer Graphics Processing Units (GPUs),Graphics Processing Unit (gpu),0.98,Multiple agents support this as a primary component with high confidence. It is the central processing unit of GPUs and fundamental to their operation.,Gold,0.9,Round 3 refinement with peer support: 2,710812,AUSTRALIA,METRIC TONS,310.0,10.33,0.95,USGS Mineral Commodity Summaries 2024/2023 - authoritative U.S. government production data with global coverage
Computer Graphics Processing Units (GPUs),Graphics Processing Unit (gpu),0.98,Multiple agents support this as a primary component with high confidence. It is the central processing unit of GPUs and fundamental to their operation.,Gold,0.9,Round 3 refinement with peer support: 2,710812,RUSSIA,METRIC TONS,310.0,10.33,0.95,USGS Mineral Commodity Summaries 2024/2023 - authoritative U.S. government production data with global coverage
Computer Graphics Processing Units (GPUs),Graphics Processing Unit (gpu),0.98,Multiple agents support this as a primary component with high confidence. It is the central processing unit of GPUs and fundamental to their operation.,Gold,0.9,Round 3 refinement with peer support: 2,710812,CANADA,METRIC TONS,200.0,6.67,0.95,USGS Mineral Commodity Summaries 2024/2023 - authoritative U.S. government production data with global coverage
Computer Graphics Processing Units (GPUs),Graphics Processing Unit (gpu),0.98,Multiple agents support this as a primary component with high confidence. It is the central processing unit of GPUs and fundamental to their operation.,Tungsten,0.85,Round 3 refinement with peer support: 1,810194,CHINA,METRIC TONS,63000.0,80.77,0.95,USGS Mineral Commodity Summaries 2024/2023 - authoritative U.S. government production data with global coverage
Computer Graphics Processing Units (GPUs),Graphics Processing Unit (gpu),0.98,Multiple agents support this as a primary component with high confidence. It is the central processing unit of GPUs and fundamental to their operation.,Tungsten,0.85,Round 3 refinement with peer support: 1,810194,VIETNAM,METRIC TONS,3500.0,4.49,0.95,USGS Mineral Commodity Summaries 2024/2023 - authoritative U.S. government production data with global coverage
Computer Graphics Processing Units (GPUs),Graphics Processing Unit (gpu),0.98,Multiple agents support this as a primary component with high confidence. It is the central processing unit of GPUs and fundamental to their operation.,Tungsten,0.85,Round 3 refinement with peer support: 1,810194,RUSSIA,METRIC TONS,2000.0,2.56,0.95,USGS Mineral Commodity Summaries 2024/2023 - authoritative U.S. government production data with global coverage
Computer Graphics Processing Units (GPUs),Graphics Processing Unit (gpu),0.98,Multiple agents support this as a primary component with high confidence. It is the central processing unit of GPUs and fundamental to their operation.,Tungsten,0.85,Round 3 refinement with peer support: 1,810194,"KOREA, NORTH",METRIC TONS,1700.0,2.18,0.95,USGS Mineral Commodity Summaries 2024/2023 - authoritative U.S. government production data with global coverage
Computer Graphics Processing Units (GPUs),Graphics Processing Unit (gpu),0.98,Multiple agents support this as a primary component with high confidence. It is the central processing unit of GPUs and fundamental to their operation.,Tungsten,0.85,Round 3 refinement with peer support: 1,810194,SPAIN,METRIC TONS,1500.0,1.92,0.95,USGS Mineral Commodity Summaries 2024/2023 - authoritative U.S. government production data with global coverage
Computer Graphics Processing Units (GPUs),Graphics Processing Unit (gpu),0.98,Multiple agents support this as a primary component with high confidence. It is the central processing unit of GPUs and fundamental to their operation.,Copper,0.7,Round 3 refinement with peer support: 0,740100,CHINA,THOUSAND METRIC TONS,1700.0,3.47,0.95,USGS Mineral Commodity Summaries 2024/2023 - authoritative U.S. government production data with global coverage
Computer Graphics Processing Units (GPUs),Graphics Processing Unit (gpu),0.98,Multiple agents support this as a primary component with high confidence. It is the central processing unit of GPUs and fundamental to their operation.,Copper,0.7,Round 3 refinement with peer support: 0,740100,CHILE,THOUSAND METRIC TONS,5000.0,10.2,0.95,USGS Mineral Commodity Summaries 2024/2023 - authoritative U.S. government production data with global coverage
Computer Graphics Processing Units (GPUs),Graphics Processing Unit (gpu),0.98,Multiple agents support this as a primary component with high confidence. It is the central processing unit of GPUs and fundamental to their operation.,Copper,0.7,Round 3 refinement with peer support: 0,740100,OTHER,THOUSAND METRIC TONS,3100.0,6.33,0.95,USGS Mineral Commodity Summaries 2024/2023 - authoritative U.S. government production data with global coverage
Computer Graphics Processing Units (GPUs),Graphics Processing Unit (gpu),0.98,Multiple agents support this as a primary component with high confidence. It is the central processing unit of GPUs and fundamental to their operation.,Copper,0.7,Round 3 refinement with peer support: 0,740100,CONGO,THOUSAND METRIC TONS,2500.0,5.1,0.95,USGS Mineral Commodity Summaries 2024/2023 - authoritative U.S. government production data with global coverage
Computer Graphics Processing Units (GPUs),Graphics Processing Unit (gpu),0.98,Multiple agents support this as a primary component with high confidence. It is the central processing unit of GPUs and fundamental to their operation.,Copper,0.7,Round 3 refinement with peer support: 0,740100,PERU,THOUSAND METRIC TONS,2600.0,5.31,0.95,USGS Mineral Commodity Summaries 2024/2023 - authoritative U.S. government production data with global coverage
Computer Graphics Processing Units (GPUs),Memory Controller,0.95,"Two agents independently proposed it, resulting in an average high confidence level. It manages the flow of data between the GPU and memory, a critical function.",Silicon,0.9,Round 3 refinement with peer support: 2,280469,CHINA,THOUSAND METRIC TONS,3600.0,40.0,0.95,USGS Mineral Commodity Summaries 2024/2023 - authoritative U.S. government production data with global coverage
Computer Graphics Processing Units (GPUs),Memory Controller,0.95,"Two agents independently proposed it, resulting in an average high confidence level. It manages the flow of data between the GPU and memory, a critical function.",Silicon,0.9,Round 3 refinement with peer support: 2,280469,RUSSIA,THOUSAND METRIC TONS,570.0,6.33,0.95,USGS Mineral Commodity Summaries 2024/2023 - authoritative U.S. government production data with global coverage
Computer Graphics Processing Units (GPUs),Memory Controller,0.95,"Two agents independently proposed it, resulting in an average high confidence level. It manages the flow of data between the GPU and memory, a critical function.",Silicon,0.9,Round 3 refinement with peer support: 2,280469,BRAZIL,THOUSAND METRIC TONS,190.0,2.11,0.95,USGS Mineral Commodity Summaries 2024/2023 - authoritative U.S. government production data with global coverage
Computer Graphics Processing Units (GPUs),Memory Controller,0.95,"Two agents independently proposed it, resulting in an average high confidence level. It manages the flow of data between the GPU and memory, a critical function.",Silicon,0.9,Round 3 refinement with peer support: 2,280469,NORWAY,THOUSAND METRIC TONS,200.0,2.22,0.95,USGS Mineral Commodity Summaries 2024/2023 - authoritative U.S. government production data with global coverage
Computer Graphics Processing Units (GPUs),Memory Controller,0.95,"Two agents independently proposed it, resulting in an average high confidence level. It manages the flow of data between the GPU and memory, a critical function.",Silicon,0.9,Round 3 refinement with peer support: 2,280469,OTHER,THOUSAND METRIC TONS,100.0,1.11,0.95,USGS Mineral Commodity Summaries 2024/2023 - authoritative U.S. government production data with global coverage
Computer Graphics Processing Units (GPUs),Memory Controller,0.95,"Two agents independently proposed it, resulting in an average high confidence level. It manages the flow of data between the GPU and memory, a critical function.",Silver,0.85,Round 3 refinement with peer support: 1,710610,MEXICO,METRIC TONS,6400.0,24.62,0.95,USGS Mineral Commodity Summaries 2024/2023 - authoritative U.S. government production data with global coverage
Computer Graphics Processing Units (GPUs),Memory Controller,0.95,"Two agents independently proposed it, resulting in an average high confidence level. It manages the flow of data between the GPU and memory, a critical function.",Silver,0.85,Round 3 refinement with peer support: 1,710610,CHINA,METRIC TONS,3400.0,13.08,0.95,USGS Mineral Commodity Summaries 2024/2023 - authoritative U.S. government production data with global coverage
Computer Graphics Processing Units (GPUs),Memory Controller,0.95,"Two agents independently proposed it, resulting in an average high confidence level. It manages the flow of data between the GPU and memory, a critical function.",Silver,0.85,Round 3 refinement with peer support: 1,710610,PERU,METRIC TONS,3100.0,11.92,0.95,USGS Mineral Commodity Summaries 2024/2023 - authoritative U.S. government production data with global coverage
Computer Graphics Processing Units (GPUs),Memory Controller,0.95,"Two agents independently proposed it, resulting in an average high confidence level. It manages the flow of data between the GPU and memory, a critical function.",Silver,0.85,Round 3 refinement with peer support: 1,710610,OTHER,METRIC TONS,3000.0,11.54,0.95,USGS Mineral Commodity Summaries 2024/2023 - authoritative U.S. government production data with global coverage
Computer Graphics Processing Units (GPUs),Memory Controller,0.95,"Two agents independently proposed it, resulting in an average high confidence level. It manages the flow of data between the GPU and memory, a critical function.",Silver,0.85,Round 3 refinement with peer support: 1,710610,CHILE,METRIC TONS,1400.0,5.38,0.95,USGS Mineral Commodity Summaries 2024/2023 - authoritative U.S. government production data with global coverage
Computer Graphics Processing Units (GPUs),Memory Controller,0.95,"Two agents independently proposed it, resulting in an average high confidence level. It manages the flow of data between the GPU and memory, a critical function.",Copper,0.7,Round 3 refinement with peer support: 0,740100,CHINA,THOUSAND METRIC TONS,1700.0,3.47,0.95,USGS Mineral Commodity Summaries 2024/2023 - authoritative U.S. government production data with global coverage
Computer Graphics Processing Units (GPUs),Memory Controller,0.95,"Two agents independently proposed it, resulting in an average high confidence level. It manages the flow of data between the GPU and memory, a critical function.",Copper,0.7,Round 3 refinement with peer support: 0,740100,CHILE,THOUSAND METRIC TONS,5000.0,10.2,0.95,USGS Mineral Commodity Summaries 2024/2023 - authoritative U.S. government production data with global coverage
Computer Graphics Processing Units (GPUs),Memory Controller,0.95,"Two agents independently proposed it, resulting in an average high confidence level. It manages the flow of data between the GPU and memory, a critical function.",Copper,0.7,Round 3 refinement with peer support: 0,740100,OTHER,THOUSAND METRIC TONS,3100.0,6.33,0.95,USGS Mineral Commodity Summaries 2024/2023 - authoritative U.S. government production data with global coverage
Computer Graphics Processing Units (GPUs),Memory Controller,0.95,"Two agents independently proposed it, resulting in an average high confidence level. It manages the flow of data between the GPU and memory, a critical function.",Copper,0.7,Round 3 refinement with peer support: 0,740100,CONGO,THOUSAND METRIC TONS,2500.0,5.1,0.95,USGS Mineral Commodity Summaries 2024/2023 - authoritative U.S. government production data with global coverage
Computer Graphics Processing Units (GPUs),Memory Controller,0.95,"Two agents independently proposed it, resulting in an average high confidence level. It manages the flow of data between the GPU and memory, a critical function.",Copper,0.7,Round 3 refinement with peer support: 0,740100,PERU,THOUSAND METRIC TONS,2600.0,5.31,0.95,USGS Mineral Commodity Summaries 2024/2023 - authoritative U.S. government production data with global coverage
Computer Graphics Processing Units (GPUs),Memory Controller,0.95,"Two agents independently proposed it, resulting in an average high confidence level. It manages the flow of data between the GPU and memory, a critical function.",Titanium,0.7,Round 3 refinement with peer support: 0,810810,Australia,metric tons,236766.66666666666,29.5,0.883,Australian mining authority reports; consistent major producer
Computer Graphics Processing Units (GPUs),Memory Controller,0.95,"Two agents independently proposed it, resulting in an average high confidence level. It manages the flow of data between the GPU and memory, a critical function.",Titanium,0.7,Round 3 refinement with peer support: 0,810810,Canada,metric tons,162950.0,16.25,0.8,From Canadian regulatory reports; significant producer with consistent output
Computer Graphics Processing Units (GPUs),Memory Controller,0.95,"Two agents independently proposed it, resulting in an average high confidence level. It manages the flow of data between the GPU and memory, a critical function.",Titanium,0.7,Round 3 refinement with peer support: 0,810810,South Africa,metric tons,60916.666666666664,6.33,0.75,South African government data; major producer with well-documented operations
Computer Graphics Processing Units (GPUs),Memory Controller,0.95,"Two agents independently proposed it, resulting in an average high confidence level. It manages the flow of data between the GPU and memory, a critical function.",Titanium,0.7,Round 3 refinement with peer support: 0,810810,United States,metric tons,25866.666666666668,4.17,0.75,US Geological Survey information; steady but smaller player compared to major producers
Computer Graphics Processing Units (GPUs),Memory Controller,0.95,"Two agents independently proposed it, resulting in an average high confidence level. It manages the flow of data between the GPU and memory, a critical function.",Titanium,0.7,Round 3 refinement with peer support: 0,810810,India,metric tons,19733.333333333332,3.83,0.75,National geoscientific surveys; increasing production but data less comprehensive
Computer Graphics Processing Units (GPUs),Vram,0.95,"Supported by Agent2 with high confidence, and the term 'VRAM' is commonly used in the industry for GPU memory.",Bismuth telluride,0.7,Round 3 refinement with peer support: 0,284390,China,metric tons,4200.0,48.0,0.8,Multi-agent debate consensus
Computer Graphics Processing Units (GPUs),Vram,0.95,"Supported by Agent2 with high confidence, and the term 'VRAM' is commonly used in the industry for GPU memory.",Bismuth telluride,0.7,Round 3 refinement with peer support: 0,284390,Japan,metric tons,1370.0,16.0,0.783,Multi-agent debate consensus
Computer Graphics Processing Units (GPUs),Vram,0.95,"Supported by Agent2 with high confidence, and the term 'VRAM' is commonly used in the industry for GPU memory.",Bismuth telluride,0.7,Round 3 refinement with peer support: 0,284390,United States,metric tons,996.6666666666666,11.67,0.65,Multi-agent debate consensus
Computer Graphics Processing Units (GPUs),Vram,0.95,"Supported by Agent2 with high confidence, and the term 'VRAM' is commonly used in the industry for GPU memory.",Bismuth telluride,0.7,Round 3 refinement with peer support: 0,284390,Germany,metric tons,850.0,10.0,0.7,Multi-agent debate consensus
Computer Graphics Processing Units (GPUs),Vram,0.95,"Supported by Agent2 with high confidence, and the term 'VRAM' is commonly used in the industry for GPU memory.",Bismuth telluride,0.7,Round 3 refinement with peer support: 0,284390,South Korea,metric tons,513.3333333333334,6.0,0.733,Multi-agent debate consensus
Computer Graphics Processing Units (GPUs),Vram,0.95,"Supported by Agent2 with high confidence, and the term 'VRAM' is commonly used in the industry for GPU memory.",Aluminum,0.7,Round 3 refinement with peer support: 0,280300,CHINA,THOUSAND METRIC TONS,41000.0,58.57,0.95,USGS Mineral Commodity Summaries 2024/2023 - authoritative U.S. government production data with global coverage
Computer Graphics Processing Units (GPUs),Vram,0.95,"Supported by Agent2 with high confidence, and the term 'VRAM' is commonly used in the industry for GPU memory.",Aluminum,0.7,Round 3 refinement with peer support: 0,280300,OTHER,THOUSAND METRIC TONS,7000.0,10.0,0.95,USGS Mineral Commodity Summaries 2024/2023 - authoritative U.S. government production data with global coverage
Computer Graphics Processing Units (GPUs),Vram,0.95,"Supported by Agent2 with high confidence, and the term 'VRAM' is commonly used in the industry for GPU memory.",Aluminum,0.7,Round 3 refinement with peer support: 0,280300,INDIA,THOUSAND METRIC TONS,4100.0,5.86,0.95,USGS Mineral Commodity Summaries 2024/2023 - authoritative U.S. government production data with global coverage
Computer Graphics Processing Units (GPUs),Vram,0.95,"Supported by Agent2 with high confidence, and the term 'VRAM' is commonly used in the industry for GPU memory.",Aluminum,0.7,Round 3 refinement with peer support: 0,280300,RUSSIA,THOUSAND METRIC TONS,3800.0,5.43,0.95,USGS Mineral Commodity Summaries 2024/2023 - authoritative U.S. government production data with global coverage
Computer Graphics Processing Units (GPUs),Vram,0.95,"Supported by Agent2 with high confidence, and the term 'VRAM' is commonly used in the industry for GPU memory.",Aluminum,0.7,Round 3 refinement with peer support: 0,280300,CANADA,THOUSAND METRIC TONS,3000.0,4.29,0.95,USGS Mineral Commodity Summaries 2024/2023 - authoritative U.S. government production data with global coverage
Computer Graphics Processing Units (GPUs),Vram,0.95,"Supported by Agent2 with high confidence, and the term 'VRAM' is commonly used in the industry for GPU memory.",Copper,0.7,Round 3 refinement with peer support: 0,740100,CHINA,THOUSAND METRIC TONS,1700.0,3.47,0.95,USGS Mineral Commodity Summaries 2024/2023 - authoritative U.S. government production data with global coverage
Computer Graphics Processing Units (GPUs),Vram,0.95,"Supported by Agent2 with high confidence, and the term 'VRAM' is commonly used in the industry for GPU memory.",Copper,0.7,Round 3 refinement with peer support: 0,740100,CHILE,THOUSAND METRIC TONS,5000.0,10.2,0.95,USGS Mineral Commodity Summaries 2024/2023 - authoritative U.S. government production data with global coverage
Computer Graphics Processing Units (GPUs),Vram,0.95,"Supported by Agent2 with high confidence, and the term 'VRAM' is commonly used in the industry for GPU memory.",Copper,0.7,Round 3 refinement with peer support: 0,740100,OTHER,THOUSAND METRIC TONS,3100.0,6.33,0.95,USGS Mineral Commodity Summaries 2024/2023 - authoritative U.S. government production data with global coverage
Computer Graphics Processing Units (GPUs),Vram,0.95,"Supported by Agent2 with high confidence, and the term 'VRAM' is commonly used in the industry for GPU memory.",Copper,0.7,Round 3 refinement with peer support: 0,740100,CONGO,THOUSAND METRIC TONS,2500.0,5.1,0.95,USGS Mineral Commodity Summaries 2024/2023 - authoritative U.S. government production data with global coverage
Computer Graphics Processing Units (GPUs),Vram,0.95,"Supported by Agent2 with high confidence, and the term 'VRAM' is commonly used in the industry for GPU memory.",Copper,0.7,Round 3 refinement with peer support: 0,740100,PERU,THOUSAND METRIC TONS,2600.0,5.31,0.95,USGS Mineral Commodity Summaries 2024/2023 - authoritative U.S. government production data with global coverage
Computer Graphics Processing Units (GPUs),Regulation Circuitry,0.9,Supported by multiple peers and critical for ensuring stable performance of the GPU.,Silicon,0.883,Round 3 refinement with peer support: 2,280469,CHINA,THOUSAND METRIC TONS,3600.0,40.0,0.95,USGS Mineral Commodity Summaries 2024/2023 - authoritative U.S. government production data with global coverage
Computer Graphics Processing Units (GPUs),Regulation Circuitry,0.9,Supported by multiple peers and critical for ensuring stable performance of the GPU.,Silicon,0.883,Round 3 refinement with peer support: 2,280469,RUSSIA,THOUSAND METRIC TONS,570.0,6.33,0.95,USGS Mineral Commodity Summaries 2024/2023 - authoritative U.S. government production data with global coverage
Computer Graphics Processing Units (GPUs),Regulation Circuitry,0.9,Supported by multiple peers and critical for ensuring stable performance of the GPU.,Silicon,0.883,Round 3 refinement with peer support: 2,280469,BRAZIL,THOUSAND METRIC TONS,190.0,2.11,0.95,USGS Mineral Commodity Summaries 2024/2023 - authoritative U.S. government production data with global coverage
Computer Graphics Processing Units (GPUs),Regulation Circuitry,0.9,Supported by multiple peers and critical for ensuring stable performance of the GPU.,Silicon,0.883,Round 3 refinement with peer support: 2,280469,NORWAY,THOUSAND METRIC TONS,200.0,2.22,0.95,USGS Mineral Commodity Summaries 2024/2023 - authoritative U.S. government production data with global coverage
Computer Graphics Processing Units (GPUs),Regulation Circuitry,0.9,Supported by multiple peers and critical for ensuring stable performance of the GPU.,Silicon,0.883,Round 3 refinement with peer support: 2,280469,OTHER,THOUSAND METRIC TONS,100.0,1.11,0.95,USGS Mineral Commodity Summaries 2024/2023 - authoritative U.S. government production data with global coverage
Computer Graphics Processing Units (GPUs),Regulation Circuitry,0.9,Supported by multiple peers and critical for ensuring stable performance of the GPU.,Molybdenum,0.7,Round 3 refinement with peer support: 0,811020,CHINA,METRIC TONS,110000.0,42.31,0.95,USGS Mineral Commodity Summaries 2024/2023 - authoritative U.S. government production data with global coverage
Computer Graphics Processing Units (GPUs),Regulation Circuitry,0.9,Supported by multiple peers and critical for ensuring stable performance of the GPU.,Molybdenum,0.7,Round 3 refinement with peer support: 0,811020,CHILE,METRIC TONS,46000.0,17.69,0.95,USGS Mineral Commodity Summaries 2024/2023 - authoritative U.S. government production data with global coverage
Computer Graphics Processing Units (GPUs),Regulation Circuitry,0.9,Supported by multiple peers and critical for ensuring stable performance of the GPU.,Molybdenum,0.7,Round 3 refinement with peer support: 0,811020,PERU,METRIC TONS,37000.0,14.23,0.95,USGS Mineral Commodity Summaries 2024/2023 - authoritative U.S. government production data with global coverage
Computer Graphics Processing Units (GPUs),Regulation Circuitry,0.9,Supported by multiple peers and critical for ensuring stable performance of the GPU.,Molybdenum,0.7,Round 3 refinement with peer support: 0,811020,UNITED STATES,METRIC TONS,34000.0,13.08,0.95,USGS Mineral Commodity Summaries 2024/2023 - authoritative U.S. government production data with global coverage
Computer Graphics Processing Units (GPUs),Regulation Circuitry,0.9,Supported by multiple peers and critical for ensuring stable performance of the GPU.,Molybdenum,0.7,Round 3 refinement with peer support: 0,811020,MEXICO,METRIC TONS,15000.0,5.77,0.95,USGS Mineral Commodity Summaries 2024/2023 - authoritative U.S. government production data with global coverage
Computer Graphics Processing Units (GPUs),Bus Interface,0.85,"While low on individual support, it is a known primary component that interfaces with other system components, so moderate confidence justified based on general knowledge.",Copper,0.883,Round 3 refinement with peer support: 2,740100,CHINA,THOUSAND METRIC TONS,1700.0,3.47,0.95,USGS Mineral Commodity Summaries 2024/2023 - authoritative U.S. government production data with global coverage
Computer Graphics Processing Units (GPUs),Bus Interface,0.85,"While low on individual support, it is a known primary component that interfaces with other system components, so moderate confidence justified based on general knowledge.",Copper,0.883,Round 3 refinement with peer support: 2,740100,CHILE,THOUSAND METRIC TONS,5000.0,10.2,0.95,USGS Mineral Commodity Summaries 2024/2023 - authoritative U.S. government production data with global coverage
Computer Graphics Processing Units (GPUs),Bus Interface,0.85,"While low on individual support, it is a known primary component that interfaces with other system components, so moderate confidence justified based on general knowledge.",Copper,0.883,Round 3 refinement with peer support: 2,740100,OTHER,THOUSAND METRIC TONS,3100.0,6.33,0.95,USGS Mineral Commodity Summaries 2024/2023 - authoritative U.S. government production data with global coverage
Computer Graphics Processing Units (GPUs),Bus Interface,0.85,"While low on individual support, it is a known primary component that interfaces with other system components, so moderate confidence justified based on general knowledge.",Copper,0.883,Round 3 refinement with peer support: 2,740100,CONGO,THOUSAND METRIC TONS,2500.0,5.1,0.95,USGS Mineral Commodity Summaries 2024/2023 - authoritative U.S. government production data with global coverage
Computer Graphics Processing Units (GPUs),Bus Interface,0.85,"While low on individual support, it is a known primary component that interfaces with other system components, so moderate confidence justified based on general knowledge.",Copper,0.883,Round 3 refinement with peer support: 2,740100,PERU,THOUSAND METRIC TONS,2600.0,5.31,0.95,USGS Mineral Commodity Summaries 2024/2023 - authoritative U.S. government production data with global coverage
Computer Graphics Processing Units (GPUs),Bus Interface,0.85,"While low on individual support, it is a known primary component that interfaces with other system components, so moderate confidence justified based on general knowledge.",Gold,0.85,Round 3 refinement with peer support: 1,710812,OTHER,METRIC TONS,700.0,23.33,0.95,USGS Mineral Commodity Summaries 2024/2023 - authoritative U.S. government production data with global coverage
Computer Graphics Processing Units (GPUs),Bus Interface,0.85,"While low on individual support, it is a known primary component that interfaces with other system components, so moderate confidence justified based on general knowledge.",Gold,0.85,Round 3 refinement with peer support: 1,710812,CHINA,METRIC TONS,370.0,12.33,0.95,USGS Mineral Commodity Summaries 2024/2023 - authoritative U.S. government production data with global coverage
Computer Graphics Processing Units (GPUs),Bus Interface,0.85,"While low on individual support, it is a known primary component that interfaces with other system components, so moderate confidence justified based on general knowledge.",Gold,0.85,Round 3 refinement with peer support: 1,710812,AUSTRALIA,METRIC TONS,310.0,10.33,0.95,USGS Mineral Commodity Summaries 2024/2023 - authoritative U.S. government production data with global coverage
Computer Graphics Processing Units (GPUs),Bus Interface,0.85,"While low on individual support, it is a known primary component that interfaces with other system components, so moderate confidence justified based on general knowledge.",Gold,0.85,Round 3 refinement with peer support: 1,710812,RUSSIA,METRIC TONS,310.0,10.33,0.95,USGS Mineral Commodity Summaries 2024/2023 - authoritative U.S. government production data with global coverage
Computer Graphics Processing Units (GPUs),Bus Interface,0.85,"While low on individual support, it is a known primary component that interfaces with other system components, so moderate confidence justified based on general knowledge.",Gold,0.85,Round 3 refinement with peer support: 1,710812,CANADA,METRIC TONS,200.0,6.67,0.95,USGS Mineral Commodity Summaries 2024/2023 - authoritative U.S. government production data with global coverage
Computer Graphics Processing Units (GPUs),Bus Interface,0.85,"While low on individual support, it is a known primary component that interfaces with other system components, so moderate confidence justified based on general knowledge.",Aluminum,0.85,Round 3 refinement with peer support: 1,280300,CHINA,THOUSAND METRIC TONS,41000.0,58.57,0.95,USGS Mineral Commodity Summaries 2024/2023 - authoritative U.S. government production data with global coverage
Computer Graphics Processing Units (GPUs),Bus Interface,0.85,"While low on individual support, it is a known primary component that interfaces with other system components, so moderate confidence justified based on general knowledge.",Aluminum,0.85,Round 3 refinement with peer support: 1,280300,OTHER,THOUSAND METRIC TONS,7000.0,10.0,0.95,USGS Mineral Commodity Summaries 2024/2023 - authoritative U.S. government production data with global coverage
Computer Graphics Processing Units (GPUs),Bus Interface,0.85,"While low on individual support, it is a known primary component that interfaces with other system components, so moderate confidence justified based on general knowledge.",Aluminum,0.85,Round 3 refinement with peer support: 1,280300,INDIA,THOUSAND METRIC TONS,4100.0,5.86,0.95,USGS Mineral Commodity Summaries 2024/2023 - authoritative U.S. government production data with global coverage
Computer Graphics Processing Units (GPUs),Bus Interface,0.85,"While low on individual support, it is a known primary component that interfaces with other system components, so moderate confidence justified based on general knowledge.",Aluminum,0.85,Round 3 refinement with peer support: 1,280300,RUSSIA,THOUSAND METRIC TONS,3800.0,5.43,0.95,USGS Mineral Commodity Summaries 2024/2023 - authoritative U.S. government production data with global coverage
Computer Graphics Processing Units (GPUs),Bus Interface,0.85,"While low on individual support, it is a known primary component that interfaces with other system components, so moderate confidence justified based on general knowledge.",Aluminum,0.85,Round 3 refinement with peer support: 1,280300,CANADA,THOUSAND METRIC TONS,3000.0,4.29,0.95,USGS Mineral Commodity Summaries 2024/2023 - authoritative U.S. government production data with global coverage
RT-PCR (Reverse Transcription PCR),Reverse Transcriptase Primer,0.98,Primers are critical for RT-PCR as they initiate DNA synthesis at specific mRNA sequences.,Amino acids,0.775,Round 3 refinement with peer support: 1,292249,China,metric tons,844333.3333333334,44.27,0.817,Leading producer with extensive chemical manufacturing capabilities; data from industry reports.
RT-PCR (Reverse Transcription PCR),Reverse Transcriptase Primer,0.98,Primers are critical for RT-PCR as they initiate DNA synthesis at specific mRNA sequences.,Amino acids,0.775,Round 3 refinement with peer support: 1,292249,Japan,metric tons,280333.3333333333,11.54,0.833,Second largest producer with significant industrial base; data from Japanese chemical industry association.
RT-PCR (Reverse Transcription PCR),Reverse Transcriptase Primer,0.98,Primers are critical for RT-PCR as they initiate DNA synthesis at specific mRNA sequences.,Amino acids,0.775,Round 3 refinement with peer support: 1,292249,South Korea,metric tons,155000.0,7.07,0.817,Key player with advanced biochemical manufacturing; data from Korean industry reports.
RT-PCR (Reverse Transcription PCR),Reverse Transcriptase Primer,0.98,Primers are critical for RT-PCR as they initiate DNA synthesis at specific mRNA sequences.,Amino acids,0.775,Round 3 refinement with peer support: 1,292249,Germany,metric tons,169333.33333333334,7.14,0.85,"Developed industrial base, strong in fermentation and chemical processes; European Chemical Industry Council."
RT-PCR (Reverse Transcription PCR),Reverse Transcriptase Primer,0.98,Primers are critical for RT-PCR as they initiate DNA synthesis at specific mRNA sequences.,Amino acids,0.775,Round 3 refinement with peer support: 1,292249,India,metric tons,91000.0,4.54,0.817,"Growing biotech and pharmaceutical industry, producing L-lysine and other key amino acids; Indian Ministry of Chemicals."
RT-PCR (Reverse Transcription PCR),Reverse Transcriptase Primer,0.98,Primers are critical for RT-PCR as they initiate DNA synthesis at specific mRNA sequences.,Bovine serum albumin (BSA),0.7,Round 3 refinement with peer support: 0,350290,United States,metric tons,41816.666666666664,32.33,0.85,Multi-agent debate consensus
RT-PCR (Reverse Transcription PCR),Reverse Transcriptase Primer,0.98,Primers are critical for RT-PCR as they initiate DNA synthesis at specific mRNA sequences.,Bovine serum albumin (BSA),0.7,Round 3 refinement with peer support: 0,350290,Germany,metric tons,1097.5,16.0,0.79,Multi-agent debate consensus
RT-PCR (Reverse Transcription PCR),Reverse Transcriptase Primer,0.98,Primers are critical for RT-PCR as they initiate DNA synthesis at specific mRNA sequences.,Bovine serum albumin (BSA),0.7,Round 3 refinement with peer support: 0,350290,China,metric tons,30700.0,10.5,0.675,Multi-agent debate consensus
RT-PCR (Reverse Transcription PCR),Reverse Transcriptase Primer,0.98,Primers are critical for RT-PCR as they initiate DNA synthesis at specific mRNA sequences.,Bovine serum albumin (BSA),0.7,Round 3 refinement with peer support: 0,350290,Japan,metric tons,480.0,13.0,0.7,"Japan is a significant producer with well-documented production levels, primarily focused on biotechnology and medical research."
RT-PCR (Reverse Transcription PCR),Reverse Transcriptase Primer,0.98,Primers are critical for RT-PCR as they initiate DNA synthesis at specific mRNA sequences.,Bovine serum albumin (BSA),0.7,Round 3 refinement with peer support: 0,350290,India,metric tons,90025.0,17.0,0.76,"India is quickly becoming a significant player in producing BSA, driven by the demand for research and pharmaceuticals."
RT-PCR (Reverse Transcription PCR),Buffer,0.98,"Strong consensus among peers (2 agents) supports this component with an average confidence of 0.90, and the component is critical for RT-PCR.",Buffer salts,0.95,Round 3 refinement with peer support: 2,382490,China,tons,87333.33333333333,40.0,0.733,Based on recent industry reports and the large-scale chemical production in China.
RT-PCR (Reverse Transcription PCR),Buffer,0.98,"Strong consensus among peers (2 agents) supports this component with an average confidence of 0.90, and the component is critical for RT-PCR.",Buffer salts,0.95,Round 3 refinement with peer support: 2,382490,Germany,tons,30166.666666666668,12.33,0.8,Data from official chemical trade reports; reliable industry data
RT-PCR (Reverse Transcription PCR),Buffer,0.98,"Strong consensus among peers (2 agents) supports this component with an average confidence of 0.90, and the component is critical for RT-PCR.",Buffer salts,0.95,Round 3 refinement with peer support: 2,382490,India,tons,19933.333333333332,11.0,0.717,Data from recent industry association reports; growing demand in the pharmaceutical sector
RT-PCR (Reverse Transcription PCR),Buffer,0.98,"Strong consensus among peers (2 agents) supports this component with an average confidence of 0.90, and the component is critical for RT-PCR.",Buffer salts,0.95,Round 3 refinement with peer support: 2,382490,Japan,tons,19366.666666666668,7.33,0.767,Data from Japanese government reports and industry sources.
RT-PCR (Reverse Transcription PCR),Buffer,0.98,"Strong consensus among peers (2 agents) supports this component with an average confidence of 0.90, and the component is critical for RT-PCR.",Buffer salts,0.95,Round 3 refinement with peer support: 2,382490,United States,metric tons,14150.0,9.0,0.9,Data from USGS; well-documented and consistent production
RT-PCR (Reverse Transcription PCR),Buffer,0.98,"Strong consensus among peers (2 agents) supports this component with an average confidence of 0.90, and the component is critical for RT-PCR.",Brilliant Violet dyes,0.85,Round 3 refinement with peer support: 1,320419,China,metric tons,120000.0,36.0,0.683,Multi-agent debate consensus
RT-PCR (Reverse Transcription PCR),Buffer,0.98,"Strong consensus among peers (2 agents) supports this component with an average confidence of 0.90, and the component is critical for RT-PCR.",Brilliant Violet dyes,0.85,Round 3 refinement with peer support: 1,320419,India,metric tons,86666.66666666667,24.67,0.717,Multi-agent debate consensus
RT-PCR (Reverse Transcription PCR),Buffer,0.98,"Strong consensus among peers (2 agents) supports this component with an average confidence of 0.90, and the component is critical for RT-PCR.",Brilliant Violet dyes,0.85,Round 3 refinement with peer support: 1,320419,Germany,metric tons,42000.0,13.67,0.767,Multi-agent debate consensus
RT-PCR (Reverse Transcription PCR),Buffer,0.98,"Strong consensus among peers (2 agents) supports this component with an average confidence of 0.90, and the component is critical for RT-PCR.",Brilliant Violet dyes,0.85,Round 3 refinement with peer support: 1,320419,Japan,metric tons,27333.333333333332,11.33,0.717,Multi-agent debate consensus
RT-PCR (Reverse Transcription PCR),Buffer,0.98,"Strong consensus among peers (2 agents) supports this component with an average confidence of 0.90, and the component is critical for RT-PCR.",Brilliant Violet dyes,0.85,Round 3 refinement with peer support: 1,320419,Italy,metric tons,12666.666666666666,6.83,0.683,Multi-agent debate consensus
RT-PCR (Reverse Transcription PCR),Buffer,0.98,"Strong consensus among peers (2 agents) supports this component with an average confidence of 0.90, and the component is critical for RT-PCR.",MgCl2,0.7,Round 3 refinement with peer support: 0,282570,China,metric tons,210000.0,27.85,0.75,Multi-agent debate consensus
RT-PCR (Reverse Transcription PCR),Buffer,0.98,"Strong consensus among peers (2 agents) supports this component with an average confidence of 0.90, and the component is critical for RT-PCR.",MgCl2,0.7,Round 3 refinement with peer support: 0,282570,Australia,metric tons,225000.0,16.15,0.75,Multi-agent debate consensus
RT-PCR (Reverse Transcription PCR),Buffer,0.98,"Strong consensus among peers (2 agents) supports this component with an average confidence of 0.90, and the component is critical for RT-PCR.",MgCl2,0.7,Round 3 refinement with peer support: 0,282570,Russia,metric tons,85000.0,16.6,0.75,Multi-agent debate consensus
RT-PCR (Reverse Transcription PCR),Buffer,0.98,"Strong consensus among peers (2 agents) supports this component with an average confidence of 0.90, and the component is critical for RT-PCR.",MgCl2,0.7,Round 3 refinement with peer support: 0,282570,Canada,metric tons,1000000.0,35.0,0.85,Multi-agent debate consensus
RT-PCR (Reverse Transcription PCR),Buffer,0.98,"Strong consensus among peers (2 agents) supports this component with an average confidence of 0.90, and the component is critical for RT-PCR.",MgCl2,0.7,Round 3 refinement with peer support: 0,282570,United States,metric tons,750000.0,26.5,0.8,Multi-agent debate consensus
RT-PCR (Reverse Transcription PCR),Taq Dna Polymerase,0.92,This enzyme extends the primers by adding nucleotides during the PCR amplification process.,Taq DNA polymerase,0.7,Round 3 refinement with peer support: 0,350790,United States,metric units,8476.666666666666,43.33,0.833,Multi-agent debate consensus
RT-PCR (Reverse Transcription PCR),Taq Dna Polymerase,0.92,This enzyme extends the primers by adding nucleotides during the PCR amplification process.,Taq DNA polymerase,0.7,Round 3 refinement with peer support: 0,350790,Germany,metric units,4061.6666666666665,17.33,0.867,Multi-agent debate consensus
RT-PCR (Reverse Transcription PCR),Taq Dna Polymerase,0.92,This enzyme extends the primers by adding nucleotides during the PCR amplification process.,Taq DNA polymerase,0.7,Round 3 refinement with peer support: 0,350790,Japan,metric units,3171.6666666666665,9.0,0.717,Multi-agent debate consensus
RT-PCR (Reverse Transcription PCR),Taq Dna Polymerase,0.92,This enzyme extends the primers by adding nucleotides during the PCR amplification process.,Taq DNA polymerase,0.7,Round 3 refinement with peer support: 0,350790,China,metric units,7758.0,17.33,0.7,Multi-agent debate consensus
RT-PCR (Reverse Transcription PCR),Taq Dna Polymerase,0.92,This enzyme extends the primers by adding nucleotides during the PCR amplification process.,Taq DNA polymerase,0.7,Round 3 refinement with peer support: 0,350790,United Kingdom,metric units,2108.3333333333335,5.33,0.783,Advanced research institutions and biotech companies support global demand; industry reports provide recent production figures
RT-PCR (Reverse Transcription PCR),Taq Dna Polymerase,0.92,This enzyme extends the primers by adding nucleotides during the PCR amplification process.,Ampicillin,0.7,Round 3 refinement with peer support: 0,294190,China,kg,10379333.333333334,40.67,0.767,Largest known producer; significant domestic consumption and export.
RT-PCR (Reverse Transcription PCR),Taq Dna Polymerase,0.92,This enzyme extends the primers by adding nucleotides during the PCR amplification process.,Ampicillin,0.7,Round 3 refinement with peer support: 0,294190,India,kg,6238333.333333333,25.0,0.733,India is well-known for its generic pharmaceutical production and holds a substantial market share in antibiotic manufacturing.
RT-PCR (Reverse Transcription PCR),Taq Dna Polymerase,0.92,This enzyme extends the primers by adding nucleotides during the PCR amplification process.,Ampicillin,0.7,Round 3 refinement with peer support: 0,294190,Japan,kg,4092000.0,12.0,0.8,Japan maintains high production standards and contributes substantially to the global pharmaceutical market.
RT-PCR (Reverse Transcription PCR),Taq Dna Polymerase,0.92,This enzyme extends the primers by adding nucleotides during the PCR amplification process.,Ampicillin,0.7,Round 3 refinement with peer support: 0,294190,United States,kg,2568166.6666666665,8.33,0.693,US has a significant presence in the pharmaceutical industry but often focuses more on research and development rather than overall production.
RT-PCR (Reverse Transcription PCR),Taq Dna Polymerase,0.92,This enzyme extends the primers by adding nucleotides during the PCR amplification process.,Ampicillin,0.7,Round 3 refinement with peer support: 0,294190,Germany,kg,3046000.0,7.33,0.773,Multi-agent debate consensus
RT-PCR (Reverse Transcription PCR),Taq Dna Polymerase,0.92,This enzyme extends the primers by adding nucleotides during the PCR amplification process.,Buffer salts,0.7,Round 3 refinement with peer support: 0,382490,China,tons,87333.33333333333,40.0,0.733,Based on recent industry reports and the large-scale chemical production in China.
RT-PCR (Reverse Transcription PCR),Taq Dna Polymerase,0.92,This enzyme extends the primers by adding nucleotides during the PCR amplification process.,Buffer salts,0.7,Round 3 refinement with peer support: 0,382490,Germany,tons,30166.666666666668,12.33,0.8,Data from official chemical trade reports; reliable industry data
RT-PCR (Reverse Transcription PCR),Taq Dna Polymerase,0.92,This enzyme extends the primers by adding nucleotides during the PCR amplification process.,Buffer salts,0.7,Round 3 refinement with peer support: 0,382490,India,tons,19933.333333333332,11.0,0.717,Data from recent industry association reports; growing demand in the pharmaceutical sector
RT-PCR (Reverse Transcription PCR),Taq Dna Polymerase,0.92,This enzyme extends the primers by adding nucleotides during the PCR amplification process.,Buffer salts,0.7,Round 3 refinement with peer support: 0,382490,Japan,tons,19366.666666666668,7.33,0.767,Data from Japanese government reports and industry sources.
RT-PCR (Reverse Transcription PCR),Taq Dna Polymerase,0.92,This enzyme extends the primers by adding nucleotides during the PCR amplification process.,Buffer salts,0.7,Round 3 refinement with peer support: 0,382490,United States,metric tons,14150.0,9.0,0.9,Data from USGS; well-documented and consistent production
RT-PCR (Reverse Transcription PCR),Reverse Transcriptase Enzyme,0.95,This enzyme is essential for converting RNA to cDNA in the first step of RT-PCR.,Actinomycin D,0.85,Round 3 refinement with peer support: 1,294190,United States,metric tons,20000.0,32.33,0.817,Multi-agent debate consensus
RT-PCR (Reverse Transcription PCR),Reverse Transcriptase Enzyme,0.95,This enzyme is essential for converting RNA to cDNA in the first step of RT-PCR.,Actinomycin D,0.85,Round 3 refinement with peer support: 1,294190,Japan,metric tons,7500.0,16.67,0.767,Multi-agent debate consensus
RT-PCR (Reverse Transcription PCR),Reverse Transcriptase Enzyme,0.95,This enzyme is essential for converting RNA to cDNA in the first step of RT-PCR.,Actinomycin D,0.85,Round 3 refinement with peer support: 1,294190,Germany,metric tons,4000.0,6.67,0.683,Multi-agent debate consensus
RT-PCR (Reverse Transcription PCR),Reverse Transcriptase Enzyme,0.95,This enzyme is essential for converting RNA to cDNA in the first step of RT-PCR.,Actinomycin D,0.85,Round 3 refinement with peer support: 1,294190,France,metric tons,1700.0,2.5,0.583,Multi-agent debate consensus
RT-PCR (Reverse Transcription PCR),Reverse Transcriptase Enzyme,0.95,This enzyme is essential for converting RNA to cDNA in the first step of RT-PCR.,Actinomycin D,0.85,Round 3 refinement with peer support: 1,294190,Italy,metric tons,3250.0,4.0,0.775,Multi-agent debate consensus
RT-PCR (Reverse Transcription PCR),Thermocycler,0.98,All agents agreed that a thermocycler is an essential primary component for RT-PCR. This high consensus justifies the high confidence level.,Argon,0.7,Round 3 refinement with peer support: 0,280421,China,metric tons,119765666.66666667,28.33,0.8,Multi-agent debate consensus
RT-PCR (Reverse Transcription PCR),Thermocycler,0.98,All agents agreed that a thermocycler is an essential primary component for RT-PCR. This high consensus justifies the high confidence level.,Argon,0.7,Round 3 refinement with peer support: 0,280421,United States,metric tons,89719000.0,19.33,0.777,Multi-agent debate consensus
RT-PCR (Reverse Transcription PCR),Thermocycler,0.98,All agents agreed that a thermocycler is an essential primary component for RT-PCR. This high consensus justifies the high confidence level.,Argon,0.7,Round 3 refinement with peer support: 0,280421,Russia,metric tons,71689941.0,8.33,0.767,Multi-agent debate consensus
RT-PCR (Reverse Transcription PCR),Thermocycler,0.98,All agents agreed that a thermocycler is an essential primary component for RT-PCR. This high consensus justifies the high confidence level.,Argon,0.7,Round 3 refinement with peer support: 0,280421,Germany,metric tons,47352833.333333336,8.0,0.773,"Germany's diverse industrial sector, including automotive and electronics manufacturing, requires argon."
RT-PCR (Reverse Transcription PCR),Thermocycler,0.98,All agents agreed that a thermocycler is an essential primary component for RT-PCR. This high consensus justifies the high confidence level.,Argon,0.7,Round 3 refinement with peer support: 0,280421,Japan,metric tons,23692666.666666668,9.0,0.75,High technological and manufacturing sector demand.
RT-PCR (Reverse Transcription PCR),Thermocycler,0.98,All agents agreed that a thermocycler is an essential primary component for RT-PCR. This high consensus justifies the high confidence level.,Nickel,0.7,Round 3 refinement with peer support: 0,750110,INDONESIA,METRIC TONS,1800000.0,50.0,0.95,USGS Mineral Commodity Summaries 2024/2023 - authoritative U.S. government production data with global coverage
RT-PCR (Reverse Transcription PCR),Thermocycler,0.98,All agents agreed that a thermocycler is an essential primary component for RT-PCR. This high consensus justifies the high confidence level.,Nickel,0.7,Round 3 refinement with peer support: 0,750110,PHILIPPINES,METRIC TONS,400000.0,11.11,0.95,USGS Mineral Commodity Summaries 2024/2023 - authoritative U.S. government production data with global coverage
RT-PCR (Reverse Transcription PCR),Thermocycler,0.98,All agents agreed that a thermocycler is an essential primary component for RT-PCR. This high consensus justifies the high confidence level.,Nickel,0.7,Round 3 refinement with peer support: 0,750110,OTHER,METRIC TONS,380000.0,10.56,0.95,USGS Mineral Commodity Summaries 2024/2023 - authoritative U.S. government production data with global coverage
RT-PCR (Reverse Transcription PCR),Thermocycler,0.98,All agents agreed that a thermocycler is an essential primary component for RT-PCR. This high consensus justifies the high confidence level.,Nickel,0.7,Round 3 refinement with peer support: 0,750110,NEW CALEDONIA,METRIC TONS,230000.0,6.39,0.95,USGS Mineral Commodity Summaries 2024/2023 - authoritative U.S. government production data with global coverage
RT-PCR (Reverse Transcription PCR),Thermocycler,0.98,All agents agreed that a thermocycler is an essential primary component for RT-PCR. This high consensus justifies the high confidence level.,Nickel,0.7,Round 3 refinement with peer support: 0,750110,RUSSIA,METRIC TONS,200000.0,5.56,0.95,USGS Mineral Commodity Summaries 2024/2023 - authoritative U.S. government production data with global coverage
RT-PCR (Reverse Transcription PCR),rt pcr enzymes,0.0,,Bovine serum albumin (BSA),0.85,Round 3 refinement with peer support: 1,350290,United States,metric tons,41816.666666666664,32.33,0.85,Multi-agent debate consensus
RT-PCR (Reverse Transcription PCR),rt pcr enzymes,0.0,,Bovine serum albumin (BSA),0.85,Round 3 refinement with peer support: 1,350290,Germany,metric tons,1097.5,16.0,0.79,Multi-agent debate consensus
RT-PCR (Reverse Transcription PCR),rt pcr enzymes,0.0,,Bovine serum albumin (BSA),0.85,Round 3 refinement with peer support: 1,350290,China,metric tons,30700.0,10.5,0.675,Multi-agent debate consensus
RT-PCR (Reverse Transcription PCR),rt pcr enzymes,0.0,,Bovine serum albumin (BSA),0.85,Round 3 refinement with peer support: 1,350290,Japan,metric tons,480.0,13.0,0.7,"Japan is a significant producer with well-documented production levels, primarily focused on biotechnology and medical research."
RT-PCR (Reverse Transcription PCR),rt pcr enzymes,0.0,,Bovine serum albumin (BSA),0.85,Round 3 refinement with peer support: 1,350290,India,metric tons,90025.0,17.0,0.76,"India is quickly becoming a significant player in producing BSA, driven by the demand for research and pharmaceuticals."
RT-PCR (Reverse Transcription PCR),Pcr Buffer,0.9,Provides an environment conducive to the enzymes' activities and maintains optimal pH conditions.,Buffer salts,0.95,Round 3 refinement with peer support: 2,382490,China,tons,87333.33333333333,40.0,0.733,Based on recent industry reports and the large-scale chemical production in China.
RT-PCR (Reverse Transcription PCR),Pcr Buffer,0.9,Provides an environment conducive to the enzymes' activities and maintains optimal pH conditions.,Buffer salts,0.95,Round 3 refinement with peer support: 2,382490,Germany,tons,30166.666666666668,12.33,0.8,Data from official chemical trade reports; reliable industry data
RT-PCR (Reverse Transcription PCR),Pcr Buffer,0.9,Provides an environment conducive to the enzymes' activities and maintains optimal pH conditions.,Buffer salts,0.95,Round 3 refinement with peer support: 2,382490,India,tons,19933.333333333332,11.0,0.717,Data from recent industry association reports; growing demand in the pharmaceutical sector
RT-PCR (Reverse Transcription PCR),Pcr Buffer,0.9,Provides an environment conducive to the enzymes' activities and maintains optimal pH conditions.,Buffer salts,0.95,Round 3 refinement with peer support: 2,382490,Japan,tons,19366.666666666668,7.33,0.767,Data from Japanese government reports and industry sources.
RT-PCR (Reverse Transcription PCR),Pcr Buffer,0.9,Provides an environment conducive to the enzymes' activities and maintains optimal pH conditions.,Buffer salts,0.95,Round 3 refinement with peer support: 2,382490,United States,metric tons,14150.0,9.0,0.9,Data from USGS; well-documented and consistent production
RT-PCR (Reverse Transcription PCR),Magnesium Ion,0.85,Magnesium ions are important cofactors for reverse transcriptase and DNA polymerase activity.,Ammonium sulfate,0.7,Round 3 refinement with peer support: 0,310240,China,metric tons,1080000.0,37.5,0.825,Dominant producer with comprehensive data from China's Ministry of Industry and Information Technology.
RT-PCR (Reverse Transcription PCR),Magnesium Ion,0.85,Magnesium ions are important cofactors for reverse transcriptase and DNA polymerase activity.,Ammonium sulfate,0.7,Round 3 refinement with peer support: 0,310240,United States,metric tons,660000.0,17.5,0.825,Major producer with stable operations and data from USGS.
RT-PCR (Reverse Transcription PCR),Magnesium Ion,0.85,Magnesium ions are important cofactors for reverse transcriptase and DNA polymerase activity.,Ammonium sulfate,0.7,Round 3 refinement with peer support: 0,310240,India,metric tons,498000.0,13.5,0.75,Known producer with significant domestic demand; data from Indian Ministry of Petroleum and Natural Gas.
RT-PCR (Reverse Transcription PCR),Magnesium Ion,0.85,Magnesium ions are important cofactors for reverse transcriptase and DNA polymerase activity.,Ammonium sulfate,0.7,Round 3 refinement with peer support: 0,310240,Brazil,metric tons,396000.0,10.5,0.75,Consistent producer; data from Brazilian Mining Agency.
RT-PCR (Reverse Transcription PCR),Magnesium Ion,0.85,Magnesium ions are important cofactors for reverse transcriptase and DNA polymerase activity.,Ammonium sulfate,0.7,Round 3 refinement with peer support: 0,310240,Indonesia,metric tons,48000.0,6.0,0.9,Significant production with growing market share; data from Indonesian Ministry of Energy and Mineral Resources.
MQ-9 Reaper Drone,Propulsion System,1.0,Multiple agents have proposed this as a primary component and it is a universally essential part of any drone's design.,Aluminum,0.95,Round 3 refinement with peer support: 2,280300,CHINA,THOUSAND METRIC TONS,41000.0,58.57,0.95,USGS Mineral Commodity Summaries 2024/2023 - authoritative U.S. government production data with global coverage
MQ-9 Reaper Drone,Propulsion System,1.0,Multiple agents have proposed this as a primary component and it is a universally essential part of any drone's design.,Aluminum,0.95,Round 3 refinement with peer support: 2,280300,OTHER,THOUSAND METRIC TONS,7000.0,10.0,0.95,USGS Mineral Commodity Summaries 2024/2023 - authoritative U.S. government production data with global coverage
MQ-9 Reaper Drone,Propulsion System,1.0,Multiple agents have proposed this as a primary component and it is a universally essential part of any drone's design.,Aluminum,0.95,Round 3 refinement with peer support: 2,280300,INDIA,THOUSAND METRIC TONS,4100.0,5.86,0.95,USGS Mineral Commodity Summaries 2024/2023 - authoritative U.S. government production data with global coverage
MQ-9 Reaper Drone,Propulsion System,1.0,Multiple agents have proposed this as a primary component and it is a universally essential part of any drone's design.,Aluminum,0.95,Round 3 refinement with peer support: 2,280300,RUSSIA,THOUSAND METRIC TONS,3800.0,5.43,0.95,USGS Mineral Commodity Summaries 2024/2023 - authoritative U.S. government production data with global coverage
MQ-9 Reaper Drone,Propulsion System,1.0,Multiple agents have proposed this as a primary component and it is a universally essential part of any drone's design.,Aluminum,0.95,Round 3 refinement with peer support: 2,280300,CANADA,THOUSAND METRIC TONS,3000.0,4.29,0.95,USGS Mineral Commodity Summaries 2024/2023 - authoritative U.S. government production data with global coverage
MQ-9 Reaper Drone,Propulsion System,1.0,Multiple agents have proposed this as a primary component and it is a universally essential part of any drone's design.,Stainless steel,0.775,Round 3 refinement with peer support: 1,722000,China,metric tons,23728213.189999998,51.73,0.85,Data from industry reports and the International Steel Association.
MQ-9 Reaper Drone,Propulsion System,1.0,Multiple agents have proposed this as a primary component and it is a universally essential part of any drone's design.,Stainless steel,0.775,Round 3 refinement with peer support: 1,722000,India,metric tons,5343088.723333334,12.83,0.8,Data from the International Steel Association.
MQ-9 Reaper Drone,Propulsion System,1.0,Multiple agents have proposed this as a primary component and it is a universally essential part of any drone's design.,Stainless steel,0.775,Round 3 refinement with peer support: 1,722000,Japan,metric tons,2571949.96,9.43,0.867,"Data from the Ministry of Economy, Trade and Industry (METI)."
MQ-9 Reaper Drone,Propulsion System,1.0,Multiple agents have proposed this as a primary component and it is a universally essential part of any drone's design.,Stainless steel,0.775,Round 3 refinement with peer support: 1,722000,South Korea,metric tons,2152901.0100000002,5.33,0.783,Data from the Korean Steel Federation.
MQ-9 Reaper Drone,Propulsion System,1.0,Multiple agents have proposed this as a primary component and it is a universally essential part of any drone's design.,Stainless steel,0.775,Round 3 refinement with peer support: 1,722000,Germany,metric tons,1801315.3533333333,6.4,0.767,Data from the Statistical Office of the European Union (Eurostat).
MQ-9 Reaper Drone,Propulsion System,1.0,Multiple agents have proposed this as a primary component and it is a universally essential part of any drone's design.,Titanium,0.7,Round 3 refinement with peer support: 0,810810,Australia,metric tons,236766.66666666666,29.5,0.883,Australian mining authority reports; consistent major producer
MQ-9 Reaper Drone,Propulsion System,1.0,Multiple agents have proposed this as a primary component and it is a universally essential part of any drone's design.,Titanium,0.7,Round 3 refinement with peer support: 0,810810,Canada,metric tons,162950.0,16.25,0.8,From Canadian regulatory reports; significant producer with consistent output
MQ-9 Reaper Drone,Propulsion System,1.0,Multiple agents have proposed this as a primary component and it is a universally essential part of any drone's design.,Titanium,0.7,Round 3 refinement with peer support: 0,810810,South Africa,metric tons,60916.666666666664,6.33,0.75,South African government data; major producer with well-documented operations
MQ-9 Reaper Drone,Propulsion System,1.0,Multiple agents have proposed this as a primary component and it is a universally essential part of any drone's design.,Titanium,0.7,Round 3 refinement with peer support: 0,810810,United States,metric tons,25866.666666666668,4.17,0.75,US Geological Survey information; steady but smaller player compared to major producers
MQ-9 Reaper Drone,Propulsion System,1.0,Multiple agents have proposed this as a primary component and it is a universally essential part of any drone's design.,Titanium,0.7,Round 3 refinement with peer support: 0,810810,India,metric tons,19733.333333333332,3.83,0.75,National geoscientific surveys; increasing production but data less comprehensive
MQ-9 Reaper Drone,Wing Structure,1.0,This has received strong support from multiple agents and is crucial for the flight capabilities of the drone.,Aluminum,0.8,Round 3 refinement with peer support: 1,280300,CHINA,THOUSAND METRIC TONS,41000.0,58.57,0.95,USGS Mineral Commodity Summaries 2024/2023 - authoritative U.S. government production data with global coverage
MQ-9 Reaper Drone,Wing Structure,1.0,This has received strong support from multiple agents and is crucial for the flight capabilities of the drone.,Aluminum,0.8,Round 3 refinement with peer support: 1,280300,OTHER,THOUSAND METRIC TONS,7000.0,10.0,0.95,USGS Mineral Commodity Summaries 2024/2023 - authoritative U.S. government production data with global coverage
MQ-9 Reaper Drone,Wing Structure,1.0,This has received strong support from multiple agents and is crucial for the flight capabilities of the drone.,Aluminum,0.8,Round 3 refinement with peer support: 1,280300,INDIA,THOUSAND METRIC TONS,4100.0,5.86,0.95,USGS Mineral Commodity Summaries 2024/2023 - authoritative U.S. government production data with global coverage
MQ-9 Reaper Drone,Wing Structure,1.0,This has received strong support from multiple agents and is crucial for the flight capabilities of the drone.,Aluminum,0.8,Round 3 refinement with peer support: 1,280300,RUSSIA,THOUSAND METRIC TONS,3800.0,5.43,0.95,USGS Mineral Commodity Summaries 2024/2023 - authoritative U.S. government production data with global coverage
MQ-9 Reaper Drone,Wing Structure,1.0,This has received strong support from multiple agents and is crucial for the flight capabilities of the drone.,Aluminum,0.8,Round 3 refinement with peer support: 1,280300,CANADA,THOUSAND METRIC TONS,3000.0,4.29,0.95,USGS Mineral Commodity Summaries 2024/2023 - authoritative U.S. government production data with global coverage
MQ-9 Reaper Drone,Wing Structure,1.0,This has received strong support from multiple agents and is crucial for the flight capabilities of the drone.,Fiberglass,0.7,Round 3 refinement with peer support: 0,701939,China,kg,16550000.0,53.5,0.86,Based on the latest available data from China's National Bureau of Statistics; dominant producer with consistent growth.
MQ-9 Reaper Drone,Wing Structure,1.0,This has received strong support from multiple agents and is crucial for the flight capabilities of the drone.,Fiberglass,0.7,Round 3 refinement with peer support: 0,701939,United States,kg,4310000.0,16.0,0.825,Data from USGS and industry reports; second-largest producer but declining domestic mining.
MQ-9 Reaper Drone,Wing Structure,1.0,This has received strong support from multiple agents and is crucial for the flight capabilities of the drone.,Fiberglass,0.7,Round 3 refinement with peer support: 0,701939,Italy,kg,1655000.0,7.0,0.8,Leading European producer with reliable data from the Italian Ministry of Economy.
MQ-9 Reaper Drone,Wing Structure,1.0,This has received strong support from multiple agents and is crucial for the flight capabilities of the drone.,Fiberglass,0.7,Round 3 refinement with peer support: 0,701939,India,kg,2540000.0,6.75,0.795,Multi-agent debate consensus
MQ-9 Reaper Drone,Wing Structure,1.0,This has received strong support from multiple agents and is crucial for the flight capabilities of the drone.,Fiberglass,0.7,Round 3 refinement with peer support: 0,701939,Germany,kg,1315000.0,5.5,0.775,Multi-agent debate consensus
MQ-9 Reaper Drone,Wing Structure,1.0,This has received strong support from multiple agents and is crucial for the flight capabilities of the drone.,Titanium,0.7,Round 3 refinement with peer support: 0,810810,Australia,metric tons,236766.66666666666,29.5,0.883,Australian mining authority reports; consistent major producer
MQ-9 Reaper Drone,Wing Structure,1.0,This has received strong support from multiple agents and is crucial for the flight capabilities of the drone.,Titanium,0.7,Round 3 refinement with peer support: 0,810810,Canada,metric tons,162950.0,16.25,0.8,From Canadian regulatory reports; significant producer with consistent output
MQ-9 Reaper Drone,Wing Structure,1.0,This has received strong support from multiple agents and is crucial for the flight capabilities of the drone.,Titanium,0.7,Round 3 refinement with peer support: 0,810810,South Africa,metric tons,60916.666666666664,6.33,0.75,South African government data; major producer with well-documented operations
MQ-9 Reaper Drone,Wing Structure,1.0,This has received strong support from multiple agents and is crucial for the flight capabilities of the drone.,Titanium,0.7,Round 3 refinement with peer support: 0,810810,United States,metric tons,25866.666666666668,4.17,0.75,US Geological Survey information; steady but smaller player compared to major producers
MQ-9 Reaper Drone,Wing Structure,1.0,This has received strong support from multiple agents and is crucial for the flight capabilities of the drone.,Titanium,0.7,Round 3 refinement with peer support: 0,810810,India,metric tons,19733.333333333332,3.83,0.75,National geoscientific surveys; increasing production but data less comprehensive
MQ-9 Reaper Drone,Payload Bay,1.0,"Some agents have independently proposed this component as critical for transporting or housing hardware on the drone, and it is indeed a fundamental part of all combat drones like the MQ-9 Reaper.",Stainless steel,0.883,Round 3 refinement with peer support: 2,722000,China,metric tons,23728213.189999998,51.73,0.85,Data from industry reports and the International Steel Association.
MQ-9 Reaper Drone,Payload Bay,1.0,"Some agents have independently proposed this component as critical for transporting or housing hardware on the drone, and it is indeed a fundamental part of all combat drones like the MQ-9 Reaper.",Stainless steel,0.883,Round 3 refinement with peer support: 2,722000,India,metric tons,5343088.723333334,12.83,0.8,Data from the International Steel Association.
MQ-9 Reaper Drone,Payload Bay,1.0,"Some agents have independently proposed this component as critical for transporting or housing hardware on the drone, and it is indeed a fundamental part of all combat drones like the MQ-9 Reaper.",Stainless steel,0.883,Round 3 refinement with peer support: 2,722000,Japan,metric tons,2571949.96,9.43,0.867,"Data from the Ministry of Economy, Trade and Industry (METI)."
MQ-9 Reaper Drone,Payload Bay,1.0,"Some agents have independently proposed this component as critical for transporting or housing hardware on the drone, and it is indeed a fundamental part of all combat drones like the MQ-9 Reaper.",Stainless steel,0.883,Round 3 refinement with peer support: 2,722000,South Korea,metric tons,2152901.0100000002,5.33,0.783,Data from the Korean Steel Federation.
MQ-9 Reaper Drone,Payload Bay,1.0,"Some agents have independently proposed this component as critical for transporting or housing hardware on the drone, and it is indeed a fundamental part of all combat drones like the MQ-9 Reaper.",Stainless steel,0.883,Round 3 refinement with peer support: 2,722000,Germany,metric tons,1801315.3533333333,6.4,0.767,Data from the Statistical Office of the European Union (Eurostat).
MQ-9 Reaper Drone,Payload Bay,1.0,"Some agents have independently proposed this component as critical for transporting or housing hardware on the drone, and it is indeed a fundamental part of all combat drones like the MQ-9 Reaper.",Titanium,0.7,Round 3 refinement with peer support: 0,810810,Australia,metric tons,236766.66666666666,29.5,0.883,Australian mining authority reports; consistent major producer
MQ-9 Reaper Drone,Payload Bay,1.0,"Some agents have independently proposed this component as critical for transporting or housing hardware on the drone, and it is indeed a fundamental part of all combat drones like the MQ-9 Reaper.",Titanium,0.7,Round 3 refinement with peer support: 0,810810,Canada,metric tons,162950.0,16.25,0.8,From Canadian regulatory reports; significant producer with consistent output
MQ-9 Reaper Drone,Payload Bay,1.0,"Some agents have independently proposed this component as critical for transporting or housing hardware on the drone, and it is indeed a fundamental part of all combat drones like the MQ-9 Reaper.",Titanium,0.7,Round 3 refinement with peer support: 0,810810,South Africa,metric tons,60916.666666666664,6.33,0.75,South African government data; major producer with well-documented operations
MQ-9 Reaper Drone,Payload Bay,1.0,"Some agents have independently proposed this component as critical for transporting or housing hardware on the drone, and it is indeed a fundamental part of all combat drones like the MQ-9 Reaper.",Titanium,0.7,Round 3 refinement with peer support: 0,810810,United States,metric tons,25866.666666666668,4.17,0.75,US Geological Survey information; steady but smaller player compared to major producers
MQ-9 Reaper Drone,Payload Bay,1.0,"Some agents have independently proposed this component as critical for transporting or housing hardware on the drone, and it is indeed a fundamental part of all combat drones like the MQ-9 Reaper.",Titanium,0.7,Round 3 refinement with peer support: 0,810810,India,metric tons,19733.333333333332,3.83,0.75,National geoscientific surveys; increasing production but data less comprehensive
MQ-9 Reaper Drone,Sensor Suite,1.0,"Multiple agents have proposed this component, which are critical for gathering data and performing reconnaissance missions typical of the MQ-9 Reaper.",Silicon,0.95,Round 3 refinement with peer support: 2,280469,CHINA,THOUSAND METRIC TONS,3600.0,40.0,0.95,USGS Mineral Commodity Summaries 2024/2023 - authoritative U.S. government production data with global coverage
MQ-9 Reaper Drone,Sensor Suite,1.0,"Multiple agents have proposed this component, which are critical for gathering data and performing reconnaissance missions typical of the MQ-9 Reaper.",Silicon,0.95,Round 3 refinement with peer support: 2,280469,RUSSIA,THOUSAND METRIC TONS,570.0,6.33,0.95,USGS Mineral Commodity Summaries 2024/2023 - authoritative U.S. government production data with global coverage
MQ-9 Reaper Drone,Sensor Suite,1.0,"Multiple agents have proposed this component, which are critical for gathering data and performing reconnaissance missions typical of the MQ-9 Reaper.",Silicon,0.95,Round 3 refinement with peer support: 2,280469,BRAZIL,THOUSAND METRIC TONS,190.0,2.11,0.95,USGS Mineral Commodity Summaries 2024/2023 - authoritative U.S. government production data with global coverage
MQ-9 Reaper Drone,Sensor Suite,1.0,"Multiple agents have proposed this component, which are critical for gathering data and performing reconnaissance missions typical of the MQ-9 Reaper.",Silicon,0.95,Round 3 refinement with peer support: 2,280469,NORWAY,THOUSAND METRIC TONS,200.0,2.22,0.95,USGS Mineral Commodity Summaries 2024/2023 - authoritative U.S. government production data with global coverage
MQ-9 Reaper Drone,Sensor Suite,1.0,"Multiple agents have proposed this component, which are critical for gathering data and performing reconnaissance missions typical of the MQ-9 Reaper.",Silicon,0.95,Round 3 refinement with peer support: 2,280469,OTHER,THOUSAND METRIC TONS,100.0,1.11,0.95,USGS Mineral Commodity Summaries 2024/2023 - authoritative U.S. government production data with global coverage
MQ-9 Reaper Drone,Sensor Suite,1.0,"Multiple agents have proposed this component, which are critical for gathering data and performing reconnaissance missions typical of the MQ-9 Reaper.",Boron nitride,0.7,Round 3 refinement with peer support: 0,285000,United States,metric tons,5841.333333333333,35.67,0.783,Primary producer with detailed industry reports; data reasonably reliable but can vary.
MQ-9 Reaper Drone,Sensor Suite,1.0,"Multiple agents have proposed this component, which are critical for gathering data and performing reconnaissance missions typical of the MQ-9 Reaper.",Boron nitride,0.7,Round 3 refinement with peer support: 0,285000,China,metric tons,3441.0,29.37,0.773,"One of the major producers, with robust mining operations and significant market share. Data from industry reports and Chinese government figures."
MQ-9 Reaper Drone,Sensor Suite,1.0,"Multiple agents have proposed this component, which are critical for gathering data and performing reconnaissance missions typical of the MQ-9 Reaper.",Boron nitride,0.7,Round 3 refinement with peer support: 0,285000,Japan,metric tons,386.3333333333333,11.33,0.75,"Another key producer, focusing on high-demand applications like electronics and coatings. Data from Ministry of Economy, Trade and Industry reports."
MQ-9 Reaper Drone,Sensor Suite,1.0,"Multiple agents have proposed this component, which are critical for gathering data and performing reconnaissance missions typical of the MQ-9 Reaper.",Boron nitride,0.7,Round 3 refinement with peer support: 0,285000,Germany,metric tons,255.0,3.67,0.667,"Industrial usage and production, though minor;"
MQ-9 Reaper Drone,Sensor Suite,1.0,"Multiple agents have proposed this component, which are critical for gathering data and performing reconnaissance missions typical of the MQ-9 Reaper.",Boron nitride,0.7,Round 3 refinement with peer support: 0,285000,Italy,metric tons,179.33333333333334,2.4,0.617,Known for its research activities and industrial scale applications in advanced materials.
MQ-9 Reaper Drone,Sensor Suite,1.0,"Multiple agents have proposed this component, which are critical for gathering data and performing reconnaissance missions typical of the MQ-9 Reaper.",Bismuth telluride,0.7,Round 3 refinement with peer support: 0,284390,China,metric tons,4200.0,48.0,0.8,Multi-agent debate consensus
MQ-9 Reaper Drone,Sensor Suite,1.0,"Multiple agents have proposed this component, which are critical for gathering data and performing reconnaissance missions typical of the MQ-9 Reaper.",Bismuth telluride,0.7,Round 3 refinement with peer support: 0,284390,Japan,metric tons,1370.0,16.0,0.783,Multi-agent debate consensus
MQ-9 Reaper Drone,Sensor Suite,1.0,"Multiple agents have proposed this component, which are critical for gathering data and performing reconnaissance missions typical of the MQ-9 Reaper.",Bismuth telluride,0.7,Round 3 refinement with peer support: 0,284390,United States,metric tons,996.6666666666666,11.67,0.65,Multi-agent debate consensus
MQ-9 Reaper Drone,Sensor Suite,1.0,"Multiple agents have proposed this component, which are critical for gathering data and performing reconnaissance missions typical of the MQ-9 Reaper.",Bismuth telluride,0.7,Round 3 refinement with peer support: 0,284390,Germany,metric tons,850.0,10.0,0.7,Multi-agent debate consensus
MQ-9 Reaper Drone,Sensor Suite,1.0,"Multiple agents have proposed this component, which are critical for gathering data and performing reconnaissance missions typical of the MQ-9 Reaper.",Bismuth telluride,0.7,Round 3 refinement with peer support: 0,284390,South Korea,metric tons,513.3333333333334,6.0,0.733,Multi-agent debate consensus
MQ-9 Reaper Drone,Power Management System,0.95,This has moderate support among multiple agents and is essential for managing power distribution within the drone to maximize efficiency and performance.,Copper,0.8,Round 3 refinement with peer support: 1,740100,CHINA,THOUSAND METRIC TONS,1700.0,3.47,0.95,USGS Mineral Commodity Summaries 2024/2023 - authoritative U.S. government production data with global coverage
MQ-9 Reaper Drone,Power Management System,0.95,This has moderate support among multiple agents and is essential for managing power distribution within the drone to maximize efficiency and performance.,Copper,0.8,Round 3 refinement with peer support: 1,740100,CHILE,THOUSAND METRIC TONS,5000.0,10.2,0.95,USGS Mineral Commodity Summaries 2024/2023 - authoritative U.S. government production data with global coverage
MQ-9 Reaper Drone,Power Management System,0.95,This has moderate support among multiple agents and is essential for managing power distribution within the drone to maximize efficiency and performance.,Copper,0.8,Round 3 refinement with peer support: 1,740100,OTHER,THOUSAND METRIC TONS,3100.0,6.33,0.95,USGS Mineral Commodity Summaries 2024/2023 - authoritative U.S. government production data with global coverage
MQ-9 Reaper Drone,Power Management System,0.95,This has moderate support among multiple agents and is essential for managing power distribution within the drone to maximize efficiency and performance.,Copper,0.8,Round 3 refinement with peer support: 1,740100,CONGO,THOUSAND METRIC TONS,2500.0,5.1,0.95,USGS Mineral Commodity Summaries 2024/2023 - authoritative U.S. government production data with global coverage
MQ-9 Reaper Drone,Power Management System,0.95,This has moderate support among multiple agents and is essential for managing power distribution within the drone to maximize efficiency and performance.,Copper,0.8,Round 3 refinement with peer support: 1,740100,PERU,THOUSAND METRIC TONS,2600.0,5.31,0.95,USGS Mineral Commodity Summaries 2024/2023 - authoritative U.S. government production data with global coverage
MQ-9 Reaper Drone,Power Management System,0.95,This has moderate support among multiple agents and is essential for managing power distribution within the drone to maximize efficiency and performance.,Silver,0.85,Round 3 refinement with peer support: 1,710610,MEXICO,METRIC TONS,6400.0,24.62,0.95,USGS Mineral Commodity Summaries 2024/2023 - authoritative U.S. government production data with global coverage
MQ-9 Reaper Drone,Power Management System,0.95,This has moderate support among multiple agents and is essential for managing power distribution within the drone to maximize efficiency and performance.,Silver,0.85,Round 3 refinement with peer support: 1,710610,CHINA,METRIC TONS,3400.0,13.08,0.95,USGS Mineral Commodity Summaries 2024/2023 - authoritative U.S. government production data with global coverage
MQ-9 Reaper Drone,Power Management System,0.95,This has moderate support among multiple agents and is essential for managing power distribution within the drone to maximize efficiency and performance.,Silver,0.85,Round 3 refinement with peer support: 1,710610,PERU,METRIC TONS,3100.0,11.92,0.95,USGS Mineral Commodity Summaries 2024/2023 - authoritative U.S. government production data with global coverage
MQ-9 Reaper Drone,Power Management System,0.95,This has moderate support among multiple agents and is essential for managing power distribution within the drone to maximize efficiency and performance.,Silver,0.85,Round 3 refinement with peer support: 1,710610,OTHER,METRIC TONS,3000.0,11.54,0.95,USGS Mineral Commodity Summaries 2024/2023 - authoritative U.S. government production data with global coverage
MQ-9 Reaper Drone,Power Management System,0.95,This has moderate support among multiple agents and is essential for managing power distribution within the drone to maximize efficiency and performance.,Silver,0.85,Round 3 refinement with peer support: 1,710610,CHILE,METRIC TONS,1400.0,5.38,0.95,USGS Mineral Commodity Summaries 2024/2023 - authoritative U.S. government production data with global coverage
MQ-9 Reaper Drone,Power Management System,0.95,This has moderate support among multiple agents and is essential for managing power distribution within the drone to maximize efficiency and performance.,Aluminum,0.7,Round 3 refinement with peer support: 0,280300,CHINA,THOUSAND METRIC TONS,41000.0,58.57,0.95,USGS Mineral Commodity Summaries 2024/2023 - authoritative U.S. government production data with global coverage
MQ-9 Reaper Drone,Power Management System,0.95,This has moderate support among multiple agents and is essential for managing power distribution within the drone to maximize efficiency and performance.,Aluminum,0.7,Round 3 refinement with peer support: 0,280300,OTHER,THOUSAND METRIC TONS,7000.0,10.0,0.95,USGS Mineral Commodity Summaries 2024/2023 - authoritative U.S. government production data with global coverage
MQ-9 Reaper Drone,Power Management System,0.95,This has moderate support among multiple agents and is essential for managing power distribution within the drone to maximize efficiency and performance.,Aluminum,0.7,Round 3 refinement with peer support: 0,280300,INDIA,THOUSAND METRIC TONS,4100.0,5.86,0.95,USGS Mineral Commodity Summaries 2024/2023 - authoritative U.S. government production data with global coverage
MQ-9 Reaper Drone,Power Management System,0.95,This has moderate support among multiple agents and is essential for managing power distribution within the drone to maximize efficiency and performance.,Aluminum,0.7,Round 3 refinement with peer support: 0,280300,RUSSIA,THOUSAND METRIC TONS,3800.0,5.43,0.95,USGS Mineral Commodity Summaries 2024/2023 - authoritative U.S. government production data with global coverage
MQ-9 Reaper Drone,Power Management System,0.95,This has moderate support among multiple agents and is essential for managing power distribution within the drone to maximize efficiency and performance.,Aluminum,0.7,Round 3 refinement with peer support: 0,280300,CANADA,THOUSAND METRIC TONS,3000.0,4.29,0.95,USGS Mineral Commodity Summaries 2024/2023 - authoritative U.S. government production data with global coverage
MQ-9 Reaper Drone,Avionics Suite,0.95,"This component is proposed by multiple agents and received high support from peers. It covers vital systems like navigation, communication, and flight control.",Copper,0.75,Round 3 refinement with peer support: 1,740100,CHINA,THOUSAND METRIC TONS,1700.0,3.47,0.95,USGS Mineral Commodity Summaries 2024/2023 - authoritative U.S. government production data with global coverage
MQ-9 Reaper Drone,Avionics Suite,0.95,"This component is proposed by multiple agents and received high support from peers. It covers vital systems like navigation, communication, and flight control.",Copper,0.75,Round 3 refinement with peer support: 1,740100,CHILE,THOUSAND METRIC TONS,5000.0,10.2,0.95,USGS Mineral Commodity Summaries 2024/2023 - authoritative U.S. government production data with global coverage
MQ-9 Reaper Drone,Avionics Suite,0.95,"This component is proposed by multiple agents and received high support from peers. It covers vital systems like navigation, communication, and flight control.",Copper,0.75,Round 3 refinement with peer support: 1,740100,OTHER,THOUSAND METRIC TONS,3100.0,6.33,0.95,USGS Mineral Commodity Summaries 2024/2023 - authoritative U.S. government production data with global coverage
MQ-9 Reaper Drone,Avionics Suite,0.95,"This component is proposed by multiple agents and received high support from peers. It covers vital systems like navigation, communication, and flight control.",Copper,0.75,Round 3 refinement with peer support: 1,740100,CONGO,THOUSAND METRIC TONS,2500.0,5.1,0.95,USGS Mineral Commodity Summaries 2024/2023 - authoritative U.S. government production data with global coverage
MQ-9 Reaper Drone,Avionics Suite,0.95,"This component is proposed by multiple agents and received high support from peers. It covers vital systems like navigation, communication, and flight control.",Copper,0.75,Round 3 refinement with peer support: 1,740100,PERU,THOUSAND METRIC TONS,2600.0,5.31,0.95,USGS Mineral Commodity Summaries 2024/2023 - authoritative U.S. government production data with global coverage
MQ-9 Reaper Drone,Avionics Suite,0.95,"This component is proposed by multiple agents and received high support from peers. It covers vital systems like navigation, communication, and flight control.",Aluminum,0.7,Round 3 refinement with peer support: 0,280300,CHINA,THOUSAND METRIC TONS,41000.0,58.57,0.95,USGS Mineral Commodity Summaries 2024/2023 - authoritative U.S. government production data with global coverage
MQ-9 Reaper Drone,Avionics Suite,0.95,"This component is proposed by multiple agents and received high support from peers. It covers vital systems like navigation, communication, and flight control.",Aluminum,0.7,Round 3 refinement with peer support: 0,280300,OTHER,THOUSAND METRIC TONS,7000.0,10.0,0.95,USGS Mineral Commodity Summaries 2024/2023 - authoritative U.S. government production data with global coverage
MQ-9 Reaper Drone,Avionics Suite,0.95,"This component is proposed by multiple agents and received high support from peers. It covers vital systems like navigation, communication, and flight control.",Aluminum,0.7,Round 3 refinement with peer support: 0,280300,INDIA,THOUSAND METRIC TONS,4100.0,5.86,0.95,USGS Mineral Commodity Summaries 2024/2023 - authoritative U.S. government production data with global coverage
MQ-9 Reaper Drone,Avionics Suite,0.95,"This component is proposed by multiple agents and received high support from peers. It covers vital systems like navigation, communication, and flight control.",Aluminum,0.7,Round 3 refinement with peer support: 0,280300,RUSSIA,THOUSAND METRIC TONS,3800.0,5.43,0.95,USGS Mineral Commodity Summaries 2024/2023 - authoritative U.S. government production data with global coverage
MQ-9 Reaper Drone,Avionics Suite,0.95,"This component is proposed by multiple agents and received high support from peers. It covers vital systems like navigation, communication, and flight control.",Aluminum,0.7,Round 3 refinement with peer support: 0,280300,CANADA,THOUSAND METRIC TONS,3000.0,4.29,0.95,USGS Mineral Commodity Summaries 2024/2023 - authoritative U.S. government production data with global coverage
MQ-9 Reaper Drone,Avionics Suite,0.95,"This component is proposed by multiple agents and received high support from peers. It covers vital systems like navigation, communication, and flight control.",Silicon,0.775,Round 3 refinement with peer support: 1,280469,CHINA,THOUSAND METRIC TONS,3600.0,40.0,0.95,USGS Mineral Commodity Summaries 2024/2023 - authoritative U.S. government production data with global coverage
MQ-9 Reaper Drone,Avionics Suite,0.95,"This component is proposed by multiple agents and received high support from peers. It covers vital systems like navigation, communication, and flight control.",Silicon,0.775,Round 3 refinement with peer support: 1,280469,RUSSIA,THOUSAND METRIC TONS,570.0,6.33,0.95,USGS Mineral Commodity Summaries 2024/2023 - authoritative U.S. government production data with global coverage
MQ-9 Reaper Drone,Avionics Suite,0.95,"This component is proposed by multiple agents and received high support from peers. It covers vital systems like navigation, communication, and flight control.",Silicon,0.775,Round 3 refinement with peer support: 1,280469,BRAZIL,THOUSAND METRIC TONS,190.0,2.11,0.95,USGS Mineral Commodity Summaries 2024/2023 - authoritative U.S. government production data with global coverage
MQ-9 Reaper Drone,Avionics Suite,0.95,"This component is proposed by multiple agents and received high support from peers. It covers vital systems like navigation, communication, and flight control.",Silicon,0.775,Round 3 refinement with peer support: 1,280469,NORWAY,THOUSAND METRIC TONS,200.0,2.22,0.95,USGS Mineral Commodity Summaries 2024/2023 - authoritative U.S. government production data with global coverage
MQ-9 Reaper Drone,Avionics Suite,0.95,"This component is proposed by multiple agents and received high support from peers. It covers vital systems like navigation, communication, and flight control.",Silicon,0.775,Round 3 refinement with peer support: 1,280469,OTHER,THOUSAND METRIC TONS,100.0,1.11,0.95,USGS Mineral Commodity Summaries 2024/2023 - authoritative U.S. government production data with global coverage
MQ-9 Reaper Drone,Avionics Suite,0.95,"This component is proposed by multiple agents and received high support from peers. It covers vital systems like navigation, communication, and flight control.",Silver,0.85,Round 3 refinement with peer support: 1,710610,MEXICO,METRIC TONS,6400.0,24.62,0.95,USGS Mineral Commodity Summaries 2024/2023 - authoritative U.S. government production data with global coverage
MQ-9 Reaper Drone,Avionics Suite,0.95,"This component is proposed by multiple agents and received high support from peers. It covers vital systems like navigation, communication, and flight control.",Silver,0.85,Round 3 refinement with peer support: 1,710610,CHINA,METRIC TONS,3400.0,13.08,0.95,USGS Mineral Commodity Summaries 2024/2023 - authoritative U.S. government production data with global coverage
MQ-9 Reaper Drone,Avionics Suite,0.95,"This component is proposed by multiple agents and received high support from peers. It covers vital systems like navigation, communication, and flight control.",Silver,0.85,Round 3 refinement with peer support: 1,710610,PERU,METRIC TONS,3100.0,11.92,0.95,USGS Mineral Commodity Summaries 2024/2023 - authoritative U.S. government production data with global coverage
MQ-9 Reaper Drone,Avionics Suite,0.95,"This component is proposed by multiple agents and received high support from peers. It covers vital systems like navigation, communication, and flight control.",Silver,0.85,Round 3 refinement with peer support: 1,710610,OTHER,METRIC TONS,3000.0,11.54,0.95,USGS Mineral Commodity Summaries 2024/2023 - authoritative U.S. government production data with global coverage
MQ-9 Reaper Drone,Avionics Suite,0.95,"This component is proposed by multiple agents and received high support from peers. It covers vital systems like navigation, communication, and flight control.",Silver,0.85,Round 3 refinement with peer support: 1,710610,CHILE,METRIC TONS,1400.0,5.38,0.95,USGS Mineral Commodity Summaries 2024/2023 - authoritative U.S. government production data with global coverage
MQ-9 Reaper Drone,Navigation Systems,0.93,"Multiple peers support this component, ensuring accurate positioning and navigation capabilities for the drone.",Aluminum,0.7,Round 3 refinement with peer support: 0,280300,CHINA,THOUSAND METRIC TONS,41000.0,58.57,0.95,USGS Mineral Commodity Summaries 2024/2023 - authoritative U.S. government production data with global coverage
MQ-9 Reaper Drone,Navigation Systems,0.93,"Multiple peers support this component, ensuring accurate positioning and navigation capabilities for the drone.",Aluminum,0.7,Round 3 refinement with peer support: 0,280300,OTHER,THOUSAND METRIC TONS,7000.0,10.0,0.95,USGS Mineral Commodity Summaries 2024/2023 - authoritative U.S. government production data with global coverage
MQ-9 Reaper Drone,Navigation Systems,0.93,"Multiple peers support this component, ensuring accurate positioning and navigation capabilities for the drone.",Aluminum,0.7,Round 3 refinement with peer support: 0,280300,INDIA,THOUSAND METRIC TONS,4100.0,5.86,0.95,USGS Mineral Commodity Summaries 2024/2023 - authoritative U.S. government production data with global coverage
MQ-9 Reaper Drone,Navigation Systems,0.93,"Multiple peers support this component, ensuring accurate positioning and navigation capabilities for the drone.",Aluminum,0.7,Round 3 refinement with peer support: 0,280300,RUSSIA,THOUSAND METRIC TONS,3800.0,5.43,0.95,USGS Mineral Commodity Summaries 2024/2023 - authoritative U.S. government production data with global coverage
MQ-9 Reaper Drone,Navigation Systems,0.93,"Multiple peers support this component, ensuring accurate positioning and navigation capabilities for the drone.",Aluminum,0.7,Round 3 refinement with peer support: 0,280300,CANADA,THOUSAND METRIC TONS,3000.0,4.29,0.95,USGS Mineral Commodity Summaries 2024/2023 - authoritative U.S. government production data with global coverage
MQ-9 Reaper Drone,Navigation Systems,0.93,"Multiple peers support this component, ensuring accurate positioning and navigation capabilities for the drone.",Graphite,0.7,Round 3 refinement with peer support: 0,380110,CHINA,METRIC TONS,1230000.0,76.88,0.95,USGS Mineral Commodity Summaries 2024/2023 - authoritative U.S. government production data with global coverage
MQ-9 Reaper Drone,Navigation Systems,0.93,"Multiple peers support this component, ensuring accurate positioning and navigation capabilities for the drone.",Graphite,0.7,Round 3 refinement with peer support: 0,380110,MADAGASCAR,METRIC TONS,100000.0,6.25,0.95,USGS Mineral Commodity Summaries 2024/2023 - authoritative U.S. government production data with global coverage
MQ-9 Reaper Drone,Navigation Systems,0.93,"Multiple peers support this component, ensuring accurate positioning and navigation capabilities for the drone.",Graphite,0.7,Round 3 refinement with peer support: 0,380110,MOZAMBIQUE,METRIC TONS,96000.0,6.0,0.95,USGS Mineral Commodity Summaries 2024/2023 - authoritative U.S. government production data with global coverage
MQ-9 Reaper Drone,Navigation Systems,0.93,"Multiple peers support this component, ensuring accurate positioning and navigation capabilities for the drone.",Graphite,0.7,Round 3 refinement with peer support: 0,380110,BRAZIL,METRIC TONS,73000.0,4.56,0.95,USGS Mineral Commodity Summaries 2024/2023 - authoritative U.S. government production data with global coverage
MQ-9 Reaper Drone,Navigation Systems,0.93,"Multiple peers support this component, ensuring accurate positioning and navigation capabilities for the drone.",Graphite,0.7,Round 3 refinement with peer support: 0,380110,"KOREA, REPUBLIC OF",METRIC TONS,27000.0,1.69,0.95,USGS Mineral Commodity Summaries 2024/2023 - authoritative U.S. government production data with global coverage
MQ-9 Reaper Drone,Navigation Systems,0.93,"Multiple peers support this component, ensuring accurate positioning and navigation capabilities for the drone.",Silicon,0.7,Round 3 refinement with peer support: 0,280469,CHINA,THOUSAND METRIC TONS,3600.0,40.0,0.95,USGS Mineral Commodity Summaries 2024/2023 - authoritative U.S. government production data with global coverage
MQ-9 Reaper Drone,Navigation Systems,0.93,"Multiple peers support this component, ensuring accurate positioning and navigation capabilities for the drone.",Silicon,0.7,Round 3 refinement with peer support: 0,280469,RUSSIA,THOUSAND METRIC TONS,570.0,6.33,0.95,USGS Mineral Commodity Summaries 2024/2023 - authoritative U.S. government production data with global coverage
MQ-9 Reaper Drone,Navigation Systems,0.93,"Multiple peers support this component, ensuring accurate positioning and navigation capabilities for the drone.",Silicon,0.7,Round 3 refinement with peer support: 0,280469,BRAZIL,THOUSAND METRIC TONS,190.0,2.11,0.95,USGS Mineral Commodity Summaries 2024/2023 - authoritative U.S. government production data with global coverage
MQ-9 Reaper Drone,Navigation Systems,0.93,"Multiple peers support this component, ensuring accurate positioning and navigation capabilities for the drone.",Silicon,0.7,Round 3 refinement with peer support: 0,280469,NORWAY,THOUSAND METRIC TONS,200.0,2.22,0.95,USGS Mineral Commodity Summaries 2024/2023 - authoritative U.S. government production data with global coverage
MQ-9 Reaper Drone,Navigation Systems,0.93,"Multiple peers support this component, ensuring accurate positioning and navigation capabilities for the drone.",Silicon,0.7,Round 3 refinement with peer support: 0,280469,OTHER,THOUSAND METRIC TONS,100.0,1.11,0.95,USGS Mineral Commodity Summaries 2024/2023 - authoritative U.S. government production data with global coverage
MQ-9 Reaper Drone,Electrical Control System,0.92,"There was strong support from one agent with moderate confidence; however, it can be combined under 'Propulsion' as a subcomponent, given the nature of most modern drone propulsion systems being electric.",Copper,0.775,Round 3 refinement with peer support: 1,740100,CHINA,THOUSAND METRIC TONS,1700.0,3.47,0.95,USGS Mineral Commodity Summaries 2024/2023 - authoritative U.S. government production data with global coverage
MQ-9 Reaper Drone,Electrical Control System,0.92,"There was strong support from one agent with moderate confidence; however, it can be combined under 'Propulsion' as a subcomponent, given the nature of most modern drone propulsion systems being electric.",Copper,0.775,Round 3 refinement with peer support: 1,740100,CHILE,THOUSAND METRIC TONS,5000.0,10.2,0.95,USGS Mineral Commodity Summaries 2024/2023 - authoritative U.S. government production data with global coverage
MQ-9 Reaper Drone,Electrical Control System,0.92,"There was strong support from one agent with moderate confidence; however, it can be combined under 'Propulsion' as a subcomponent, given the nature of most modern drone propulsion systems being electric.",Copper,0.775,Round 3 refinement with peer support: 1,740100,OTHER,THOUSAND METRIC TONS,3100.0,6.33,0.95,USGS Mineral Commodity Summaries 2024/2023 - authoritative U.S. government production data with global coverage
MQ-9 Reaper Drone,Electrical Control System,0.92,"There was strong support from one agent with moderate confidence; however, it can be combined under 'Propulsion' as a subcomponent, given the nature of most modern drone propulsion systems being electric.",Copper,0.775,Round 3 refinement with peer support: 1,740100,CONGO,THOUSAND METRIC TONS,2500.0,5.1,0.95,USGS Mineral Commodity Summaries 2024/2023 - authoritative U.S. government production data with global coverage
MQ-9 Reaper Drone,Electrical Control System,0.92,"There was strong support from one agent with moderate confidence; however, it can be combined under 'Propulsion' as a subcomponent, given the nature of most modern drone propulsion systems being electric.",Copper,0.775,Round 3 refinement with peer support: 1,740100,PERU,THOUSAND METRIC TONS,2600.0,5.31,0.95,USGS Mineral Commodity Summaries 2024/2023 - authoritative U.S. government production data with global coverage
MQ-9 Reaper Drone,Electrical Control System,0.92,"There was strong support from one agent with moderate confidence; however, it can be combined under 'Propulsion' as a subcomponent, given the nature of most modern drone propulsion systems being electric.",Stainless steel,0.7,Round 3 refinement with peer support: 0,722000,China,metric tons,23728213.189999998,51.73,0.85,Data from industry reports and the International Steel Association.
MQ-9 Reaper Drone,Electrical Control System,0.92,"There was strong support from one agent with moderate confidence; however, it can be combined under 'Propulsion' as a subcomponent, given the nature of most modern drone propulsion systems being electric.",Stainless steel,0.7,Round 3 refinement with peer support: 0,722000,India,metric tons,5343088.723333334,12.83,0.8,Data from the International Steel Association.
MQ-9 Reaper Drone,Electrical Control System,0.92,"There was strong support from one agent with moderate confidence; however, it can be combined under 'Propulsion' as a subcomponent, given the nature of most modern drone propulsion systems being electric.",Stainless steel,0.7,Round 3 refinement with peer support: 0,722000,Japan,metric tons,2571949.96,9.43,0.867,"Data from the Ministry of Economy, Trade and Industry (METI)."
MQ-9 Reaper Drone,Electrical Control System,0.92,"There was strong support from one agent with moderate confidence; however, it can be combined under 'Propulsion' as a subcomponent, given the nature of most modern drone propulsion systems being electric.",Stainless steel,0.7,Round 3 refinement with peer support: 0,722000,South Korea,metric tons,2152901.0100000002,5.33,0.783,Data from the Korean Steel Federation.
MQ-9 Reaper Drone,Electrical Control System,0.92,"There was strong support from one agent with moderate confidence; however, it can be combined under 'Propulsion' as a subcomponent, given the nature of most modern drone propulsion systems being electric.",Stainless steel,0.7,Round 3 refinement with peer support: 0,722000,Germany,metric tons,1801315.3533333333,6.4,0.767,Data from the Statistical Office of the European Union (Eurostat).
MQ-9 Reaper Drone,Electrical Control System,0.92,"There was strong support from one agent with moderate confidence; however, it can be combined under 'Propulsion' as a subcomponent, given the nature of most modern drone propulsion systems being electric.",Aluminum,0.7,Round 3 refinement with peer support: 0,280300,CHINA,THOUSAND METRIC TONS,41000.0,58.57,0.95,USGS Mineral Commodity Summaries 2024/2023 - authoritative U.S. government production data with global coverage
MQ-9 Reaper Drone,Electrical Control System,0.92,"There was strong support from one agent with moderate confidence; however, it can be combined under 'Propulsion' as a subcomponent, given the nature of most modern drone propulsion systems being electric.",Aluminum,0.7,Round 3 refinement with peer support: 0,280300,OTHER,THOUSAND METRIC TONS,7000.0,10.0,0.95,USGS Mineral Commodity Summaries 2024/2023 - authoritative U.S. government production data with global coverage
MQ-9 Reaper Drone,Electrical Control System,0.92,"There was strong support from one agent with moderate confidence; however, it can be combined under 'Propulsion' as a subcomponent, given the nature of most modern drone propulsion systems being electric.",Aluminum,0.7,Round 3 refinement with peer support: 0,280300,INDIA,THOUSAND METRIC TONS,4100.0,5.86,0.95,USGS Mineral Commodity Summaries 2024/2023 - authoritative U.S. government production data with global coverage
MQ-9 Reaper Drone,Electrical Control System,0.92,"There was strong support from one agent with moderate confidence; however, it can be combined under 'Propulsion' as a subcomponent, given the nature of most modern drone propulsion systems being electric.",Aluminum,0.7,Round 3 refinement with peer support: 0,280300,RUSSIA,THOUSAND METRIC TONS,3800.0,5.43,0.95,USGS Mineral Commodity Summaries 2024/2023 - authoritative U.S. government production data with global coverage
MQ-9 Reaper Drone,Electrical Control System,0.92,"There was strong support from one agent with moderate confidence; however, it can be combined under 'Propulsion' as a subcomponent, given the nature of most modern drone propulsion systems being electric.",Aluminum,0.7,Round 3 refinement with peer support: 0,280300,CANADA,THOUSAND METRIC TONS,3000.0,4.29,0.95,USGS Mineral Commodity Summaries 2024/2023 - authoritative U.S. government production data with global coverage
MQ-9 Reaper Drone,Electrical Control System,0.92,"There was strong support from one agent with moderate confidence; however, it can be combined under 'Propulsion' as a subcomponent, given the nature of most modern drone propulsion systems being electric.",Graphite,0.7,Round 3 refinement with peer support: 0,380110,CHINA,METRIC TONS,1230000.0,76.88,0.95,USGS Mineral Commodity Summaries 2024/2023 - authoritative U.S. government production data with global coverage
MQ-9 Reaper Drone,Electrical Control System,0.92,"There was strong support from one agent with moderate confidence; however, it can be combined under 'Propulsion' as a subcomponent, given the nature of most modern drone propulsion systems being electric.",Graphite,0.7,Round 3 refinement with peer support: 0,380110,MADAGASCAR,METRIC TONS,100000.0,6.25,0.95,USGS Mineral Commodity Summaries 2024/2023 - authoritative U.S. government production data with global coverage
MQ-9 Reaper Drone,Electrical Control System,0.92,"There was strong support from one agent with moderate confidence; however, it can be combined under 'Propulsion' as a subcomponent, given the nature of most modern drone propulsion systems being electric.",Graphite,0.7,Round 3 refinement with peer support: 0,380110,MOZAMBIQUE,METRIC TONS,96000.0,6.0,0.95,USGS Mineral Commodity Summaries 2024/2023 - authoritative U.S. government production data with global coverage
MQ-9 Reaper Drone,Electrical Control System,0.92,"There was strong support from one agent with moderate confidence; however, it can be combined under 'Propulsion' as a subcomponent, given the nature of most modern drone propulsion systems being electric.",Graphite,0.7,Round 3 refinement with peer support: 0,380110,BRAZIL,METRIC TONS,73000.0,4.56,0.95,USGS Mineral Commodity Summaries 2024/2023 - authoritative U.S. government production data with global coverage
MQ-9 Reaper Drone,Electrical Control System,0.92,"There was strong support from one agent with moderate confidence; however, it can be combined under 'Propulsion' as a subcomponent, given the nature of most modern drone propulsion systems being electric.",Graphite,0.7,Round 3 refinement with peer support: 0,380110,"KOREA, REPUBLIC OF",METRIC TONS,27000.0,1.69,0.95,USGS Mineral Commodity Summaries 2024/2023 - authoritative U.S. government production data with global coverage
Javelin Anti-Tank Missile,Propulsion System,0.95,"High confidence due to its critical role in enabling the missile to reach and destroy its target. Agent3 proposed this with a high confidence score of 0.95, and there's no strong critique against it.",Aluminum,0.775,Round 3 refinement with peer support: 1,280300,CHINA,THOUSAND METRIC TONS,41000.0,58.57,0.95,USGS Mineral Commodity Summaries 2024/2023 - authoritative U.S. government production data with global coverage
Javelin Anti-Tank Missile,Propulsion System,0.95,"High confidence due to its critical role in enabling the missile to reach and destroy its target. Agent3 proposed this with a high confidence score of 0.95, and there's no strong critique against it.",Aluminum,0.775,Round 3 refinement with peer support: 1,280300,OTHER,THOUSAND METRIC TONS,7000.0,10.0,0.95,USGS Mineral Commodity Summaries 2024/2023 - authoritative U.S. government production data with global coverage
Javelin Anti-Tank Missile,Propulsion System,0.95,"High confidence due to its critical role in enabling the missile to reach and destroy its target. Agent3 proposed this with a high confidence score of 0.95, and there's no strong critique against it.",Aluminum,0.775,Round 3 refinement with peer support: 1,280300,INDIA,THOUSAND METRIC TONS,4100.0,5.86,0.95,USGS Mineral Commodity Summaries 2024/2023 - authoritative U.S. government production data with global coverage
Javelin Anti-Tank Missile,Propulsion System,0.95,"High confidence due to its critical role in enabling the missile to reach and destroy its target. Agent3 proposed this with a high confidence score of 0.95, and there's no strong critique against it.",Aluminum,0.775,Round 3 refinement with peer support: 1,280300,RUSSIA,THOUSAND METRIC TONS,3800.0,5.43,0.95,USGS Mineral Commodity Summaries 2024/2023 - authoritative U.S. government production data with global coverage
Javelin Anti-Tank Missile,Propulsion System,0.95,"High confidence due to its critical role in enabling the missile to reach and destroy its target. Agent3 proposed this with a high confidence score of 0.95, and there's no strong critique against it.",Aluminum,0.775,Round 3 refinement with peer support: 1,280300,CANADA,THOUSAND METRIC TONS,3000.0,4.29,0.95,USGS Mineral Commodity Summaries 2024/2023 - authoritative U.S. government production data with global coverage
Javelin Anti-Tank Missile,Propulsion System,0.95,"High confidence due to its critical role in enabling the missile to reach and destroy its target. Agent3 proposed this with a high confidence score of 0.95, and there's no strong critique against it.",Bismuth telluride,0.7,Round 3 refinement with peer support: 0,284390,China,metric tons,4200.0,48.0,0.8,Multi-agent debate consensus
Javelin Anti-Tank Missile,Propulsion System,0.95,"High confidence due to its critical role in enabling the missile to reach and destroy its target. Agent3 proposed this with a high confidence score of 0.95, and there's no strong critique against it.",Bismuth telluride,0.7,Round 3 refinement with peer support: 0,284390,Japan,metric tons,1370.0,16.0,0.783,Multi-agent debate consensus
Javelin Anti-Tank Missile,Propulsion System,0.95,"High confidence due to its critical role in enabling the missile to reach and destroy its target. Agent3 proposed this with a high confidence score of 0.95, and there's no strong critique against it.",Bismuth telluride,0.7,Round 3 refinement with peer support: 0,284390,United States,metric tons,996.6666666666666,11.67,0.65,Multi-agent debate consensus
Javelin Anti-Tank Missile,Propulsion System,0.95,"High confidence due to its critical role in enabling the missile to reach and destroy its target. Agent3 proposed this with a high confidence score of 0.95, and there's no strong critique against it.",Bismuth telluride,0.7,Round 3 refinement with peer support: 0,284390,Germany,metric tons,850.0,10.0,0.7,Multi-agent debate consensus
Javelin Anti-Tank Missile,Propulsion System,0.95,"High confidence due to its critical role in enabling the missile to reach and destroy its target. Agent3 proposed this with a high confidence score of 0.95, and there's no strong critique against it.",Bismuth telluride,0.7,Round 3 refinement with peer support: 0,284390,South Korea,metric tons,513.3333333333334,6.0,0.733,Multi-agent debate consensus
Javelin Anti-Tank Missile,Propulsion System,0.95,"High confidence due to its critical role in enabling the missile to reach and destroy its target. Agent3 proposed this with a high confidence score of 0.95, and there's no strong critique against it.",Acrylonitrile butadiene styrene,0.7,Round 3 refinement with peer support: 0,390330,China,metric tons,1501333.3333333333,31.33,0.85,Dominates global ABS production and has a robust petrochemical industry; data from market research reports.
Javelin Anti-Tank Missile,Propulsion System,0.95,"High confidence due to its critical role in enabling the missile to reach and destroy its target. Agent3 proposed this with a high confidence score of 0.95, and there's no strong critique against it.",Acrylonitrile butadiene styrene,0.7,Round 3 refinement with peer support: 0,390330,Japan,metric tons,617833.3333333334,15.33,0.817,Known major producer with significant global market share; data from industry associations.
Javelin Anti-Tank Missile,Propulsion System,0.95,"High confidence due to its critical role in enabling the missile to reach and destroy its target. Agent3 proposed this with a high confidence score of 0.95, and there's no strong critique against it.",Acrylonitrile butadiene styrene,0.7,Round 3 refinement with peer support: 0,390330,United States,metric tons,134833.33333333334,11.67,0.767,Major producer with significant market presence.
Javelin Anti-Tank Missile,Propulsion System,0.95,"High confidence due to its critical role in enabling the missile to reach and destroy its target. Agent3 proposed this with a high confidence score of 0.95, and there's no strong critique against it.",Acrylonitrile butadiene styrene,0.7,Round 3 refinement with peer support: 0,390330,South Korea,metric tons,534100.0,10.33,0.783,Major petrochemical producer; data from industry reports.
Javelin Anti-Tank Missile,Propulsion System,0.95,"High confidence due to its critical role in enabling the missile to reach and destroy its target. Agent3 proposed this with a high confidence score of 0.95, and there's no strong critique against it.",Acrylonitrile butadiene styrene,0.7,Round 3 refinement with peer support: 0,390330,Germany,metric tons,100900.0,6.67,0.75,Established chemical industry with notable production; data from German Chemical Industry Association.
Javelin Anti-Tank Missile,Guidance System,0.93,High consensus among peers (multiple agents at 0.95 and above) and strong justification in their proposals.,Aluminum gallium arsenide,0.7,Round 3 refinement with peer support: 0,282890,Japan,kg,1206516.6666666667,23.33,0.85,Based on USGS data; key producer with significant market share.
Javelin Anti-Tank Missile,Guidance System,0.93,High consensus among peers (multiple agents at 0.95 and above) and strong justification in their proposals.,Aluminum gallium arsenide,0.7,Round 3 refinement with peer support: 0,282890,United States,metric tons,2745.6666666666665,15.0,0.807,Second-largest producer with substantial arsenic resources; reports from USGS.
Javelin Anti-Tank Missile,Guidance System,0.93,High consensus among peers (multiple agents at 0.95 and above) and strong justification in their proposals.,Aluminum gallium arsenide,0.7,Round 3 refinement with peer support: 0,282890,China,metric tons,2801750.0,50.0,0.85,Based on recent USGS data; dominant global producer.
Javelin Anti-Tank Missile,Guidance System,0.93,High consensus among peers (multiple agents at 0.95 and above) and strong justification in their proposals.,Aluminum gallium arsenide,0.7,Round 3 refinement with peer support: 0,282890,Germany,kg,1425.0,10.5,0.75,Notable producer of high-purity materials used in AlGaAs synthesis; verified by national surveys.
Javelin Anti-Tank Missile,Guidance System,0.93,High consensus among peers (multiple agents at 0.95 and above) and strong justification in their proposals.,Aluminum gallium arsenide,0.7,Round 3 refinement with peer support: 0,282890,South Korea,kg,1400.0,11.0,0.875,Significant semiconductor production with comprehensive data from industry reports.
Javelin Anti-Tank Missile,Guidance System,0.93,High consensus among peers (multiple agents at 0.95 and above) and strong justification in their proposals.,Bismuth telluride,0.7,Round 3 refinement with peer support: 0,284390,China,metric tons,4200.0,48.0,0.8,Multi-agent debate consensus
Javelin Anti-Tank Missile,Guidance System,0.93,High consensus among peers (multiple agents at 0.95 and above) and strong justification in their proposals.,Bismuth telluride,0.7,Round 3 refinement with peer support: 0,284390,Japan,metric tons,1370.0,16.0,0.783,Multi-agent debate consensus
Javelin Anti-Tank Missile,Guidance System,0.93,High consensus among peers (multiple agents at 0.95 and above) and strong justification in their proposals.,Bismuth telluride,0.7,Round 3 refinement with peer support: 0,284390,United States,metric tons,996.6666666666666,11.67,0.65,Multi-agent debate consensus
Javelin Anti-Tank Missile,Guidance System,0.93,High consensus among peers (multiple agents at 0.95 and above) and strong justification in their proposals.,Bismuth telluride,0.7,Round 3 refinement with peer support: 0,284390,Germany,metric tons,850.0,10.0,0.7,Multi-agent debate consensus
Javelin Anti-Tank Missile,Guidance System,0.93,High consensus among peers (multiple agents at 0.95 and above) and strong justification in their proposals.,Bismuth telluride,0.7,Round 3 refinement with peer support: 0,284390,South Korea,metric tons,513.3333333333334,6.0,0.733,Multi-agent debate consensus
Javelin Anti-Tank Missile,Guidance System,0.93,High consensus among peers (multiple agents at 0.95 and above) and strong justification in their proposals.,Actinomycin D,0.7,Round 3 refinement with peer support: 0,294190,United States,metric tons,20000.0,32.33,0.817,Multi-agent debate consensus
Javelin Anti-Tank Missile,Guidance System,0.93,High consensus among peers (multiple agents at 0.95 and above) and strong justification in their proposals.,Actinomycin D,0.7,Round 3 refinement with peer support: 0,294190,Japan,metric tons,7500.0,16.67,0.767,Multi-agent debate consensus
Javelin Anti-Tank Missile,Guidance System,0.93,High consensus among peers (multiple agents at 0.95 and above) and strong justification in their proposals.,Actinomycin D,0.7,Round 3 refinement with peer support: 0,294190,Germany,metric tons,4000.0,6.67,0.683,Multi-agent debate consensus
Javelin Anti-Tank Missile,Guidance System,0.93,High consensus among peers (multiple agents at 0.95 and above) and strong justification in their proposals.,Actinomycin D,0.7,Round 3 refinement with peer support: 0,294190,France,metric tons,1700.0,2.5,0.583,Multi-agent debate consensus
Javelin Anti-Tank Missile,Guidance System,0.93,High consensus among peers (multiple agents at 0.95 and above) and strong justification in their proposals.,Actinomycin D,0.7,Round 3 refinement with peer support: 0,294190,Italy,metric tons,3250.0,4.0,0.775,Multi-agent debate consensus
Javelin Anti-Tank Missile,Warhead,0.88,"Moderate to high frequency across peer proposals, which is also supported by the importance of the warhead in missile functionality.",Antimony,0.7,Round 3 refinement with peer support: 0,811100,CHINA,METRIC TONS,40000.0,48.19,0.95,USGS Mineral Commodity Summaries 2024/2023 - authoritative U.S. government production data with global coverage
Javelin Anti-Tank Missile,Warhead,0.88,"Moderate to high frequency across peer proposals, which is also supported by the importance of the warhead in missile functionality.",Antimony,0.7,Round 3 refinement with peer support: 0,811100,TAJIKISTAN,METRIC TONS,21000.0,25.3,0.95,USGS Mineral Commodity Summaries 2024/2023 - authoritative U.S. government production data with global coverage
Javelin Anti-Tank Missile,Warhead,0.88,"Moderate to high frequency across peer proposals, which is also supported by the importance of the warhead in missile functionality.",Antimony,0.7,Round 3 refinement with peer support: 0,811100,TURKEY,METRIC TONS,6000.0,7.23,0.95,USGS Mineral Commodity Summaries 2024/2023 - authoritative U.S. government production data with global coverage
Javelin Anti-Tank Missile,Warhead,0.88,"Moderate to high frequency across peer proposals, which is also supported by the importance of the warhead in missile functionality.",Antimony,0.7,Round 3 refinement with peer support: 0,811100,BURMA,METRIC TONS,4600.0,5.54,0.95,USGS Mineral Commodity Summaries 2024/2023 - authoritative U.S. government production data with global coverage
Javelin Anti-Tank Missile,Warhead,0.88,"Moderate to high frequency across peer proposals, which is also supported by the importance of the warhead in missile functionality.",Antimony,0.7,Round 3 refinement with peer support: 0,811100,RUSSIA,METRIC TONS,4300.0,5.18,0.95,USGS Mineral Commodity Summaries 2024/2023 - authoritative U.S. government production data with global coverage
Javelin Anti-Tank Missile,Warhead,0.88,"Moderate to high frequency across peer proposals, which is also supported by the importance of the warhead in missile functionality.",Boron trioxide,0.7,Round 3 refinement with peer support: 0,281000,China,metric tons,44900.0,52.05,0.875,Multi-agent debate consensus
Javelin Anti-Tank Missile,Warhead,0.88,"Moderate to high frequency across peer proposals, which is also supported by the importance of the warhead in missile functionality.",Boron trioxide,0.7,Round 3 refinement with peer support: 0,281000,Turkey,metric tons,23200.0,26.4,0.9,Multi-agent debate consensus
Javelin Anti-Tank Missile,Warhead,0.88,"Moderate to high frequency across peer proposals, which is also supported by the importance of the warhead in missile functionality.",Boron trioxide,0.7,Round 3 refinement with peer support: 0,281000,Japan,metric tons,6850.0,8.95,0.825,Multi-agent debate consensus
Javelin Anti-Tank Missile,Warhead,0.88,"Moderate to high frequency across peer proposals, which is also supported by the importance of the warhead in missile functionality.",Boron trioxide,0.7,Round 3 refinement with peer support: 0,281000,Italy,metric tons,1800.0,2.3,0.775,Multi-agent debate consensus
Javelin Anti-Tank Missile,Warhead,0.88,"Moderate to high frequency across peer proposals, which is also supported by the importance of the warhead in missile functionality.",Boron trioxide,0.7,Round 3 refinement with peer support: 0,281000,India,metric tons,2100.0,3.1,0.725,Multi-agent debate consensus
Javelin Anti-Tank Missile,Warhead,0.88,"Moderate to high frequency across peer proposals, which is also supported by the importance of the warhead in missile functionality.",Aluminum,0.7,Round 3 refinement with peer support: 0,280300,CHINA,THOUSAND METRIC TONS,41000.0,58.57,0.95,USGS Mineral Commodity Summaries 2024/2023 - authoritative U.S. government production data with global coverage
Javelin Anti-Tank Missile,Warhead,0.88,"Moderate to high frequency across peer proposals, which is also supported by the importance of the warhead in missile functionality.",Aluminum,0.7,Round 3 refinement with peer support: 0,280300,OTHER,THOUSAND METRIC TONS,7000.0,10.0,0.95,USGS Mineral Commodity Summaries 2024/2023 - authoritative U.S. government production data with global coverage
Javelin Anti-Tank Missile,Warhead,0.88,"Moderate to high frequency across peer proposals, which is also supported by the importance of the warhead in missile functionality.",Aluminum,0.7,Round 3 refinement with peer support: 0,280300,INDIA,THOUSAND METRIC TONS,4100.0,5.86,0.95,USGS Mineral Commodity Summaries 2024/2023 - authoritative U.S. government production data with global coverage
Javelin Anti-Tank Missile,Warhead,0.88,"Moderate to high frequency across peer proposals, which is also supported by the importance of the warhead in missile functionality.",Aluminum,0.7,Round 3 refinement with peer support: 0,280300,RUSSIA,THOUSAND METRIC TONS,3800.0,5.43,0.95,USGS Mineral Commodity Summaries 2024/2023 - authoritative U.S. government production data with global coverage
Javelin Anti-Tank Missile,Warhead,0.88,"Moderate to high frequency across peer proposals, which is also supported by the importance of the warhead in missile functionality.",Aluminum,0.7,Round 3 refinement with peer support: 0,280300,CANADA,THOUSAND METRIC TONS,3000.0,4.29,0.95,USGS Mineral Commodity Summaries 2024/2023 - authoritative U.S. government production data with global coverage
Javelin Anti-Tank Missile,Guidance And Control System,0.93,"Both Agent1 and Agent3 proposed this system with confidence levels close to or above 0.9 (0.92 from Agent1, 0.93 from Agent3), making it a key component.",Copper,0.7,Round 3 refinement with peer support: 0,740100,CHINA,THOUSAND METRIC TONS,1700.0,3.47,0.95,USGS Mineral Commodity Summaries 2024/2023 - authoritative U.S. government production data with global coverage
Javelin Anti-Tank Missile,Guidance And Control System,0.93,"Both Agent1 and Agent3 proposed this system with confidence levels close to or above 0.9 (0.92 from Agent1, 0.93 from Agent3), making it a key component.",Copper,0.7,Round 3 refinement with peer support: 0,740100,CHILE,THOUSAND METRIC TONS,5000.0,10.2,0.95,USGS Mineral Commodity Summaries 2024/2023 - authoritative U.S. government production data with global coverage
Javelin Anti-Tank Missile,Guidance And Control System,0.93,"Both Agent1 and Agent3 proposed this system with confidence levels close to or above 0.9 (0.92 from Agent1, 0.93 from Agent3), making it a key component.",Copper,0.7,Round 3 refinement with peer support: 0,740100,OTHER,THOUSAND METRIC TONS,3100.0,6.33,0.95,USGS Mineral Commodity Summaries 2024/2023 - authoritative U.S. government production data with global coverage
Javelin Anti-Tank Missile,Guidance And Control System,0.93,"Both Agent1 and Agent3 proposed this system with confidence levels close to or above 0.9 (0.92 from Agent1, 0.93 from Agent3), making it a key component.",Copper,0.7,Round 3 refinement with peer support: 0,740100,CONGO,THOUSAND METRIC TONS,2500.0,5.1,0.95,USGS Mineral Commodity Summaries 2024/2023 - authoritative U.S. government production data with global coverage
Javelin Anti-Tank Missile,Guidance And Control System,0.93,"Both Agent1 and Agent3 proposed this system with confidence levels close to or above 0.9 (0.92 from Agent1, 0.93 from Agent3), making it a key component.",Copper,0.7,Round 3 refinement with peer support: 0,740100,PERU,THOUSAND METRIC TONS,2600.0,5.31,0.95,USGS Mineral Commodity Summaries 2024/2023 - authoritative U.S. government production data with global coverage
Javelin Anti-Tank Missile,Guidance And Control System,0.93,"Both Agent1 and Agent3 proposed this system with confidence levels close to or above 0.9 (0.92 from Agent1, 0.93 from Agent3), making it a key component.",Aluminum nitride,0.7,Round 3 refinement with peer support: 0,285000,Japan,metric tons,15725.0,34.44,0.8,Leading producer with multiple research and development hubs; data from industry reports.
Javelin Anti-Tank Missile,Guidance And Control System,0.93,"Both Agent1 and Agent3 proposed this system with confidence levels close to or above 0.9 (0.92 from Agent1, 0.93 from Agent3), making it a key component.",Aluminum nitride,0.7,Round 3 refinement with peer support: 0,285000,China,metric tons,10912.666666666666,19.62,0.783,Major production by state-owned enterprises; well-documented in market statistics.
Javelin Anti-Tank Missile,Guidance And Control System,0.93,"Both Agent1 and Agent3 proposed this system with confidence levels close to or above 0.9 (0.92 from Agent1, 0.93 from Agent3), making it a key component.",Aluminum nitride,0.7,Round 3 refinement with peer support: 0,285000,South Korea,metric tons,4365.0,7.52,0.767,Advanced semiconductor manufacturing capabilities; detailed data from industry surveys.
Javelin Anti-Tank Missile,Guidance And Control System,0.93,"Both Agent1 and Agent3 proposed this system with confidence levels close to or above 0.9 (0.92 from Agent1, 0.93 from Agent3), making it a key component.",Aluminum nitride,0.7,Round 3 refinement with peer support: 0,285000,Germany,metric tons,2646.3333333333335,9.06,0.773,Solid industrial base for aluminum nitride; recent expansions in production capacity.
Javelin Anti-Tank Missile,Guidance And Control System,0.93,"Both Agent1 and Agent3 proposed this system with confidence levels close to or above 0.9 (0.92 from Agent1, 0.93 from Agent3), making it a key component.",Aluminum nitride,0.7,Round 3 refinement with peer support: 0,285000,Italy,metric tons,4366.333333333333,7.71,0.75,Multi-agent debate consensus
Javelin Anti-Tank Missile,Chaff Launching Device,0.82,Slightly less consensus compared to other components but deemed important by several agents. The lack of unified support led to a modest reduction in confidence compared to proposals with higher agreement,Polyethylene,0.7,Round 3 refinement with peer support: 0,390110,China,metric tons,2816666.6666666665,26.47,0.897,Multi-agent debate consensus
Javelin Anti-Tank Missile,Chaff Launching Device,0.82,Slightly less consensus compared to other components but deemed important by several agents. The lack of unified support led to a modest reduction in confidence compared to proposals with higher agreement,Polyethylene,0.7,Round 3 refinement with peer support: 0,390110,Saudi Arabia,metric tons,3320000.0,17.07,0.847,Multi-agent debate consensus
Javelin Anti-Tank Missile,Chaff Launching Device,0.82,Slightly less consensus compared to other components but deemed important by several agents. The lack of unified support led to a modest reduction in confidence compared to proposals with higher agreement,Polyethylene,0.7,Round 3 refinement with peer support: 0,390110,United States,metric tons,2666666.6666666665,16.77,0.873,Multi-agent debate consensus
Javelin Anti-Tank Missile,Chaff Launching Device,0.82,Slightly less consensus compared to other components but deemed important by several agents. The lack of unified support led to a modest reduction in confidence compared to proposals with higher agreement,Polyethylene,0.7,Round 3 refinement with peer support: 0,390110,Japan,metric tons,941666.6666666666,8.8,0.813,Multi-agent debate consensus
Javelin Anti-Tank Missile,Chaff Launching Device,0.82,Slightly less consensus compared to other components but deemed important by several agents. The lack of unified support led to a modest reduction in confidence compared to proposals with higher agreement,Polyethylene,0.7,Round 3 refinement with peer support: 0,390110,Germany,metric tons,1193333.3333333333,7.77,0.75,Multi-agent debate consensus
