technology,component,component_confidence,component_reasoning,material,material_confidence,material_reasoning,hs_code,country,meas_unit,amount,percentage,country_confidence,country_reasoning
Smartphone,Battery,0.84,Strong consensus among three agents providing high average confidence of 0.84. Batteries are crucial for power supply in smartphones.,Lithium,0.95,Round 3 refinement with peer support: 2,280520,AUSTRALIA,METRIC TONS,86000.0,47.78,0.95,USGS Mineral Commodity Summaries 2024/2023 - authoritative U.S. government production data with global coverage
Smartphone,Battery,0.84,Strong consensus among three agents providing high average confidence of 0.84. Batteries are crucial for power supply in smartphones.,Lithium,0.95,Round 3 refinement with peer support: 2,280520,CHILE,METRIC TONS,44000.0,24.44,0.95,USGS Mineral Commodity Summaries 2024/2023 - authoritative U.S. government production data with global coverage
Smartphone,Battery,0.84,Strong consensus among three agents providing high average confidence of 0.84. Batteries are crucial for power supply in smartphones.,Lithium,0.95,Round 3 refinement with peer support: 2,280520,CHINA,METRIC TONS,33000.0,18.33,0.95,USGS Mineral Commodity Summaries 2024/2023 - authoritative U.S. government production data with global coverage
Smartphone,Battery,0.84,Strong consensus among three agents providing high average confidence of 0.84. Batteries are crucial for power supply in smartphones.,Lithium,0.95,Round 3 refinement with peer support: 2,280520,ARGENTINA,METRIC TONS,9600.0,5.33,0.95,USGS Mineral Commodity Summaries 2024/2023 - authoritative U.S. government production data with global coverage
Smartphone,Battery,0.84,Strong consensus among three agents providing high average confidence of 0.84. Batteries are crucial for power supply in smartphones.,Lithium,0.95,Round 3 refinement with peer support: 2,280520,BRAZIL,METRIC TONS,4900.0,2.72,0.95,USGS Mineral Commodity Summaries 2024/2023 - authoritative U.S. government production data with global coverage
Smartphone,Battery,0.84,Strong consensus among three agents providing high average confidence of 0.84. Batteries are crucial for power supply in smartphones.,Cobalt,0.95,Round 3 refinement with peer support: 2,810510,CONGO,METRIC TONS,170000.0,73.91,0.95,USGS Mineral Commodity Summaries 2024/2023 - authoritative U.S. government production data with global coverage
Smartphone,Battery,0.84,Strong consensus among three agents providing high average confidence of 0.84. Batteries are crucial for power supply in smartphones.,Cobalt,0.95,Round 3 refinement with peer support: 2,810510,INDONESIA,METRIC TONS,17000.0,7.39,0.95,USGS Mineral Commodity Summaries 2024/2023 - authoritative U.S. government production data with global coverage
Smartphone,Battery,0.84,Strong consensus among three agents providing high average confidence of 0.84. Batteries are crucial for power supply in smartphones.,Cobalt,0.95,Round 3 refinement with peer support: 2,810510,RUSSIA,METRIC TONS,8800.0,3.83,0.95,USGS Mineral Commodity Summaries 2024/2023 - authoritative U.S. government production data with global coverage
Smartphone,Battery,0.84,Strong consensus among three agents providing high average confidence of 0.84. Batteries are crucial for power supply in smartphones.,Cobalt,0.95,Round 3 refinement with peer support: 2,810510,OTHER,METRIC TONS,6600.0,2.87,0.95,USGS Mineral Commodity Summaries 2024/2023 - authoritative U.S. government production data with global coverage
Smartphone,Battery,0.84,Strong consensus among three agents providing high average confidence of 0.84. Batteries are crucial for power supply in smartphones.,Cobalt,0.95,Round 3 refinement with peer support: 2,810510,AUSTRALIA,METRIC TONS,4600.0,2.0,0.95,USGS Mineral Commodity Summaries 2024/2023 - authoritative U.S. government production data with global coverage
Smartphone,Battery,0.84,Strong consensus among three agents providing high average confidence of 0.84. Batteries are crucial for power supply in smartphones.,Nickel,0.883,Round 3 refinement with peer support: 2,750110,INDONESIA,METRIC TONS,1800000.0,50.0,0.95,USGS Mineral Commodity Summaries 2024/2023 - authoritative U.S. government production data with global coverage
Smartphone,Battery,0.84,Strong consensus among three agents providing high average confidence of 0.84. Batteries are crucial for power supply in smartphones.,Nickel,0.883,Round 3 refinement with peer support: 2,750110,PHILIPPINES,METRIC TONS,400000.0,11.11,0.95,USGS Mineral Commodity Summaries 2024/2023 - authoritative U.S. government production data with global coverage
Smartphone,Battery,0.84,Strong consensus among three agents providing high average confidence of 0.84. Batteries are crucial for power supply in smartphones.,Nickel,0.883,Round 3 refinement with peer support: 2,750110,OTHER,METRIC TONS,380000.0,10.56,0.95,USGS Mineral Commodity Summaries 2024/2023 - authoritative U.S. government production data with global coverage
Smartphone,Battery,0.84,Strong consensus among three agents providing high average confidence of 0.84. Batteries are crucial for power supply in smartphones.,Nickel,0.883,Round 3 refinement with peer support: 2,750110,NEW CALEDONIA,METRIC TONS,230000.0,6.39,0.95,USGS Mineral Commodity Summaries 2024/2023 - authoritative U.S. government production data with global coverage
Smartphone,Battery,0.84,Strong consensus among three agents providing high average confidence of 0.84. Batteries are crucial for power supply in smartphones.,Nickel,0.883,Round 3 refinement with peer support: 2,750110,RUSSIA,METRIC TONS,200000.0,5.56,0.95,USGS Mineral Commodity Summaries 2024/2023 - authoritative U.S. government production data with global coverage
Smartphone,Battery,0.84,Strong consensus among three agents providing high average confidence of 0.84. Batteries are crucial for power supply in smartphones.,Aluminum,0.85,Round 3 refinement with peer support: 1,280300,CHINA,THOUSAND METRIC TONS,41000.0,58.57,0.95,USGS Mineral Commodity Summaries 2024/2023 - authoritative U.S. government production data with global coverage
Smartphone,Battery,0.84,Strong consensus among three agents providing high average confidence of 0.84. Batteries are crucial for power supply in smartphones.,Aluminum,0.85,Round 3 refinement with peer support: 1,280300,OTHER,THOUSAND METRIC TONS,7000.0,10.0,0.95,USGS Mineral Commodity Summaries 2024/2023 - authoritative U.S. government production data with global coverage
Smartphone,Battery,0.84,Strong consensus among three agents providing high average confidence of 0.84. Batteries are crucial for power supply in smartphones.,Aluminum,0.85,Round 3 refinement with peer support: 1,280300,INDIA,THOUSAND METRIC TONS,4100.0,5.86,0.95,USGS Mineral Commodity Summaries 2024/2023 - authoritative U.S. government production data with global coverage
Smartphone,Battery,0.84,Strong consensus among three agents providing high average confidence of 0.84. Batteries are crucial for power supply in smartphones.,Aluminum,0.85,Round 3 refinement with peer support: 1,280300,RUSSIA,THOUSAND METRIC TONS,3800.0,5.43,0.95,USGS Mineral Commodity Summaries 2024/2023 - authoritative U.S. government production data with global coverage
Smartphone,Battery,0.84,Strong consensus among three agents providing high average confidence of 0.84. Batteries are crucial for power supply in smartphones.,Aluminum,0.85,Round 3 refinement with peer support: 1,280300,CANADA,THOUSAND METRIC TONS,3000.0,4.29,0.95,USGS Mineral Commodity Summaries 2024/2023 - authoritative U.S. government production data with global coverage
Smartphone,Battery,0.84,Strong consensus among three agents providing high average confidence of 0.84. Batteries are crucial for power supply in smartphones.,Copper,0.85,Round 3 refinement with peer support: 1,740100,CHINA,THOUSAND METRIC TONS,1700.0,3.47,0.95,USGS Mineral Commodity Summaries 2024/2023 - authoritative U.S. government production data with global coverage
Smartphone,Battery,0.84,Strong consensus among three agents providing high average confidence of 0.84. Batteries are crucial for power supply in smartphones.,Copper,0.85,Round 3 refinement with peer support: 1,740100,CHILE,THOUSAND METRIC TONS,5000.0,10.2,0.95,USGS Mineral Commodity Summaries 2024/2023 - authoritative U.S. government production data with global coverage
Smartphone,Battery,0.84,Strong consensus among three agents providing high average confidence of 0.84. Batteries are crucial for power supply in smartphones.,Copper,0.85,Round 3 refinement with peer support: 1,740100,OTHER,THOUSAND METRIC TONS,3100.0,6.33,0.95,USGS Mineral Commodity Summaries 2024/2023 - authoritative U.S. government production data with global coverage
Smartphone,Battery,0.84,Strong consensus among three agents providing high average confidence of 0.84. Batteries are crucial for power supply in smartphones.,Copper,0.85,Round 3 refinement with peer support: 1,740100,CONGO,THOUSAND METRIC TONS,2500.0,5.1,0.95,USGS Mineral Commodity Summaries 2024/2023 - authoritative U.S. government production data with global coverage
Smartphone,Battery,0.84,Strong consensus among three agents providing high average confidence of 0.84. Batteries are crucial for power supply in smartphones.,Copper,0.85,Round 3 refinement with peer support: 1,740100,PERU,THOUSAND METRIC TONS,2600.0,5.31,0.95,USGS Mineral Commodity Summaries 2024/2023 - authoritative U.S. government production data with global coverage
Smartphone,Battery,0.84,Strong consensus among three agents providing high average confidence of 0.84. Batteries are crucial for power supply in smartphones.,Graphite,0.7,Round 3 refinement with peer support: 0,380110,CHINA,METRIC TONS,1230000.0,76.88,0.95,USGS Mineral Commodity Summaries 2024/2023 - authoritative U.S. government production data with global coverage
Smartphone,Battery,0.84,Strong consensus among three agents providing high average confidence of 0.84. Batteries are crucial for power supply in smartphones.,Graphite,0.7,Round 3 refinement with peer support: 0,380110,MADAGASCAR,METRIC TONS,100000.0,6.25,0.95,USGS Mineral Commodity Summaries 2024/2023 - authoritative U.S. government production data with global coverage
Smartphone,Battery,0.84,Strong consensus among three agents providing high average confidence of 0.84. Batteries are crucial for power supply in smartphones.,Graphite,0.7,Round 3 refinement with peer support: 0,380110,MOZAMBIQUE,METRIC TONS,96000.0,6.0,0.95,USGS Mineral Commodity Summaries 2024/2023 - authoritative U.S. government production data with global coverage
Smartphone,Battery,0.84,Strong consensus among three agents providing high average confidence of 0.84. Batteries are crucial for power supply in smartphones.,Graphite,0.7,Round 3 refinement with peer support: 0,380110,BRAZIL,METRIC TONS,73000.0,4.56,0.95,USGS Mineral Commodity Summaries 2024/2023 - authoritative U.S. government production data with global coverage
Smartphone,Battery,0.84,Strong consensus among three agents providing high average confidence of 0.84. Batteries are crucial for power supply in smartphones.,Graphite,0.7,Round 3 refinement with peer support: 0,380110,"KOREA, REPUBLIC OF",METRIC TONS,27000.0,1.69,0.95,USGS Mineral Commodity Summaries 2024/2023 - authoritative U.S. government production data with global coverage
Smartphone,Battery,0.84,Strong consensus among three agents providing high average confidence of 0.84. Batteries are crucial for power supply in smartphones.,Carbon nanotubes,0.7,Round 3 refinement with peer support: 0,280300,Japan,metric tons,5169166.666666667,28.33,0.733,Multi-agent debate consensus
Smartphone,Battery,0.84,Strong consensus among three agents providing high average confidence of 0.84. Batteries are crucial for power supply in smartphones.,Carbon nanotubes,0.7,Round 3 refinement with peer support: 0,280300,South Korea,metric tons,3456666.6666666665,29.33,0.75,Multi-agent debate consensus
Smartphone,Battery,0.84,Strong consensus among three agents providing high average confidence of 0.84. Batteries are crucial for power supply in smartphones.,Carbon nanotubes,0.7,Round 3 refinement with peer support: 0,280300,United States,metric tons,4221666.666666667,22.33,0.683,Multi-agent debate consensus
Smartphone,Battery,0.84,Strong consensus among three agents providing high average confidence of 0.84. Batteries are crucial for power supply in smartphones.,Carbon nanotubes,0.7,Round 3 refinement with peer support: 0,280300,Germany,metric tons,1021333.3333333334,6.27,0.667,Multi-agent debate consensus
Smartphone,Battery,0.84,Strong consensus among three agents providing high average confidence of 0.84. Batteries are crucial for power supply in smartphones.,Carbon nanotubes,0.7,Round 3 refinement with peer support: 0,280300,China,Gt (Graphite Ton),3795000.0,11.1,0.55,Multi-agent debate consensus
Smartphone,Memory (ram And Rom),0.85,"While this proposal was only supported by one agent, it aligns with general industry standards for memory components, and there are no strong arguments against its inclusion. The average confidence score is 0.75 from the sole supporter, which we can slightly adjust to reflect some uncertainty.",Silicon,0.7,Round 3 refinement with peer support: 0,280469,CHINA,THOUSAND METRIC TONS,3600.0,40.0,0.95,USGS Mineral Commodity Summaries 2024/2023 - authoritative U.S. government production data with global coverage
Smartphone,Memory (ram And Rom),0.85,"While this proposal was only supported by one agent, it aligns with general industry standards for memory components, and there are no strong arguments against its inclusion. The average confidence score is 0.75 from the sole supporter, which we can slightly adjust to reflect some uncertainty.",Silicon,0.7,Round 3 refinement with peer support: 0,280469,RUSSIA,THOUSAND METRIC TONS,570.0,6.33,0.95,USGS Mineral Commodity Summaries 2024/2023 - authoritative U.S. government production data with global coverage
Smartphone,Memory (ram And Rom),0.85,"While this proposal was only supported by one agent, it aligns with general industry standards for memory components, and there are no strong arguments against its inclusion. The average confidence score is 0.75 from the sole supporter, which we can slightly adjust to reflect some uncertainty.",Silicon,0.7,Round 3 refinement with peer support: 0,280469,BRAZIL,THOUSAND METRIC TONS,190.0,2.11,0.95,USGS Mineral Commodity Summaries 2024/2023 - authoritative U.S. government production data with global coverage
Smartphone,Memory (ram And Rom),0.85,"While this proposal was only supported by one agent, it aligns with general industry standards for memory components, and there are no strong arguments against its inclusion. The average confidence score is 0.75 from the sole supporter, which we can slightly adjust to reflect some uncertainty.",Silicon,0.7,Round 3 refinement with peer support: 0,280469,NORWAY,THOUSAND METRIC TONS,200.0,2.22,0.95,USGS Mineral Commodity Summaries 2024/2023 - authoritative U.S. government production data with global coverage
Smartphone,Memory (ram And Rom),0.85,"While this proposal was only supported by one agent, it aligns with general industry standards for memory components, and there are no strong arguments against its inclusion. The average confidence score is 0.75 from the sole supporter, which we can slightly adjust to reflect some uncertainty.",Silicon,0.7,Round 3 refinement with peer support: 0,280469,OTHER,THOUSAND METRIC TONS,100.0,1.11,0.95,USGS Mineral Commodity Summaries 2024/2023 - authoritative U.S. government production data with global coverage
Smartphone,Memory (ram And Rom),0.85,"While this proposal was only supported by one agent, it aligns with general industry standards for memory components, and there are no strong arguments against its inclusion. The average confidence score is 0.75 from the sole supporter, which we can slightly adjust to reflect some uncertainty.",Tantalum,0.85,Round 3 refinement with peer support: 1,810320,CONGO,METRIC TONS,980.0,40.83,0.95,USGS Mineral Commodity Summaries 2024/2023 - authoritative U.S. government production data with global coverage
Smartphone,Memory (ram And Rom),0.85,"While this proposal was only supported by one agent, it aligns with general industry standards for memory components, and there are no strong arguments against its inclusion. The average confidence score is 0.75 from the sole supporter, which we can slightly adjust to reflect some uncertainty.",Tantalum,0.85,Round 3 refinement with peer support: 1,810320,RWANDA,METRIC TONS,520.0,21.67,0.95,USGS Mineral Commodity Summaries 2024/2023 - authoritative U.S. government production data with global coverage
Smartphone,Memory (ram And Rom),0.85,"While this proposal was only supported by one agent, it aligns with general industry standards for memory components, and there are no strong arguments against its inclusion. The average confidence score is 0.75 from the sole supporter, which we can slightly adjust to reflect some uncertainty.",Tantalum,0.85,Round 3 refinement with peer support: 1,810320,BRAZIL,METRIC TONS,360.0,15.0,0.95,USGS Mineral Commodity Summaries 2024/2023 - authoritative U.S. government production data with global coverage
Smartphone,Memory (ram And Rom),0.85,"While this proposal was only supported by one agent, it aligns with general industry standards for memory components, and there are no strong arguments against its inclusion. The average confidence score is 0.75 from the sole supporter, which we can slightly adjust to reflect some uncertainty.",Tantalum,0.85,Round 3 refinement with peer support: 1,810320,OTHER,METRIC TONS,260.0,10.83,0.95,USGS Mineral Commodity Summaries 2024/2023 - authoritative U.S. government production data with global coverage
Smartphone,Memory (ram And Rom),0.85,"While this proposal was only supported by one agent, it aligns with general industry standards for memory components, and there are no strong arguments against its inclusion. The average confidence score is 0.75 from the sole supporter, which we can slightly adjust to reflect some uncertainty.",Tantalum,0.85,Round 3 refinement with peer support: 1,810320,NIGERIA,METRIC TONS,110.0,4.58,0.95,USGS Mineral Commodity Summaries 2024/2023 - authoritative U.S. government production data with global coverage
Smartphone,Memory (ram And Rom),0.85,"While this proposal was only supported by one agent, it aligns with general industry standards for memory components, and there are no strong arguments against its inclusion. The average confidence score is 0.75 from the sole supporter, which we can slightly adjust to reflect some uncertainty.",Gold,0.7,Round 3 refinement with peer support: 0,710812,OTHER,METRIC TONS,700.0,23.33,0.95,USGS Mineral Commodity Summaries 2024/2023 - authoritative U.S. government production data with global coverage
Smartphone,Memory (ram And Rom),0.85,"While this proposal was only supported by one agent, it aligns with general industry standards for memory components, and there are no strong arguments against its inclusion. The average confidence score is 0.75 from the sole supporter, which we can slightly adjust to reflect some uncertainty.",Gold,0.7,Round 3 refinement with peer support: 0,710812,CHINA,METRIC TONS,370.0,12.33,0.95,USGS Mineral Commodity Summaries 2024/2023 - authoritative U.S. government production data with global coverage
Smartphone,Memory (ram And Rom),0.85,"While this proposal was only supported by one agent, it aligns with general industry standards for memory components, and there are no strong arguments against its inclusion. The average confidence score is 0.75 from the sole supporter, which we can slightly adjust to reflect some uncertainty.",Gold,0.7,Round 3 refinement with peer support: 0,710812,AUSTRALIA,METRIC TONS,310.0,10.33,0.95,USGS Mineral Commodity Summaries 2024/2023 - authoritative U.S. government production data with global coverage
Smartphone,Memory (ram And Rom),0.85,"While this proposal was only supported by one agent, it aligns with general industry standards for memory components, and there are no strong arguments against its inclusion. The average confidence score is 0.75 from the sole supporter, which we can slightly adjust to reflect some uncertainty.",Gold,0.7,Round 3 refinement with peer support: 0,710812,RUSSIA,METRIC TONS,310.0,10.33,0.95,USGS Mineral Commodity Summaries 2024/2023 - authoritative U.S. government production data with global coverage
Smartphone,Memory (ram And Rom),0.85,"While this proposal was only supported by one agent, it aligns with general industry standards for memory components, and there are no strong arguments against its inclusion. The average confidence score is 0.75 from the sole supporter, which we can slightly adjust to reflect some uncertainty.",Gold,0.7,Round 3 refinement with peer support: 0,710812,CANADA,METRIC TONS,200.0,6.67,0.95,USGS Mineral Commodity Summaries 2024/2023 - authoritative U.S. government production data with global coverage
Smartphone,Memory (ram And Rom),0.85,"While this proposal was only supported by one agent, it aligns with general industry standards for memory components, and there are no strong arguments against its inclusion. The average confidence score is 0.75 from the sole supporter, which we can slightly adjust to reflect some uncertainty.",Aluminum,0.7,Round 3 refinement with peer support: 0,280300,CHINA,THOUSAND METRIC TONS,41000.0,58.57,0.95,USGS Mineral Commodity Summaries 2024/2023 - authoritative U.S. government production data with global coverage
Smartphone,Memory (ram And Rom),0.85,"While this proposal was only supported by one agent, it aligns with general industry standards for memory components, and there are no strong arguments against its inclusion. The average confidence score is 0.75 from the sole supporter, which we can slightly adjust to reflect some uncertainty.",Aluminum,0.7,Round 3 refinement with peer support: 0,280300,OTHER,THOUSAND METRIC TONS,7000.0,10.0,0.95,USGS Mineral Commodity Summaries 2024/2023 - authoritative U.S. government production data with global coverage
Smartphone,Memory (ram And Rom),0.85,"While this proposal was only supported by one agent, it aligns with general industry standards for memory components, and there are no strong arguments against its inclusion. The average confidence score is 0.75 from the sole supporter, which we can slightly adjust to reflect some uncertainty.",Aluminum,0.7,Round 3 refinement with peer support: 0,280300,INDIA,THOUSAND METRIC TONS,4100.0,5.86,0.95,USGS Mineral Commodity Summaries 2024/2023 - authoritative U.S. government production data with global coverage
Smartphone,Memory (ram And Rom),0.85,"While this proposal was only supported by one agent, it aligns with general industry standards for memory components, and there are no strong arguments against its inclusion. The average confidence score is 0.75 from the sole supporter, which we can slightly adjust to reflect some uncertainty.",Aluminum,0.7,Round 3 refinement with peer support: 0,280300,RUSSIA,THOUSAND METRIC TONS,3800.0,5.43,0.95,USGS Mineral Commodity Summaries 2024/2023 - authoritative U.S. government production data with global coverage
Smartphone,Memory (ram And Rom),0.85,"While this proposal was only supported by one agent, it aligns with general industry standards for memory components, and there are no strong arguments against its inclusion. The average confidence score is 0.75 from the sole supporter, which we can slightly adjust to reflect some uncertainty.",Aluminum,0.7,Round 3 refinement with peer support: 0,280300,CANADA,THOUSAND METRIC TONS,3000.0,4.29,0.95,USGS Mineral Commodity Summaries 2024/2023 - authoritative U.S. government production data with global coverage
Smartphone,Processor (soc),0.95,"Strong consensus among multiple agents with high average confidence of 0.95, making this a very critical component in smart devices.",Silicon,0.95,Round 3 refinement with peer support: 2,280469,CHINA,THOUSAND METRIC TONS,3600.0,40.0,0.95,USGS Mineral Commodity Summaries 2024/2023 - authoritative U.S. government production data with global coverage
Smartphone,Processor (soc),0.95,"Strong consensus among multiple agents with high average confidence of 0.95, making this a very critical component in smart devices.",Silicon,0.95,Round 3 refinement with peer support: 2,280469,RUSSIA,THOUSAND METRIC TONS,570.0,6.33,0.95,USGS Mineral Commodity Summaries 2024/2023 - authoritative U.S. government production data with global coverage
Smartphone,Processor (soc),0.95,"Strong consensus among multiple agents with high average confidence of 0.95, making this a very critical component in smart devices.",Silicon,0.95,Round 3 refinement with peer support: 2,280469,BRAZIL,THOUSAND METRIC TONS,190.0,2.11,0.95,USGS Mineral Commodity Summaries 2024/2023 - authoritative U.S. government production data with global coverage
Smartphone,Processor (soc),0.95,"Strong consensus among multiple agents with high average confidence of 0.95, making this a very critical component in smart devices.",Silicon,0.95,Round 3 refinement with peer support: 2,280469,NORWAY,THOUSAND METRIC TONS,200.0,2.22,0.95,USGS Mineral Commodity Summaries 2024/2023 - authoritative U.S. government production data with global coverage
Smartphone,Processor (soc),0.95,"Strong consensus among multiple agents with high average confidence of 0.95, making this a very critical component in smart devices.",Silicon,0.95,Round 3 refinement with peer support: 2,280469,OTHER,THOUSAND METRIC TONS,100.0,1.11,0.95,USGS Mineral Commodity Summaries 2024/2023 - authoritative U.S. government production data with global coverage
Smartphone,Processor (soc),0.95,"Strong consensus among multiple agents with high average confidence of 0.95, making this a very critical component in smart devices.",Gold,0.7,Round 3 refinement with peer support: 0,710812,OTHER,METRIC TONS,700.0,23.33,0.95,USGS Mineral Commodity Summaries 2024/2023 - authoritative U.S. government production data with global coverage
Smartphone,Processor (soc),0.95,"Strong consensus among multiple agents with high average confidence of 0.95, making this a very critical component in smart devices.",Gold,0.7,Round 3 refinement with peer support: 0,710812,CHINA,METRIC TONS,370.0,12.33,0.95,USGS Mineral Commodity Summaries 2024/2023 - authoritative U.S. government production data with global coverage
Smartphone,Processor (soc),0.95,"Strong consensus among multiple agents with high average confidence of 0.95, making this a very critical component in smart devices.",Gold,0.7,Round 3 refinement with peer support: 0,710812,AUSTRALIA,METRIC TONS,310.0,10.33,0.95,USGS Mineral Commodity Summaries 2024/2023 - authoritative U.S. government production data with global coverage
Smartphone,Processor (soc),0.95,"Strong consensus among multiple agents with high average confidence of 0.95, making this a very critical component in smart devices.",Gold,0.7,Round 3 refinement with peer support: 0,710812,RUSSIA,METRIC TONS,310.0,10.33,0.95,USGS Mineral Commodity Summaries 2024/2023 - authoritative U.S. government production data with global coverage
Smartphone,Processor (soc),0.95,"Strong consensus among multiple agents with high average confidence of 0.95, making this a very critical component in smart devices.",Gold,0.7,Round 3 refinement with peer support: 0,710812,CANADA,METRIC TONS,200.0,6.67,0.95,USGS Mineral Commodity Summaries 2024/2023 - authoritative U.S. government production data with global coverage
Smartphone,Processor (soc),0.95,"Strong consensus among multiple agents with high average confidence of 0.95, making this a very critical component in smart devices.",Aluminum,0.7,Round 3 refinement with peer support: 0,280300,CHINA,THOUSAND METRIC TONS,41000.0,58.57,0.95,USGS Mineral Commodity Summaries 2024/2023 - authoritative U.S. government production data with global coverage
Smartphone,Processor (soc),0.95,"Strong consensus among multiple agents with high average confidence of 0.95, making this a very critical component in smart devices.",Aluminum,0.7,Round 3 refinement with peer support: 0,280300,OTHER,THOUSAND METRIC TONS,7000.0,10.0,0.95,USGS Mineral Commodity Summaries 2024/2023 - authoritative U.S. government production data with global coverage
Smartphone,Processor (soc),0.95,"Strong consensus among multiple agents with high average confidence of 0.95, making this a very critical component in smart devices.",Aluminum,0.7,Round 3 refinement with peer support: 0,280300,INDIA,THOUSAND METRIC TONS,4100.0,5.86,0.95,USGS Mineral Commodity Summaries 2024/2023 - authoritative U.S. government production data with global coverage
Smartphone,Processor (soc),0.95,"Strong consensus among multiple agents with high average confidence of 0.95, making this a very critical component in smart devices.",Aluminum,0.7,Round 3 refinement with peer support: 0,280300,RUSSIA,THOUSAND METRIC TONS,3800.0,5.43,0.95,USGS Mineral Commodity Summaries 2024/2023 - authoritative U.S. government production data with global coverage
Smartphone,Processor (soc),0.95,"Strong consensus among multiple agents with high average confidence of 0.95, making this a very critical component in smart devices.",Aluminum,0.7,Round 3 refinement with peer support: 0,280300,CANADA,THOUSAND METRIC TONS,3000.0,4.29,0.95,USGS Mineral Commodity Summaries 2024/2023 - authoritative U.S. government production data with global coverage
Smartphone,Processor (soc),0.95,"Strong consensus among multiple agents with high average confidence of 0.95, making this a very critical component in smart devices.",Tungsten,0.7,Round 3 refinement with peer support: 0,810194,CHINA,METRIC TONS,63000.0,80.77,0.95,USGS Mineral Commodity Summaries 2024/2023 - authoritative U.S. government production data with global coverage
Smartphone,Processor (soc),0.95,"Strong consensus among multiple agents with high average confidence of 0.95, making this a very critical component in smart devices.",Tungsten,0.7,Round 3 refinement with peer support: 0,810194,VIETNAM,METRIC TONS,3500.0,4.49,0.95,USGS Mineral Commodity Summaries 2024/2023 - authoritative U.S. government production data with global coverage
Smartphone,Processor (soc),0.95,"Strong consensus among multiple agents with high average confidence of 0.95, making this a very critical component in smart devices.",Tungsten,0.7,Round 3 refinement with peer support: 0,810194,RUSSIA,METRIC TONS,2000.0,2.56,0.95,USGS Mineral Commodity Summaries 2024/2023 - authoritative U.S. government production data with global coverage
Smartphone,Processor (soc),0.95,"Strong consensus among multiple agents with high average confidence of 0.95, making this a very critical component in smart devices.",Tungsten,0.7,Round 3 refinement with peer support: 0,810194,"KOREA, NORTH",METRIC TONS,1700.0,2.18,0.95,USGS Mineral Commodity Summaries 2024/2023 - authoritative U.S. government production data with global coverage
Smartphone,Processor (soc),0.95,"Strong consensus among multiple agents with high average confidence of 0.95, making this a very critical component in smart devices.",Tungsten,0.7,Round 3 refinement with peer support: 0,810194,SPAIN,METRIC TONS,1500.0,1.92,0.95,USGS Mineral Commodity Summaries 2024/2023 - authoritative U.S. government production data with global coverage
Smartphone,Touchscreen Display,0.95,"Strong consensus among two agents, each providing a high confidence of 0.95.",Glass,0.95,Round 3 refinement with peer support: 2,700800,China,metric tons,154933333.33333334,41.67,0.84,Multi-agent debate consensus
Smartphone,Touchscreen Display,0.95,"Strong consensus among two agents, each providing a high confidence of 0.95.",Glass,0.95,Round 3 refinement with peer support: 2,700800,United States,metric tons,118866666.66666667,19.67,0.853,Multi-agent debate consensus
Smartphone,Touchscreen Display,0.95,"Strong consensus among two agents, each providing a high confidence of 0.95.",Glass,0.95,Round 3 refinement with peer support: 2,700800,India,metric tons,51666666.666666664,12.33,0.893,Multi-agent debate consensus
Smartphone,Touchscreen Display,0.95,"Strong consensus among two agents, each providing a high confidence of 0.95.",Glass,0.95,Round 3 refinement with peer support: 2,700800,Germany,metric tons,20900000.0,5.67,0.82,Multi-agent debate consensus
Smartphone,Touchscreen Display,0.95,"Strong consensus among two agents, each providing a high confidence of 0.95.",Glass,0.95,Round 3 refinement with peer support: 2,700800,Japan,metric tons,40350000.0,5.83,0.76,Multi-agent debate consensus
Smartphone,Touchscreen Display,0.95,"Strong consensus among two agents, each providing a high confidence of 0.95.",Aluminum,0.7,Round 3 refinement with peer support: 0,280300,CHINA,THOUSAND METRIC TONS,41000.0,58.57,0.95,USGS Mineral Commodity Summaries 2024/2023 - authoritative U.S. government production data with global coverage
Smartphone,Touchscreen Display,0.95,"Strong consensus among two agents, each providing a high confidence of 0.95.",Aluminum,0.7,Round 3 refinement with peer support: 0,280300,OTHER,THOUSAND METRIC TONS,7000.0,10.0,0.95,USGS Mineral Commodity Summaries 2024/2023 - authoritative U.S. government production data with global coverage
Smartphone,Touchscreen Display,0.95,"Strong consensus among two agents, each providing a high confidence of 0.95.",Aluminum,0.7,Round 3 refinement with peer support: 0,280300,INDIA,THOUSAND METRIC TONS,4100.0,5.86,0.95,USGS Mineral Commodity Summaries 2024/2023 - authoritative U.S. government production data with global coverage
Smartphone,Touchscreen Display,0.95,"Strong consensus among two agents, each providing a high confidence of 0.95.",Aluminum,0.7,Round 3 refinement with peer support: 0,280300,RUSSIA,THOUSAND METRIC TONS,3800.0,5.43,0.95,USGS Mineral Commodity Summaries 2024/2023 - authoritative U.S. government production data with global coverage
Smartphone,Touchscreen Display,0.95,"Strong consensus among two agents, each providing a high confidence of 0.95.",Aluminum,0.7,Round 3 refinement with peer support: 0,280300,CANADA,THOUSAND METRIC TONS,3000.0,4.29,0.95,USGS Mineral Commodity Summaries 2024/2023 - authoritative U.S. government production data with global coverage
Smartphone,Processor (application Processor/soc),0.95,There is a strong consensus among agents on the importance of the Processor/SOC with an average confidence score of 0.95. This component is absolutely critical to the functionality and performance of smartphones.,Silicon,0.95,Round 3 refinement with peer support: 2,280469,CHINA,THOUSAND METRIC TONS,3600.0,40.0,0.95,USGS Mineral Commodity Summaries 2024/2023 - authoritative U.S. government production data with global coverage
Smartphone,Processor (application Processor/soc),0.95,There is a strong consensus among agents on the importance of the Processor/SOC with an average confidence score of 0.95. This component is absolutely critical to the functionality and performance of smartphones.,Silicon,0.95,Round 3 refinement with peer support: 2,280469,RUSSIA,THOUSAND METRIC TONS,570.0,6.33,0.95,USGS Mineral Commodity Summaries 2024/2023 - authoritative U.S. government production data with global coverage
Smartphone,Processor (application Processor/soc),0.95,There is a strong consensus among agents on the importance of the Processor/SOC with an average confidence score of 0.95. This component is absolutely critical to the functionality and performance of smartphones.,Silicon,0.95,Round 3 refinement with peer support: 2,280469,BRAZIL,THOUSAND METRIC TONS,190.0,2.11,0.95,USGS Mineral Commodity Summaries 2024/2023 - authoritative U.S. government production data with global coverage
Smartphone,Processor (application Processor/soc),0.95,There is a strong consensus among agents on the importance of the Processor/SOC with an average confidence score of 0.95. This component is absolutely critical to the functionality and performance of smartphones.,Silicon,0.95,Round 3 refinement with peer support: 2,280469,NORWAY,THOUSAND METRIC TONS,200.0,2.22,0.95,USGS Mineral Commodity Summaries 2024/2023 - authoritative U.S. government production data with global coverage
Smartphone,Processor (application Processor/soc),0.95,There is a strong consensus among agents on the importance of the Processor/SOC with an average confidence score of 0.95. This component is absolutely critical to the functionality and performance of smartphones.,Silicon,0.95,Round 3 refinement with peer support: 2,280469,OTHER,THOUSAND METRIC TONS,100.0,1.11,0.95,USGS Mineral Commodity Summaries 2024/2023 - authoritative U.S. government production data with global coverage
Smartphone,Processor (application Processor/soc),0.95,There is a strong consensus among agents on the importance of the Processor/SOC with an average confidence score of 0.95. This component is absolutely critical to the functionality and performance of smartphones.,Tungsten,0.85,Round 3 refinement with peer support: 1,810194,CHINA,METRIC TONS,63000.0,80.77,0.95,USGS Mineral Commodity Summaries 2024/2023 - authoritative U.S. government production data with global coverage
Smartphone,Processor (application Processor/soc),0.95,There is a strong consensus among agents on the importance of the Processor/SOC with an average confidence score of 0.95. This component is absolutely critical to the functionality and performance of smartphones.,Tungsten,0.85,Round 3 refinement with peer support: 1,810194,VIETNAM,METRIC TONS,3500.0,4.49,0.95,USGS Mineral Commodity Summaries 2024/2023 - authoritative U.S. government production data with global coverage
Smartphone,Processor (application Processor/soc),0.95,There is a strong consensus among agents on the importance of the Processor/SOC with an average confidence score of 0.95. This component is absolutely critical to the functionality and performance of smartphones.,Tungsten,0.85,Round 3 refinement with peer support: 1,810194,RUSSIA,METRIC TONS,2000.0,2.56,0.95,USGS Mineral Commodity Summaries 2024/2023 - authoritative U.S. government production data with global coverage
Smartphone,Processor (application Processor/soc),0.95,There is a strong consensus among agents on the importance of the Processor/SOC with an average confidence score of 0.95. This component is absolutely critical to the functionality and performance of smartphones.,Tungsten,0.85,Round 3 refinement with peer support: 1,810194,"KOREA, NORTH",METRIC TONS,1700.0,2.18,0.95,USGS Mineral Commodity Summaries 2024/2023 - authoritative U.S. government production data with global coverage
Smartphone,Processor (application Processor/soc),0.95,There is a strong consensus among agents on the importance of the Processor/SOC with an average confidence score of 0.95. This component is absolutely critical to the functionality and performance of smartphones.,Tungsten,0.85,Round 3 refinement with peer support: 1,810194,SPAIN,METRIC TONS,1500.0,1.92,0.95,USGS Mineral Commodity Summaries 2024/2023 - authoritative U.S. government production data with global coverage
Smartphone,Processor (application Processor/soc),0.95,There is a strong consensus among agents on the importance of the Processor/SOC with an average confidence score of 0.95. This component is absolutely critical to the functionality and performance of smartphones.,Gold,0.7,Round 3 refinement with peer support: 0,710812,OTHER,METRIC TONS,700.0,23.33,0.95,USGS Mineral Commodity Summaries 2024/2023 - authoritative U.S. government production data with global coverage
Smartphone,Processor (application Processor/soc),0.95,There is a strong consensus among agents on the importance of the Processor/SOC with an average confidence score of 0.95. This component is absolutely critical to the functionality and performance of smartphones.,Gold,0.7,Round 3 refinement with peer support: 0,710812,CHINA,METRIC TONS,370.0,12.33,0.95,USGS Mineral Commodity Summaries 2024/2023 - authoritative U.S. government production data with global coverage
Smartphone,Processor (application Processor/soc),0.95,There is a strong consensus among agents on the importance of the Processor/SOC with an average confidence score of 0.95. This component is absolutely critical to the functionality and performance of smartphones.,Gold,0.7,Round 3 refinement with peer support: 0,710812,AUSTRALIA,METRIC TONS,310.0,10.33,0.95,USGS Mineral Commodity Summaries 2024/2023 - authoritative U.S. government production data with global coverage
Smartphone,Processor (application Processor/soc),0.95,There is a strong consensus among agents on the importance of the Processor/SOC with an average confidence score of 0.95. This component is absolutely critical to the functionality and performance of smartphones.,Gold,0.7,Round 3 refinement with peer support: 0,710812,RUSSIA,METRIC TONS,310.0,10.33,0.95,USGS Mineral Commodity Summaries 2024/2023 - authoritative U.S. government production data with global coverage
Smartphone,Processor (application Processor/soc),0.95,There is a strong consensus among agents on the importance of the Processor/SOC with an average confidence score of 0.95. This component is absolutely critical to the functionality and performance of smartphones.,Gold,0.7,Round 3 refinement with peer support: 0,710812,CANADA,METRIC TONS,200.0,6.67,0.95,USGS Mineral Commodity Summaries 2024/2023 - authoritative U.S. government production data with global coverage
Smartphone,Processor (application Processor/soc),0.95,There is a strong consensus among agents on the importance of the Processor/SOC with an average confidence score of 0.95. This component is absolutely critical to the functionality and performance of smartphones.,Copper,0.7,Round 3 refinement with peer support: 0,740100,CHINA,THOUSAND METRIC TONS,1700.0,3.47,0.95,USGS Mineral Commodity Summaries 2024/2023 - authoritative U.S. government production data with global coverage
Smartphone,Processor (application Processor/soc),0.95,There is a strong consensus among agents on the importance of the Processor/SOC with an average confidence score of 0.95. This component is absolutely critical to the functionality and performance of smartphones.,Copper,0.7,Round 3 refinement with peer support: 0,740100,CHILE,THOUSAND METRIC TONS,5000.0,10.2,0.95,USGS Mineral Commodity Summaries 2024/2023 - authoritative U.S. government production data with global coverage
Smartphone,Processor (application Processor/soc),0.95,There is a strong consensus among agents on the importance of the Processor/SOC with an average confidence score of 0.95. This component is absolutely critical to the functionality and performance of smartphones.,Copper,0.7,Round 3 refinement with peer support: 0,740100,OTHER,THOUSAND METRIC TONS,3100.0,6.33,0.95,USGS Mineral Commodity Summaries 2024/2023 - authoritative U.S. government production data with global coverage
Smartphone,Processor (application Processor/soc),0.95,There is a strong consensus among agents on the importance of the Processor/SOC with an average confidence score of 0.95. This component is absolutely critical to the functionality and performance of smartphones.,Copper,0.7,Round 3 refinement with peer support: 0,740100,CONGO,THOUSAND METRIC TONS,2500.0,5.1,0.95,USGS Mineral Commodity Summaries 2024/2023 - authoritative U.S. government production data with global coverage
Smartphone,Processor (application Processor/soc),0.95,There is a strong consensus among agents on the importance of the Processor/SOC with an average confidence score of 0.95. This component is absolutely critical to the functionality and performance of smartphones.,Copper,0.7,Round 3 refinement with peer support: 0,740100,PERU,THOUSAND METRIC TONS,2600.0,5.31,0.95,USGS Mineral Commodity Summaries 2024/2023 - authoritative U.S. government production data with global coverage
Smartphone,Display Panel,0.93,High confidence due to strong consensus from two agents despite slightly lower overall confidence of 0.93 due to individual variation in justification.,Glass,0.9,Round 3 refinement with peer support: 2,700800,China,metric tons,154933333.33333334,41.67,0.84,Multi-agent debate consensus
Smartphone,Display Panel,0.93,High confidence due to strong consensus from two agents despite slightly lower overall confidence of 0.93 due to individual variation in justification.,Glass,0.9,Round 3 refinement with peer support: 2,700800,United States,metric tons,118866666.66666667,19.67,0.853,Multi-agent debate consensus
Smartphone,Display Panel,0.93,High confidence due to strong consensus from two agents despite slightly lower overall confidence of 0.93 due to individual variation in justification.,Glass,0.9,Round 3 refinement with peer support: 2,700800,India,metric tons,51666666.666666664,12.33,0.893,Multi-agent debate consensus
Smartphone,Display Panel,0.93,High confidence due to strong consensus from two agents despite slightly lower overall confidence of 0.93 due to individual variation in justification.,Glass,0.9,Round 3 refinement with peer support: 2,700800,Germany,metric tons,20900000.0,5.67,0.82,Multi-agent debate consensus
Smartphone,Display Panel,0.93,High confidence due to strong consensus from two agents despite slightly lower overall confidence of 0.93 due to individual variation in justification.,Glass,0.9,Round 3 refinement with peer support: 2,700800,Japan,metric tons,40350000.0,5.83,0.76,Multi-agent debate consensus
Smartphone,Display Panel,0.93,High confidence due to strong consensus from two agents despite slightly lower overall confidence of 0.93 due to individual variation in justification.,Copper,0.7,Round 3 refinement with peer support: 0,740100,CHINA,THOUSAND METRIC TONS,1700.0,3.47,0.95,USGS Mineral Commodity Summaries 2024/2023 - authoritative U.S. government production data with global coverage
Smartphone,Display Panel,0.93,High confidence due to strong consensus from two agents despite slightly lower overall confidence of 0.93 due to individual variation in justification.,Copper,0.7,Round 3 refinement with peer support: 0,740100,CHILE,THOUSAND METRIC TONS,5000.0,10.2,0.95,USGS Mineral Commodity Summaries 2024/2023 - authoritative U.S. government production data with global coverage
Smartphone,Display Panel,0.93,High confidence due to strong consensus from two agents despite slightly lower overall confidence of 0.93 due to individual variation in justification.,Copper,0.7,Round 3 refinement with peer support: 0,740100,OTHER,THOUSAND METRIC TONS,3100.0,6.33,0.95,USGS Mineral Commodity Summaries 2024/2023 - authoritative U.S. government production data with global coverage
Smartphone,Display Panel,0.93,High confidence due to strong consensus from two agents despite slightly lower overall confidence of 0.93 due to individual variation in justification.,Copper,0.7,Round 3 refinement with peer support: 0,740100,CONGO,THOUSAND METRIC TONS,2500.0,5.1,0.95,USGS Mineral Commodity Summaries 2024/2023 - authoritative U.S. government production data with global coverage
Smartphone,Display Panel,0.93,High confidence due to strong consensus from two agents despite slightly lower overall confidence of 0.93 due to individual variation in justification.,Copper,0.7,Round 3 refinement with peer support: 0,740100,PERU,THOUSAND METRIC TONS,2600.0,5.31,0.95,USGS Mineral Commodity Summaries 2024/2023 - authoritative U.S. government production data with global coverage
Smartphone,Display Panel,0.93,High confidence due to strong consensus from two agents despite slightly lower overall confidence of 0.93 due to individual variation in justification.,Aluminum,0.7,Round 3 refinement with peer support: 0,280300,CHINA,THOUSAND METRIC TONS,41000.0,58.57,0.95,USGS Mineral Commodity Summaries 2024/2023 - authoritative U.S. government production data with global coverage
Smartphone,Display Panel,0.93,High confidence due to strong consensus from two agents despite slightly lower overall confidence of 0.93 due to individual variation in justification.,Aluminum,0.7,Round 3 refinement with peer support: 0,280300,OTHER,THOUSAND METRIC TONS,7000.0,10.0,0.95,USGS Mineral Commodity Summaries 2024/2023 - authoritative U.S. government production data with global coverage
Smartphone,Display Panel,0.93,High confidence due to strong consensus from two agents despite slightly lower overall confidence of 0.93 due to individual variation in justification.,Aluminum,0.7,Round 3 refinement with peer support: 0,280300,INDIA,THOUSAND METRIC TONS,4100.0,5.86,0.95,USGS Mineral Commodity Summaries 2024/2023 - authoritative U.S. government production data with global coverage
Smartphone,Display Panel,0.93,High confidence due to strong consensus from two agents despite slightly lower overall confidence of 0.93 due to individual variation in justification.,Aluminum,0.7,Round 3 refinement with peer support: 0,280300,RUSSIA,THOUSAND METRIC TONS,3800.0,5.43,0.95,USGS Mineral Commodity Summaries 2024/2023 - authoritative U.S. government production data with global coverage
Smartphone,Display Panel,0.93,High confidence due to strong consensus from two agents despite slightly lower overall confidence of 0.93 due to individual variation in justification.,Aluminum,0.7,Round 3 refinement with peer support: 0,280300,CANADA,THOUSAND METRIC TONS,3000.0,4.29,0.95,USGS Mineral Commodity Summaries 2024/2023 - authoritative U.S. government production data with global coverage
Smartphone,Display,0.93,"There was a moderate consensus with an average support from two agents (Agent1, Agent3). Despite not being as strong as other proposals, the display is indeed crucial for user interaction and visual experience in smartphones, warranting a confidence of 0.93.",Glass,0.85,Round 3 refinement with peer support: 1,700800,China,metric tons,154933333.33333334,41.67,0.84,Multi-agent debate consensus
Smartphone,Display,0.93,"There was a moderate consensus with an average support from two agents (Agent1, Agent3). Despite not being as strong as other proposals, the display is indeed crucial for user interaction and visual experience in smartphones, warranting a confidence of 0.93.",Glass,0.85,Round 3 refinement with peer support: 1,700800,United States,metric tons,118866666.66666667,19.67,0.853,Multi-agent debate consensus
Smartphone,Display,0.93,"There was a moderate consensus with an average support from two agents (Agent1, Agent3). Despite not being as strong as other proposals, the display is indeed crucial for user interaction and visual experience in smartphones, warranting a confidence of 0.93.",Glass,0.85,Round 3 refinement with peer support: 1,700800,India,metric tons,51666666.666666664,12.33,0.893,Multi-agent debate consensus
Smartphone,Display,0.93,"There was a moderate consensus with an average support from two agents (Agent1, Agent3). Despite not being as strong as other proposals, the display is indeed crucial for user interaction and visual experience in smartphones, warranting a confidence of 0.93.",Glass,0.85,Round 3 refinement with peer support: 1,700800,Germany,metric tons,20900000.0,5.67,0.82,Multi-agent debate consensus
Smartphone,Display,0.93,"There was a moderate consensus with an average support from two agents (Agent1, Agent3). Despite not being as strong as other proposals, the display is indeed crucial for user interaction and visual experience in smartphones, warranting a confidence of 0.93.",Glass,0.85,Round 3 refinement with peer support: 1,700800,Japan,metric tons,40350000.0,5.83,0.76,Multi-agent debate consensus
Smartphone,4g/5g Cellular Modem,0.85,"Support from one agent with a high individual assessment; however, other critical components depend less on different standards (e.g., Wi-Fi), so this is evaluated cautiously as it's not universally required.",Silicon,0.775,Round 3 refinement with peer support: 1,280469,CHINA,THOUSAND METRIC TONS,3600.0,40.0,0.95,USGS Mineral Commodity Summaries 2024/2023 - authoritative U.S. government production data with global coverage
Smartphone,4g/5g Cellular Modem,0.85,"Support from one agent with a high individual assessment; however, other critical components depend less on different standards (e.g., Wi-Fi), so this is evaluated cautiously as it's not universally required.",Silicon,0.775,Round 3 refinement with peer support: 1,280469,RUSSIA,THOUSAND METRIC TONS,570.0,6.33,0.95,USGS Mineral Commodity Summaries 2024/2023 - authoritative U.S. government production data with global coverage
Smartphone,4g/5g Cellular Modem,0.85,"Support from one agent with a high individual assessment; however, other critical components depend less on different standards (e.g., Wi-Fi), so this is evaluated cautiously as it's not universally required.",Silicon,0.775,Round 3 refinement with peer support: 1,280469,BRAZIL,THOUSAND METRIC TONS,190.0,2.11,0.95,USGS Mineral Commodity Summaries 2024/2023 - authoritative U.S. government production data with global coverage
Smartphone,4g/5g Cellular Modem,0.85,"Support from one agent with a high individual assessment; however, other critical components depend less on different standards (e.g., Wi-Fi), so this is evaluated cautiously as it's not universally required.",Silicon,0.775,Round 3 refinement with peer support: 1,280469,NORWAY,THOUSAND METRIC TONS,200.0,2.22,0.95,USGS Mineral Commodity Summaries 2024/2023 - authoritative U.S. government production data with global coverage
Smartphone,4g/5g Cellular Modem,0.85,"Support from one agent with a high individual assessment; however, other critical components depend less on different standards (e.g., Wi-Fi), so this is evaluated cautiously as it's not universally required.",Silicon,0.775,Round 3 refinement with peer support: 1,280469,OTHER,THOUSAND METRIC TONS,100.0,1.11,0.95,USGS Mineral Commodity Summaries 2024/2023 - authoritative U.S. government production data with global coverage
Smartphone,4g/5g Cellular Modem,0.85,"Support from one agent with a high individual assessment; however, other critical components depend less on different standards (e.g., Wi-Fi), so this is evaluated cautiously as it's not universally required.",Copper,0.7,Round 3 refinement with peer support: 0,740100,CHINA,THOUSAND METRIC TONS,1700.0,3.47,0.95,USGS Mineral Commodity Summaries 2024/2023 - authoritative U.S. government production data with global coverage
Smartphone,4g/5g Cellular Modem,0.85,"Support from one agent with a high individual assessment; however, other critical components depend less on different standards (e.g., Wi-Fi), so this is evaluated cautiously as it's not universally required.",Copper,0.7,Round 3 refinement with peer support: 0,740100,CHILE,THOUSAND METRIC TONS,5000.0,10.2,0.95,USGS Mineral Commodity Summaries 2024/2023 - authoritative U.S. government production data with global coverage
Smartphone,4g/5g Cellular Modem,0.85,"Support from one agent with a high individual assessment; however, other critical components depend less on different standards (e.g., Wi-Fi), so this is evaluated cautiously as it's not universally required.",Copper,0.7,Round 3 refinement with peer support: 0,740100,OTHER,THOUSAND METRIC TONS,3100.0,6.33,0.95,USGS Mineral Commodity Summaries 2024/2023 - authoritative U.S. government production data with global coverage
Smartphone,4g/5g Cellular Modem,0.85,"Support from one agent with a high individual assessment; however, other critical components depend less on different standards (e.g., Wi-Fi), so this is evaluated cautiously as it's not universally required.",Copper,0.7,Round 3 refinement with peer support: 0,740100,CONGO,THOUSAND METRIC TONS,2500.0,5.1,0.95,USGS Mineral Commodity Summaries 2024/2023 - authoritative U.S. government production data with global coverage
Smartphone,4g/5g Cellular Modem,0.85,"Support from one agent with a high individual assessment; however, other critical components depend less on different standards (e.g., Wi-Fi), so this is evaluated cautiously as it's not universally required.",Copper,0.7,Round 3 refinement with peer support: 0,740100,PERU,THOUSAND METRIC TONS,2600.0,5.31,0.95,USGS Mineral Commodity Summaries 2024/2023 - authoritative U.S. government production data with global coverage
Smartphone,4g/5g Cellular Modem,0.85,"Support from one agent with a high individual assessment; however, other critical components depend less on different standards (e.g., Wi-Fi), so this is evaluated cautiously as it's not universally required.",Gold,0.7,Round 3 refinement with peer support: 0,710812,OTHER,METRIC TONS,700.0,23.33,0.95,USGS Mineral Commodity Summaries 2024/2023 - authoritative U.S. government production data with global coverage
Smartphone,4g/5g Cellular Modem,0.85,"Support from one agent with a high individual assessment; however, other critical components depend less on different standards (e.g., Wi-Fi), so this is evaluated cautiously as it's not universally required.",Gold,0.7,Round 3 refinement with peer support: 0,710812,CHINA,METRIC TONS,370.0,12.33,0.95,USGS Mineral Commodity Summaries 2024/2023 - authoritative U.S. government production data with global coverage
Smartphone,4g/5g Cellular Modem,0.85,"Support from one agent with a high individual assessment; however, other critical components depend less on different standards (e.g., Wi-Fi), so this is evaluated cautiously as it's not universally required.",Gold,0.7,Round 3 refinement with peer support: 0,710812,AUSTRALIA,METRIC TONS,310.0,10.33,0.95,USGS Mineral Commodity Summaries 2024/2023 - authoritative U.S. government production data with global coverage
Smartphone,4g/5g Cellular Modem,0.85,"Support from one agent with a high individual assessment; however, other critical components depend less on different standards (e.g., Wi-Fi), so this is evaluated cautiously as it's not universally required.",Gold,0.7,Round 3 refinement with peer support: 0,710812,RUSSIA,METRIC TONS,310.0,10.33,0.95,USGS Mineral Commodity Summaries 2024/2023 - authoritative U.S. government production data with global coverage
Smartphone,4g/5g Cellular Modem,0.85,"Support from one agent with a high individual assessment; however, other critical components depend less on different standards (e.g., Wi-Fi), so this is evaluated cautiously as it's not universally required.",Gold,0.7,Round 3 refinement with peer support: 0,710812,CANADA,METRIC TONS,200.0,6.67,0.95,USGS Mineral Commodity Summaries 2024/2023 - authoritative U.S. government production data with global coverage
Smartphone,4g/5g Cellular Modem,0.85,"Support from one agent with a high individual assessment; however, other critical components depend less on different standards (e.g., Wi-Fi), so this is evaluated cautiously as it's not universally required.",Germanium,0.7,Round 3 refinement with peer support: 0,825600,China,kg,1004.3333333333334,44.33,0.833,Multi-agent debate consensus
Smartphone,4g/5g Cellular Modem,0.85,"Support from one agent with a high individual assessment; however, other critical components depend less on different standards (e.g., Wi-Fi), so this is evaluated cautiously as it's not universally required.",Germanium,0.7,Round 3 refinement with peer support: 0,825600,Japan,kg,236.0,16.17,0.75,Second largest producer with consistent output; industry reports confirm.
Smartphone,4g/5g Cellular Modem,0.85,"Support from one agent with a high individual assessment; however, other critical components depend less on different standards (e.g., Wi-Fi), so this is evaluated cautiously as it's not universally required.",Germanium,0.7,Round 3 refinement with peer support: 0,825600,Germany,kg,82.66666666666667,4.67,0.833,Primary production with significant refining capacity; comprehensive industry statistics.
Smartphone,4g/5g Cellular Modem,0.85,"Support from one agent with a high individual assessment; however, other critical components depend less on different standards (e.g., Wi-Fi), so this is evaluated cautiously as it's not universally required.",Germanium,0.7,Round 3 refinement with peer support: 0,825600,South Korea,kg,90.0,7.8,0.725,Fifth major producer with moderate growth potential.
Smartphone,4g/5g Cellular Modem,0.85,"Support from one agent with a high individual assessment; however, other critical components depend less on different standards (e.g., Wi-Fi), so this is evaluated cautiously as it's not universally required.",Germanium,0.7,Round 3 refinement with peer support: 0,825600,USA,kg,50.0,5.45,0.75,Third major producer with steady output; USGS data for 2023 is the most recent and reliable.
Smartphone,4g/5g Cellular Modem,0.85,"Support from one agent with a high individual assessment; however, other critical components depend less on different standards (e.g., Wi-Fi), so this is evaluated cautiously as it's not universally required.",Aluminum,0.7,Round 3 refinement with peer support: 0,280300,CHINA,THOUSAND METRIC TONS,41000.0,58.57,0.95,USGS Mineral Commodity Summaries 2024/2023 - authoritative U.S. government production data with global coverage
Smartphone,4g/5g Cellular Modem,0.85,"Support from one agent with a high individual assessment; however, other critical components depend less on different standards (e.g., Wi-Fi), so this is evaluated cautiously as it's not universally required.",Aluminum,0.7,Round 3 refinement with peer support: 0,280300,OTHER,THOUSAND METRIC TONS,7000.0,10.0,0.95,USGS Mineral Commodity Summaries 2024/2023 - authoritative U.S. government production data with global coverage
Smartphone,4g/5g Cellular Modem,0.85,"Support from one agent with a high individual assessment; however, other critical components depend less on different standards (e.g., Wi-Fi), so this is evaluated cautiously as it's not universally required.",Aluminum,0.7,Round 3 refinement with peer support: 0,280300,INDIA,THOUSAND METRIC TONS,4100.0,5.86,0.95,USGS Mineral Commodity Summaries 2024/2023 - authoritative U.S. government production data with global coverage
Smartphone,4g/5g Cellular Modem,0.85,"Support from one agent with a high individual assessment; however, other critical components depend less on different standards (e.g., Wi-Fi), so this is evaluated cautiously as it's not universally required.",Aluminum,0.7,Round 3 refinement with peer support: 0,280300,RUSSIA,THOUSAND METRIC TONS,3800.0,5.43,0.95,USGS Mineral Commodity Summaries 2024/2023 - authoritative U.S. government production data with global coverage
Smartphone,4g/5g Cellular Modem,0.85,"Support from one agent with a high individual assessment; however, other critical components depend less on different standards (e.g., Wi-Fi), so this is evaluated cautiously as it's not universally required.",Aluminum,0.7,Round 3 refinement with peer support: 0,280300,CANADA,THOUSAND METRIC TONS,3000.0,4.29,0.95,USGS Mineral Commodity Summaries 2024/2023 - authoritative U.S. government production data with global coverage
Smartphone,Application Processor (soc),0.92,"Strong support from two agents and an established industry standard, making it highly reliable as a primary component.",Silicon,0.7,Round 3 refinement with peer support: 0,280469,CHINA,THOUSAND METRIC TONS,3600.0,40.0,0.95,USGS Mineral Commodity Summaries 2024/2023 - authoritative U.S. government production data with global coverage
Smartphone,Application Processor (soc),0.92,"Strong support from two agents and an established industry standard, making it highly reliable as a primary component.",Silicon,0.7,Round 3 refinement with peer support: 0,280469,RUSSIA,THOUSAND METRIC TONS,570.0,6.33,0.95,USGS Mineral Commodity Summaries 2024/2023 - authoritative U.S. government production data with global coverage
Smartphone,Application Processor (soc),0.92,"Strong support from two agents and an established industry standard, making it highly reliable as a primary component.",Silicon,0.7,Round 3 refinement with peer support: 0,280469,BRAZIL,THOUSAND METRIC TONS,190.0,2.11,0.95,USGS Mineral Commodity Summaries 2024/2023 - authoritative U.S. government production data with global coverage
Smartphone,Application Processor (soc),0.92,"Strong support from two agents and an established industry standard, making it highly reliable as a primary component.",Silicon,0.7,Round 3 refinement with peer support: 0,280469,NORWAY,THOUSAND METRIC TONS,200.0,2.22,0.95,USGS Mineral Commodity Summaries 2024/2023 - authoritative U.S. government production data with global coverage
Smartphone,Application Processor (soc),0.92,"Strong support from two agents and an established industry standard, making it highly reliable as a primary component.",Silicon,0.7,Round 3 refinement with peer support: 0,280469,OTHER,THOUSAND METRIC TONS,100.0,1.11,0.95,USGS Mineral Commodity Summaries 2024/2023 - authoritative U.S. government production data with global coverage
Smartphone,Application Processor (soc),0.92,"Strong support from two agents and an established industry standard, making it highly reliable as a primary component.",Gold,0.7,Round 3 refinement with peer support: 0,710812,OTHER,METRIC TONS,700.0,23.33,0.95,USGS Mineral Commodity Summaries 2024/2023 - authoritative U.S. government production data with global coverage
Smartphone,Application Processor (soc),0.92,"Strong support from two agents and an established industry standard, making it highly reliable as a primary component.",Gold,0.7,Round 3 refinement with peer support: 0,710812,CHINA,METRIC TONS,370.0,12.33,0.95,USGS Mineral Commodity Summaries 2024/2023 - authoritative U.S. government production data with global coverage
Smartphone,Application Processor (soc),0.92,"Strong support from two agents and an established industry standard, making it highly reliable as a primary component.",Gold,0.7,Round 3 refinement with peer support: 0,710812,AUSTRALIA,METRIC TONS,310.0,10.33,0.95,USGS Mineral Commodity Summaries 2024/2023 - authoritative U.S. government production data with global coverage
Smartphone,Application Processor (soc),0.92,"Strong support from two agents and an established industry standard, making it highly reliable as a primary component.",Gold,0.7,Round 3 refinement with peer support: 0,710812,RUSSIA,METRIC TONS,310.0,10.33,0.95,USGS Mineral Commodity Summaries 2024/2023 - authoritative U.S. government production data with global coverage
Smartphone,Application Processor (soc),0.92,"Strong support from two agents and an established industry standard, making it highly reliable as a primary component.",Gold,0.7,Round 3 refinement with peer support: 0,710812,CANADA,METRIC TONS,200.0,6.67,0.95,USGS Mineral Commodity Summaries 2024/2023 - authoritative U.S. government production data with global coverage
PC Laptop,Battery,1.0,"Consensus among all agents, high support (3/3) with average confidence of 0.94.",Copper,0.883,Round 3 refinement with peer support: 2,740100,CHINA,THOUSAND METRIC TONS,1700.0,3.47,0.95,USGS Mineral Commodity Summaries 2024/2023 - authoritative U.S. government production data with global coverage
PC Laptop,Battery,1.0,"Consensus among all agents, high support (3/3) with average confidence of 0.94.",Copper,0.883,Round 3 refinement with peer support: 2,740100,CHILE,THOUSAND METRIC TONS,5000.0,10.2,0.95,USGS Mineral Commodity Summaries 2024/2023 - authoritative U.S. government production data with global coverage
PC Laptop,Battery,1.0,"Consensus among all agents, high support (3/3) with average confidence of 0.94.",Copper,0.883,Round 3 refinement with peer support: 2,740100,OTHER,THOUSAND METRIC TONS,3100.0,6.33,0.95,USGS Mineral Commodity Summaries 2024/2023 - authoritative U.S. government production data with global coverage
PC Laptop,Battery,1.0,"Consensus among all agents, high support (3/3) with average confidence of 0.94.",Copper,0.883,Round 3 refinement with peer support: 2,740100,CONGO,THOUSAND METRIC TONS,2500.0,5.1,0.95,USGS Mineral Commodity Summaries 2024/2023 - authoritative U.S. government production data with global coverage
PC Laptop,Battery,1.0,"Consensus among all agents, high support (3/3) with average confidence of 0.94.",Copper,0.883,Round 3 refinement with peer support: 2,740100,PERU,THOUSAND METRIC TONS,2600.0,5.31,0.95,USGS Mineral Commodity Summaries 2024/2023 - authoritative U.S. government production data with global coverage
PC Laptop,Battery,1.0,"Consensus among all agents, high support (3/3) with average confidence of 0.94.",Aluminum,0.883,Round 3 refinement with peer support: 2,280300,CHINA,THOUSAND METRIC TONS,41000.0,58.57,0.95,USGS Mineral Commodity Summaries 2024/2023 - authoritative U.S. government production data with global coverage
PC Laptop,Battery,1.0,"Consensus among all agents, high support (3/3) with average confidence of 0.94.",Aluminum,0.883,Round 3 refinement with peer support: 2,280300,OTHER,THOUSAND METRIC TONS,7000.0,10.0,0.95,USGS Mineral Commodity Summaries 2024/2023 - authoritative U.S. government production data with global coverage
PC Laptop,Battery,1.0,"Consensus among all agents, high support (3/3) with average confidence of 0.94.",Aluminum,0.883,Round 3 refinement with peer support: 2,280300,INDIA,THOUSAND METRIC TONS,4100.0,5.86,0.95,USGS Mineral Commodity Summaries 2024/2023 - authoritative U.S. government production data with global coverage
PC Laptop,Battery,1.0,"Consensus among all agents, high support (3/3) with average confidence of 0.94.",Aluminum,0.883,Round 3 refinement with peer support: 2,280300,RUSSIA,THOUSAND METRIC TONS,3800.0,5.43,0.95,USGS Mineral Commodity Summaries 2024/2023 - authoritative U.S. government production data with global coverage
PC Laptop,Battery,1.0,"Consensus among all agents, high support (3/3) with average confidence of 0.94.",Aluminum,0.883,Round 3 refinement with peer support: 2,280300,CANADA,THOUSAND METRIC TONS,3000.0,4.29,0.95,USGS Mineral Commodity Summaries 2024/2023 - authoritative U.S. government production data with global coverage
PC Laptop,Battery,1.0,"Consensus among all agents, high support (3/3) with average confidence of 0.94.",Lithium,0.95,Round 3 refinement with peer support: 2,280520,AUSTRALIA,METRIC TONS,86000.0,47.78,0.95,USGS Mineral Commodity Summaries 2024/2023 - authoritative U.S. government production data with global coverage
PC Laptop,Battery,1.0,"Consensus among all agents, high support (3/3) with average confidence of 0.94.",Lithium,0.95,Round 3 refinement with peer support: 2,280520,CHILE,METRIC TONS,44000.0,24.44,0.95,USGS Mineral Commodity Summaries 2024/2023 - authoritative U.S. government production data with global coverage
PC Laptop,Battery,1.0,"Consensus among all agents, high support (3/3) with average confidence of 0.94.",Lithium,0.95,Round 3 refinement with peer support: 2,280520,CHINA,METRIC TONS,33000.0,18.33,0.95,USGS Mineral Commodity Summaries 2024/2023 - authoritative U.S. government production data with global coverage
PC Laptop,Battery,1.0,"Consensus among all agents, high support (3/3) with average confidence of 0.94.",Lithium,0.95,Round 3 refinement with peer support: 2,280520,ARGENTINA,METRIC TONS,9600.0,5.33,0.95,USGS Mineral Commodity Summaries 2024/2023 - authoritative U.S. government production data with global coverage
PC Laptop,Battery,1.0,"Consensus among all agents, high support (3/3) with average confidence of 0.94.",Lithium,0.95,Round 3 refinement with peer support: 2,280520,BRAZIL,METRIC TONS,4900.0,2.72,0.95,USGS Mineral Commodity Summaries 2024/2023 - authoritative U.S. government production data with global coverage
PC Laptop,Battery,1.0,"Consensus among all agents, high support (3/3) with average confidence of 0.94.",Graphite,0.85,Round 3 refinement with peer support: 1,380110,CHINA,METRIC TONS,1230000.0,76.88,0.95,USGS Mineral Commodity Summaries 2024/2023 - authoritative U.S. government production data with global coverage
PC Laptop,Battery,1.0,"Consensus among all agents, high support (3/3) with average confidence of 0.94.",Graphite,0.85,Round 3 refinement with peer support: 1,380110,MADAGASCAR,METRIC TONS,100000.0,6.25,0.95,USGS Mineral Commodity Summaries 2024/2023 - authoritative U.S. government production data with global coverage
PC Laptop,Battery,1.0,"Consensus among all agents, high support (3/3) with average confidence of 0.94.",Graphite,0.85,Round 3 refinement with peer support: 1,380110,MOZAMBIQUE,METRIC TONS,96000.0,6.0,0.95,USGS Mineral Commodity Summaries 2024/2023 - authoritative U.S. government production data with global coverage
PC Laptop,Battery,1.0,"Consensus among all agents, high support (3/3) with average confidence of 0.94.",Graphite,0.85,Round 3 refinement with peer support: 1,380110,BRAZIL,METRIC TONS,73000.0,4.56,0.95,USGS Mineral Commodity Summaries 2024/2023 - authoritative U.S. government production data with global coverage
PC Laptop,Battery,1.0,"Consensus among all agents, high support (3/3) with average confidence of 0.94.",Graphite,0.85,Round 3 refinement with peer support: 1,380110,"KOREA, REPUBLIC OF",METRIC TONS,27000.0,1.69,0.95,USGS Mineral Commodity Summaries 2024/2023 - authoritative U.S. government production data with global coverage
PC Laptop,Memory,1.0,"High confidence due to its critical role in performance and uniform support from peers. All three agents concurred with this, indicating its importance.",Gold,0.7,Round 3 refinement with peer support: 0,710812,OTHER,METRIC TONS,700.0,23.33,0.95,USGS Mineral Commodity Summaries 2024/2023 - authoritative U.S. government production data with global coverage
PC Laptop,Memory,1.0,"High confidence due to its critical role in performance and uniform support from peers. All three agents concurred with this, indicating its importance.",Gold,0.7,Round 3 refinement with peer support: 0,710812,CHINA,METRIC TONS,370.0,12.33,0.95,USGS Mineral Commodity Summaries 2024/2023 - authoritative U.S. government production data with global coverage
PC Laptop,Memory,1.0,"High confidence due to its critical role in performance and uniform support from peers. All three agents concurred with this, indicating its importance.",Gold,0.7,Round 3 refinement with peer support: 0,710812,AUSTRALIA,METRIC TONS,310.0,10.33,0.95,USGS Mineral Commodity Summaries 2024/2023 - authoritative U.S. government production data with global coverage
PC Laptop,Memory,1.0,"High confidence due to its critical role in performance and uniform support from peers. All three agents concurred with this, indicating its importance.",Gold,0.7,Round 3 refinement with peer support: 0,710812,RUSSIA,METRIC TONS,310.0,10.33,0.95,USGS Mineral Commodity Summaries 2024/2023 - authoritative U.S. government production data with global coverage
PC Laptop,Memory,1.0,"High confidence due to its critical role in performance and uniform support from peers. All three agents concurred with this, indicating its importance.",Gold,0.7,Round 3 refinement with peer support: 0,710812,CANADA,METRIC TONS,200.0,6.67,0.95,USGS Mineral Commodity Summaries 2024/2023 - authoritative U.S. government production data with global coverage
PC Laptop,Memory,1.0,"High confidence due to its critical role in performance and uniform support from peers. All three agents concurred with this, indicating its importance.",Silicon,0.85,Round 3 refinement with peer support: 1,280469,CHINA,THOUSAND METRIC TONS,3600.0,40.0,0.95,USGS Mineral Commodity Summaries 2024/2023 - authoritative U.S. government production data with global coverage
PC Laptop,Memory,1.0,"High confidence due to its critical role in performance and uniform support from peers. All three agents concurred with this, indicating its importance.",Silicon,0.85,Round 3 refinement with peer support: 1,280469,RUSSIA,THOUSAND METRIC TONS,570.0,6.33,0.95,USGS Mineral Commodity Summaries 2024/2023 - authoritative U.S. government production data with global coverage
PC Laptop,Memory,1.0,"High confidence due to its critical role in performance and uniform support from peers. All three agents concurred with this, indicating its importance.",Silicon,0.85,Round 3 refinement with peer support: 1,280469,BRAZIL,THOUSAND METRIC TONS,190.0,2.11,0.95,USGS Mineral Commodity Summaries 2024/2023 - authoritative U.S. government production data with global coverage
PC Laptop,Memory,1.0,"High confidence due to its critical role in performance and uniform support from peers. All three agents concurred with this, indicating its importance.",Silicon,0.85,Round 3 refinement with peer support: 1,280469,NORWAY,THOUSAND METRIC TONS,200.0,2.22,0.95,USGS Mineral Commodity Summaries 2024/2023 - authoritative U.S. government production data with global coverage
PC Laptop,Memory,1.0,"High confidence due to its critical role in performance and uniform support from peers. All three agents concurred with this, indicating its importance.",Silicon,0.85,Round 3 refinement with peer support: 1,280469,OTHER,THOUSAND METRIC TONS,100.0,1.11,0.95,USGS Mineral Commodity Summaries 2024/2023 - authoritative U.S. government production data with global coverage
PC Laptop,Memory,1.0,"High confidence due to its critical role in performance and uniform support from peers. All three agents concurred with this, indicating its importance.",Platinum,0.7,Round 3 refinement with peer support: 0,711011,South Africa,ounces,159636.33333333334,68.57,0.85,Based on world platinum production data from the World Platinum Investment Council; reliable and up-to-date.
PC Laptop,Memory,1.0,"High confidence due to its critical role in performance and uniform support from peers. All three agents concurred with this, indicating its importance.",Platinum,0.7,Round 3 refinement with peer support: 0,711011,Russia,oz,33934.0,15.35,0.85,REPOS (Russian Precious Metals Industry Holding) reports; generally reliable but data might have some reporting issues.
PC Laptop,Memory,1.0,"High confidence due to its critical role in performance and uniform support from peers. All three agents concurred with this, indicating its importance.",Platinum,0.7,Round 3 refinement with peer support: 0,711011,Canada,oz,18010.0,8.65,0.825,"Placer Dome Inc., a major Canadian producer; data based on annual reports and reliable,"
PC Laptop,Memory,1.0,"High confidence due to its critical role in performance and uniform support from peers. All three agents concurred with this, indicating its importance.",Platinum,0.7,Round 3 refinement with peer support: 0,711011,United States,oz,8066.0,2.9,0.775,Multi-agent debate consensus
PC Laptop,Memory,1.0,"High confidence due to its critical role in performance and uniform support from peers. All three agents concurred with this, indicating its importance.",Platinum,0.7,Round 3 refinement with peer support: 0,711011,俄罗斯,ounces,25910.0,8.6,0.8,Multi-agent debate consensus
PC Laptop,Memory,1.0,"High confidence due to its critical role in performance and uniform support from peers. All three agents concurred with this, indicating its importance.",Silver,0.7,Round 3 refinement with peer support: 0,710610,MEXICO,METRIC TONS,6400.0,24.62,0.95,USGS Mineral Commodity Summaries 2024/2023 - authoritative U.S. government production data with global coverage
PC Laptop,Memory,1.0,"High confidence due to its critical role in performance and uniform support from peers. All three agents concurred with this, indicating its importance.",Silver,0.7,Round 3 refinement with peer support: 0,710610,CHINA,METRIC TONS,3400.0,13.08,0.95,USGS Mineral Commodity Summaries 2024/2023 - authoritative U.S. government production data with global coverage
PC Laptop,Memory,1.0,"High confidence due to its critical role in performance and uniform support from peers. All three agents concurred with this, indicating its importance.",Silver,0.7,Round 3 refinement with peer support: 0,710610,PERU,METRIC TONS,3100.0,11.92,0.95,USGS Mineral Commodity Summaries 2024/2023 - authoritative U.S. government production data with global coverage
PC Laptop,Memory,1.0,"High confidence due to its critical role in performance and uniform support from peers. All three agents concurred with this, indicating its importance.",Silver,0.7,Round 3 refinement with peer support: 0,710610,OTHER,METRIC TONS,3000.0,11.54,0.95,USGS Mineral Commodity Summaries 2024/2023 - authoritative U.S. government production data with global coverage
PC Laptop,Memory,1.0,"High confidence due to its critical role in performance and uniform support from peers. All three agents concurred with this, indicating its importance.",Silver,0.7,Round 3 refinement with peer support: 0,710610,CHILE,METRIC TONS,1400.0,5.38,0.95,USGS Mineral Commodity Summaries 2024/2023 - authoritative U.S. government production data with global coverage
PC Laptop,Memory,1.0,"High confidence due to its critical role in performance and uniform support from peers. All three agents concurred with this, indicating its importance.",Aluminum,0.7,Round 3 refinement with peer support: 0,280300,CHINA,THOUSAND METRIC TONS,41000.0,58.57,0.95,USGS Mineral Commodity Summaries 2024/2023 - authoritative U.S. government production data with global coverage
PC Laptop,Memory,1.0,"High confidence due to its critical role in performance and uniform support from peers. All three agents concurred with this, indicating its importance.",Aluminum,0.7,Round 3 refinement with peer support: 0,280300,OTHER,THOUSAND METRIC TONS,7000.0,10.0,0.95,USGS Mineral Commodity Summaries 2024/2023 - authoritative U.S. government production data with global coverage
PC Laptop,Memory,1.0,"High confidence due to its critical role in performance and uniform support from peers. All three agents concurred with this, indicating its importance.",Aluminum,0.7,Round 3 refinement with peer support: 0,280300,INDIA,THOUSAND METRIC TONS,4100.0,5.86,0.95,USGS Mineral Commodity Summaries 2024/2023 - authoritative U.S. government production data with global coverage
PC Laptop,Memory,1.0,"High confidence due to its critical role in performance and uniform support from peers. All three agents concurred with this, indicating its importance.",Aluminum,0.7,Round 3 refinement with peer support: 0,280300,RUSSIA,THOUSAND METRIC TONS,3800.0,5.43,0.95,USGS Mineral Commodity Summaries 2024/2023 - authoritative U.S. government production data with global coverage
PC Laptop,Memory,1.0,"High confidence due to its critical role in performance and uniform support from peers. All three agents concurred with this, indicating its importance.",Aluminum,0.7,Round 3 refinement with peer support: 0,280300,CANADA,THOUSAND METRIC TONS,3000.0,4.29,0.95,USGS Mineral Commodity Summaries 2024/2023 - authoritative U.S. government production data with global coverage
PC Laptop,Memory,1.0,"High confidence due to its critical role in performance and uniform support from peers. All three agents concurred with this, indicating its importance.",Tantalum,0.7,Round 3 refinement with peer support: 0,810320,CONGO,METRIC TONS,980.0,40.83,0.95,USGS Mineral Commodity Summaries 2024/2023 - authoritative U.S. government production data with global coverage
PC Laptop,Memory,1.0,"High confidence due to its critical role in performance and uniform support from peers. All three agents concurred with this, indicating its importance.",Tantalum,0.7,Round 3 refinement with peer support: 0,810320,RWANDA,METRIC TONS,520.0,21.67,0.95,USGS Mineral Commodity Summaries 2024/2023 - authoritative U.S. government production data with global coverage
PC Laptop,Memory,1.0,"High confidence due to its critical role in performance and uniform support from peers. All three agents concurred with this, indicating its importance.",Tantalum,0.7,Round 3 refinement with peer support: 0,810320,BRAZIL,METRIC TONS,360.0,15.0,0.95,USGS Mineral Commodity Summaries 2024/2023 - authoritative U.S. government production data with global coverage
PC Laptop,Memory,1.0,"High confidence due to its critical role in performance and uniform support from peers. All three agents concurred with this, indicating its importance.",Tantalum,0.7,Round 3 refinement with peer support: 0,810320,OTHER,METRIC TONS,260.0,10.83,0.95,USGS Mineral Commodity Summaries 2024/2023 - authoritative U.S. government production data with global coverage
PC Laptop,Memory,1.0,"High confidence due to its critical role in performance and uniform support from peers. All three agents concurred with this, indicating its importance.",Tantalum,0.7,Round 3 refinement with peer support: 0,810320,NIGERIA,METRIC TONS,110.0,4.58,0.95,USGS Mineral Commodity Summaries 2024/2023 - authoritative U.S. government production data with global coverage
PC Laptop,Central Processing Unit,0.98,Consistent high confidence across multiple agents (3/3). The CPU is essential for processing tasks efficiently and universally critical in laptop design.,Silicon,0.883,Round 3 refinement with peer support: 2,280469,CHINA,THOUSAND METRIC TONS,3600.0,40.0,0.95,USGS Mineral Commodity Summaries 2024/2023 - authoritative U.S. government production data with global coverage
PC Laptop,Central Processing Unit,0.98,Consistent high confidence across multiple agents (3/3). The CPU is essential for processing tasks efficiently and universally critical in laptop design.,Silicon,0.883,Round 3 refinement with peer support: 2,280469,RUSSIA,THOUSAND METRIC TONS,570.0,6.33,0.95,USGS Mineral Commodity Summaries 2024/2023 - authoritative U.S. government production data with global coverage
PC Laptop,Central Processing Unit,0.98,Consistent high confidence across multiple agents (3/3). The CPU is essential for processing tasks efficiently and universally critical in laptop design.,Silicon,0.883,Round 3 refinement with peer support: 2,280469,BRAZIL,THOUSAND METRIC TONS,190.0,2.11,0.95,USGS Mineral Commodity Summaries 2024/2023 - authoritative U.S. government production data with global coverage
PC Laptop,Central Processing Unit,0.98,Consistent high confidence across multiple agents (3/3). The CPU is essential for processing tasks efficiently and universally critical in laptop design.,Silicon,0.883,Round 3 refinement with peer support: 2,280469,NORWAY,THOUSAND METRIC TONS,200.0,2.22,0.95,USGS Mineral Commodity Summaries 2024/2023 - authoritative U.S. government production data with global coverage
PC Laptop,Central Processing Unit,0.98,Consistent high confidence across multiple agents (3/3). The CPU is essential for processing tasks efficiently and universally critical in laptop design.,Silicon,0.883,Round 3 refinement with peer support: 2,280469,OTHER,THOUSAND METRIC TONS,100.0,1.11,0.95,USGS Mineral Commodity Summaries 2024/2023 - authoritative U.S. government production data with global coverage
PC Laptop,Central Processing Unit,0.98,Consistent high confidence across multiple agents (3/3). The CPU is essential for processing tasks efficiently and universally critical in laptop design.,Germanium,0.7,Round 3 refinement with peer support: 0,825600,China,kg,1004.3333333333334,44.33,0.833,Multi-agent debate consensus
PC Laptop,Central Processing Unit,0.98,Consistent high confidence across multiple agents (3/3). The CPU is essential for processing tasks efficiently and universally critical in laptop design.,Germanium,0.7,Round 3 refinement with peer support: 0,825600,Japan,kg,236.0,16.17,0.75,Second largest producer with consistent output; industry reports confirm.
PC Laptop,Central Processing Unit,0.98,Consistent high confidence across multiple agents (3/3). The CPU is essential for processing tasks efficiently and universally critical in laptop design.,Germanium,0.7,Round 3 refinement with peer support: 0,825600,Germany,kg,82.66666666666667,4.67,0.833,Primary production with significant refining capacity; comprehensive industry statistics.
PC Laptop,Central Processing Unit,0.98,Consistent high confidence across multiple agents (3/3). The CPU is essential for processing tasks efficiently and universally critical in laptop design.,Germanium,0.7,Round 3 refinement with peer support: 0,825600,South Korea,kg,90.0,7.8,0.725,Fifth major producer with moderate growth potential.
PC Laptop,Central Processing Unit,0.98,Consistent high confidence across multiple agents (3/3). The CPU is essential for processing tasks efficiently and universally critical in laptop design.,Germanium,0.7,Round 3 refinement with peer support: 0,825600,USA,kg,50.0,5.45,0.75,Third major producer with steady output; USGS data for 2023 is the most recent and reliable.
PC Laptop,Central Processing Unit,0.98,Consistent high confidence across multiple agents (3/3). The CPU is essential for processing tasks efficiently and universally critical in laptop design.,Tungsten,0.7,Round 3 refinement with peer support: 0,810194,CHINA,METRIC TONS,63000.0,80.77,0.95,USGS Mineral Commodity Summaries 2024/2023 - authoritative U.S. government production data with global coverage
PC Laptop,Central Processing Unit,0.98,Consistent high confidence across multiple agents (3/3). The CPU is essential for processing tasks efficiently and universally critical in laptop design.,Tungsten,0.7,Round 3 refinement with peer support: 0,810194,VIETNAM,METRIC TONS,3500.0,4.49,0.95,USGS Mineral Commodity Summaries 2024/2023 - authoritative U.S. government production data with global coverage
PC Laptop,Central Processing Unit,0.98,Consistent high confidence across multiple agents (3/3). The CPU is essential for processing tasks efficiently and universally critical in laptop design.,Tungsten,0.7,Round 3 refinement with peer support: 0,810194,RUSSIA,METRIC TONS,2000.0,2.56,0.95,USGS Mineral Commodity Summaries 2024/2023 - authoritative U.S. government production data with global coverage
PC Laptop,Central Processing Unit,0.98,Consistent high confidence across multiple agents (3/3). The CPU is essential for processing tasks efficiently and universally critical in laptop design.,Tungsten,0.7,Round 3 refinement with peer support: 0,810194,"KOREA, NORTH",METRIC TONS,1700.0,2.18,0.95,USGS Mineral Commodity Summaries 2024/2023 - authoritative U.S. government production data with global coverage
PC Laptop,Central Processing Unit,0.98,Consistent high confidence across multiple agents (3/3). The CPU is essential for processing tasks efficiently and universally critical in laptop design.,Tungsten,0.7,Round 3 refinement with peer support: 0,810194,SPAIN,METRIC TONS,1500.0,1.92,0.95,USGS Mineral Commodity Summaries 2024/2023 - authoritative U.S. government production data with global coverage
PC Laptop,Central Processing Unit,0.98,Consistent high confidence across multiple agents (3/3). The CPU is essential for processing tasks efficiently and universally critical in laptop design.,Palladium,0.7,Round 3 refinement with peer support: 0,711021,Russia,ounces,736771.66,37.93,0.833,Multi-agent debate consensus
PC Laptop,Central Processing Unit,0.98,Consistent high confidence across multiple agents (3/3). The CPU is essential for processing tasks efficiently and universally critical in laptop design.,Palladium,0.7,Round 3 refinement with peer support: 0,711021,South Africa,ounces,594686.2666666666,38.27,0.84,Multi-agent debate consensus
PC Laptop,Central Processing Unit,0.98,Consistent high confidence across multiple agents (3/3). The CPU is essential for processing tasks efficiently and universally critical in laptop design.,Palladium,0.7,Round 3 refinement with peer support: 0,711021,United States,ounces,342212.76533333334,14.5,0.817,Multi-agent debate consensus
PC Laptop,Central Processing Unit,0.98,Consistent high confidence across multiple agents (3/3). The CPU is essential for processing tasks efficiently and universally critical in laptop design.,Palladium,0.7,Round 3 refinement with peer support: 0,711021,Canada,ounces,19303.392333333333,3.53,0.8,Multi-agent debate consensus
PC Laptop,Central Processing Unit,0.98,Consistent high confidence across multiple agents (3/3). The CPU is essential for processing tasks efficiently and universally critical in laptop design.,Palladium,0.7,Round 3 refinement with peer support: 0,711021,China,ounces,37296.937,0.85,0.675,Multi-agent debate consensus
PC Laptop,Graphics Processing Unit,1.0,"Strong consensus from all 3 agents, average confidence of 0.96. While GPUs are not always essential in basic laptops, they're critical when it comes to high-performance tasks such as gaming and video editing.",Copper,0.85,Round 3 refinement with peer support: 1,740100,CHINA,THOUSAND METRIC TONS,1700.0,3.47,0.95,USGS Mineral Commodity Summaries 2024/2023 - authoritative U.S. government production data with global coverage
PC Laptop,Graphics Processing Unit,1.0,"Strong consensus from all 3 agents, average confidence of 0.96. While GPUs are not always essential in basic laptops, they're critical when it comes to high-performance tasks such as gaming and video editing.",Copper,0.85,Round 3 refinement with peer support: 1,740100,CHILE,THOUSAND METRIC TONS,5000.0,10.2,0.95,USGS Mineral Commodity Summaries 2024/2023 - authoritative U.S. government production data with global coverage
PC Laptop,Graphics Processing Unit,1.0,"Strong consensus from all 3 agents, average confidence of 0.96. While GPUs are not always essential in basic laptops, they're critical when it comes to high-performance tasks such as gaming and video editing.",Copper,0.85,Round 3 refinement with peer support: 1,740100,OTHER,THOUSAND METRIC TONS,3100.0,6.33,0.95,USGS Mineral Commodity Summaries 2024/2023 - authoritative U.S. government production data with global coverage
PC Laptop,Graphics Processing Unit,1.0,"Strong consensus from all 3 agents, average confidence of 0.96. While GPUs are not always essential in basic laptops, they're critical when it comes to high-performance tasks such as gaming and video editing.",Copper,0.85,Round 3 refinement with peer support: 1,740100,CONGO,THOUSAND METRIC TONS,2500.0,5.1,0.95,USGS Mineral Commodity Summaries 2024/2023 - authoritative U.S. government production data with global coverage
PC Laptop,Graphics Processing Unit,1.0,"Strong consensus from all 3 agents, average confidence of 0.96. While GPUs are not always essential in basic laptops, they're critical when it comes to high-performance tasks such as gaming and video editing.",Copper,0.85,Round 3 refinement with peer support: 1,740100,PERU,THOUSAND METRIC TONS,2600.0,5.31,0.95,USGS Mineral Commodity Summaries 2024/2023 - authoritative U.S. government production data with global coverage
PC Laptop,Graphics Processing Unit,1.0,"Strong consensus from all 3 agents, average confidence of 0.96. While GPUs are not always essential in basic laptops, they're critical when it comes to high-performance tasks such as gaming and video editing.",Silicon,0.85,Round 3 refinement with peer support: 1,280469,CHINA,THOUSAND METRIC TONS,3600.0,40.0,0.95,USGS Mineral Commodity Summaries 2024/2023 - authoritative U.S. government production data with global coverage
PC Laptop,Graphics Processing Unit,1.0,"Strong consensus from all 3 agents, average confidence of 0.96. While GPUs are not always essential in basic laptops, they're critical when it comes to high-performance tasks such as gaming and video editing.",Silicon,0.85,Round 3 refinement with peer support: 1,280469,RUSSIA,THOUSAND METRIC TONS,570.0,6.33,0.95,USGS Mineral Commodity Summaries 2024/2023 - authoritative U.S. government production data with global coverage
PC Laptop,Graphics Processing Unit,1.0,"Strong consensus from all 3 agents, average confidence of 0.96. While GPUs are not always essential in basic laptops, they're critical when it comes to high-performance tasks such as gaming and video editing.",Silicon,0.85,Round 3 refinement with peer support: 1,280469,BRAZIL,THOUSAND METRIC TONS,190.0,2.11,0.95,USGS Mineral Commodity Summaries 2024/2023 - authoritative U.S. government production data with global coverage
PC Laptop,Graphics Processing Unit,1.0,"Strong consensus from all 3 agents, average confidence of 0.96. While GPUs are not always essential in basic laptops, they're critical when it comes to high-performance tasks such as gaming and video editing.",Silicon,0.85,Round 3 refinement with peer support: 1,280469,NORWAY,THOUSAND METRIC TONS,200.0,2.22,0.95,USGS Mineral Commodity Summaries 2024/2023 - authoritative U.S. government production data with global coverage
PC Laptop,Graphics Processing Unit,1.0,"Strong consensus from all 3 agents, average confidence of 0.96. While GPUs are not always essential in basic laptops, they're critical when it comes to high-performance tasks such as gaming and video editing.",Silicon,0.85,Round 3 refinement with peer support: 1,280469,OTHER,THOUSAND METRIC TONS,100.0,1.11,0.95,USGS Mineral Commodity Summaries 2024/2023 - authoritative U.S. government production data with global coverage
PC Laptop,Graphics Processing Unit,1.0,"Strong consensus from all 3 agents, average confidence of 0.96. While GPUs are not always essential in basic laptops, they're critical when it comes to high-performance tasks such as gaming and video editing.",Aluminum,0.7,Round 3 refinement with peer support: 0,280300,CHINA,THOUSAND METRIC TONS,41000.0,58.57,0.95,USGS Mineral Commodity Summaries 2024/2023 - authoritative U.S. government production data with global coverage
PC Laptop,Graphics Processing Unit,1.0,"Strong consensus from all 3 agents, average confidence of 0.96. While GPUs are not always essential in basic laptops, they're critical when it comes to high-performance tasks such as gaming and video editing.",Aluminum,0.7,Round 3 refinement with peer support: 0,280300,OTHER,THOUSAND METRIC TONS,7000.0,10.0,0.95,USGS Mineral Commodity Summaries 2024/2023 - authoritative U.S. government production data with global coverage
PC Laptop,Graphics Processing Unit,1.0,"Strong consensus from all 3 agents, average confidence of 0.96. While GPUs are not always essential in basic laptops, they're critical when it comes to high-performance tasks such as gaming and video editing.",Aluminum,0.7,Round 3 refinement with peer support: 0,280300,INDIA,THOUSAND METRIC TONS,4100.0,5.86,0.95,USGS Mineral Commodity Summaries 2024/2023 - authoritative U.S. government production data with global coverage
PC Laptop,Graphics Processing Unit,1.0,"Strong consensus from all 3 agents, average confidence of 0.96. While GPUs are not always essential in basic laptops, they're critical when it comes to high-performance tasks such as gaming and video editing.",Aluminum,0.7,Round 3 refinement with peer support: 0,280300,RUSSIA,THOUSAND METRIC TONS,3800.0,5.43,0.95,USGS Mineral Commodity Summaries 2024/2023 - authoritative U.S. government production data with global coverage
PC Laptop,Graphics Processing Unit,1.0,"Strong consensus from all 3 agents, average confidence of 0.96. While GPUs are not always essential in basic laptops, they're critical when it comes to high-performance tasks such as gaming and video editing.",Aluminum,0.7,Round 3 refinement with peer support: 0,280300,CANADA,THOUSAND METRIC TONS,3000.0,4.29,0.95,USGS Mineral Commodity Summaries 2024/2023 - authoritative U.S. government production data with global coverage
PC Laptop,Graphics Processing Unit,1.0,"Strong consensus from all 3 agents, average confidence of 0.96. While GPUs are not always essential in basic laptops, they're critical when it comes to high-performance tasks such as gaming and video editing.",Gallium arsenide,0.7,Round 3 refinement with peer support: 0,282890,Japan,metric tons,8666.666666666666,24.6,0.9,Multi-agent debate consensus
PC Laptop,Graphics Processing Unit,1.0,"Strong consensus from all 3 agents, average confidence of 0.96. While GPUs are not always essential in basic laptops, they're critical when it comes to high-performance tasks such as gaming and video editing.",Gallium arsenide,0.7,Round 3 refinement with peer support: 0,282890,China,metric tons,16905.0,24.33,0.85,Multi-agent debate consensus
PC Laptop,Graphics Processing Unit,1.0,"Strong consensus from all 3 agents, average confidence of 0.96. While GPUs are not always essential in basic laptops, they're critical when it comes to high-performance tasks such as gaming and video editing.",Gallium arsenide,0.7,Round 3 refinement with peer support: 0,282890,United States,metric tons,4416.666666666667,15.4,0.8,"Based on recent trends in the semiconductor industry, the US is a significant producer of gallium arsenide, primarily focused on research and development."
PC Laptop,Graphics Processing Unit,1.0,"Strong consensus from all 3 agents, average confidence of 0.96. While GPUs are not always essential in basic laptops, they're critical when it comes to high-performance tasks such as gaming and video editing.",Gallium arsenide,0.7,Round 3 refinement with peer support: 0,282890,South Korea,kg,7337.5,11.0,0.825,"As a tech-driven market, South Korea has a substantial demand for gallium arsenide."
PC Laptop,Graphics Processing Unit,1.0,"Strong consensus from all 3 agents, average confidence of 0.96. While GPUs are not always essential in basic laptops, they're critical when it comes to high-performance tasks such as gaming and video editing.",Gallium arsenide,0.7,Round 3 refinement with peer support: 0,282890,Germany,kg,3770.0,9.0,0.8,"As part of the European Union, Germany contributes to the overall production with its robust industrial sector."
PC Laptop,Graphics Processing Unit,1.0,"Strong consensus from all 3 agents, average confidence of 0.96. While GPUs are not always essential in basic laptops, they're critical when it comes to high-performance tasks such as gaming and video editing.",Silver,0.7,Round 3 refinement with peer support: 0,710610,MEXICO,METRIC TONS,6400.0,24.62,0.95,USGS Mineral Commodity Summaries 2024/2023 - authoritative U.S. government production data with global coverage
PC Laptop,Graphics Processing Unit,1.0,"Strong consensus from all 3 agents, average confidence of 0.96. While GPUs are not always essential in basic laptops, they're critical when it comes to high-performance tasks such as gaming and video editing.",Silver,0.7,Round 3 refinement with peer support: 0,710610,CHINA,METRIC TONS,3400.0,13.08,0.95,USGS Mineral Commodity Summaries 2024/2023 - authoritative U.S. government production data with global coverage
PC Laptop,Graphics Processing Unit,1.0,"Strong consensus from all 3 agents, average confidence of 0.96. While GPUs are not always essential in basic laptops, they're critical when it comes to high-performance tasks such as gaming and video editing.",Silver,0.7,Round 3 refinement with peer support: 0,710610,PERU,METRIC TONS,3100.0,11.92,0.95,USGS Mineral Commodity Summaries 2024/2023 - authoritative U.S. government production data with global coverage
PC Laptop,Graphics Processing Unit,1.0,"Strong consensus from all 3 agents, average confidence of 0.96. While GPUs are not always essential in basic laptops, they're critical when it comes to high-performance tasks such as gaming and video editing.",Silver,0.7,Round 3 refinement with peer support: 0,710610,OTHER,METRIC TONS,3000.0,11.54,0.95,USGS Mineral Commodity Summaries 2024/2023 - authoritative U.S. government production data with global coverage
PC Laptop,Graphics Processing Unit,1.0,"Strong consensus from all 3 agents, average confidence of 0.96. While GPUs are not always essential in basic laptops, they're critical when it comes to high-performance tasks such as gaming and video editing.",Silver,0.7,Round 3 refinement with peer support: 0,710610,CHILE,METRIC TONS,1400.0,5.38,0.95,USGS Mineral Commodity Summaries 2024/2023 - authoritative U.S. government production data with global coverage
PC Laptop,Graphics Processing Unit,1.0,"Strong consensus from all 3 agents, average confidence of 0.96. While GPUs are not always essential in basic laptops, they're critical when it comes to high-performance tasks such as gaming and video editing.",Gold,0.7,Round 3 refinement with peer support: 0,710812,OTHER,METRIC TONS,700.0,23.33,0.95,USGS Mineral Commodity Summaries 2024/2023 - authoritative U.S. government production data with global coverage
PC Laptop,Graphics Processing Unit,1.0,"Strong consensus from all 3 agents, average confidence of 0.96. While GPUs are not always essential in basic laptops, they're critical when it comes to high-performance tasks such as gaming and video editing.",Gold,0.7,Round 3 refinement with peer support: 0,710812,CHINA,METRIC TONS,370.0,12.33,0.95,USGS Mineral Commodity Summaries 2024/2023 - authoritative U.S. government production data with global coverage
PC Laptop,Graphics Processing Unit,1.0,"Strong consensus from all 3 agents, average confidence of 0.96. While GPUs are not always essential in basic laptops, they're critical when it comes to high-performance tasks such as gaming and video editing.",Gold,0.7,Round 3 refinement with peer support: 0,710812,AUSTRALIA,METRIC TONS,310.0,10.33,0.95,USGS Mineral Commodity Summaries 2024/2023 - authoritative U.S. government production data with global coverage
PC Laptop,Graphics Processing Unit,1.0,"Strong consensus from all 3 agents, average confidence of 0.96. While GPUs are not always essential in basic laptops, they're critical when it comes to high-performance tasks such as gaming and video editing.",Gold,0.7,Round 3 refinement with peer support: 0,710812,RUSSIA,METRIC TONS,310.0,10.33,0.95,USGS Mineral Commodity Summaries 2024/2023 - authoritative U.S. government production data with global coverage
PC Laptop,Graphics Processing Unit,1.0,"Strong consensus from all 3 agents, average confidence of 0.96. While GPUs are not always essential in basic laptops, they're critical when it comes to high-performance tasks such as gaming and video editing.",Gold,0.7,Round 3 refinement with peer support: 0,710812,CANADA,METRIC TONS,200.0,6.67,0.95,USGS Mineral Commodity Summaries 2024/2023 - authoritative U.S. government production data with global coverage
PC Laptop,Solid State Drive,0.92,"Strong support from multiple agents indicates its importance for modern laptops, especially in terms of speed and performance.",Silicon,0.8,Round 3 refinement with peer support: 1,280469,CHINA,THOUSAND METRIC TONS,3600.0,40.0,0.95,USGS Mineral Commodity Summaries 2024/2023 - authoritative U.S. government production data with global coverage
PC Laptop,Solid State Drive,0.92,"Strong support from multiple agents indicates its importance for modern laptops, especially in terms of speed and performance.",Silicon,0.8,Round 3 refinement with peer support: 1,280469,RUSSIA,THOUSAND METRIC TONS,570.0,6.33,0.95,USGS Mineral Commodity Summaries 2024/2023 - authoritative U.S. government production data with global coverage
PC Laptop,Solid State Drive,0.92,"Strong support from multiple agents indicates its importance for modern laptops, especially in terms of speed and performance.",Silicon,0.8,Round 3 refinement with peer support: 1,280469,BRAZIL,THOUSAND METRIC TONS,190.0,2.11,0.95,USGS Mineral Commodity Summaries 2024/2023 - authoritative U.S. government production data with global coverage
PC Laptop,Solid State Drive,0.92,"Strong support from multiple agents indicates its importance for modern laptops, especially in terms of speed and performance.",Silicon,0.8,Round 3 refinement with peer support: 1,280469,NORWAY,THOUSAND METRIC TONS,200.0,2.22,0.95,USGS Mineral Commodity Summaries 2024/2023 - authoritative U.S. government production data with global coverage
PC Laptop,Solid State Drive,0.92,"Strong support from multiple agents indicates its importance for modern laptops, especially in terms of speed and performance.",Silicon,0.8,Round 3 refinement with peer support: 1,280469,OTHER,THOUSAND METRIC TONS,100.0,1.11,0.95,USGS Mineral Commodity Summaries 2024/2023 - authoritative U.S. government production data with global coverage
PC Laptop,Solid State Drive,0.92,"Strong support from multiple agents indicates its importance for modern laptops, especially in terms of speed and performance.",Gold,0.7,Round 3 refinement with peer support: 0,710812,OTHER,METRIC TONS,700.0,23.33,0.95,USGS Mineral Commodity Summaries 2024/2023 - authoritative U.S. government production data with global coverage
PC Laptop,Solid State Drive,0.92,"Strong support from multiple agents indicates its importance for modern laptops, especially in terms of speed and performance.",Gold,0.7,Round 3 refinement with peer support: 0,710812,CHINA,METRIC TONS,370.0,12.33,0.95,USGS Mineral Commodity Summaries 2024/2023 - authoritative U.S. government production data with global coverage
PC Laptop,Solid State Drive,0.92,"Strong support from multiple agents indicates its importance for modern laptops, especially in terms of speed and performance.",Gold,0.7,Round 3 refinement with peer support: 0,710812,AUSTRALIA,METRIC TONS,310.0,10.33,0.95,USGS Mineral Commodity Summaries 2024/2023 - authoritative U.S. government production data with global coverage
PC Laptop,Solid State Drive,0.92,"Strong support from multiple agents indicates its importance for modern laptops, especially in terms of speed and performance.",Gold,0.7,Round 3 refinement with peer support: 0,710812,RUSSIA,METRIC TONS,310.0,10.33,0.95,USGS Mineral Commodity Summaries 2024/2023 - authoritative U.S. government production data with global coverage
PC Laptop,Solid State Drive,0.92,"Strong support from multiple agents indicates its importance for modern laptops, especially in terms of speed and performance.",Gold,0.7,Round 3 refinement with peer support: 0,710812,CANADA,METRIC TONS,200.0,6.67,0.95,USGS Mineral Commodity Summaries 2024/2023 - authoritative U.S. government production data with global coverage
PC Laptop,Solid State Drive,0.92,"Strong support from multiple agents indicates its importance for modern laptops, especially in terms of speed and performance.",Copper,0.7,Round 3 refinement with peer support: 0,740100,CHINA,THOUSAND METRIC TONS,1700.0,3.47,0.95,USGS Mineral Commodity Summaries 2024/2023 - authoritative U.S. government production data with global coverage
PC Laptop,Solid State Drive,0.92,"Strong support from multiple agents indicates its importance for modern laptops, especially in terms of speed and performance.",Copper,0.7,Round 3 refinement with peer support: 0,740100,CHILE,THOUSAND METRIC TONS,5000.0,10.2,0.95,USGS Mineral Commodity Summaries 2024/2023 - authoritative U.S. government production data with global coverage
PC Laptop,Solid State Drive,0.92,"Strong support from multiple agents indicates its importance for modern laptops, especially in terms of speed and performance.",Copper,0.7,Round 3 refinement with peer support: 0,740100,OTHER,THOUSAND METRIC TONS,3100.0,6.33,0.95,USGS Mineral Commodity Summaries 2024/2023 - authoritative U.S. government production data with global coverage
PC Laptop,Solid State Drive,0.92,"Strong support from multiple agents indicates its importance for modern laptops, especially in terms of speed and performance.",Copper,0.7,Round 3 refinement with peer support: 0,740100,CONGO,THOUSAND METRIC TONS,2500.0,5.1,0.95,USGS Mineral Commodity Summaries 2024/2023 - authoritative U.S. government production data with global coverage
PC Laptop,Solid State Drive,0.92,"Strong support from multiple agents indicates its importance for modern laptops, especially in terms of speed and performance.",Copper,0.7,Round 3 refinement with peer support: 0,740100,PERU,THOUSAND METRIC TONS,2600.0,5.31,0.95,USGS Mineral Commodity Summaries 2024/2023 - authoritative U.S. government production data with global coverage
PC Laptop,Main Circuit Board,0.85,"While only one agent supports this with an average confidence of 0.85, the motherboard is integral for connecting other components. However, given its importance, we err on the side of inclusion despite lower support.",Copper,0.85,Round 3 refinement with peer support: 1,740100,CHINA,THOUSAND METRIC TONS,1700.0,3.47,0.95,USGS Mineral Commodity Summaries 2024/2023 - authoritative U.S. government production data with global coverage
PC Laptop,Main Circuit Board,0.85,"While only one agent supports this with an average confidence of 0.85, the motherboard is integral for connecting other components. However, given its importance, we err on the side of inclusion despite lower support.",Copper,0.85,Round 3 refinement with peer support: 1,740100,CHILE,THOUSAND METRIC TONS,5000.0,10.2,0.95,USGS Mineral Commodity Summaries 2024/2023 - authoritative U.S. government production data with global coverage
PC Laptop,Main Circuit Board,0.85,"While only one agent supports this with an average confidence of 0.85, the motherboard is integral for connecting other components. However, given its importance, we err on the side of inclusion despite lower support.",Copper,0.85,Round 3 refinement with peer support: 1,740100,OTHER,THOUSAND METRIC TONS,3100.0,6.33,0.95,USGS Mineral Commodity Summaries 2024/2023 - authoritative U.S. government production data with global coverage
PC Laptop,Main Circuit Board,0.85,"While only one agent supports this with an average confidence of 0.85, the motherboard is integral for connecting other components. However, given its importance, we err on the side of inclusion despite lower support.",Copper,0.85,Round 3 refinement with peer support: 1,740100,CONGO,THOUSAND METRIC TONS,2500.0,5.1,0.95,USGS Mineral Commodity Summaries 2024/2023 - authoritative U.S. government production data with global coverage
PC Laptop,Main Circuit Board,0.85,"While only one agent supports this with an average confidence of 0.85, the motherboard is integral for connecting other components. However, given its importance, we err on the side of inclusion despite lower support.",Copper,0.85,Round 3 refinement with peer support: 1,740100,PERU,THOUSAND METRIC TONS,2600.0,5.31,0.95,USGS Mineral Commodity Summaries 2024/2023 - authoritative U.S. government production data with global coverage
Electric Vehicle Battery,Cathode Material,1.0,"Strong consensus support from multiple agents (Agent1, Agent2, Agent3) with average confidence of 0.96. This is a fundamental and critical component for EV batteries.",Nickel,0.95,Round 3 refinement with peer support: 2,750110,INDONESIA,METRIC TONS,1800000.0,50.0,0.95,USGS Mineral Commodity Summaries 2024/2023 - authoritative U.S. government production data with global coverage
Electric Vehicle Battery,Cathode Material,1.0,"Strong consensus support from multiple agents (Agent1, Agent2, Agent3) with average confidence of 0.96. This is a fundamental and critical component for EV batteries.",Nickel,0.95,Round 3 refinement with peer support: 2,750110,PHILIPPINES,METRIC TONS,400000.0,11.11,0.95,USGS Mineral Commodity Summaries 2024/2023 - authoritative U.S. government production data with global coverage
Electric Vehicle Battery,Cathode Material,1.0,"Strong consensus support from multiple agents (Agent1, Agent2, Agent3) with average confidence of 0.96. This is a fundamental and critical component for EV batteries.",Nickel,0.95,Round 3 refinement with peer support: 2,750110,OTHER,METRIC TONS,380000.0,10.56,0.95,USGS Mineral Commodity Summaries 2024/2023 - authoritative U.S. government production data with global coverage
Electric Vehicle Battery,Cathode Material,1.0,"Strong consensus support from multiple agents (Agent1, Agent2, Agent3) with average confidence of 0.96. This is a fundamental and critical component for EV batteries.",Nickel,0.95,Round 3 refinement with peer support: 2,750110,NEW CALEDONIA,METRIC TONS,230000.0,6.39,0.95,USGS Mineral Commodity Summaries 2024/2023 - authoritative U.S. government production data with global coverage
Electric Vehicle Battery,Cathode Material,1.0,"Strong consensus support from multiple agents (Agent1, Agent2, Agent3) with average confidence of 0.96. This is a fundamental and critical component for EV batteries.",Nickel,0.95,Round 3 refinement with peer support: 2,750110,RUSSIA,METRIC TONS,200000.0,5.56,0.95,USGS Mineral Commodity Summaries 2024/2023 - authoritative U.S. government production data with global coverage
Electric Vehicle Battery,Cathode Material,1.0,"Strong consensus support from multiple agents (Agent1, Agent2, Agent3) with average confidence of 0.96. This is a fundamental and critical component for EV batteries.",Manganese,0.95,Round 3 refinement with peer support: 2,280300,SOUTH AFRICA,THOUSAND METRIC TONS,7200.0,36.0,0.95,USGS Mineral Commodity Summaries 2024/2023 - authoritative U.S. government production data with global coverage
Electric Vehicle Battery,Cathode Material,1.0,"Strong consensus support from multiple agents (Agent1, Agent2, Agent3) with average confidence of 0.96. This is a fundamental and critical component for EV batteries.",Manganese,0.95,Round 3 refinement with peer support: 2,280300,GABON,THOUSAND METRIC TONS,4600.0,23.0,0.95,USGS Mineral Commodity Summaries 2024/2023 - authoritative U.S. government production data with global coverage
Electric Vehicle Battery,Cathode Material,1.0,"Strong consensus support from multiple agents (Agent1, Agent2, Agent3) with average confidence of 0.96. This is a fundamental and critical component for EV batteries.",Manganese,0.95,Round 3 refinement with peer support: 2,280300,AUSTRALIA,THOUSAND METRIC TONS,3000.0,15.0,0.95,USGS Mineral Commodity Summaries 2024/2023 - authoritative U.S. government production data with global coverage
Electric Vehicle Battery,Cathode Material,1.0,"Strong consensus support from multiple agents (Agent1, Agent2, Agent3) with average confidence of 0.96. This is a fundamental and critical component for EV batteries.",Manganese,0.95,Round 3 refinement with peer support: 2,280300,GHANA,THOUSAND METRIC TONS,840.0,4.2,0.95,USGS Mineral Commodity Summaries 2024/2023 - authoritative U.S. government production data with global coverage
Electric Vehicle Battery,Cathode Material,1.0,"Strong consensus support from multiple agents (Agent1, Agent2, Agent3) with average confidence of 0.96. This is a fundamental and critical component for EV batteries.",Manganese,0.95,Round 3 refinement with peer support: 2,280300,CHINA,THOUSAND METRIC TONS,740.0,3.7,0.95,USGS Mineral Commodity Summaries 2024/2023 - authoritative U.S. government production data with global coverage
Electric Vehicle Battery,Cathode Material,1.0,"Strong consensus support from multiple agents (Agent1, Agent2, Agent3) with average confidence of 0.96. This is a fundamental and critical component for EV batteries.",Cobalt,0.9,Round 3 refinement with peer support: 2,810510,CONGO,METRIC TONS,170000.0,73.91,0.95,USGS Mineral Commodity Summaries 2024/2023 - authoritative U.S. government production data with global coverage
Electric Vehicle Battery,Cathode Material,1.0,"Strong consensus support from multiple agents (Agent1, Agent2, Agent3) with average confidence of 0.96. This is a fundamental and critical component for EV batteries.",Cobalt,0.9,Round 3 refinement with peer support: 2,810510,INDONESIA,METRIC TONS,17000.0,7.39,0.95,USGS Mineral Commodity Summaries 2024/2023 - authoritative U.S. government production data with global coverage
Electric Vehicle Battery,Cathode Material,1.0,"Strong consensus support from multiple agents (Agent1, Agent2, Agent3) with average confidence of 0.96. This is a fundamental and critical component for EV batteries.",Cobalt,0.9,Round 3 refinement with peer support: 2,810510,RUSSIA,METRIC TONS,8800.0,3.83,0.95,USGS Mineral Commodity Summaries 2024/2023 - authoritative U.S. government production data with global coverage
Electric Vehicle Battery,Cathode Material,1.0,"Strong consensus support from multiple agents (Agent1, Agent2, Agent3) with average confidence of 0.96. This is a fundamental and critical component for EV batteries.",Cobalt,0.9,Round 3 refinement with peer support: 2,810510,OTHER,METRIC TONS,6600.0,2.87,0.95,USGS Mineral Commodity Summaries 2024/2023 - authoritative U.S. government production data with global coverage
Electric Vehicle Battery,Cathode Material,1.0,"Strong consensus support from multiple agents (Agent1, Agent2, Agent3) with average confidence of 0.96. This is a fundamental and critical component for EV batteries.",Cobalt,0.9,Round 3 refinement with peer support: 2,810510,AUSTRALIA,METRIC TONS,4600.0,2.0,0.95,USGS Mineral Commodity Summaries 2024/2023 - authoritative U.S. government production data with global coverage
Electric Vehicle Battery,Anode Material,0.9,"While this was only supported by one agent, graphite is a common and essential material for anodes in lithium-ion batteries, especially those used in electric vehicles.",Graphite,0.85,Round 3 refinement with peer support: 1,380110,CHINA,METRIC TONS,1230000.0,76.88,0.95,USGS Mineral Commodity Summaries 2024/2023 - authoritative U.S. government production data with global coverage
Electric Vehicle Battery,Anode Material,0.9,"While this was only supported by one agent, graphite is a common and essential material for anodes in lithium-ion batteries, especially those used in electric vehicles.",Graphite,0.85,Round 3 refinement with peer support: 1,380110,MADAGASCAR,METRIC TONS,100000.0,6.25,0.95,USGS Mineral Commodity Summaries 2024/2023 - authoritative U.S. government production data with global coverage
Electric Vehicle Battery,Anode Material,0.9,"While this was only supported by one agent, graphite is a common and essential material for anodes in lithium-ion batteries, especially those used in electric vehicles.",Graphite,0.85,Round 3 refinement with peer support: 1,380110,MOZAMBIQUE,METRIC TONS,96000.0,6.0,0.95,USGS Mineral Commodity Summaries 2024/2023 - authoritative U.S. government production data with global coverage
Electric Vehicle Battery,Anode Material,0.9,"While this was only supported by one agent, graphite is a common and essential material for anodes in lithium-ion batteries, especially those used in electric vehicles.",Graphite,0.85,Round 3 refinement with peer support: 1,380110,BRAZIL,METRIC TONS,73000.0,4.56,0.95,USGS Mineral Commodity Summaries 2024/2023 - authoritative U.S. government production data with global coverage
Electric Vehicle Battery,Anode Material,0.9,"While this was only supported by one agent, graphite is a common and essential material for anodes in lithium-ion batteries, especially those used in electric vehicles.",Graphite,0.85,Round 3 refinement with peer support: 1,380110,"KOREA, REPUBLIC OF",METRIC TONS,27000.0,1.69,0.95,USGS Mineral Commodity Summaries 2024/2023 - authoritative U.S. government production data with global coverage
Electric Vehicle Battery,Anode Material,0.9,"While this was only supported by one agent, graphite is a common and essential material for anodes in lithium-ion batteries, especially those used in electric vehicles.",Silicon,0.95,Round 3 refinement with peer support: 2,280469,CHINA,THOUSAND METRIC TONS,3600.0,40.0,0.95,USGS Mineral Commodity Summaries 2024/2023 - authoritative U.S. government production data with global coverage
Electric Vehicle Battery,Anode Material,0.9,"While this was only supported by one agent, graphite is a common and essential material for anodes in lithium-ion batteries, especially those used in electric vehicles.",Silicon,0.95,Round 3 refinement with peer support: 2,280469,RUSSIA,THOUSAND METRIC TONS,570.0,6.33,0.95,USGS Mineral Commodity Summaries 2024/2023 - authoritative U.S. government production data with global coverage
Electric Vehicle Battery,Anode Material,0.9,"While this was only supported by one agent, graphite is a common and essential material for anodes in lithium-ion batteries, especially those used in electric vehicles.",Silicon,0.95,Round 3 refinement with peer support: 2,280469,BRAZIL,THOUSAND METRIC TONS,190.0,2.11,0.95,USGS Mineral Commodity Summaries 2024/2023 - authoritative U.S. government production data with global coverage
Electric Vehicle Battery,Anode Material,0.9,"While this was only supported by one agent, graphite is a common and essential material for anodes in lithium-ion batteries, especially those used in electric vehicles.",Silicon,0.95,Round 3 refinement with peer support: 2,280469,NORWAY,THOUSAND METRIC TONS,200.0,2.22,0.95,USGS Mineral Commodity Summaries 2024/2023 - authoritative U.S. government production data with global coverage
Electric Vehicle Battery,Anode Material,0.9,"While this was only supported by one agent, graphite is a common and essential material for anodes in lithium-ion batteries, especially those used in electric vehicles.",Silicon,0.95,Round 3 refinement with peer support: 2,280469,OTHER,THOUSAND METRIC TONS,100.0,1.11,0.95,USGS Mineral Commodity Summaries 2024/2023 - authoritative U.S. government production data with global coverage
Electric Vehicle Battery,Lithium Ion,0.98,High consensus among agents and strong industry standard as the core element in most EV batteries,Lithium,0.775,Round 3 refinement with peer support: 1,280520,AUSTRALIA,METRIC TONS,86000.0,47.78,0.95,USGS Mineral Commodity Summaries 2024/2023 - authoritative U.S. government production data with global coverage
Electric Vehicle Battery,Lithium Ion,0.98,High consensus among agents and strong industry standard as the core element in most EV batteries,Lithium,0.775,Round 3 refinement with peer support: 1,280520,CHILE,METRIC TONS,44000.0,24.44,0.95,USGS Mineral Commodity Summaries 2024/2023 - authoritative U.S. government production data with global coverage
Electric Vehicle Battery,Lithium Ion,0.98,High consensus among agents and strong industry standard as the core element in most EV batteries,Lithium,0.775,Round 3 refinement with peer support: 1,280520,CHINA,METRIC TONS,33000.0,18.33,0.95,USGS Mineral Commodity Summaries 2024/2023 - authoritative U.S. government production data with global coverage
Electric Vehicle Battery,Lithium Ion,0.98,High consensus among agents and strong industry standard as the core element in most EV batteries,Lithium,0.775,Round 3 refinement with peer support: 1,280520,ARGENTINA,METRIC TONS,9600.0,5.33,0.95,USGS Mineral Commodity Summaries 2024/2023 - authoritative U.S. government production data with global coverage
Electric Vehicle Battery,Lithium Ion,0.98,High consensus among agents and strong industry standard as the core element in most EV batteries,Lithium,0.775,Round 3 refinement with peer support: 1,280520,BRAZIL,METRIC TONS,4900.0,2.72,0.95,USGS Mineral Commodity Summaries 2024/2023 - authoritative U.S. government production data with global coverage
Electric Vehicle Battery,Lithium Ion,0.98,High consensus among agents and strong industry standard as the core element in most EV batteries,Copper,0.7,Round 3 refinement with peer support: 0,740100,CHINA,THOUSAND METRIC TONS,1700.0,3.47,0.95,USGS Mineral Commodity Summaries 2024/2023 - authoritative U.S. government production data with global coverage
Electric Vehicle Battery,Lithium Ion,0.98,High consensus among agents and strong industry standard as the core element in most EV batteries,Copper,0.7,Round 3 refinement with peer support: 0,740100,CHILE,THOUSAND METRIC TONS,5000.0,10.2,0.95,USGS Mineral Commodity Summaries 2024/2023 - authoritative U.S. government production data with global coverage
Electric Vehicle Battery,Lithium Ion,0.98,High consensus among agents and strong industry standard as the core element in most EV batteries,Copper,0.7,Round 3 refinement with peer support: 0,740100,OTHER,THOUSAND METRIC TONS,3100.0,6.33,0.95,USGS Mineral Commodity Summaries 2024/2023 - authoritative U.S. government production data with global coverage
Electric Vehicle Battery,Lithium Ion,0.98,High consensus among agents and strong industry standard as the core element in most EV batteries,Copper,0.7,Round 3 refinement with peer support: 0,740100,CONGO,THOUSAND METRIC TONS,2500.0,5.1,0.95,USGS Mineral Commodity Summaries 2024/2023 - authoritative U.S. government production data with global coverage
Electric Vehicle Battery,Lithium Ion,0.98,High consensus among agents and strong industry standard as the core element in most EV batteries,Copper,0.7,Round 3 refinement with peer support: 0,740100,PERU,THOUSAND METRIC TONS,2600.0,5.31,0.95,USGS Mineral Commodity Summaries 2024/2023 - authoritative U.S. government production data with global coverage
Electric Vehicle Motor,Coil Winding,1.0,"Strong support from multiple agents (2 out of 4), with high individual confidence of 0.87-0.95, indicating its importance as a primary component.",Aluminum,0.8,Round 3 refinement with peer support: 1,280300,CHINA,THOUSAND METRIC TONS,41000.0,58.57,0.95,USGS Mineral Commodity Summaries 2024/2023 - authoritative U.S. government production data with global coverage
Electric Vehicle Motor,Coil Winding,1.0,"Strong support from multiple agents (2 out of 4), with high individual confidence of 0.87-0.95, indicating its importance as a primary component.",Aluminum,0.8,Round 3 refinement with peer support: 1,280300,OTHER,THOUSAND METRIC TONS,7000.0,10.0,0.95,USGS Mineral Commodity Summaries 2024/2023 - authoritative U.S. government production data with global coverage
Electric Vehicle Motor,Coil Winding,1.0,"Strong support from multiple agents (2 out of 4), with high individual confidence of 0.87-0.95, indicating its importance as a primary component.",Aluminum,0.8,Round 3 refinement with peer support: 1,280300,INDIA,THOUSAND METRIC TONS,4100.0,5.86,0.95,USGS Mineral Commodity Summaries 2024/2023 - authoritative U.S. government production data with global coverage
Electric Vehicle Motor,Coil Winding,1.0,"Strong support from multiple agents (2 out of 4), with high individual confidence of 0.87-0.95, indicating its importance as a primary component.",Aluminum,0.8,Round 3 refinement with peer support: 1,280300,RUSSIA,THOUSAND METRIC TONS,3800.0,5.43,0.95,USGS Mineral Commodity Summaries 2024/2023 - authoritative U.S. government production data with global coverage
Electric Vehicle Motor,Coil Winding,1.0,"Strong support from multiple agents (2 out of 4), with high individual confidence of 0.87-0.95, indicating its importance as a primary component.",Aluminum,0.8,Round 3 refinement with peer support: 1,280300,CANADA,THOUSAND METRIC TONS,3000.0,4.29,0.95,USGS Mineral Commodity Summaries 2024/2023 - authoritative U.S. government production data with global coverage
Electric Vehicle Motor,Coil Winding,1.0,"Strong support from multiple agents (2 out of 4), with high individual confidence of 0.87-0.95, indicating its importance as a primary component.",Acetone,0.7,Round 3 refinement with peer support: 0,291411,Japan,metric tons,519466.6666666667,21.4,0.783,Major industrial nation known for its large manufacturing sector and integrated chemical production; industry reports.
Electric Vehicle Motor,Coil Winding,1.0,"Strong support from multiple agents (2 out of 4), with high individual confidence of 0.87-0.95, indicating its importance as a primary component.",Acetone,0.7,Round 3 refinement with peer support: 0,291411,South Korea,metric tons,371413.3333333333,14.37,0.783,Industrialized nation with strong chemical sector; industry reports.
Electric Vehicle Motor,Coil Winding,1.0,"Strong support from multiple agents (2 out of 4), with high individual confidence of 0.87-0.95, indicating its importance as a primary component.",Acetone,0.7,Round 3 refinement with peer support: 0,291411,United States,metric tons,334693.3333333333,12.87,0.817,Not the forefront producer but significant with diverse refining capabilities; USITC data.
Electric Vehicle Motor,Coil Winding,1.0,"Strong support from multiple agents (2 out of 4), with high individual confidence of 0.87-0.95, indicating its importance as a primary component.",Acetone,0.7,Round 3 refinement with peer support: 0,291411,China,metric tons,786666.6666666666,24.0,0.8,Data from Chinese petrochemical industry reports; accurate and comprehensive.
Electric Vehicle Motor,Coil Winding,1.0,"Strong support from multiple agents (2 out of 4), with high individual confidence of 0.87-0.95, indicating its importance as a primary component.",Acetone,0.7,Round 3 refinement with peer support: 0,291411,Taiwan,kg,145820.0,5.8,0.825,Production data inferred from local petrochemical company outputs.
Electric Vehicle Motor,Permanent Magnet Assembly,1.0,"High consensus among agents (3/3) with an average confidence of 0.95, making this a very certain primary component.",Bismuth telluride,0.7,Round 3 refinement with peer support: 0,284390,China,metric tons,1958.3333333333333,23.33,0.767,Multi-agent debate consensus
Electric Vehicle Motor,Permanent Magnet Assembly,1.0,"High consensus among agents (3/3) with an average confidence of 0.95, making this a very certain primary component.",Bismuth telluride,0.7,Round 3 refinement with peer support: 0,284390,Russia,metric tons,380.0,6.67,0.75,Multi-agent debate consensus
Electric Vehicle Motor,Permanent Magnet Assembly,1.0,"High consensus among agents (3/3) with an average confidence of 0.95, making this a very certain primary component.",Bismuth telluride,0.7,Round 3 refinement with peer support: 0,284390,Canada,metric tons,1339.3333333333333,8.27,0.75,Multi-agent debate consensus
Electric Vehicle Motor,Permanent Magnet Assembly,1.0,"High consensus among agents (3/3) with an average confidence of 0.95, making this a very certain primary component.",Bismuth telluride,0.7,Round 3 refinement with peer support: 0,284390,United States,metric tons,325.0,15.0,0.8,Multi-agent debate consensus
Electric Vehicle Motor,Permanent Magnet Assembly,1.0,"High consensus among agents (3/3) with an average confidence of 0.95, making this a very certain primary component.",Bismuth telluride,0.7,Round 3 refinement with peer support: 0,284390,Japan,metric tons,430.6666666666667,3.67,0.767,Multi-agent debate consensus
Electric Vehicle Motor,Permanent Magnet Assembly,1.0,"High consensus among agents (3/3) with an average confidence of 0.95, making this a very certain primary component.",Aluminum nitride,0.7,Round 3 refinement with peer support: 0,285000,China,metric tons,12500.0,46.5,0.76,Multi-agent debate consensus
Electric Vehicle Motor,Permanent Magnet Assembly,1.0,"High consensus among agents (3/3) with an average confidence of 0.95, making this a very certain primary component.",Aluminum nitride,0.7,Round 3 refinement with peer support: 0,285000,Japan,metric tons,14076.5,26.5,0.74,Multi-agent debate consensus
Electric Vehicle Motor,Permanent Magnet Assembly,1.0,"High consensus among agents (3/3) with an average confidence of 0.95, making this a very certain primary component.",Aluminum nitride,0.7,Round 3 refinement with peer support: 0,285000,United States,metric tons,3226.5,7.5,0.71,Multi-agent debate consensus
Electric Vehicle Motor,Permanent Magnet Assembly,1.0,"High consensus among agents (3/3) with an average confidence of 0.95, making this a very certain primary component.",Aluminum nitride,0.7,Round 3 refinement with peer support: 0,285000,South Korea,metric tons,8709.5,14.0,0.69,Multi-agent debate consensus
Electric Vehicle Motor,Permanent Magnet Assembly,1.0,"High consensus among agents (3/3) with an average confidence of 0.95, making this a very certain primary component.",Aluminum nitride,0.7,Round 3 refinement with peer support: 0,285000,Germany,metric tons,2001.5,4.5,0.665,Multi-agent debate consensus
Electric Vehicle Motor,Motor Control Unit,0.87,"Though only one agent proposed this with moderate confidence, it is a critical component for motor control and widely agreed upon in electric vehicle technology.",Copper,0.7,Round 3 refinement with peer support: 0,740100,CHINA,THOUSAND METRIC TONS,1700.0,3.47,0.95,USGS Mineral Commodity Summaries 2024/2023 - authoritative U.S. government production data with global coverage
Electric Vehicle Motor,Motor Control Unit,0.87,"Though only one agent proposed this with moderate confidence, it is a critical component for motor control and widely agreed upon in electric vehicle technology.",Copper,0.7,Round 3 refinement with peer support: 0,740100,CHILE,THOUSAND METRIC TONS,5000.0,10.2,0.95,USGS Mineral Commodity Summaries 2024/2023 - authoritative U.S. government production data with global coverage
Electric Vehicle Motor,Motor Control Unit,0.87,"Though only one agent proposed this with moderate confidence, it is a critical component for motor control and widely agreed upon in electric vehicle technology.",Copper,0.7,Round 3 refinement with peer support: 0,740100,OTHER,THOUSAND METRIC TONS,3100.0,6.33,0.95,USGS Mineral Commodity Summaries 2024/2023 - authoritative U.S. government production data with global coverage
Electric Vehicle Motor,Motor Control Unit,0.87,"Though only one agent proposed this with moderate confidence, it is a critical component for motor control and widely agreed upon in electric vehicle technology.",Copper,0.7,Round 3 refinement with peer support: 0,740100,CONGO,THOUSAND METRIC TONS,2500.0,5.1,0.95,USGS Mineral Commodity Summaries 2024/2023 - authoritative U.S. government production data with global coverage
Electric Vehicle Motor,Motor Control Unit,0.87,"Though only one agent proposed this with moderate confidence, it is a critical component for motor control and widely agreed upon in electric vehicle technology.",Copper,0.7,Round 3 refinement with peer support: 0,740100,PERU,THOUSAND METRIC TONS,2600.0,5.31,0.95,USGS Mineral Commodity Summaries 2024/2023 - authoritative U.S. government production data with global coverage
Electric Vehicle Motor,Motor Control Unit,0.87,"Though only one agent proposed this with moderate confidence, it is a critical component for motor control and widely agreed upon in electric vehicle technology.",Silicon,0.7,Round 3 refinement with peer support: 0,280469,CHINA,THOUSAND METRIC TONS,3600.0,40.0,0.95,USGS Mineral Commodity Summaries 2024/2023 - authoritative U.S. government production data with global coverage
Electric Vehicle Motor,Motor Control Unit,0.87,"Though only one agent proposed this with moderate confidence, it is a critical component for motor control and widely agreed upon in electric vehicle technology.",Silicon,0.7,Round 3 refinement with peer support: 0,280469,RUSSIA,THOUSAND METRIC TONS,570.0,6.33,0.95,USGS Mineral Commodity Summaries 2024/2023 - authoritative U.S. government production data with global coverage
Electric Vehicle Motor,Motor Control Unit,0.87,"Though only one agent proposed this with moderate confidence, it is a critical component for motor control and widely agreed upon in electric vehicle technology.",Silicon,0.7,Round 3 refinement with peer support: 0,280469,BRAZIL,THOUSAND METRIC TONS,190.0,2.11,0.95,USGS Mineral Commodity Summaries 2024/2023 - authoritative U.S. government production data with global coverage
Electric Vehicle Motor,Motor Control Unit,0.87,"Though only one agent proposed this with moderate confidence, it is a critical component for motor control and widely agreed upon in electric vehicle technology.",Silicon,0.7,Round 3 refinement with peer support: 0,280469,NORWAY,THOUSAND METRIC TONS,200.0,2.22,0.95,USGS Mineral Commodity Summaries 2024/2023 - authoritative U.S. government production data with global coverage
Electric Vehicle Motor,Motor Control Unit,0.87,"Though only one agent proposed this with moderate confidence, it is a critical component for motor control and widely agreed upon in electric vehicle technology.",Silicon,0.7,Round 3 refinement with peer support: 0,280469,OTHER,THOUSAND METRIC TONS,100.0,1.11,0.95,USGS Mineral Commodity Summaries 2024/2023 - authoritative U.S. government production data with global coverage
Electric Vehicle Motor,Motor Control Unit,0.87,"Though only one agent proposed this with moderate confidence, it is a critical component for motor control and widely agreed upon in electric vehicle technology.",Aluminum,0.7,Round 3 refinement with peer support: 0,280300,CHINA,THOUSAND METRIC TONS,41000.0,58.57,0.95,USGS Mineral Commodity Summaries 2024/2023 - authoritative U.S. government production data with global coverage
Electric Vehicle Motor,Motor Control Unit,0.87,"Though only one agent proposed this with moderate confidence, it is a critical component for motor control and widely agreed upon in electric vehicle technology.",Aluminum,0.7,Round 3 refinement with peer support: 0,280300,OTHER,THOUSAND METRIC TONS,7000.0,10.0,0.95,USGS Mineral Commodity Summaries 2024/2023 - authoritative U.S. government production data with global coverage
Electric Vehicle Motor,Motor Control Unit,0.87,"Though only one agent proposed this with moderate confidence, it is a critical component for motor control and widely agreed upon in electric vehicle technology.",Aluminum,0.7,Round 3 refinement with peer support: 0,280300,INDIA,THOUSAND METRIC TONS,4100.0,5.86,0.95,USGS Mineral Commodity Summaries 2024/2023 - authoritative U.S. government production data with global coverage
Electric Vehicle Motor,Motor Control Unit,0.87,"Though only one agent proposed this with moderate confidence, it is a critical component for motor control and widely agreed upon in electric vehicle technology.",Aluminum,0.7,Round 3 refinement with peer support: 0,280300,RUSSIA,THOUSAND METRIC TONS,3800.0,5.43,0.95,USGS Mineral Commodity Summaries 2024/2023 - authoritative U.S. government production data with global coverage
Electric Vehicle Motor,Motor Control Unit,0.87,"Though only one agent proposed this with moderate confidence, it is a critical component for motor control and widely agreed upon in electric vehicle technology.",Aluminum,0.7,Round 3 refinement with peer support: 0,280300,CANADA,THOUSAND METRIC TONS,3000.0,4.29,0.95,USGS Mineral Commodity Summaries 2024/2023 - authoritative U.S. government production data with global coverage
Quantum Computer,Quantum Bits,1.0,Strong consensus among three agents with high average confidence of 0.99 supports this as a primary component,Bismuth telluride,0.9,Round 3 refinement with peer support: 2,284390,China,metric tons,1958.3333333333333,23.33,0.767,Multi-agent debate consensus
Quantum Computer,Quantum Bits,1.0,Strong consensus among three agents with high average confidence of 0.99 supports this as a primary component,Bismuth telluride,0.9,Round 3 refinement with peer support: 2,284390,Russia,metric tons,380.0,6.67,0.75,Multi-agent debate consensus
Quantum Computer,Quantum Bits,1.0,Strong consensus among three agents with high average confidence of 0.99 supports this as a primary component,Bismuth telluride,0.9,Round 3 refinement with peer support: 2,284390,Canada,metric tons,1339.3333333333333,8.27,0.75,Multi-agent debate consensus
Quantum Computer,Quantum Bits,1.0,Strong consensus among three agents with high average confidence of 0.99 supports this as a primary component,Bismuth telluride,0.9,Round 3 refinement with peer support: 2,284390,United States,metric tons,325.0,15.0,0.8,Multi-agent debate consensus
Quantum Computer,Quantum Bits,1.0,Strong consensus among three agents with high average confidence of 0.99 supports this as a primary component,Bismuth telluride,0.9,Round 3 refinement with peer support: 2,284390,Japan,metric tons,430.6666666666667,3.67,0.767,Multi-agent debate consensus
Quantum Computer,Quantum Bits,1.0,Strong consensus among three agents with high average confidence of 0.99 supports this as a primary component,Aluminum,0.85,Round 3 refinement with peer support: 1,280300,CHINA,THOUSAND METRIC TONS,41000.0,58.57,0.95,USGS Mineral Commodity Summaries 2024/2023 - authoritative U.S. government production data with global coverage
Quantum Computer,Quantum Bits,1.0,Strong consensus among three agents with high average confidence of 0.99 supports this as a primary component,Aluminum,0.85,Round 3 refinement with peer support: 1,280300,OTHER,THOUSAND METRIC TONS,7000.0,10.0,0.95,USGS Mineral Commodity Summaries 2024/2023 - authoritative U.S. government production data with global coverage
Quantum Computer,Quantum Bits,1.0,Strong consensus among three agents with high average confidence of 0.99 supports this as a primary component,Aluminum,0.85,Round 3 refinement with peer support: 1,280300,INDIA,THOUSAND METRIC TONS,4100.0,5.86,0.95,USGS Mineral Commodity Summaries 2024/2023 - authoritative U.S. government production data with global coverage
Quantum Computer,Quantum Bits,1.0,Strong consensus among three agents with high average confidence of 0.99 supports this as a primary component,Aluminum,0.85,Round 3 refinement with peer support: 1,280300,RUSSIA,THOUSAND METRIC TONS,3800.0,5.43,0.95,USGS Mineral Commodity Summaries 2024/2023 - authoritative U.S. government production data with global coverage
Quantum Computer,Quantum Bits,1.0,Strong consensus among three agents with high average confidence of 0.99 supports this as a primary component,Aluminum,0.85,Round 3 refinement with peer support: 1,280300,CANADA,THOUSAND METRIC TONS,3000.0,4.29,0.95,USGS Mineral Commodity Summaries 2024/2023 - authoritative U.S. government production data with global coverage
Quantum Computer,Quantum Bits,1.0,Strong consensus among three agents with high average confidence of 0.99 supports this as a primary component,Aluminum gallium arsenide,0.7,Round 3 refinement with peer support: 0,282890,Japan,metric tons,25466.666666666668,22.33,0.733,A major producer with significant refining capabilities for semiconductors.
Quantum Computer,Quantum Bits,1.0,Strong consensus among three agents with high average confidence of 0.99 supports this as a primary component,Aluminum gallium arsenide,0.7,Round 3 refinement with peer support: 0,282890,China,metric tons,25066.666666666668,31.33,0.817,"Based on recent USGS reports, China is the leading producer of gallium."
Quantum Computer,Quantum Bits,1.0,Strong consensus among three agents with high average confidence of 0.99 supports this as a primary component,Aluminum gallium arsenide,0.7,Round 3 refinement with peer support: 0,282890,United States,metric tons,46600.0,37.5,0.675,Based on U.S. Geological Survey's data and reports from academic researchers.
Quantum Computer,Quantum Bits,1.0,Strong consensus among three agents with high average confidence of 0.99 supports this as a primary component,Aluminum gallium arsenide,0.7,Round 3 refinement with peer support: 0,282890,South Korea,metric tons,25320.0,10.5,0.65,South Korea hosts major semiconductor manufacturers like Samsung and SK Hynix.
Quantum Computer,Quantum Bits,1.0,Strong consensus among three agents with high average confidence of 0.99 supports this as a primary component,Aluminum gallium arsenide,0.7,Round 3 refinement with peer support: 0,282890,Germany,metric tons,7200.0,5.0,0.675,Germany hosts significant industrial and technological centers in the semiconductor sector.
Quantum Computer,Quantum Bits,1.0,Strong consensus among three agents with high average confidence of 0.99 supports this as a primary component,Aluminum oxide,0.7,Round 3 refinement with peer support: 0,281820,China,metric tons,28580000.0,52.33,0.933,Based on recent data from the China Non-ferrous Metals Industry Association; very reliable statistics.
Quantum Computer,Quantum Bits,1.0,Strong consensus among three agents with high average confidence of 0.99 supports this as a primary component,Aluminum oxide,0.7,Round 3 refinement with peer support: 0,281820,Australia,metric tons,3275333.3333333335,13.03,0.857,Second largest producer with comprehensive datasets from the Australian Bureau of Resources and Energy Economics.
Quantum Computer,Quantum Bits,1.0,Strong consensus among three agents with high average confidence of 0.99 supports this as a primary component,Aluminum oxide,0.7,Round 3 refinement with peer support: 0,281820,India,metric tons,1761166.6666666667,10.37,0.85,Fourth largest producer; data from Indian geological surveys and industry associations.
Quantum Computer,Quantum Bits,1.0,Strong consensus among three agents with high average confidence of 0.99 supports this as a primary component,Aluminum oxide,0.7,Round 3 refinement with peer support: 0,281820,Algeria,metric tons,1125000.0,9.7,0.825,Major producer with well-documented mining operations and data from the Algerian government.
Quantum Computer,Quantum Bits,1.0,Strong consensus among three agents with high average confidence of 0.99 supports this as a primary component,Aluminum oxide,0.7,Round 3 refinement with peer support: 0,281820,Russia,metric tons,1546000.0,7.75,0.825,Multi-agent debate consensus
Quantum Computer,Quantum Bits,1.0,Strong consensus among three agents with high average confidence of 0.99 supports this as a primary component,Aluminum nitride,0.7,Round 3 refinement with peer support: 0,285000,China,metric tons,12500.0,46.5,0.76,Multi-agent debate consensus
Quantum Computer,Quantum Bits,1.0,Strong consensus among three agents with high average confidence of 0.99 supports this as a primary component,Aluminum nitride,0.7,Round 3 refinement with peer support: 0,285000,Japan,metric tons,14076.5,26.5,0.74,Multi-agent debate consensus
Quantum Computer,Quantum Bits,1.0,Strong consensus among three agents with high average confidence of 0.99 supports this as a primary component,Aluminum nitride,0.7,Round 3 refinement with peer support: 0,285000,United States,metric tons,3226.5,7.5,0.71,Multi-agent debate consensus
Quantum Computer,Quantum Bits,1.0,Strong consensus among three agents with high average confidence of 0.99 supports this as a primary component,Aluminum nitride,0.7,Round 3 refinement with peer support: 0,285000,South Korea,metric tons,8709.5,14.0,0.69,Multi-agent debate consensus
Quantum Computer,Quantum Bits,1.0,Strong consensus among three agents with high average confidence of 0.99 supports this as a primary component,Aluminum nitride,0.7,Round 3 refinement with peer support: 0,285000,Germany,metric tons,2001.5,4.5,0.665,Multi-agent debate consensus
Quantum Computer,Superconducting Circuits,0.96,"Two agents support superconducting circuits with an average confidence of 0.96, reflecting strong industry standards and practice in the field.",Aluminum,0.85,Round 3 refinement with peer support: 1,280300,CHINA,THOUSAND METRIC TONS,41000.0,58.57,0.95,USGS Mineral Commodity Summaries 2024/2023 - authoritative U.S. government production data with global coverage
Quantum Computer,Superconducting Circuits,0.96,"Two agents support superconducting circuits with an average confidence of 0.96, reflecting strong industry standards and practice in the field.",Aluminum,0.85,Round 3 refinement with peer support: 1,280300,OTHER,THOUSAND METRIC TONS,7000.0,10.0,0.95,USGS Mineral Commodity Summaries 2024/2023 - authoritative U.S. government production data with global coverage
Quantum Computer,Superconducting Circuits,0.96,"Two agents support superconducting circuits with an average confidence of 0.96, reflecting strong industry standards and practice in the field.",Aluminum,0.85,Round 3 refinement with peer support: 1,280300,INDIA,THOUSAND METRIC TONS,4100.0,5.86,0.95,USGS Mineral Commodity Summaries 2024/2023 - authoritative U.S. government production data with global coverage
Quantum Computer,Superconducting Circuits,0.96,"Two agents support superconducting circuits with an average confidence of 0.96, reflecting strong industry standards and practice in the field.",Aluminum,0.85,Round 3 refinement with peer support: 1,280300,RUSSIA,THOUSAND METRIC TONS,3800.0,5.43,0.95,USGS Mineral Commodity Summaries 2024/2023 - authoritative U.S. government production data with global coverage
Quantum Computer,Superconducting Circuits,0.96,"Two agents support superconducting circuits with an average confidence of 0.96, reflecting strong industry standards and practice in the field.",Aluminum,0.85,Round 3 refinement with peer support: 1,280300,CANADA,THOUSAND METRIC TONS,3000.0,4.29,0.95,USGS Mineral Commodity Summaries 2024/2023 - authoritative U.S. government production data with global coverage
Quantum Computer,Superconducting Circuits,0.96,"Two agents support superconducting circuits with an average confidence of 0.96, reflecting strong industry standards and practice in the field.",Bismuth telluride,0.85,Round 3 refinement with peer support: 1,284390,China,metric tons,1958.3333333333333,23.33,0.767,Multi-agent debate consensus
Quantum Computer,Superconducting Circuits,0.96,"Two agents support superconducting circuits with an average confidence of 0.96, reflecting strong industry standards and practice in the field.",Bismuth telluride,0.85,Round 3 refinement with peer support: 1,284390,Russia,metric tons,380.0,6.67,0.75,Multi-agent debate consensus
Quantum Computer,Superconducting Circuits,0.96,"Two agents support superconducting circuits with an average confidence of 0.96, reflecting strong industry standards and practice in the field.",Bismuth telluride,0.85,Round 3 refinement with peer support: 1,284390,Canada,metric tons,1339.3333333333333,8.27,0.75,Multi-agent debate consensus
Quantum Computer,Superconducting Circuits,0.96,"Two agents support superconducting circuits with an average confidence of 0.96, reflecting strong industry standards and practice in the field.",Bismuth telluride,0.85,Round 3 refinement with peer support: 1,284390,United States,metric tons,325.0,15.0,0.8,Multi-agent debate consensus
Quantum Computer,Superconducting Circuits,0.96,"Two agents support superconducting circuits with an average confidence of 0.96, reflecting strong industry standards and practice in the field.",Bismuth telluride,0.85,Round 3 refinement with peer support: 1,284390,Japan,metric tons,430.6666666666667,3.67,0.767,Multi-agent debate consensus
Quantum Computer,Superconducting Circuits,0.96,"Two agents support superconducting circuits with an average confidence of 0.96, reflecting strong industry standards and practice in the field.",Indium,0.7,Round 3 refinement with peer support: 0,811299,CHINA,METRIC TONS,650.0,65.66,0.95,USGS Mineral Commodity Summaries 2024/2023 - authoritative U.S. government production data with global coverage
Quantum Computer,Superconducting Circuits,0.96,"Two agents support superconducting circuits with an average confidence of 0.96, reflecting strong industry standards and practice in the field.",Indium,0.7,Round 3 refinement with peer support: 0,811299,"KOREA, REPUBLIC OF",METRIC TONS,200.0,20.2,0.95,USGS Mineral Commodity Summaries 2024/2023 - authoritative U.S. government production data with global coverage
Quantum Computer,Superconducting Circuits,0.96,"Two agents support superconducting circuits with an average confidence of 0.96, reflecting strong industry standards and practice in the field.",Indium,0.7,Round 3 refinement with peer support: 0,811299,JAPAN,METRIC TONS,64.0,6.46,0.95,USGS Mineral Commodity Summaries 2024/2023 - authoritative U.S. government production data with global coverage
Quantum Computer,Superconducting Circuits,0.96,"Two agents support superconducting circuits with an average confidence of 0.96, reflecting strong industry standards and practice in the field.",Indium,0.7,Round 3 refinement with peer support: 0,811299,CANADA,METRIC TONS,37.0,3.74,0.95,USGS Mineral Commodity Summaries 2024/2023 - authoritative U.S. government production data with global coverage
Quantum Computer,Superconducting Circuits,0.96,"Two agents support superconducting circuits with an average confidence of 0.96, reflecting strong industry standards and practice in the field.",Indium,0.7,Round 3 refinement with peer support: 0,811299,BELGIUM,METRIC TONS,18.0,1.82,0.95,USGS Mineral Commodity Summaries 2024/2023 - authoritative U.S. government production data with global coverage
Quantum Computer,Superconducting Circuits,0.96,"Two agents support superconducting circuits with an average confidence of 0.96, reflecting strong industry standards and practice in the field.",Aluminum gallium arsenide,0.7,Round 3 refinement with peer support: 0,282890,Japan,metric tons,25466.666666666668,22.33,0.733,A major producer with significant refining capabilities for semiconductors.
Quantum Computer,Superconducting Circuits,0.96,"Two agents support superconducting circuits with an average confidence of 0.96, reflecting strong industry standards and practice in the field.",Aluminum gallium arsenide,0.7,Round 3 refinement with peer support: 0,282890,China,metric tons,25066.666666666668,31.33,0.817,"Based on recent USGS reports, China is the leading producer of gallium."
Quantum Computer,Superconducting Circuits,0.96,"Two agents support superconducting circuits with an average confidence of 0.96, reflecting strong industry standards and practice in the field.",Aluminum gallium arsenide,0.7,Round 3 refinement with peer support: 0,282890,United States,metric tons,46600.0,37.5,0.675,Based on U.S. Geological Survey's data and reports from academic researchers.
Quantum Computer,Superconducting Circuits,0.96,"Two agents support superconducting circuits with an average confidence of 0.96, reflecting strong industry standards and practice in the field.",Aluminum gallium arsenide,0.7,Round 3 refinement with peer support: 0,282890,South Korea,metric tons,25320.0,10.5,0.65,South Korea hosts major semiconductor manufacturers like Samsung and SK Hynix.
Quantum Computer,Superconducting Circuits,0.96,"Two agents support superconducting circuits with an average confidence of 0.96, reflecting strong industry standards and practice in the field.",Aluminum gallium arsenide,0.7,Round 3 refinement with peer support: 0,282890,Germany,metric tons,7200.0,5.0,0.675,Germany hosts significant industrial and technological centers in the semiconductor sector.
Quantum Computer,Error Correction Codes,0.92,"Multiple agents have included error correction as essential for quantum computing stability, indicating its importance.",Antimony,0.7,Round 3 refinement with peer support: 0,811100,CHINA,METRIC TONS,40000.0,48.19,0.95,USGS Mineral Commodity Summaries 2024/2023 - authoritative U.S. government production data with global coverage
Quantum Computer,Error Correction Codes,0.92,"Multiple agents have included error correction as essential for quantum computing stability, indicating its importance.",Antimony,0.7,Round 3 refinement with peer support: 0,811100,TAJIKISTAN,METRIC TONS,21000.0,25.3,0.95,USGS Mineral Commodity Summaries 2024/2023 - authoritative U.S. government production data with global coverage
Quantum Computer,Error Correction Codes,0.92,"Multiple agents have included error correction as essential for quantum computing stability, indicating its importance.",Antimony,0.7,Round 3 refinement with peer support: 0,811100,TURKEY,METRIC TONS,6000.0,7.23,0.95,USGS Mineral Commodity Summaries 2024/2023 - authoritative U.S. government production data with global coverage
Quantum Computer,Error Correction Codes,0.92,"Multiple agents have included error correction as essential for quantum computing stability, indicating its importance.",Antimony,0.7,Round 3 refinement with peer support: 0,811100,BURMA,METRIC TONS,4600.0,5.54,0.95,USGS Mineral Commodity Summaries 2024/2023 - authoritative U.S. government production data with global coverage
Quantum Computer,Error Correction Codes,0.92,"Multiple agents have included error correction as essential for quantum computing stability, indicating its importance.",Antimony,0.7,Round 3 refinement with peer support: 0,811100,RUSSIA,METRIC TONS,4300.0,5.18,0.95,USGS Mineral Commodity Summaries 2024/2023 - authoritative U.S. government production data with global coverage
Quantum Computer,Quantum Gates,0.85,"There is strong support from several agents, but some proposals focus more on qubits and circuitry directly.",Indium,0.7,Round 3 refinement with peer support: 0,811299,CHINA,METRIC TONS,650.0,65.66,0.95,USGS Mineral Commodity Summaries 2024/2023 - authoritative U.S. government production data with global coverage
Quantum Computer,Quantum Gates,0.85,"There is strong support from several agents, but some proposals focus more on qubits and circuitry directly.",Indium,0.7,Round 3 refinement with peer support: 0,811299,"KOREA, REPUBLIC OF",METRIC TONS,200.0,20.2,0.95,USGS Mineral Commodity Summaries 2024/2023 - authoritative U.S. government production data with global coverage
Quantum Computer,Quantum Gates,0.85,"There is strong support from several agents, but some proposals focus more on qubits and circuitry directly.",Indium,0.7,Round 3 refinement with peer support: 0,811299,JAPAN,METRIC TONS,64.0,6.46,0.95,USGS Mineral Commodity Summaries 2024/2023 - authoritative U.S. government production data with global coverage
Quantum Computer,Quantum Gates,0.85,"There is strong support from several agents, but some proposals focus more on qubits and circuitry directly.",Indium,0.7,Round 3 refinement with peer support: 0,811299,CANADA,METRIC TONS,37.0,3.74,0.95,USGS Mineral Commodity Summaries 2024/2023 - authoritative U.S. government production data with global coverage
Quantum Computer,Quantum Gates,0.85,"There is strong support from several agents, but some proposals focus more on qubits and circuitry directly.",Indium,0.7,Round 3 refinement with peer support: 0,811299,BELGIUM,METRIC TONS,18.0,1.82,0.95,USGS Mineral Commodity Summaries 2024/2023 - authoritative U.S. government production data with global coverage
Quantum Computer,Quantum Gates,0.85,"There is strong support from several agents, but some proposals focus more on qubits and circuitry directly.",Aluminum nitride,0.7,Round 3 refinement with peer support: 0,285000,China,metric tons,12500.0,46.5,0.76,Multi-agent debate consensus
Quantum Computer,Quantum Gates,0.85,"There is strong support from several agents, but some proposals focus more on qubits and circuitry directly.",Aluminum nitride,0.7,Round 3 refinement with peer support: 0,285000,Japan,metric tons,14076.5,26.5,0.74,Multi-agent debate consensus
Quantum Computer,Quantum Gates,0.85,"There is strong support from several agents, but some proposals focus more on qubits and circuitry directly.",Aluminum nitride,0.7,Round 3 refinement with peer support: 0,285000,United States,metric tons,3226.5,7.5,0.71,Multi-agent debate consensus
Quantum Computer,Quantum Gates,0.85,"There is strong support from several agents, but some proposals focus more on qubits and circuitry directly.",Aluminum nitride,0.7,Round 3 refinement with peer support: 0,285000,South Korea,metric tons,8709.5,14.0,0.69,Multi-agent debate consensus
Quantum Computer,Quantum Gates,0.85,"There is strong support from several agents, but some proposals focus more on qubits and circuitry directly.",Aluminum nitride,0.7,Round 3 refinement with peer support: 0,285000,Germany,metric tons,2001.5,4.5,0.665,Multi-agent debate consensus
Quantum Computer,Quantum Gates,0.85,"There is strong support from several agents, but some proposals focus more on qubits and circuitry directly.",Aluminum gallium arsenide,0.7,Round 3 refinement with peer support: 0,282890,Japan,metric tons,25466.666666666668,22.33,0.733,A major producer with significant refining capabilities for semiconductors.
Quantum Computer,Quantum Gates,0.85,"There is strong support from several agents, but some proposals focus more on qubits and circuitry directly.",Aluminum gallium arsenide,0.7,Round 3 refinement with peer support: 0,282890,China,metric tons,25066.666666666668,31.33,0.817,"Based on recent USGS reports, China is the leading producer of gallium."
Quantum Computer,Quantum Gates,0.85,"There is strong support from several agents, but some proposals focus more on qubits and circuitry directly.",Aluminum gallium arsenide,0.7,Round 3 refinement with peer support: 0,282890,United States,metric tons,46600.0,37.5,0.675,Based on U.S. Geological Survey's data and reports from academic researchers.
Quantum Computer,Quantum Gates,0.85,"There is strong support from several agents, but some proposals focus more on qubits and circuitry directly.",Aluminum gallium arsenide,0.7,Round 3 refinement with peer support: 0,282890,South Korea,metric tons,25320.0,10.5,0.65,South Korea hosts major semiconductor manufacturers like Samsung and SK Hynix.
Quantum Computer,Quantum Gates,0.85,"There is strong support from several agents, but some proposals focus more on qubits and circuitry directly.",Aluminum gallium arsenide,0.7,Round 3 refinement with peer support: 0,282890,Germany,metric tons,7200.0,5.0,0.675,Germany hosts significant industrial and technological centers in the semiconductor sector.
Quantum Computer,Quantum Gates,0.85,"There is strong support from several agents, but some proposals focus more on qubits and circuitry directly.",Bismuth telluride,0.7,Round 3 refinement with peer support: 0,284390,China,metric tons,1958.3333333333333,23.33,0.767,Multi-agent debate consensus
Quantum Computer,Quantum Gates,0.85,"There is strong support from several agents, but some proposals focus more on qubits and circuitry directly.",Bismuth telluride,0.7,Round 3 refinement with peer support: 0,284390,Russia,metric tons,380.0,6.67,0.75,Multi-agent debate consensus
Quantum Computer,Quantum Gates,0.85,"There is strong support from several agents, but some proposals focus more on qubits and circuitry directly.",Bismuth telluride,0.7,Round 3 refinement with peer support: 0,284390,Canada,metric tons,1339.3333333333333,8.27,0.75,Multi-agent debate consensus
Quantum Computer,Quantum Gates,0.85,"There is strong support from several agents, but some proposals focus more on qubits and circuitry directly.",Bismuth telluride,0.7,Round 3 refinement with peer support: 0,284390,United States,metric tons,325.0,15.0,0.8,Multi-agent debate consensus
Quantum Computer,Quantum Gates,0.85,"There is strong support from several agents, but some proposals focus more on qubits and circuitry directly.",Bismuth telluride,0.7,Round 3 refinement with peer support: 0,284390,Japan,metric tons,430.6666666666667,3.67,0.767,Multi-agent debate consensus
Night Vision Goggles,Image Intensifier Tube,0.92,"Strong consensus from multiple agents (Agent1, Agent2, Agent3) with average confidence 0.87, and a clear practical role in night vision goggles.",Germanium,0.95,Round 3 refinement with peer support: 2,825600,China,kg,1004.3333333333334,44.33,0.833,Multi-agent debate consensus
Night Vision Goggles,Image Intensifier Tube,0.92,"Strong consensus from multiple agents (Agent1, Agent2, Agent3) with average confidence 0.87, and a clear practical role in night vision goggles.",Germanium,0.95,Round 3 refinement with peer support: 2,825600,Japan,kg,236.0,16.17,0.75,Second largest producer with consistent output; industry reports confirm.
Night Vision Goggles,Image Intensifier Tube,0.92,"Strong consensus from multiple agents (Agent1, Agent2, Agent3) with average confidence 0.87, and a clear practical role in night vision goggles.",Germanium,0.95,Round 3 refinement with peer support: 2,825600,Germany,kg,82.66666666666667,4.67,0.833,Primary production with significant refining capacity; comprehensive industry statistics.
Night Vision Goggles,Image Intensifier Tube,0.92,"Strong consensus from multiple agents (Agent1, Agent2, Agent3) with average confidence 0.87, and a clear practical role in night vision goggles.",Germanium,0.95,Round 3 refinement with peer support: 2,825600,South Korea,kg,90.0,7.8,0.725,Fifth major producer with moderate growth potential.
Night Vision Goggles,Image Intensifier Tube,0.92,"Strong consensus from multiple agents (Agent1, Agent2, Agent3) with average confidence 0.87, and a clear practical role in night vision goggles.",Germanium,0.95,Round 3 refinement with peer support: 2,825600,USA,kg,50.0,5.45,0.75,Third major producer with steady output; USGS data for 2023 is the most recent and reliable.
Night Vision Goggles,Image Intensifier Tube,0.92,"Strong consensus from multiple agents (Agent1, Agent2, Agent3) with average confidence 0.87, and a clear practical role in night vision goggles.",Aluminum gallium arsenide,0.85,Round 3 refinement with peer support: 1,282890,Japan,metric tons,25466.666666666668,22.33,0.733,A major producer with significant refining capabilities for semiconductors.
Night Vision Goggles,Image Intensifier Tube,0.92,"Strong consensus from multiple agents (Agent1, Agent2, Agent3) with average confidence 0.87, and a clear practical role in night vision goggles.",Aluminum gallium arsenide,0.85,Round 3 refinement with peer support: 1,282890,China,metric tons,25066.666666666668,31.33,0.817,"Based on recent USGS reports, China is the leading producer of gallium."
Night Vision Goggles,Image Intensifier Tube,0.92,"Strong consensus from multiple agents (Agent1, Agent2, Agent3) with average confidence 0.87, and a clear practical role in night vision goggles.",Aluminum gallium arsenide,0.85,Round 3 refinement with peer support: 1,282890,United States,metric tons,46600.0,37.5,0.675,Based on U.S. Geological Survey's data and reports from academic researchers.
Night Vision Goggles,Image Intensifier Tube,0.92,"Strong consensus from multiple agents (Agent1, Agent2, Agent3) with average confidence 0.87, and a clear practical role in night vision goggles.",Aluminum gallium arsenide,0.85,Round 3 refinement with peer support: 1,282890,South Korea,metric tons,25320.0,10.5,0.65,South Korea hosts major semiconductor manufacturers like Samsung and SK Hynix.
Night Vision Goggles,Image Intensifier Tube,0.92,"Strong consensus from multiple agents (Agent1, Agent2, Agent3) with average confidence 0.87, and a clear practical role in night vision goggles.",Aluminum gallium arsenide,0.85,Round 3 refinement with peer support: 1,282890,Germany,metric tons,7200.0,5.0,0.675,Germany hosts significant industrial and technological centers in the semiconductor sector.
Night Vision Goggles,Image Intensifier Tube,0.92,"Strong consensus from multiple agents (Agent1, Agent2, Agent3) with average confidence 0.87, and a clear practical role in night vision goggles.",Boron trioxide,0.7,Round 3 refinement with peer support: 0,281000,China,metric tons,66000.0,27.33,0.873,Based on recent reports from the China Geological Survey; significant mining operations.
Night Vision Goggles,Image Intensifier Tube,0.92,"Strong consensus from multiple agents (Agent1, Agent2, Agent3) with average confidence 0.87, and a clear practical role in night vision goggles.",Boron trioxide,0.7,Round 3 refinement with peer support: 0,281000,Turkey,metric tons,9666.666666666666,18.0,0.783,Multi-agent debate consensus
Night Vision Goggles,Image Intensifier Tube,0.92,"Strong consensus from multiple agents (Agent1, Agent2, Agent3) with average confidence 0.87, and a clear practical role in night vision goggles.",Boron trioxide,0.7,Round 3 refinement with peer support: 0,281000,United States,metric tons,40040.0,10.08,0.833,Multi-agent debate consensus
Night Vision Goggles,Image Intensifier Tube,0.92,"Strong consensus from multiple agents (Agent1, Agent2, Agent3) with average confidence 0.87, and a clear practical role in night vision goggles.",Boron trioxide,0.7,Round 3 refinement with peer support: 0,281000,Australia,metric tons,24000.0,6.0,0.85,Australian Mining Reports; reliable data source for primary production.
Night Vision Goggles,Image Intensifier Tube,0.92,"Strong consensus from multiple agents (Agent1, Agent2, Agent3) with average confidence 0.87, and a clear practical role in night vision goggles.",Boron trioxide,0.7,Round 3 refinement with peer support: 0,281000,India,metric tons,12100.0,3.2,0.75,Multi-agent debate consensus
Night Vision Goggles,Image Intensifier Tube,0.92,"Strong consensus from multiple agents (Agent1, Agent2, Agent3) with average confidence 0.87, and a clear practical role in night vision goggles.",Aluminum,0.7,Round 3 refinement with peer support: 0,280300,CHINA,THOUSAND METRIC TONS,41000.0,58.57,0.95,USGS Mineral Commodity Summaries 2024/2023 - authoritative U.S. government production data with global coverage
Night Vision Goggles,Image Intensifier Tube,0.92,"Strong consensus from multiple agents (Agent1, Agent2, Agent3) with average confidence 0.87, and a clear practical role in night vision goggles.",Aluminum,0.7,Round 3 refinement with peer support: 0,280300,OTHER,THOUSAND METRIC TONS,7000.0,10.0,0.95,USGS Mineral Commodity Summaries 2024/2023 - authoritative U.S. government production data with global coverage
Night Vision Goggles,Image Intensifier Tube,0.92,"Strong consensus from multiple agents (Agent1, Agent2, Agent3) with average confidence 0.87, and a clear practical role in night vision goggles.",Aluminum,0.7,Round 3 refinement with peer support: 0,280300,INDIA,THOUSAND METRIC TONS,4100.0,5.86,0.95,USGS Mineral Commodity Summaries 2024/2023 - authoritative U.S. government production data with global coverage
Night Vision Goggles,Image Intensifier Tube,0.92,"Strong consensus from multiple agents (Agent1, Agent2, Agent3) with average confidence 0.87, and a clear practical role in night vision goggles.",Aluminum,0.7,Round 3 refinement with peer support: 0,280300,RUSSIA,THOUSAND METRIC TONS,3800.0,5.43,0.95,USGS Mineral Commodity Summaries 2024/2023 - authoritative U.S. government production data with global coverage
Night Vision Goggles,Image Intensifier Tube,0.92,"Strong consensus from multiple agents (Agent1, Agent2, Agent3) with average confidence 0.87, and a clear practical role in night vision goggles.",Aluminum,0.7,Round 3 refinement with peer support: 0,280300,CANADA,THOUSAND METRIC TONS,3000.0,4.29,0.95,USGS Mineral Commodity Summaries 2024/2023 - authoritative U.S. government production data with global coverage
Night Vision Goggles,Cooling System,0.92,Strong consensus from multiple agents including Agent2 with average confidence 0.92 and critical in some advanced systems as noted by peers.,Aluminum,0.883,Round 3 refinement with peer support: 2,280300,CHINA,THOUSAND METRIC TONS,41000.0,58.57,0.95,USGS Mineral Commodity Summaries 2024/2023 - authoritative U.S. government production data with global coverage
Night Vision Goggles,Cooling System,0.92,Strong consensus from multiple agents including Agent2 with average confidence 0.92 and critical in some advanced systems as noted by peers.,Aluminum,0.883,Round 3 refinement with peer support: 2,280300,OTHER,THOUSAND METRIC TONS,7000.0,10.0,0.95,USGS Mineral Commodity Summaries 2024/2023 - authoritative U.S. government production data with global coverage
Night Vision Goggles,Cooling System,0.92,Strong consensus from multiple agents including Agent2 with average confidence 0.92 and critical in some advanced systems as noted by peers.,Aluminum,0.883,Round 3 refinement with peer support: 2,280300,INDIA,THOUSAND METRIC TONS,4100.0,5.86,0.95,USGS Mineral Commodity Summaries 2024/2023 - authoritative U.S. government production data with global coverage
Night Vision Goggles,Cooling System,0.92,Strong consensus from multiple agents including Agent2 with average confidence 0.92 and critical in some advanced systems as noted by peers.,Aluminum,0.883,Round 3 refinement with peer support: 2,280300,RUSSIA,THOUSAND METRIC TONS,3800.0,5.43,0.95,USGS Mineral Commodity Summaries 2024/2023 - authoritative U.S. government production data with global coverage
Night Vision Goggles,Cooling System,0.92,Strong consensus from multiple agents including Agent2 with average confidence 0.92 and critical in some advanced systems as noted by peers.,Aluminum,0.883,Round 3 refinement with peer support: 2,280300,CANADA,THOUSAND METRIC TONS,3000.0,4.29,0.95,USGS Mineral Commodity Summaries 2024/2023 - authoritative U.S. government production data with global coverage
Night Vision Goggles,Cooling System,0.92,Strong consensus from multiple agents including Agent2 with average confidence 0.92 and critical in some advanced systems as noted by peers.,Silver,0.7,Round 3 refinement with peer support: 0,710610,MEXICO,METRIC TONS,6400.0,24.62,0.95,USGS Mineral Commodity Summaries 2024/2023 - authoritative U.S. government production data with global coverage
Night Vision Goggles,Cooling System,0.92,Strong consensus from multiple agents including Agent2 with average confidence 0.92 and critical in some advanced systems as noted by peers.,Silver,0.7,Round 3 refinement with peer support: 0,710610,CHINA,METRIC TONS,3400.0,13.08,0.95,USGS Mineral Commodity Summaries 2024/2023 - authoritative U.S. government production data with global coverage
Night Vision Goggles,Cooling System,0.92,Strong consensus from multiple agents including Agent2 with average confidence 0.92 and critical in some advanced systems as noted by peers.,Silver,0.7,Round 3 refinement with peer support: 0,710610,PERU,METRIC TONS,3100.0,11.92,0.95,USGS Mineral Commodity Summaries 2024/2023 - authoritative U.S. government production data with global coverage
Night Vision Goggles,Cooling System,0.92,Strong consensus from multiple agents including Agent2 with average confidence 0.92 and critical in some advanced systems as noted by peers.,Silver,0.7,Round 3 refinement with peer support: 0,710610,OTHER,METRIC TONS,3000.0,11.54,0.95,USGS Mineral Commodity Summaries 2024/2023 - authoritative U.S. government production data with global coverage
Night Vision Goggles,Cooling System,0.92,Strong consensus from multiple agents including Agent2 with average confidence 0.92 and critical in some advanced systems as noted by peers.,Silver,0.7,Round 3 refinement with peer support: 0,710610,CHILE,METRIC TONS,1400.0,5.38,0.95,USGS Mineral Commodity Summaries 2024/2023 - authoritative U.S. government production data with global coverage
Night Vision Goggles,Infrared Sensor,0.9,Most night vision goggles use IR sensors as the primary imaging technology. This is a well-established and industry-standard component.,Bismuth telluride,0.7,Round 3 refinement with peer support: 0,284390,China,metric tons,1958.3333333333333,23.33,0.767,Multi-agent debate consensus
Night Vision Goggles,Infrared Sensor,0.9,Most night vision goggles use IR sensors as the primary imaging technology. This is a well-established and industry-standard component.,Bismuth telluride,0.7,Round 3 refinement with peer support: 0,284390,Russia,metric tons,380.0,6.67,0.75,Multi-agent debate consensus
Night Vision Goggles,Infrared Sensor,0.9,Most night vision goggles use IR sensors as the primary imaging technology. This is a well-established and industry-standard component.,Bismuth telluride,0.7,Round 3 refinement with peer support: 0,284390,Canada,metric tons,1339.3333333333333,8.27,0.75,Multi-agent debate consensus
Night Vision Goggles,Infrared Sensor,0.9,Most night vision goggles use IR sensors as the primary imaging technology. This is a well-established and industry-standard component.,Bismuth telluride,0.7,Round 3 refinement with peer support: 0,284390,United States,metric tons,325.0,15.0,0.8,Multi-agent debate consensus
Night Vision Goggles,Infrared Sensor,0.9,Most night vision goggles use IR sensors as the primary imaging technology. This is a well-established and industry-standard component.,Bismuth telluride,0.7,Round 3 refinement with peer support: 0,284390,Japan,metric tons,430.6666666666667,3.67,0.767,Multi-agent debate consensus
Night Vision Goggles,Infrared Sensor,0.9,Most night vision goggles use IR sensors as the primary imaging technology. This is a well-established and industry-standard component.,Germanium,0.7,Round 3 refinement with peer support: 0,825600,China,kg,1004.3333333333334,44.33,0.833,Multi-agent debate consensus
Night Vision Goggles,Infrared Sensor,0.9,Most night vision goggles use IR sensors as the primary imaging technology. This is a well-established and industry-standard component.,Germanium,0.7,Round 3 refinement with peer support: 0,825600,Japan,kg,236.0,16.17,0.75,Second largest producer with consistent output; industry reports confirm.
Night Vision Goggles,Infrared Sensor,0.9,Most night vision goggles use IR sensors as the primary imaging technology. This is a well-established and industry-standard component.,Germanium,0.7,Round 3 refinement with peer support: 0,825600,Germany,kg,82.66666666666667,4.67,0.833,Primary production with significant refining capacity; comprehensive industry statistics.
Night Vision Goggles,Infrared Sensor,0.9,Most night vision goggles use IR sensors as the primary imaging technology. This is a well-established and industry-standard component.,Germanium,0.7,Round 3 refinement with peer support: 0,825600,South Korea,kg,90.0,7.8,0.725,Fifth major producer with moderate growth potential.
Night Vision Goggles,Infrared Sensor,0.9,Most night vision goggles use IR sensors as the primary imaging technology. This is a well-established and industry-standard component.,Germanium,0.7,Round 3 refinement with peer support: 0,825600,USA,kg,50.0,5.45,0.75,Third major producer with steady output; USGS data for 2023 is the most recent and reliable.
Night Vision Goggles,Lens System,0.85,"Consistent support across some agents, but only one instance by Agent1 (average confidence 0.85). Peer critiques suggest reconsideration if not critically justified.",Borosilicate glass,0.8,Round 3 refinement with peer support: 1,700800,China,metric tons,51491666.666666664,41.67,0.833,Multi-agent debate consensus
Night Vision Goggles,Lens System,0.85,"Consistent support across some agents, but only one instance by Agent1 (average confidence 0.85). Peer critiques suggest reconsideration if not critically justified.",Borosilicate glass,0.8,Round 3 refinement with peer support: 1,700800,Germany,metric tons,20445000.0,14.0,0.817,Germany's reputation in precision and high-quality glass production supports this estimate.
Night Vision Goggles,Lens System,0.85,"Consistent support across some agents, but only one instance by Agent1 (average confidence 0.85). Peer critiques suggest reconsideration if not critically justified.",Borosilicate glass,0.8,Round 3 refinement with peer support: 1,700800,Japan,metric tons,25300000.0,12.67,0.85,Japanese manufacturers are known for their expertise in borosilicate glass.
Night Vision Goggles,Lens System,0.85,"Consistent support across some agents, but only one instance by Agent1 (average confidence 0.85). Peer critiques suggest reconsideration if not critically justified.",Borosilicate glass,0.8,Round 3 refinement with peer support: 1,700800,United States,metric tons,10150333.333333334,9.0,0.783,Multi-agent debate consensus
Night Vision Goggles,Lens System,0.85,"Consistent support across some agents, but only one instance by Agent1 (average confidence 0.85). Peer critiques suggest reconsideration if not critically justified.",Borosilicate glass,0.8,Round 3 refinement with peer support: 1,700800,Italy,metric tons,8432333.333333334,5.33,0.7,Historically important in specialized glass manufacturing but specific borosilicate data might exist elsewhere.
Night Vision Goggles,Lens System,0.85,"Consistent support across some agents, but only one instance by Agent1 (average confidence 0.85). Peer critiques suggest reconsideration if not critically justified.",Bromophenol blue,0.7,Round 3 refinement with peer support: 0,320419,Germany,kg,808833.3333333334,26.67,0.75,Major chemical producer with comprehensive industry data
Night Vision Goggles,Lens System,0.85,"Consistent support across some agents, but only one instance by Agent1 (average confidence 0.85). Peer critiques suggest reconsideration if not critically justified.",Bromophenol blue,0.7,Round 3 refinement with peer support: 0,320419,Japan,kg,245750.0,14.33,0.817,Japan is another major player in the specialty chemicals market but lacks recent specific data.
Night Vision Goggles,Lens System,0.85,"Consistent support across some agents, but only one instance by Agent1 (average confidence 0.85). Peer critiques suggest reconsideration if not critically justified.",Bromophenol blue,0.7,Round 3 refinement with peer support: 0,320419,China,kg,4004166.6666666665,24.33,0.717,Based on industry reports suggesting China as the leading producer with roughly half of global production.
Night Vision Goggles,Lens System,0.85,"Consistent support across some agents, but only one instance by Agent1 (average confidence 0.85). Peer critiques suggest reconsideration if not critically justified.",Bromophenol blue,0.7,Round 3 refinement with peer support: 0,320419,United States,kg,2402875.0,16.67,0.75,Significant production in major chemical hubs like Texas and New Jersey; data from US Department of Commerce reports.
Night Vision Goggles,Lens System,0.85,"Consistent support across some agents, but only one instance by Agent1 (average confidence 0.85). Peer critiques suggest reconsideration if not critically justified.",Bromophenol blue,0.7,Round 3 refinement with peer support: 0,320419,France,kg,121416.66666666667,3.5,0.717,Robust chemical sector supporting pH indicator production; data from French trade associations.
Night Vision Goggles,Lens System,0.85,"Consistent support across some agents, but only one instance by Agent1 (average confidence 0.85). Peer critiques suggest reconsideration if not critically justified.",Barium titanate,0.7,Round 3 refinement with peer support: 0,282590,China,metric tons,15250.0,47.5,0.825,Based on recent industry reports highlighting China's dominant position in advanced materials production
Night Vision Goggles,Lens System,0.85,"Consistent support across some agents, but only one instance by Agent1 (average confidence 0.85). Peer critiques suggest reconsideration if not critically justified.",Barium titanate,0.7,Round 3 refinement with peer support: 0,282590,Japan,metric tons,6150.0,22.5,0.75,Japan has significant ceramic production and is a leading consumer of Barium Titanate; data from major Japanese industry associations
Night Vision Goggles,Lens System,0.85,"Consistent support across some agents, but only one instance by Agent1 (average confidence 0.85). Peer critiques suggest reconsideration if not critically justified.",Barium titanate,0.7,Round 3 refinement with peer support: 0,282590,Germany,metric tons,3075.0,11.5,0.8,Multi-agent debate consensus
Night Vision Goggles,Lens System,0.85,"Consistent support across some agents, but only one instance by Agent1 (average confidence 0.85). Peer critiques suggest reconsideration if not critically justified.",Barium titanate,0.7,Round 3 refinement with peer support: 0,282590,South Korea,metric tons,2137.5,6.5,0.725,Industrial and technological hub with substantial electronic components manufacturing involving Barium Titanate; industry report estimates
Night Vision Goggles,Lens System,0.85,"Consistent support across some agents, but only one instance by Agent1 (average confidence 0.85). Peer critiques suggest reconsideration if not critically justified.",Barium titanate,0.7,Round 3 refinement with peer support: 0,282590,Italy,metric tons,1507.5,3.15,0.675,Significant producer in ceramic and electronic industries; reliable data from national geological survey with caveats on data reporting
Night Vision Goggles,Optical Lens Assembly,0.85,"While there was little direct support for this exact component, its role aligns closely with the optical coating proposal from other agents. Given its critical function in directing light properly through the system, a moderate confidence of 0.85 is warranted.",Acrylic,0.775,Round 3 refinement with peer support: 1,390690,China,metric tons,1722428.281333333,39.0,0.867,Multi-agent debate consensus
Night Vision Goggles,Optical Lens Assembly,0.85,"While there was little direct support for this exact component, its role aligns closely with the optical coating proposal from other agents. Given its critical function in directing light properly through the system, a moderate confidence of 0.85 is warranted.",Acrylic,0.775,Round 3 refinement with peer support: 1,390690,South Korea,metric tons,657188.608,17.08,0.817,Multi-agent debate consensus
Night Vision Goggles,Optical Lens Assembly,0.85,"While there was little direct support for this exact component, its role aligns closely with the optical coating proposal from other agents. Given its critical function in directing light properly through the system, a moderate confidence of 0.85 is warranted.",Acrylic,0.775,Round 3 refinement with peer support: 1,390690,Japan,metric tons,643398.12,14.61,0.75,Multi-agent debate consensus
Night Vision Goggles,Optical Lens Assembly,0.85,"While there was little direct support for this exact component, its role aligns closely with the optical coating proposal from other agents. Given its critical function in directing light properly through the system, a moderate confidence of 0.85 is warranted.",Acrylic,0.775,Round 3 refinement with peer support: 1,390690,United States,metric tons,210479.68166666667,4.18,0.65,Multi-agent debate consensus
Night Vision Goggles,Optical Lens Assembly,0.85,"While there was little direct support for this exact component, its role aligns closely with the optical coating proposal from other agents. Given its critical function in directing light properly through the system, a moderate confidence of 0.85 is warranted.",Acrylic,0.775,Round 3 refinement with peer support: 1,390690,Taiwan,metric tons,295069.31233333336,9.2,0.717,Based on recent industry reports and data from polymer companies.
Night Vision Goggles,Optical Lens Assembly,0.85,"While there was little direct support for this exact component, its role aligns closely with the optical coating proposal from other agents. Given its critical function in directing light properly through the system, a moderate confidence of 0.85 is warranted.",Glass,0.7,Round 3 refinement with peer support: 0,700800,China,metric tons,154933333.33333334,41.67,0.84,Multi-agent debate consensus
Night Vision Goggles,Optical Lens Assembly,0.85,"While there was little direct support for this exact component, its role aligns closely with the optical coating proposal from other agents. Given its critical function in directing light properly through the system, a moderate confidence of 0.85 is warranted.",Glass,0.7,Round 3 refinement with peer support: 0,700800,United States,metric tons,118866666.66666667,19.67,0.853,Multi-agent debate consensus
Night Vision Goggles,Optical Lens Assembly,0.85,"While there was little direct support for this exact component, its role aligns closely with the optical coating proposal from other agents. Given its critical function in directing light properly through the system, a moderate confidence of 0.85 is warranted.",Glass,0.7,Round 3 refinement with peer support: 0,700800,India,metric tons,51666666.666666664,12.33,0.893,Multi-agent debate consensus
Night Vision Goggles,Optical Lens Assembly,0.85,"While there was little direct support for this exact component, its role aligns closely with the optical coating proposal from other agents. Given its critical function in directing light properly through the system, a moderate confidence of 0.85 is warranted.",Glass,0.7,Round 3 refinement with peer support: 0,700800,Germany,metric tons,20900000.0,5.67,0.82,Multi-agent debate consensus
Night Vision Goggles,Optical Lens Assembly,0.85,"While there was little direct support for this exact component, its role aligns closely with the optical coating proposal from other agents. Given its critical function in directing light properly through the system, a moderate confidence of 0.85 is warranted.",Glass,0.7,Round 3 refinement with peer support: 0,700800,Japan,metric tons,40350000.0,5.83,0.76,Multi-agent debate consensus
MRI Machine,Magnet,1.0,"Both permanent magnets and superconducting magnets are critical for generating the necessary magnetic fields in an MRI machine. The consensus among multiple agents suggests their importance, and they lack significant disagreement.",Aluminum,0.95,Round 3 refinement with peer support: 2,280300,CHINA,THOUSAND METRIC TONS,41000.0,58.57,0.95,USGS Mineral Commodity Summaries 2024/2023 - authoritative U.S. government production data with global coverage
MRI Machine,Magnet,1.0,"Both permanent magnets and superconducting magnets are critical for generating the necessary magnetic fields in an MRI machine. The consensus among multiple agents suggests their importance, and they lack significant disagreement.",Aluminum,0.95,Round 3 refinement with peer support: 2,280300,OTHER,THOUSAND METRIC TONS,7000.0,10.0,0.95,USGS Mineral Commodity Summaries 2024/2023 - authoritative U.S. government production data with global coverage
MRI Machine,Magnet,1.0,"Both permanent magnets and superconducting magnets are critical for generating the necessary magnetic fields in an MRI machine. The consensus among multiple agents suggests their importance, and they lack significant disagreement.",Aluminum,0.95,Round 3 refinement with peer support: 2,280300,INDIA,THOUSAND METRIC TONS,4100.0,5.86,0.95,USGS Mineral Commodity Summaries 2024/2023 - authoritative U.S. government production data with global coverage
MRI Machine,Magnet,1.0,"Both permanent magnets and superconducting magnets are critical for generating the necessary magnetic fields in an MRI machine. The consensus among multiple agents suggests their importance, and they lack significant disagreement.",Aluminum,0.95,Round 3 refinement with peer support: 2,280300,RUSSIA,THOUSAND METRIC TONS,3800.0,5.43,0.95,USGS Mineral Commodity Summaries 2024/2023 - authoritative U.S. government production data with global coverage
MRI Machine,Magnet,1.0,"Both permanent magnets and superconducting magnets are critical for generating the necessary magnetic fields in an MRI machine. The consensus among multiple agents suggests their importance, and they lack significant disagreement.",Aluminum,0.95,Round 3 refinement with peer support: 2,280300,CANADA,THOUSAND METRIC TONS,3000.0,4.29,0.95,USGS Mineral Commodity Summaries 2024/2023 - authoritative U.S. government production data with global coverage
MRI Machine,Magnet,1.0,"Both permanent magnets and superconducting magnets are critical for generating the necessary magnetic fields in an MRI machine. The consensus among multiple agents suggests their importance, and they lack significant disagreement.",Bismuth telluride,0.85,Round 3 refinement with peer support: 1,284390,China,metric tons,1958.3333333333333,23.33,0.767,Multi-agent debate consensus
MRI Machine,Magnet,1.0,"Both permanent magnets and superconducting magnets are critical for generating the necessary magnetic fields in an MRI machine. The consensus among multiple agents suggests their importance, and they lack significant disagreement.",Bismuth telluride,0.85,Round 3 refinement with peer support: 1,284390,Russia,metric tons,380.0,6.67,0.75,Multi-agent debate consensus
MRI Machine,Magnet,1.0,"Both permanent magnets and superconducting magnets are critical for generating the necessary magnetic fields in an MRI machine. The consensus among multiple agents suggests their importance, and they lack significant disagreement.",Bismuth telluride,0.85,Round 3 refinement with peer support: 1,284390,Canada,metric tons,1339.3333333333333,8.27,0.75,Multi-agent debate consensus
MRI Machine,Magnet,1.0,"Both permanent magnets and superconducting magnets are critical for generating the necessary magnetic fields in an MRI machine. The consensus among multiple agents suggests their importance, and they lack significant disagreement.",Bismuth telluride,0.85,Round 3 refinement with peer support: 1,284390,United States,metric tons,325.0,15.0,0.8,Multi-agent debate consensus
MRI Machine,Magnet,1.0,"Both permanent magnets and superconducting magnets are critical for generating the necessary magnetic fields in an MRI machine. The consensus among multiple agents suggests their importance, and they lack significant disagreement.",Bismuth telluride,0.85,Round 3 refinement with peer support: 1,284390,Japan,metric tons,430.6666666666667,3.67,0.767,Multi-agent debate consensus
MRI Machine,Magnet,1.0,"Both permanent magnets and superconducting magnets are critical for generating the necessary magnetic fields in an MRI machine. The consensus among multiple agents suggests their importance, and they lack significant disagreement.",Boron trioxide,0.7,Round 3 refinement with peer support: 0,281000,China,metric tons,66000.0,27.33,0.873,Based on recent reports from the China Geological Survey; significant mining operations.
MRI Machine,Magnet,1.0,"Both permanent magnets and superconducting magnets are critical for generating the necessary magnetic fields in an MRI machine. The consensus among multiple agents suggests their importance, and they lack significant disagreement.",Boron trioxide,0.7,Round 3 refinement with peer support: 0,281000,Turkey,metric tons,9666.666666666666,18.0,0.783,Multi-agent debate consensus
MRI Machine,Magnet,1.0,"Both permanent magnets and superconducting magnets are critical for generating the necessary magnetic fields in an MRI machine. The consensus among multiple agents suggests their importance, and they lack significant disagreement.",Boron trioxide,0.7,Round 3 refinement with peer support: 0,281000,United States,metric tons,40040.0,10.08,0.833,Multi-agent debate consensus
MRI Machine,Magnet,1.0,"Both permanent magnets and superconducting magnets are critical for generating the necessary magnetic fields in an MRI machine. The consensus among multiple agents suggests their importance, and they lack significant disagreement.",Boron trioxide,0.7,Round 3 refinement with peer support: 0,281000,Australia,metric tons,24000.0,6.0,0.85,Australian Mining Reports; reliable data source for primary production.
MRI Machine,Magnet,1.0,"Both permanent magnets and superconducting magnets are critical for generating the necessary magnetic fields in an MRI machine. The consensus among multiple agents suggests their importance, and they lack significant disagreement.",Boron trioxide,0.7,Round 3 refinement with peer support: 0,281000,India,metric tons,12100.0,3.2,0.75,Multi-agent debate consensus
MRI Machine,Magnet,1.0,"Both permanent magnets and superconducting magnets are critical for generating the necessary magnetic fields in an MRI machine. The consensus among multiple agents suggests their importance, and they lack significant disagreement.",Barium titanate,0.7,Round 3 refinement with peer support: 0,282590,China,metric tons,15250.0,47.5,0.825,Based on recent industry reports highlighting China's dominant position in advanced materials production
MRI Machine,Magnet,1.0,"Both permanent magnets and superconducting magnets are critical for generating the necessary magnetic fields in an MRI machine. The consensus among multiple agents suggests their importance, and they lack significant disagreement.",Barium titanate,0.7,Round 3 refinement with peer support: 0,282590,Japan,metric tons,6150.0,22.5,0.75,Japan has significant ceramic production and is a leading consumer of Barium Titanate; data from major Japanese industry associations
MRI Machine,Magnet,1.0,"Both permanent magnets and superconducting magnets are critical for generating the necessary magnetic fields in an MRI machine. The consensus among multiple agents suggests their importance, and they lack significant disagreement.",Barium titanate,0.7,Round 3 refinement with peer support: 0,282590,Germany,metric tons,3075.0,11.5,0.8,Multi-agent debate consensus
MRI Machine,Magnet,1.0,"Both permanent magnets and superconducting magnets are critical for generating the necessary magnetic fields in an MRI machine. The consensus among multiple agents suggests their importance, and they lack significant disagreement.",Barium titanate,0.7,Round 3 refinement with peer support: 0,282590,South Korea,metric tons,2137.5,6.5,0.725,Industrial and technological hub with substantial electronic components manufacturing involving Barium Titanate; industry report estimates
MRI Machine,Magnet,1.0,"Both permanent magnets and superconducting magnets are critical for generating the necessary magnetic fields in an MRI machine. The consensus among multiple agents suggests their importance, and they lack significant disagreement.",Barium titanate,0.7,Round 3 refinement with peer support: 0,282590,Italy,metric tons,1507.5,3.15,0.675,Significant producer in ceramic and electronic industries; reliable data from national geological survey with caveats on data reporting
MRI Machine,Gradient Coils,0.97,"Strong majority (3 out of 4) agree on this key component, demonstrating solid peer agreement. Gradient coils are essential for spatial encoding and image formation in MRI machines.",Aluminum nitride,0.85,Round 3 refinement with peer support: 1,285000,China,metric tons,12500.0,46.5,0.76,Multi-agent debate consensus
MRI Machine,Gradient Coils,0.97,"Strong majority (3 out of 4) agree on this key component, demonstrating solid peer agreement. Gradient coils are essential for spatial encoding and image formation in MRI machines.",Aluminum nitride,0.85,Round 3 refinement with peer support: 1,285000,Japan,metric tons,14076.5,26.5,0.74,Multi-agent debate consensus
MRI Machine,Gradient Coils,0.97,"Strong majority (3 out of 4) agree on this key component, demonstrating solid peer agreement. Gradient coils are essential for spatial encoding and image formation in MRI machines.",Aluminum nitride,0.85,Round 3 refinement with peer support: 1,285000,United States,metric tons,3226.5,7.5,0.71,Multi-agent debate consensus
MRI Machine,Gradient Coils,0.97,"Strong majority (3 out of 4) agree on this key component, demonstrating solid peer agreement. Gradient coils are essential for spatial encoding and image formation in MRI machines.",Aluminum nitride,0.85,Round 3 refinement with peer support: 1,285000,South Korea,metric tons,8709.5,14.0,0.69,Multi-agent debate consensus
MRI Machine,Gradient Coils,0.97,"Strong majority (3 out of 4) agree on this key component, demonstrating solid peer agreement. Gradient coils are essential for spatial encoding and image formation in MRI machines.",Aluminum nitride,0.85,Round 3 refinement with peer support: 1,285000,Germany,metric tons,2001.5,4.5,0.665,Multi-agent debate consensus
MRI Machine,Gradient Coils,0.97,"Strong majority (3 out of 4) agree on this key component, demonstrating solid peer agreement. Gradient coils are essential for spatial encoding and image formation in MRI machines.",Copper,0.85,Round 3 refinement with peer support: 1,740100,CHINA,THOUSAND METRIC TONS,1700.0,3.47,0.95,USGS Mineral Commodity Summaries 2024/2023 - authoritative U.S. government production data with global coverage
MRI Machine,Gradient Coils,0.97,"Strong majority (3 out of 4) agree on this key component, demonstrating solid peer agreement. Gradient coils are essential for spatial encoding and image formation in MRI machines.",Copper,0.85,Round 3 refinement with peer support: 1,740100,CHILE,THOUSAND METRIC TONS,5000.0,10.2,0.95,USGS Mineral Commodity Summaries 2024/2023 - authoritative U.S. government production data with global coverage
MRI Machine,Gradient Coils,0.97,"Strong majority (3 out of 4) agree on this key component, demonstrating solid peer agreement. Gradient coils are essential for spatial encoding and image formation in MRI machines.",Copper,0.85,Round 3 refinement with peer support: 1,740100,OTHER,THOUSAND METRIC TONS,3100.0,6.33,0.95,USGS Mineral Commodity Summaries 2024/2023 - authoritative U.S. government production data with global coverage
MRI Machine,Gradient Coils,0.97,"Strong majority (3 out of 4) agree on this key component, demonstrating solid peer agreement. Gradient coils are essential for spatial encoding and image formation in MRI machines.",Copper,0.85,Round 3 refinement with peer support: 1,740100,CONGO,THOUSAND METRIC TONS,2500.0,5.1,0.95,USGS Mineral Commodity Summaries 2024/2023 - authoritative U.S. government production data with global coverage
MRI Machine,Gradient Coils,0.97,"Strong majority (3 out of 4) agree on this key component, demonstrating solid peer agreement. Gradient coils are essential for spatial encoding and image formation in MRI machines.",Copper,0.85,Round 3 refinement with peer support: 1,740100,PERU,THOUSAND METRIC TONS,2600.0,5.31,0.95,USGS Mineral Commodity Summaries 2024/2023 - authoritative U.S. government production data with global coverage
MRI Machine,Gradient Coils,0.97,"Strong majority (3 out of 4) agree on this key component, demonstrating solid peer agreement. Gradient coils are essential for spatial encoding and image formation in MRI machines.",Nickel,0.7,Round 3 refinement with peer support: 0,750110,INDONESIA,METRIC TONS,1800000.0,50.0,0.95,USGS Mineral Commodity Summaries 2024/2023 - authoritative U.S. government production data with global coverage
MRI Machine,Gradient Coils,0.97,"Strong majority (3 out of 4) agree on this key component, demonstrating solid peer agreement. Gradient coils are essential for spatial encoding and image formation in MRI machines.",Nickel,0.7,Round 3 refinement with peer support: 0,750110,PHILIPPINES,METRIC TONS,400000.0,11.11,0.95,USGS Mineral Commodity Summaries 2024/2023 - authoritative U.S. government production data with global coverage
MRI Machine,Gradient Coils,0.97,"Strong majority (3 out of 4) agree on this key component, demonstrating solid peer agreement. Gradient coils are essential for spatial encoding and image formation in MRI machines.",Nickel,0.7,Round 3 refinement with peer support: 0,750110,OTHER,METRIC TONS,380000.0,10.56,0.95,USGS Mineral Commodity Summaries 2024/2023 - authoritative U.S. government production data with global coverage
MRI Machine,Gradient Coils,0.97,"Strong majority (3 out of 4) agree on this key component, demonstrating solid peer agreement. Gradient coils are essential for spatial encoding and image formation in MRI machines.",Nickel,0.7,Round 3 refinement with peer support: 0,750110,NEW CALEDONIA,METRIC TONS,230000.0,6.39,0.95,USGS Mineral Commodity Summaries 2024/2023 - authoritative U.S. government production data with global coverage
MRI Machine,Gradient Coils,0.97,"Strong majority (3 out of 4) agree on this key component, demonstrating solid peer agreement. Gradient coils are essential for spatial encoding and image formation in MRI machines.",Nickel,0.7,Round 3 refinement with peer support: 0,750110,RUSSIA,METRIC TONS,200000.0,5.56,0.95,USGS Mineral Commodity Summaries 2024/2023 - authoritative U.S. government production data with global coverage
MRI Machine,Gradient Coils,0.97,"Strong majority (3 out of 4) agree on this key component, demonstrating solid peer agreement. Gradient coils are essential for spatial encoding and image formation in MRI machines.",Aluminum,0.7,Round 3 refinement with peer support: 0,280300,CHINA,THOUSAND METRIC TONS,41000.0,58.57,0.95,USGS Mineral Commodity Summaries 2024/2023 - authoritative U.S. government production data with global coverage
MRI Machine,Gradient Coils,0.97,"Strong majority (3 out of 4) agree on this key component, demonstrating solid peer agreement. Gradient coils are essential for spatial encoding and image formation in MRI machines.",Aluminum,0.7,Round 3 refinement with peer support: 0,280300,OTHER,THOUSAND METRIC TONS,7000.0,10.0,0.95,USGS Mineral Commodity Summaries 2024/2023 - authoritative U.S. government production data with global coverage
MRI Machine,Gradient Coils,0.97,"Strong majority (3 out of 4) agree on this key component, demonstrating solid peer agreement. Gradient coils are essential for spatial encoding and image formation in MRI machines.",Aluminum,0.7,Round 3 refinement with peer support: 0,280300,INDIA,THOUSAND METRIC TONS,4100.0,5.86,0.95,USGS Mineral Commodity Summaries 2024/2023 - authoritative U.S. government production data with global coverage
MRI Machine,Gradient Coils,0.97,"Strong majority (3 out of 4) agree on this key component, demonstrating solid peer agreement. Gradient coils are essential for spatial encoding and image formation in MRI machines.",Aluminum,0.7,Round 3 refinement with peer support: 0,280300,RUSSIA,THOUSAND METRIC TONS,3800.0,5.43,0.95,USGS Mineral Commodity Summaries 2024/2023 - authoritative U.S. government production data with global coverage
MRI Machine,Gradient Coils,0.97,"Strong majority (3 out of 4) agree on this key component, demonstrating solid peer agreement. Gradient coils are essential for spatial encoding and image formation in MRI machines.",Aluminum,0.7,Round 3 refinement with peer support: 0,280300,CANADA,THOUSAND METRIC TONS,3000.0,4.29,0.95,USGS Mineral Commodity Summaries 2024/2023 - authoritative U.S. government production data with global coverage
MRI Machine,Rf Coil,0.96,"Multi-agents support RF coilds, highlighting their critical role in transmitting and receiving radiofrequency signals essential for image acquisition through the MRI machine.",Copper,0.95,Round 3 refinement with peer support: 2,740100,CHINA,THOUSAND METRIC TONS,1700.0,3.47,0.95,USGS Mineral Commodity Summaries 2024/2023 - authoritative U.S. government production data with global coverage
MRI Machine,Rf Coil,0.96,"Multi-agents support RF coilds, highlighting their critical role in transmitting and receiving radiofrequency signals essential for image acquisition through the MRI machine.",Copper,0.95,Round 3 refinement with peer support: 2,740100,CHILE,THOUSAND METRIC TONS,5000.0,10.2,0.95,USGS Mineral Commodity Summaries 2024/2023 - authoritative U.S. government production data with global coverage
MRI Machine,Rf Coil,0.96,"Multi-agents support RF coilds, highlighting their critical role in transmitting and receiving radiofrequency signals essential for image acquisition through the MRI machine.",Copper,0.95,Round 3 refinement with peer support: 2,740100,OTHER,THOUSAND METRIC TONS,3100.0,6.33,0.95,USGS Mineral Commodity Summaries 2024/2023 - authoritative U.S. government production data with global coverage
MRI Machine,Rf Coil,0.96,"Multi-agents support RF coilds, highlighting their critical role in transmitting and receiving radiofrequency signals essential for image acquisition through the MRI machine.",Copper,0.95,Round 3 refinement with peer support: 2,740100,CONGO,THOUSAND METRIC TONS,2500.0,5.1,0.95,USGS Mineral Commodity Summaries 2024/2023 - authoritative U.S. government production data with global coverage
MRI Machine,Rf Coil,0.96,"Multi-agents support RF coilds, highlighting their critical role in transmitting and receiving radiofrequency signals essential for image acquisition through the MRI machine.",Copper,0.95,Round 3 refinement with peer support: 2,740100,PERU,THOUSAND METRIC TONS,2600.0,5.31,0.95,USGS Mineral Commodity Summaries 2024/2023 - authoritative U.S. government production data with global coverage
MRI Machine,Rf Coil,0.96,"Multi-agents support RF coilds, highlighting their critical role in transmitting and receiving radiofrequency signals essential for image acquisition through the MRI machine.",Silver,0.85,Round 3 refinement with peer support: 1,710610,MEXICO,METRIC TONS,6400.0,24.62,0.95,USGS Mineral Commodity Summaries 2024/2023 - authoritative U.S. government production data with global coverage
MRI Machine,Rf Coil,0.96,"Multi-agents support RF coilds, highlighting their critical role in transmitting and receiving radiofrequency signals essential for image acquisition through the MRI machine.",Silver,0.85,Round 3 refinement with peer support: 1,710610,CHINA,METRIC TONS,3400.0,13.08,0.95,USGS Mineral Commodity Summaries 2024/2023 - authoritative U.S. government production data with global coverage
MRI Machine,Rf Coil,0.96,"Multi-agents support RF coilds, highlighting their critical role in transmitting and receiving radiofrequency signals essential for image acquisition through the MRI machine.",Silver,0.85,Round 3 refinement with peer support: 1,710610,PERU,METRIC TONS,3100.0,11.92,0.95,USGS Mineral Commodity Summaries 2024/2023 - authoritative U.S. government production data with global coverage
MRI Machine,Rf Coil,0.96,"Multi-agents support RF coilds, highlighting their critical role in transmitting and receiving radiofrequency signals essential for image acquisition through the MRI machine.",Silver,0.85,Round 3 refinement with peer support: 1,710610,OTHER,METRIC TONS,3000.0,11.54,0.95,USGS Mineral Commodity Summaries 2024/2023 - authoritative U.S. government production data with global coverage
MRI Machine,Rf Coil,0.96,"Multi-agents support RF coilds, highlighting their critical role in transmitting and receiving radiofrequency signals essential for image acquisition through the MRI machine.",Silver,0.85,Round 3 refinement with peer support: 1,710610,CHILE,METRIC TONS,1400.0,5.38,0.95,USGS Mineral Commodity Summaries 2024/2023 - authoritative U.S. government production data with global coverage
MRI Machine,Rf Coil,0.96,"Multi-agents support RF coilds, highlighting their critical role in transmitting and receiving radiofrequency signals essential for image acquisition through the MRI machine.",Aluminum nitride,0.7,Round 3 refinement with peer support: 0,285000,China,metric tons,12500.0,46.5,0.76,Multi-agent debate consensus
MRI Machine,Rf Coil,0.96,"Multi-agents support RF coilds, highlighting their critical role in transmitting and receiving radiofrequency signals essential for image acquisition through the MRI machine.",Aluminum nitride,0.7,Round 3 refinement with peer support: 0,285000,Japan,metric tons,14076.5,26.5,0.74,Multi-agent debate consensus
MRI Machine,Rf Coil,0.96,"Multi-agents support RF coilds, highlighting their critical role in transmitting and receiving radiofrequency signals essential for image acquisition through the MRI machine.",Aluminum nitride,0.7,Round 3 refinement with peer support: 0,285000,United States,metric tons,3226.5,7.5,0.71,Multi-agent debate consensus
MRI Machine,Rf Coil,0.96,"Multi-agents support RF coilds, highlighting their critical role in transmitting and receiving radiofrequency signals essential for image acquisition through the MRI machine.",Aluminum nitride,0.7,Round 3 refinement with peer support: 0,285000,South Korea,metric tons,8709.5,14.0,0.69,Multi-agent debate consensus
MRI Machine,Rf Coil,0.96,"Multi-agents support RF coilds, highlighting their critical role in transmitting and receiving radiofrequency signals essential for image acquisition through the MRI machine.",Aluminum nitride,0.7,Round 3 refinement with peer support: 0,285000,Germany,metric tons,2001.5,4.5,0.665,Multi-agent debate consensus
MRI Machine,Rf Coil,0.96,"Multi-agents support RF coilds, highlighting their critical role in transmitting and receiving radiofrequency signals essential for image acquisition through the MRI machine.",Graphite,0.7,Round 3 refinement with peer support: 0,380110,CHINA,METRIC TONS,1230000.0,76.88,0.95,USGS Mineral Commodity Summaries 2024/2023 - authoritative U.S. government production data with global coverage
MRI Machine,Rf Coil,0.96,"Multi-agents support RF coilds, highlighting their critical role in transmitting and receiving radiofrequency signals essential for image acquisition through the MRI machine.",Graphite,0.7,Round 3 refinement with peer support: 0,380110,MADAGASCAR,METRIC TONS,100000.0,6.25,0.95,USGS Mineral Commodity Summaries 2024/2023 - authoritative U.S. government production data with global coverage
MRI Machine,Rf Coil,0.96,"Multi-agents support RF coilds, highlighting their critical role in transmitting and receiving radiofrequency signals essential for image acquisition through the MRI machine.",Graphite,0.7,Round 3 refinement with peer support: 0,380110,MOZAMBIQUE,METRIC TONS,96000.0,6.0,0.95,USGS Mineral Commodity Summaries 2024/2023 - authoritative U.S. government production data with global coverage
MRI Machine,Rf Coil,0.96,"Multi-agents support RF coilds, highlighting their critical role in transmitting and receiving radiofrequency signals essential for image acquisition through the MRI machine.",Graphite,0.7,Round 3 refinement with peer support: 0,380110,BRAZIL,METRIC TONS,73000.0,4.56,0.95,USGS Mineral Commodity Summaries 2024/2023 - authoritative U.S. government production data with global coverage
MRI Machine,Rf Coil,0.96,"Multi-agents support RF coilds, highlighting their critical role in transmitting and receiving radiofrequency signals essential for image acquisition through the MRI machine.",Graphite,0.7,Round 3 refinement with peer support: 0,380110,"KOREA, REPUBLIC OF",METRIC TONS,27000.0,1.69,0.95,USGS Mineral Commodity Summaries 2024/2023 - authoritative U.S. government production data with global coverage
MRI Machine,Computer And Data Acquisition System,0.96,"High confidence due to multi-agent support from Agents1,2,3. These systems are crucial for processing raw MRI data into diagnostic images, making them a primary component of MRI technology.",Copper,0.775,Round 3 refinement with peer support: 1,740100,CHINA,THOUSAND METRIC TONS,1700.0,3.47,0.95,USGS Mineral Commodity Summaries 2024/2023 - authoritative U.S. government production data with global coverage
MRI Machine,Computer And Data Acquisition System,0.96,"High confidence due to multi-agent support from Agents1,2,3. These systems are crucial for processing raw MRI data into diagnostic images, making them a primary component of MRI technology.",Copper,0.775,Round 3 refinement with peer support: 1,740100,CHILE,THOUSAND METRIC TONS,5000.0,10.2,0.95,USGS Mineral Commodity Summaries 2024/2023 - authoritative U.S. government production data with global coverage
MRI Machine,Computer And Data Acquisition System,0.96,"High confidence due to multi-agent support from Agents1,2,3. These systems are crucial for processing raw MRI data into diagnostic images, making them a primary component of MRI technology.",Copper,0.775,Round 3 refinement with peer support: 1,740100,OTHER,THOUSAND METRIC TONS,3100.0,6.33,0.95,USGS Mineral Commodity Summaries 2024/2023 - authoritative U.S. government production data with global coverage
MRI Machine,Computer And Data Acquisition System,0.96,"High confidence due to multi-agent support from Agents1,2,3. These systems are crucial for processing raw MRI data into diagnostic images, making them a primary component of MRI technology.",Copper,0.775,Round 3 refinement with peer support: 1,740100,CONGO,THOUSAND METRIC TONS,2500.0,5.1,0.95,USGS Mineral Commodity Summaries 2024/2023 - authoritative U.S. government production data with global coverage
MRI Machine,Computer And Data Acquisition System,0.96,"High confidence due to multi-agent support from Agents1,2,3. These systems are crucial for processing raw MRI data into diagnostic images, making them a primary component of MRI technology.",Copper,0.775,Round 3 refinement with peer support: 1,740100,PERU,THOUSAND METRIC TONS,2600.0,5.31,0.95,USGS Mineral Commodity Summaries 2024/2023 - authoritative U.S. government production data with global coverage
MRI Machine,Computer And Data Acquisition System,0.96,"High confidence due to multi-agent support from Agents1,2,3. These systems are crucial for processing raw MRI data into diagnostic images, making them a primary component of MRI technology.",Silver,0.7,Round 3 refinement with peer support: 0,710610,MEXICO,METRIC TONS,6400.0,24.62,0.95,USGS Mineral Commodity Summaries 2024/2023 - authoritative U.S. government production data with global coverage
MRI Machine,Computer And Data Acquisition System,0.96,"High confidence due to multi-agent support from Agents1,2,3. These systems are crucial for processing raw MRI data into diagnostic images, making them a primary component of MRI technology.",Silver,0.7,Round 3 refinement with peer support: 0,710610,CHINA,METRIC TONS,3400.0,13.08,0.95,USGS Mineral Commodity Summaries 2024/2023 - authoritative U.S. government production data with global coverage
MRI Machine,Computer And Data Acquisition System,0.96,"High confidence due to multi-agent support from Agents1,2,3. These systems are crucial for processing raw MRI data into diagnostic images, making them a primary component of MRI technology.",Silver,0.7,Round 3 refinement with peer support: 0,710610,PERU,METRIC TONS,3100.0,11.92,0.95,USGS Mineral Commodity Summaries 2024/2023 - authoritative U.S. government production data with global coverage
MRI Machine,Computer And Data Acquisition System,0.96,"High confidence due to multi-agent support from Agents1,2,3. These systems are crucial for processing raw MRI data into diagnostic images, making them a primary component of MRI technology.",Silver,0.7,Round 3 refinement with peer support: 0,710610,OTHER,METRIC TONS,3000.0,11.54,0.95,USGS Mineral Commodity Summaries 2024/2023 - authoritative U.S. government production data with global coverage
MRI Machine,Computer And Data Acquisition System,0.96,"High confidence due to multi-agent support from Agents1,2,3. These systems are crucial for processing raw MRI data into diagnostic images, making them a primary component of MRI technology.",Silver,0.7,Round 3 refinement with peer support: 0,710610,CHILE,METRIC TONS,1400.0,5.38,0.95,USGS Mineral Commodity Summaries 2024/2023 - authoritative U.S. government production data with global coverage
MRI Machine,Computer And Data Acquisition System,0.96,"High confidence due to multi-agent support from Agents1,2,3. These systems are crucial for processing raw MRI data into diagnostic images, making them a primary component of MRI technology.",Aluminum,0.7,Round 3 refinement with peer support: 0,280300,CHINA,THOUSAND METRIC TONS,41000.0,58.57,0.95,USGS Mineral Commodity Summaries 2024/2023 - authoritative U.S. government production data with global coverage
MRI Machine,Computer And Data Acquisition System,0.96,"High confidence due to multi-agent support from Agents1,2,3. These systems are crucial for processing raw MRI data into diagnostic images, making them a primary component of MRI technology.",Aluminum,0.7,Round 3 refinement with peer support: 0,280300,OTHER,THOUSAND METRIC TONS,7000.0,10.0,0.95,USGS Mineral Commodity Summaries 2024/2023 - authoritative U.S. government production data with global coverage
MRI Machine,Computer And Data Acquisition System,0.96,"High confidence due to multi-agent support from Agents1,2,3. These systems are crucial for processing raw MRI data into diagnostic images, making them a primary component of MRI technology.",Aluminum,0.7,Round 3 refinement with peer support: 0,280300,INDIA,THOUSAND METRIC TONS,4100.0,5.86,0.95,USGS Mineral Commodity Summaries 2024/2023 - authoritative U.S. government production data with global coverage
MRI Machine,Computer And Data Acquisition System,0.96,"High confidence due to multi-agent support from Agents1,2,3. These systems are crucial for processing raw MRI data into diagnostic images, making them a primary component of MRI technology.",Aluminum,0.7,Round 3 refinement with peer support: 0,280300,RUSSIA,THOUSAND METRIC TONS,3800.0,5.43,0.95,USGS Mineral Commodity Summaries 2024/2023 - authoritative U.S. government production data with global coverage
MRI Machine,Computer And Data Acquisition System,0.96,"High confidence due to multi-agent support from Agents1,2,3. These systems are crucial for processing raw MRI data into diagnostic images, making them a primary component of MRI technology.",Aluminum,0.7,Round 3 refinement with peer support: 0,280300,CANADA,THOUSAND METRIC TONS,3000.0,4.29,0.95,USGS Mineral Commodity Summaries 2024/2023 - authoritative U.S. government production data with global coverage
MRI Machine,Superconducting Magnet,0.98,"Multiple agents have proposed this, and while not universal, superconducting magnets are the industry standard for high-field MRI machines due to their ability to achieve strong stable fields.",Nickel,0.7,Round 3 refinement with peer support: 0,750110,INDONESIA,METRIC TONS,1800000.0,50.0,0.95,USGS Mineral Commodity Summaries 2024/2023 - authoritative U.S. government production data with global coverage
MRI Machine,Superconducting Magnet,0.98,"Multiple agents have proposed this, and while not universal, superconducting magnets are the industry standard for high-field MRI machines due to their ability to achieve strong stable fields.",Nickel,0.7,Round 3 refinement with peer support: 0,750110,PHILIPPINES,METRIC TONS,400000.0,11.11,0.95,USGS Mineral Commodity Summaries 2024/2023 - authoritative U.S. government production data with global coverage
MRI Machine,Superconducting Magnet,0.98,"Multiple agents have proposed this, and while not universal, superconducting magnets are the industry standard for high-field MRI machines due to their ability to achieve strong stable fields.",Nickel,0.7,Round 3 refinement with peer support: 0,750110,OTHER,METRIC TONS,380000.0,10.56,0.95,USGS Mineral Commodity Summaries 2024/2023 - authoritative U.S. government production data with global coverage
MRI Machine,Superconducting Magnet,0.98,"Multiple agents have proposed this, and while not universal, superconducting magnets are the industry standard for high-field MRI machines due to their ability to achieve strong stable fields.",Nickel,0.7,Round 3 refinement with peer support: 0,750110,NEW CALEDONIA,METRIC TONS,230000.0,6.39,0.95,USGS Mineral Commodity Summaries 2024/2023 - authoritative U.S. government production data with global coverage
MRI Machine,Superconducting Magnet,0.98,"Multiple agents have proposed this, and while not universal, superconducting magnets are the industry standard for high-field MRI machines due to their ability to achieve strong stable fields.",Nickel,0.7,Round 3 refinement with peer support: 0,750110,RUSSIA,METRIC TONS,200000.0,5.56,0.95,USGS Mineral Commodity Summaries 2024/2023 - authoritative U.S. government production data with global coverage
MRI Machine,Superconducting Magnet,0.98,"Multiple agents have proposed this, and while not universal, superconducting magnets are the industry standard for high-field MRI machines due to their ability to achieve strong stable fields.",Lithium niobate,0.7,Round 3 refinement with peer support: 0,282590,China,metric tons,133744.83333333334,50.2,0.79,Multi-agent debate consensus
MRI Machine,Superconducting Magnet,0.98,"Multiple agents have proposed this, and while not universal, superconducting magnets are the industry standard for high-field MRI machines due to their ability to achieve strong stable fields.",Lithium niobate,0.7,Round 3 refinement with peer support: 0,282590,Japan,metric tons,56204.1,25.23,0.767,Multi-agent debate consensus
MRI Machine,Superconducting Magnet,0.98,"Multiple agents have proposed this, and while not universal, superconducting magnets are the industry standard for high-field MRI machines due to their ability to achieve strong stable fields.",Lithium niobate,0.7,Round 3 refinement with peer support: 0,282590,South Korea,metric tons,31181.86666666667,10.67,0.717,Multi-agent debate consensus
MRI Machine,Superconducting Magnet,0.98,"Multiple agents have proposed this, and while not universal, superconducting magnets are the industry standard for high-field MRI machines due to their ability to achieve strong stable fields.",Lithium niobate,0.7,Round 3 refinement with peer support: 0,282590,United States,metric tons,13022.6,6.37,0.717,Multi-agent debate consensus
MRI Machine,Superconducting Magnet,0.98,"Multiple agents have proposed this, and while not universal, superconducting magnets are the industry standard for high-field MRI machines due to their ability to achieve strong stable fields.",Lithium niobate,0.7,Round 3 refinement with peer support: 0,282590,Brazil,metric tons,5560.900000000001,2.07,0.617,Multi-agent debate consensus
MRI Machine,Superconducting Magnet,0.98,"Multiple agents have proposed this, and while not universal, superconducting magnets are the industry standard for high-field MRI machines due to their ability to achieve strong stable fields.",Bismuth telluride,0.7,Round 3 refinement with peer support: 0,284390,China,metric tons,1958.3333333333333,23.33,0.767,Multi-agent debate consensus
MRI Machine,Superconducting Magnet,0.98,"Multiple agents have proposed this, and while not universal, superconducting magnets are the industry standard for high-field MRI machines due to their ability to achieve strong stable fields.",Bismuth telluride,0.7,Round 3 refinement with peer support: 0,284390,Russia,metric tons,380.0,6.67,0.75,Multi-agent debate consensus
MRI Machine,Superconducting Magnet,0.98,"Multiple agents have proposed this, and while not universal, superconducting magnets are the industry standard for high-field MRI machines due to their ability to achieve strong stable fields.",Bismuth telluride,0.7,Round 3 refinement with peer support: 0,284390,Canada,metric tons,1339.3333333333333,8.27,0.75,Multi-agent debate consensus
MRI Machine,Superconducting Magnet,0.98,"Multiple agents have proposed this, and while not universal, superconducting magnets are the industry standard for high-field MRI machines due to their ability to achieve strong stable fields.",Bismuth telluride,0.7,Round 3 refinement with peer support: 0,284390,United States,metric tons,325.0,15.0,0.8,Multi-agent debate consensus
MRI Machine,Superconducting Magnet,0.98,"Multiple agents have proposed this, and while not universal, superconducting magnets are the industry standard for high-field MRI machines due to their ability to achieve strong stable fields.",Bismuth telluride,0.7,Round 3 refinement with peer support: 0,284390,Japan,metric tons,430.6666666666667,3.67,0.767,Multi-agent debate consensus
Solar Panel,Photovoltaic Cells,0.98,"Solar cells are the core of a solar panel, converting sunlight into electricity. They are essential to all types of photovoltaic systems and very well-supported in this proposal with many agents agreeing on their importance.",Silicon,0.95,Round 3 refinement with peer support: 2,280469,CHINA,THOUSAND METRIC TONS,3600.0,40.0,0.95,USGS Mineral Commodity Summaries 2024/2023 - authoritative U.S. government production data with global coverage
Solar Panel,Photovoltaic Cells,0.98,"Solar cells are the core of a solar panel, converting sunlight into electricity. They are essential to all types of photovoltaic systems and very well-supported in this proposal with many agents agreeing on their importance.",Silicon,0.95,Round 3 refinement with peer support: 2,280469,RUSSIA,THOUSAND METRIC TONS,570.0,6.33,0.95,USGS Mineral Commodity Summaries 2024/2023 - authoritative U.S. government production data with global coverage
Solar Panel,Photovoltaic Cells,0.98,"Solar cells are the core of a solar panel, converting sunlight into electricity. They are essential to all types of photovoltaic systems and very well-supported in this proposal with many agents agreeing on their importance.",Silicon,0.95,Round 3 refinement with peer support: 2,280469,BRAZIL,THOUSAND METRIC TONS,190.0,2.11,0.95,USGS Mineral Commodity Summaries 2024/2023 - authoritative U.S. government production data with global coverage
Solar Panel,Photovoltaic Cells,0.98,"Solar cells are the core of a solar panel, converting sunlight into electricity. They are essential to all types of photovoltaic systems and very well-supported in this proposal with many agents agreeing on their importance.",Silicon,0.95,Round 3 refinement with peer support: 2,280469,NORWAY,THOUSAND METRIC TONS,200.0,2.22,0.95,USGS Mineral Commodity Summaries 2024/2023 - authoritative U.S. government production data with global coverage
Solar Panel,Photovoltaic Cells,0.98,"Solar cells are the core of a solar panel, converting sunlight into electricity. They are essential to all types of photovoltaic systems and very well-supported in this proposal with many agents agreeing on their importance.",Silicon,0.95,Round 3 refinement with peer support: 2,280469,OTHER,THOUSAND METRIC TONS,100.0,1.11,0.95,USGS Mineral Commodity Summaries 2024/2023 - authoritative U.S. government production data with global coverage
Solar Panel,Photovoltaic Cells,0.98,"Solar cells are the core of a solar panel, converting sunlight into electricity. They are essential to all types of photovoltaic systems and very well-supported in this proposal with many agents agreeing on their importance.",Silver,0.95,Round 3 refinement with peer support: 2,710610,MEXICO,METRIC TONS,6400.0,24.62,0.95,USGS Mineral Commodity Summaries 2024/2023 - authoritative U.S. government production data with global coverage
Solar Panel,Photovoltaic Cells,0.98,"Solar cells are the core of a solar panel, converting sunlight into electricity. They are essential to all types of photovoltaic systems and very well-supported in this proposal with many agents agreeing on their importance.",Silver,0.95,Round 3 refinement with peer support: 2,710610,CHINA,METRIC TONS,3400.0,13.08,0.95,USGS Mineral Commodity Summaries 2024/2023 - authoritative U.S. government production data with global coverage
Solar Panel,Photovoltaic Cells,0.98,"Solar cells are the core of a solar panel, converting sunlight into electricity. They are essential to all types of photovoltaic systems and very well-supported in this proposal with many agents agreeing on their importance.",Silver,0.95,Round 3 refinement with peer support: 2,710610,PERU,METRIC TONS,3100.0,11.92,0.95,USGS Mineral Commodity Summaries 2024/2023 - authoritative U.S. government production data with global coverage
Solar Panel,Photovoltaic Cells,0.98,"Solar cells are the core of a solar panel, converting sunlight into electricity. They are essential to all types of photovoltaic systems and very well-supported in this proposal with many agents agreeing on their importance.",Silver,0.95,Round 3 refinement with peer support: 2,710610,OTHER,METRIC TONS,3000.0,11.54,0.95,USGS Mineral Commodity Summaries 2024/2023 - authoritative U.S. government production data with global coverage
Solar Panel,Photovoltaic Cells,0.98,"Solar cells are the core of a solar panel, converting sunlight into electricity. They are essential to all types of photovoltaic systems and very well-supported in this proposal with many agents agreeing on their importance.",Silver,0.95,Round 3 refinement with peer support: 2,710610,CHILE,METRIC TONS,1400.0,5.38,0.95,USGS Mineral Commodity Summaries 2024/2023 - authoritative U.S. government production data with global coverage
Solar Panel,Photovoltaic Cells,0.98,"Solar cells are the core of a solar panel, converting sunlight into electricity. They are essential to all types of photovoltaic systems and very well-supported in this proposal with many agents agreeing on their importance.",Titanium dioxide,0.7,Round 3 refinement with peer support: 0,282300,China,metric tons,445632.0,50.23,0.833,Based on data from the China Nonferrous Metal Industry Association; very reliable
Solar Panel,Photovoltaic Cells,0.98,"Solar cells are the core of a solar panel, converting sunlight into electricity. They are essential to all types of photovoltaic systems and very well-supported in this proposal with many agents agreeing on their importance.",Titanium dioxide,0.7,Round 3 refinement with peer support: 0,282300,Australia,metric tons,46463.0,7.8,0.783,Multi-agent debate consensus
Solar Panel,Photovoltaic Cells,0.98,"Solar cells are the core of a solar panel, converting sunlight into electricity. They are essential to all types of photovoltaic systems and very well-supported in this proposal with many agents agreeing on their importance.",Titanium dioxide,0.7,Round 3 refinement with peer support: 0,282300,South Africa,metric tons,112046.33333333333,17.87,0.833,Derived from Mining Weekly reports; well-documented major producer
Solar Panel,Photovoltaic Cells,0.98,"Solar cells are the core of a solar panel, converting sunlight into electricity. They are essential to all types of photovoltaic systems and very well-supported in this proposal with many agents agreeing on their importance.",Titanium dioxide,0.7,Round 3 refinement with peer support: 0,282300,India,metric tons,25665.333333333332,5.53,0.817,Sources include Indian Statistical Institute; data quality varies
Solar Panel,Photovoltaic Cells,0.98,"Solar cells are the core of a solar panel, converting sunlight into electricity. They are essential to all types of photovoltaic systems and very well-supported in this proposal with many agents agreeing on their importance.",Titanium dioxide,0.7,Round 3 refinement with peer support: 0,282300,Japan,metric tons,10950.0,6.65,0.7,Multi-agent debate consensus
Solar Panel,背板,0.0,,Glass,0.7,Round 3 refinement with peer support: 0,700800,China,metric tons,154933333.33333334,41.67,0.84,Multi-agent debate consensus
Solar Panel,背板,0.0,,Glass,0.7,Round 3 refinement with peer support: 0,700800,United States,metric tons,118866666.66666667,19.67,0.853,Multi-agent debate consensus
Solar Panel,背板,0.0,,Glass,0.7,Round 3 refinement with peer support: 0,700800,India,metric tons,51666666.666666664,12.33,0.893,Multi-agent debate consensus
Solar Panel,背板,0.0,,Glass,0.7,Round 3 refinement with peer support: 0,700800,Germany,metric tons,20900000.0,5.67,0.82,Multi-agent debate consensus
Solar Panel,背板,0.0,,Glass,0.7,Round 3 refinement with peer support: 0,700800,Japan,metric tons,40350000.0,5.83,0.76,Multi-agent debate consensus
Solar Panel,Wiring,0.9,"Essential for electrical connections and support within the panel design, widely acknowledged in peer proposals.",Copper,0.9,Round 3 refinement with peer support: 2,740100,CHINA,THOUSAND METRIC TONS,1700.0,3.47,0.95,USGS Mineral Commodity Summaries 2024/2023 - authoritative U.S. government production data with global coverage
Solar Panel,Wiring,0.9,"Essential for electrical connections and support within the panel design, widely acknowledged in peer proposals.",Copper,0.9,Round 3 refinement with peer support: 2,740100,CHILE,THOUSAND METRIC TONS,5000.0,10.2,0.95,USGS Mineral Commodity Summaries 2024/2023 - authoritative U.S. government production data with global coverage
Solar Panel,Wiring,0.9,"Essential for electrical connections and support within the panel design, widely acknowledged in peer proposals.",Copper,0.9,Round 3 refinement with peer support: 2,740100,OTHER,THOUSAND METRIC TONS,3100.0,6.33,0.95,USGS Mineral Commodity Summaries 2024/2023 - authoritative U.S. government production data with global coverage
Solar Panel,Wiring,0.9,"Essential for electrical connections and support within the panel design, widely acknowledged in peer proposals.",Copper,0.9,Round 3 refinement with peer support: 2,740100,CONGO,THOUSAND METRIC TONS,2500.0,5.1,0.95,USGS Mineral Commodity Summaries 2024/2023 - authoritative U.S. government production data with global coverage
Solar Panel,Wiring,0.9,"Essential for electrical connections and support within the panel design, widely acknowledged in peer proposals.",Copper,0.9,Round 3 refinement with peer support: 2,740100,PERU,THOUSAND METRIC TONS,2600.0,5.31,0.95,USGS Mineral Commodity Summaries 2024/2023 - authoritative U.S. government production data with global coverage
Solar Panel,Wiring,0.9,"Essential for electrical connections and support within the panel design, widely acknowledged in peer proposals.",Aluminum,0.775,Round 3 refinement with peer support: 1,280300,CHINA,THOUSAND METRIC TONS,41000.0,58.57,0.95,USGS Mineral Commodity Summaries 2024/2023 - authoritative U.S. government production data with global coverage
Solar Panel,Wiring,0.9,"Essential for electrical connections and support within the panel design, widely acknowledged in peer proposals.",Aluminum,0.775,Round 3 refinement with peer support: 1,280300,OTHER,THOUSAND METRIC TONS,7000.0,10.0,0.95,USGS Mineral Commodity Summaries 2024/2023 - authoritative U.S. government production data with global coverage
Solar Panel,Wiring,0.9,"Essential for electrical connections and support within the panel design, widely acknowledged in peer proposals.",Aluminum,0.775,Round 3 refinement with peer support: 1,280300,INDIA,THOUSAND METRIC TONS,4100.0,5.86,0.95,USGS Mineral Commodity Summaries 2024/2023 - authoritative U.S. government production data with global coverage
Solar Panel,Wiring,0.9,"Essential for electrical connections and support within the panel design, widely acknowledged in peer proposals.",Aluminum,0.775,Round 3 refinement with peer support: 1,280300,RUSSIA,THOUSAND METRIC TONS,3800.0,5.43,0.95,USGS Mineral Commodity Summaries 2024/2023 - authoritative U.S. government production data with global coverage
Solar Panel,Wiring,0.9,"Essential for electrical connections and support within the panel design, widely acknowledged in peer proposals.",Aluminum,0.775,Round 3 refinement with peer support: 1,280300,CANADA,THOUSAND METRIC TONS,3000.0,4.29,0.95,USGS Mineral Commodity Summaries 2024/2023 - authoritative U.S. government production data with global coverage
Solar Panel,Frame Material,0.75,Commonly used for structural support and widely supported by peer groups.,Stainless steel,0.883,Round 3 refinement with peer support: 2,722000,China,tons,23282553.0,51.4,0.93,China dominates global stainless steel production based on recent industry reports and production statistics from the China Iron & Steel Association (CISA).
Solar Panel,Frame Material,0.75,Commonly used for structural support and widely supported by peer groups.,Stainless steel,0.883,Round 3 refinement with peer support: 2,722000,Russia,tons,1952233.3333333333,5.23,0.783,Large nickel producing country with diversified mining operations. Data from the Federal Service for Supervision of Consumer Rights and Wellbeing.
Solar Panel,Frame Material,0.75,Commonly used for structural support and widely supported by peer groups.,Stainless steel,0.883,Round 3 refinement with peer support: 2,722000,India,metric tons,5600000.0,8.5,0.85,Multi-agent debate consensus
Solar Panel,Frame Material,0.75,Commonly used for structural support and widely supported by peer groups.,Stainless steel,0.883,Round 3 refinement with peer support: 2,722000,Japan,metric tons,5490000.0,7.5,0.9,Multi-agent debate consensus
Solar Panel,Frame Material,0.75,Commonly used for structural support and widely supported by peer groups.,Stainless steel,0.883,Round 3 refinement with peer support: 2,722000,Germany,metric tons,3667500.0,5.0,0.845,Multi-agent debate consensus
Solar Panel,Frame Material,0.75,Commonly used for structural support and widely supported by peer groups.,Aluminum,0.8,Round 3 refinement with peer support: 1,280300,CHINA,THOUSAND METRIC TONS,41000.0,58.57,0.95,USGS Mineral Commodity Summaries 2024/2023 - authoritative U.S. government production data with global coverage
Solar Panel,Frame Material,0.75,Commonly used for structural support and widely supported by peer groups.,Aluminum,0.8,Round 3 refinement with peer support: 1,280300,OTHER,THOUSAND METRIC TONS,7000.0,10.0,0.95,USGS Mineral Commodity Summaries 2024/2023 - authoritative U.S. government production data with global coverage
Solar Panel,Frame Material,0.75,Commonly used for structural support and widely supported by peer groups.,Aluminum,0.8,Round 3 refinement with peer support: 1,280300,INDIA,THOUSAND METRIC TONS,4100.0,5.86,0.95,USGS Mineral Commodity Summaries 2024/2023 - authoritative U.S. government production data with global coverage
Solar Panel,Frame Material,0.75,Commonly used for structural support and widely supported by peer groups.,Aluminum,0.8,Round 3 refinement with peer support: 1,280300,RUSSIA,THOUSAND METRIC TONS,3800.0,5.43,0.95,USGS Mineral Commodity Summaries 2024/2023 - authoritative U.S. government production data with global coverage
Solar Panel,Frame Material,0.75,Commonly used for structural support and widely supported by peer groups.,Aluminum,0.8,Round 3 refinement with peer support: 1,280300,CANADA,THOUSAND METRIC TONS,3000.0,4.29,0.95,USGS Mineral Commodity Summaries 2024/2023 - authoritative U.S. government production data with global coverage
Solar Panel,Frame,0.92,"The frame or enclosure protects the internal components from physical damage and weather conditions. It is widely recognized as a primary component by multiple agents, providing consistent support for its value.",Stainless steel,0.7,Round 3 refinement with peer support: 0,722000,China,tons,23282553.0,51.4,0.93,China dominates global stainless steel production based on recent industry reports and production statistics from the China Iron & Steel Association (CISA).
Solar Panel,Frame,0.92,"The frame or enclosure protects the internal components from physical damage and weather conditions. It is widely recognized as a primary component by multiple agents, providing consistent support for its value.",Stainless steel,0.7,Round 3 refinement with peer support: 0,722000,Russia,tons,1952233.3333333333,5.23,0.783,Large nickel producing country with diversified mining operations. Data from the Federal Service for Supervision of Consumer Rights and Wellbeing.
Solar Panel,Frame,0.92,"The frame or enclosure protects the internal components from physical damage and weather conditions. It is widely recognized as a primary component by multiple agents, providing consistent support for its value.",Stainless steel,0.7,Round 3 refinement with peer support: 0,722000,India,metric tons,5600000.0,8.5,0.85,Multi-agent debate consensus
Solar Panel,Frame,0.92,"The frame or enclosure protects the internal components from physical damage and weather conditions. It is widely recognized as a primary component by multiple agents, providing consistent support for its value.",Stainless steel,0.7,Round 3 refinement with peer support: 0,722000,Japan,metric tons,5490000.0,7.5,0.9,Multi-agent debate consensus
Solar Panel,Frame,0.92,"The frame or enclosure protects the internal components from physical damage and weather conditions. It is widely recognized as a primary component by multiple agents, providing consistent support for its value.",Stainless steel,0.7,Round 3 refinement with peer support: 0,722000,Germany,metric tons,3667500.0,5.0,0.845,Multi-agent debate consensus
Solar Panel,Frame,0.92,"The frame or enclosure protects the internal components from physical damage and weather conditions. It is widely recognized as a primary component by multiple agents, providing consistent support for its value.",Aluminum,0.7,Round 3 refinement with peer support: 0,280300,CHINA,THOUSAND METRIC TONS,41000.0,58.57,0.95,USGS Mineral Commodity Summaries 2024/2023 - authoritative U.S. government production data with global coverage
Solar Panel,Frame,0.92,"The frame or enclosure protects the internal components from physical damage and weather conditions. It is widely recognized as a primary component by multiple agents, providing consistent support for its value.",Aluminum,0.7,Round 3 refinement with peer support: 0,280300,OTHER,THOUSAND METRIC TONS,7000.0,10.0,0.95,USGS Mineral Commodity Summaries 2024/2023 - authoritative U.S. government production data with global coverage
Solar Panel,Frame,0.92,"The frame or enclosure protects the internal components from physical damage and weather conditions. It is widely recognized as a primary component by multiple agents, providing consistent support for its value.",Aluminum,0.7,Round 3 refinement with peer support: 0,280300,INDIA,THOUSAND METRIC TONS,4100.0,5.86,0.95,USGS Mineral Commodity Summaries 2024/2023 - authoritative U.S. government production data with global coverage
Solar Panel,Frame,0.92,"The frame or enclosure protects the internal components from physical damage and weather conditions. It is widely recognized as a primary component by multiple agents, providing consistent support for its value.",Aluminum,0.7,Round 3 refinement with peer support: 0,280300,RUSSIA,THOUSAND METRIC TONS,3800.0,5.43,0.95,USGS Mineral Commodity Summaries 2024/2023 - authoritative U.S. government production data with global coverage
Solar Panel,Frame,0.92,"The frame or enclosure protects the internal components from physical damage and weather conditions. It is widely recognized as a primary component by multiple agents, providing consistent support for its value.",Aluminum,0.7,Round 3 refinement with peer support: 0,280300,CANADA,THOUSAND METRIC TONS,3000.0,4.29,0.95,USGS Mineral Commodity Summaries 2024/2023 - authoritative U.S. government production data with global coverage
Solar Panel,Bypass Diodes,0.85,"Important for protecting cells from shade or partial shading, backed by multiple proposals.",Silicon,0.7,Round 3 refinement with peer support: 0,280469,CHINA,THOUSAND METRIC TONS,3600.0,40.0,0.95,USGS Mineral Commodity Summaries 2024/2023 - authoritative U.S. government production data with global coverage
Solar Panel,Bypass Diodes,0.85,"Important for protecting cells from shade or partial shading, backed by multiple proposals.",Silicon,0.7,Round 3 refinement with peer support: 0,280469,RUSSIA,THOUSAND METRIC TONS,570.0,6.33,0.95,USGS Mineral Commodity Summaries 2024/2023 - authoritative U.S. government production data with global coverage
Solar Panel,Bypass Diodes,0.85,"Important for protecting cells from shade or partial shading, backed by multiple proposals.",Silicon,0.7,Round 3 refinement with peer support: 0,280469,BRAZIL,THOUSAND METRIC TONS,190.0,2.11,0.95,USGS Mineral Commodity Summaries 2024/2023 - authoritative U.S. government production data with global coverage
Solar Panel,Bypass Diodes,0.85,"Important for protecting cells from shade or partial shading, backed by multiple proposals.",Silicon,0.7,Round 3 refinement with peer support: 0,280469,NORWAY,THOUSAND METRIC TONS,200.0,2.22,0.95,USGS Mineral Commodity Summaries 2024/2023 - authoritative U.S. government production data with global coverage
Solar Panel,Bypass Diodes,0.85,"Important for protecting cells from shade or partial shading, backed by multiple proposals.",Silicon,0.7,Round 3 refinement with peer support: 0,280469,OTHER,THOUSAND METRIC TONS,100.0,1.11,0.95,USGS Mineral Commodity Summaries 2024/2023 - authoritative U.S. government production data with global coverage
Solar Panel,Bypass Diodes,0.85,"Important for protecting cells from shade or partial shading, backed by multiple proposals.",Gallium arsenide,0.7,Round 3 refinement with peer support: 0,282890,Japan,metric tons,8666.666666666666,24.6,0.9,Multi-agent debate consensus
Solar Panel,Bypass Diodes,0.85,"Important for protecting cells from shade or partial shading, backed by multiple proposals.",Gallium arsenide,0.7,Round 3 refinement with peer support: 0,282890,China,metric tons,16905.0,24.33,0.85,Multi-agent debate consensus
Solar Panel,Bypass Diodes,0.85,"Important for protecting cells from shade or partial shading, backed by multiple proposals.",Gallium arsenide,0.7,Round 3 refinement with peer support: 0,282890,United States,metric tons,4416.666666666667,15.4,0.8,"Based on recent trends in the semiconductor industry, the US is a significant producer of gallium arsenide, primarily focused on research and development."
Solar Panel,Bypass Diodes,0.85,"Important for protecting cells from shade or partial shading, backed by multiple proposals.",Gallium arsenide,0.7,Round 3 refinement with peer support: 0,282890,South Korea,kg,7337.5,11.0,0.825,"As a tech-driven market, South Korea has a substantial demand for gallium arsenide."
Solar Panel,Bypass Diodes,0.85,"Important for protecting cells from shade or partial shading, backed by multiple proposals.",Gallium arsenide,0.7,Round 3 refinement with peer support: 0,282890,Germany,kg,3770.0,9.0,0.8,"As part of the European Union, Germany contributes to the overall production with its robust industrial sector."
Solar Panel,Bypass Diodes,0.85,"Important for protecting cells from shade or partial shading, backed by multiple proposals.",Silver,0.7,Round 3 refinement with peer support: 0,710610,MEXICO,METRIC TONS,6400.0,24.62,0.95,USGS Mineral Commodity Summaries 2024/2023 - authoritative U.S. government production data with global coverage
Solar Panel,Bypass Diodes,0.85,"Important for protecting cells from shade or partial shading, backed by multiple proposals.",Silver,0.7,Round 3 refinement with peer support: 0,710610,CHINA,METRIC TONS,3400.0,13.08,0.95,USGS Mineral Commodity Summaries 2024/2023 - authoritative U.S. government production data with global coverage
Solar Panel,Bypass Diodes,0.85,"Important for protecting cells from shade or partial shading, backed by multiple proposals.",Silver,0.7,Round 3 refinement with peer support: 0,710610,PERU,METRIC TONS,3100.0,11.92,0.95,USGS Mineral Commodity Summaries 2024/2023 - authoritative U.S. government production data with global coverage
Solar Panel,Bypass Diodes,0.85,"Important for protecting cells from shade or partial shading, backed by multiple proposals.",Silver,0.7,Round 3 refinement with peer support: 0,710610,OTHER,METRIC TONS,3000.0,11.54,0.95,USGS Mineral Commodity Summaries 2024/2023 - authoritative U.S. government production data with global coverage
Solar Panel,Bypass Diodes,0.85,"Important for protecting cells from shade or partial shading, backed by multiple proposals.",Silver,0.7,Round 3 refinement with peer support: 0,710610,CHILE,METRIC TONS,1400.0,5.38,0.95,USGS Mineral Commodity Summaries 2024/2023 - authoritative U.S. government production data with global coverage
Solar Panel,Bypass Diodes,0.85,"Important for protecting cells from shade or partial shading, backed by multiple proposals.",Stainless steel,0.7,Round 3 refinement with peer support: 0,722000,China,tons,23282553.0,51.4,0.93,China dominates global stainless steel production based on recent industry reports and production statistics from the China Iron & Steel Association (CISA).
Solar Panel,Bypass Diodes,0.85,"Important for protecting cells from shade or partial shading, backed by multiple proposals.",Stainless steel,0.7,Round 3 refinement with peer support: 0,722000,Russia,tons,1952233.3333333333,5.23,0.783,Large nickel producing country with diversified mining operations. Data from the Federal Service for Supervision of Consumer Rights and Wellbeing.
Solar Panel,Bypass Diodes,0.85,"Important for protecting cells from shade or partial shading, backed by multiple proposals.",Stainless steel,0.7,Round 3 refinement with peer support: 0,722000,India,metric tons,5600000.0,8.5,0.85,Multi-agent debate consensus
Solar Panel,Bypass Diodes,0.85,"Important for protecting cells from shade or partial shading, backed by multiple proposals.",Stainless steel,0.7,Round 3 refinement with peer support: 0,722000,Japan,metric tons,5490000.0,7.5,0.9,Multi-agent debate consensus
Solar Panel,Bypass Diodes,0.85,"Important for protecting cells from shade or partial shading, backed by multiple proposals.",Stainless steel,0.7,Round 3 refinement with peer support: 0,722000,Germany,metric tons,3667500.0,5.0,0.845,Multi-agent debate consensus
Power Amplifiers,Matching Networks,0.85,"While not as universally mentioned as active devices, matching networks significantly influence performance, supporting their importance in power amplifiers.",Aluminum,0.85,Round 3 refinement with peer support: 1,280300,CHINA,THOUSAND METRIC TONS,41000.0,58.57,0.95,USGS Mineral Commodity Summaries 2024/2023 - authoritative U.S. government production data with global coverage
Power Amplifiers,Matching Networks,0.85,"While not as universally mentioned as active devices, matching networks significantly influence performance, supporting their importance in power amplifiers.",Aluminum,0.85,Round 3 refinement with peer support: 1,280300,OTHER,THOUSAND METRIC TONS,7000.0,10.0,0.95,USGS Mineral Commodity Summaries 2024/2023 - authoritative U.S. government production data with global coverage
Power Amplifiers,Matching Networks,0.85,"While not as universally mentioned as active devices, matching networks significantly influence performance, supporting their importance in power amplifiers.",Aluminum,0.85,Round 3 refinement with peer support: 1,280300,INDIA,THOUSAND METRIC TONS,4100.0,5.86,0.95,USGS Mineral Commodity Summaries 2024/2023 - authoritative U.S. government production data with global coverage
Power Amplifiers,Matching Networks,0.85,"While not as universally mentioned as active devices, matching networks significantly influence performance, supporting their importance in power amplifiers.",Aluminum,0.85,Round 3 refinement with peer support: 1,280300,RUSSIA,THOUSAND METRIC TONS,3800.0,5.43,0.95,USGS Mineral Commodity Summaries 2024/2023 - authoritative U.S. government production data with global coverage
Power Amplifiers,Matching Networks,0.85,"While not as universally mentioned as active devices, matching networks significantly influence performance, supporting their importance in power amplifiers.",Aluminum,0.85,Round 3 refinement with peer support: 1,280300,CANADA,THOUSAND METRIC TONS,3000.0,4.29,0.95,USGS Mineral Commodity Summaries 2024/2023 - authoritative U.S. government production data with global coverage
Power Amplifiers,Matching Networks,0.85,"While not as universally mentioned as active devices, matching networks significantly influence performance, supporting their importance in power amplifiers.",Copper,0.7,Round 3 refinement with peer support: 0,740100,CHINA,THOUSAND METRIC TONS,1700.0,3.47,0.95,USGS Mineral Commodity Summaries 2024/2023 - authoritative U.S. government production data with global coverage
Power Amplifiers,Matching Networks,0.85,"While not as universally mentioned as active devices, matching networks significantly influence performance, supporting their importance in power amplifiers.",Copper,0.7,Round 3 refinement with peer support: 0,740100,CHILE,THOUSAND METRIC TONS,5000.0,10.2,0.95,USGS Mineral Commodity Summaries 2024/2023 - authoritative U.S. government production data with global coverage
Power Amplifiers,Matching Networks,0.85,"While not as universally mentioned as active devices, matching networks significantly influence performance, supporting their importance in power amplifiers.",Copper,0.7,Round 3 refinement with peer support: 0,740100,OTHER,THOUSAND METRIC TONS,3100.0,6.33,0.95,USGS Mineral Commodity Summaries 2024/2023 - authoritative U.S. government production data with global coverage
Power Amplifiers,Matching Networks,0.85,"While not as universally mentioned as active devices, matching networks significantly influence performance, supporting their importance in power amplifiers.",Copper,0.7,Round 3 refinement with peer support: 0,740100,CONGO,THOUSAND METRIC TONS,2500.0,5.1,0.95,USGS Mineral Commodity Summaries 2024/2023 - authoritative U.S. government production data with global coverage
Power Amplifiers,Matching Networks,0.85,"While not as universally mentioned as active devices, matching networks significantly influence performance, supporting their importance in power amplifiers.",Copper,0.7,Round 3 refinement with peer support: 0,740100,PERU,THOUSAND METRIC TONS,2600.0,5.31,0.95,USGS Mineral Commodity Summaries 2024/2023 - authoritative U.S. government production data with global coverage
Power Amplifiers,Rf Transistor,0.92,"The RF transistors are critical for amplifying radio frequency signals in power amplifiers. The high confidence is warranted by the strong peer support, and they are a universal and standard component.",Aluminum nitride,0.7,Round 3 refinement with peer support: 0,285000,China,metric tons,12500.0,46.5,0.76,Multi-agent debate consensus
Power Amplifiers,Rf Transistor,0.92,"The RF transistors are critical for amplifying radio frequency signals in power amplifiers. The high confidence is warranted by the strong peer support, and they are a universal and standard component.",Aluminum nitride,0.7,Round 3 refinement with peer support: 0,285000,Japan,metric tons,14076.5,26.5,0.74,Multi-agent debate consensus
Power Amplifiers,Rf Transistor,0.92,"The RF transistors are critical for amplifying radio frequency signals in power amplifiers. The high confidence is warranted by the strong peer support, and they are a universal and standard component.",Aluminum nitride,0.7,Round 3 refinement with peer support: 0,285000,United States,metric tons,3226.5,7.5,0.71,Multi-agent debate consensus
Power Amplifiers,Rf Transistor,0.92,"The RF transistors are critical for amplifying radio frequency signals in power amplifiers. The high confidence is warranted by the strong peer support, and they are a universal and standard component.",Aluminum nitride,0.7,Round 3 refinement with peer support: 0,285000,South Korea,metric tons,8709.5,14.0,0.69,Multi-agent debate consensus
Power Amplifiers,Rf Transistor,0.92,"The RF transistors are critical for amplifying radio frequency signals in power amplifiers. The high confidence is warranted by the strong peer support, and they are a universal and standard component.",Aluminum nitride,0.7,Round 3 refinement with peer support: 0,285000,Germany,metric tons,2001.5,4.5,0.665,Multi-agent debate consensus
Power Amplifiers,Rf Transistor,0.92,"The RF transistors are critical for amplifying radio frequency signals in power amplifiers. The high confidence is warranted by the strong peer support, and they are a universal and standard component.",Aluminum gallium arsenide,0.7,Round 3 refinement with peer support: 0,282890,Japan,metric tons,25466.666666666668,22.33,0.733,A major producer with significant refining capabilities for semiconductors.
Power Amplifiers,Rf Transistor,0.92,"The RF transistors are critical for amplifying radio frequency signals in power amplifiers. The high confidence is warranted by the strong peer support, and they are a universal and standard component.",Aluminum gallium arsenide,0.7,Round 3 refinement with peer support: 0,282890,China,metric tons,25066.666666666668,31.33,0.817,"Based on recent USGS reports, China is the leading producer of gallium."
Power Amplifiers,Rf Transistor,0.92,"The RF transistors are critical for amplifying radio frequency signals in power amplifiers. The high confidence is warranted by the strong peer support, and they are a universal and standard component.",Aluminum gallium arsenide,0.7,Round 3 refinement with peer support: 0,282890,United States,metric tons,46600.0,37.5,0.675,Based on U.S. Geological Survey's data and reports from academic researchers.
Power Amplifiers,Rf Transistor,0.92,"The RF transistors are critical for amplifying radio frequency signals in power amplifiers. The high confidence is warranted by the strong peer support, and they are a universal and standard component.",Aluminum gallium arsenide,0.7,Round 3 refinement with peer support: 0,282890,South Korea,metric tons,25320.0,10.5,0.65,South Korea hosts major semiconductor manufacturers like Samsung and SK Hynix.
Power Amplifiers,Rf Transistor,0.92,"The RF transistors are critical for amplifying radio frequency signals in power amplifiers. The high confidence is warranted by the strong peer support, and they are a universal and standard component.",Aluminum gallium arsenide,0.7,Round 3 refinement with peer support: 0,282890,Germany,metric tons,7200.0,5.0,0.675,Germany hosts significant industrial and technological centers in the semiconductor sector.
Power Amplifiers,Rf Transistor,0.92,"The RF transistors are critical for amplifying radio frequency signals in power amplifiers. The high confidence is warranted by the strong peer support, and they are a universal and standard component.",Boron nitride,0.7,Round 3 refinement with peer support: 0,285000,Japan,metric tons,5583.333333333333,20.33,0.733,Multi-agent debate consensus
Power Amplifiers,Rf Transistor,0.92,"The RF transistors are critical for amplifying radio frequency signals in power amplifiers. The high confidence is warranted by the strong peer support, and they are a universal and standard component.",Boron nitride,0.7,Round 3 refinement with peer support: 0,285000,United States,metric tons,4066.6666666666665,14.6,0.7,Based on recent estimates from the USGS reports; strong producer but data may have limitations.
Power Amplifiers,Rf Transistor,0.92,"The RF transistors are critical for amplifying radio frequency signals in power amplifiers. The high confidence is warranted by the strong peer support, and they are a universal and standard component.",Boron nitride,0.7,Round 3 refinement with peer support: 0,285000,Germany,metric tons,2073.3333333333335,6.27,0.667,Multi-agent debate consensus
Power Amplifiers,Rf Transistor,0.92,"The RF transistors are critical for amplifying radio frequency signals in power amplifiers. The high confidence is warranted by the strong peer support, and they are a universal and standard component.",Boron nitride,0.7,Round 3 refinement with peer support: 0,285000,South Korea,metric tons,4756.666666666667,11.67,0.667,Multi-agent debate consensus
Power Amplifiers,Rf Transistor,0.92,"The RF transistors are critical for amplifying radio frequency signals in power amplifiers. The high confidence is warranted by the strong peer support, and they are a universal and standard component.",Boron nitride,0.7,Round 3 refinement with peer support: 0,285000,China,metric tons,27475.0,31.5,0.7,Considered a minor producer with limited data available for confirmation; estimates based on recent partial reports.
Power Amplifiers,Rf Transistor,0.92,"The RF transistors are critical for amplifying radio frequency signals in power amplifiers. The high confidence is warranted by the strong peer support, and they are a universal and standard component.",Silicon carbide,0.7,Round 3 refinement with peer support: 0,284920,Japan,metric tons,11033.333333333334,20.33,0.767,Multi-agent debate consensus
Power Amplifiers,Rf Transistor,0.92,"The RF transistors are critical for amplifying radio frequency signals in power amplifiers. The high confidence is warranted by the strong peer support, and they are a universal and standard component.",Silicon carbide,0.7,Round 3 refinement with peer support: 0,284920,China,metric tons,137800.0,38.33,0.85,Largest silicon carbide producing country; data from government agencies and industry surveys.
Power Amplifiers,Rf Transistor,0.92,"The RF transistors are critical for amplifying radio frequency signals in power amplifiers. The high confidence is warranted by the strong peer support, and they are a universal and standard component.",Silicon carbide,0.7,Round 3 refinement with peer support: 0,284920,Germany,metric tons,3706.6666666666665,7.0,0.75,Multi-agent debate consensus
Power Amplifiers,Rf Transistor,0.92,"The RF transistors are critical for amplifying radio frequency signals in power amplifiers. The high confidence is warranted by the strong peer support, and they are a universal and standard component.",Silicon carbide,0.7,Round 3 refinement with peer support: 0,284920,United States,metric tons,23250.0,37.5,0.775,US is a major producer with robust manufacturing capability; data from industry reports.
Power Amplifiers,Rf Transistor,0.92,"The RF transistors are critical for amplifying radio frequency signals in power amplifiers. The high confidence is warranted by the strong peer support, and they are a universal and standard component.",Silicon carbide,0.7,Round 3 refinement with peer support: 0,284920,South Korea,metric tons,2006.6666666666667,5.0,0.767,Not a major player but consistently produces significant volumes; data from industry associations.
Power Amplifiers,Rf Transistor,0.92,"The RF transistors are critical for amplifying radio frequency signals in power amplifiers. The high confidence is warranted by the strong peer support, and they are a universal and standard component.",Boron carbide,0.7,Round 3 refinement with peer support: 0,284920,United States,metric tons,1083.3333333333333,36.67,0.75,Multi-agent debate consensus
Power Amplifiers,Rf Transistor,0.92,"The RF transistors are critical for amplifying radio frequency signals in power amplifiers. The high confidence is warranted by the strong peer support, and they are a universal and standard component.",Boron carbide,0.7,Round 3 refinement with peer support: 0,284920,Japan,metric tons,382.3333333333333,15.0,0.783,Significant player in manufacturing due to demand from ceramic and composite sectors; industry data.
Power Amplifiers,Rf Transistor,0.92,"The RF transistors are critical for amplifying radio frequency signals in power amplifiers. The high confidence is warranted by the strong peer support, and they are a universal and standard component.",Boron carbide,0.7,Round 3 refinement with peer support: 0,284920,China,metric tons,483.3333333333333,27.33,0.733,Second-largest producer globally with substantial production capacity based on industry reports.
Power Amplifiers,Rf Transistor,0.92,"The RF transistors are critical for amplifying radio frequency signals in power amplifiers. The high confidence is warranted by the strong peer support, and they are a universal and standard component.",Boron carbide,0.7,Round 3 refinement with peer support: 0,284920,Germany,metric tons,144.66666666666666,6.07,0.75,Multi-agent debate consensus
Power Amplifiers,Rf Transistor,0.92,"The RF transistors are critical for amplifying radio frequency signals in power amplifiers. The high confidence is warranted by the strong peer support, and they are a universal and standard component.",Boron carbide,0.7,Round 3 refinement with peer support: 0,284920,South Korea,metric tons,96.66666666666667,4.23,0.667,Multi-agent debate consensus
Power Amplifiers,Transistors,0.92,Active devices such as RF transistors are critical to the functionality of power amplifiers. High confidence from consistent peer mentions and industry standards.,Silicon,0.9,Round 3 refinement with peer support: 2,280469,CHINA,THOUSAND METRIC TONS,3600.0,40.0,0.95,USGS Mineral Commodity Summaries 2024/2023 - authoritative U.S. government production data with global coverage
Power Amplifiers,Transistors,0.92,Active devices such as RF transistors are critical to the functionality of power amplifiers. High confidence from consistent peer mentions and industry standards.,Silicon,0.9,Round 3 refinement with peer support: 2,280469,RUSSIA,THOUSAND METRIC TONS,570.0,6.33,0.95,USGS Mineral Commodity Summaries 2024/2023 - authoritative U.S. government production data with global coverage
Power Amplifiers,Transistors,0.92,Active devices such as RF transistors are critical to the functionality of power amplifiers. High confidence from consistent peer mentions and industry standards.,Silicon,0.9,Round 3 refinement with peer support: 2,280469,BRAZIL,THOUSAND METRIC TONS,190.0,2.11,0.95,USGS Mineral Commodity Summaries 2024/2023 - authoritative U.S. government production data with global coverage
Power Amplifiers,Transistors,0.92,Active devices such as RF transistors are critical to the functionality of power amplifiers. High confidence from consistent peer mentions and industry standards.,Silicon,0.9,Round 3 refinement with peer support: 2,280469,NORWAY,THOUSAND METRIC TONS,200.0,2.22,0.95,USGS Mineral Commodity Summaries 2024/2023 - authoritative U.S. government production data with global coverage
Power Amplifiers,Transistors,0.92,Active devices such as RF transistors are critical to the functionality of power amplifiers. High confidence from consistent peer mentions and industry standards.,Silicon,0.9,Round 3 refinement with peer support: 2,280469,OTHER,THOUSAND METRIC TONS,100.0,1.11,0.95,USGS Mineral Commodity Summaries 2024/2023 - authoritative U.S. government production data with global coverage
Power Amplifiers,Transistors,0.92,Active devices such as RF transistors are critical to the functionality of power amplifiers. High confidence from consistent peer mentions and industry standards.,Germanium,0.775,Round 3 refinement with peer support: 1,825600,China,kg,1004.3333333333334,44.33,0.833,Multi-agent debate consensus
Power Amplifiers,Transistors,0.92,Active devices such as RF transistors are critical to the functionality of power amplifiers. High confidence from consistent peer mentions and industry standards.,Germanium,0.775,Round 3 refinement with peer support: 1,825600,Japan,kg,236.0,16.17,0.75,Second largest producer with consistent output; industry reports confirm.
Power Amplifiers,Transistors,0.92,Active devices such as RF transistors are critical to the functionality of power amplifiers. High confidence from consistent peer mentions and industry standards.,Germanium,0.775,Round 3 refinement with peer support: 1,825600,Germany,kg,82.66666666666667,4.67,0.833,Primary production with significant refining capacity; comprehensive industry statistics.
Power Amplifiers,Transistors,0.92,Active devices such as RF transistors are critical to the functionality of power amplifiers. High confidence from consistent peer mentions and industry standards.,Germanium,0.775,Round 3 refinement with peer support: 1,825600,South Korea,kg,90.0,7.8,0.725,Fifth major producer with moderate growth potential.
Power Amplifiers,Transistors,0.92,Active devices such as RF transistors are critical to the functionality of power amplifiers. High confidence from consistent peer mentions and industry standards.,Germanium,0.775,Round 3 refinement with peer support: 1,825600,USA,kg,50.0,5.45,0.75,Third major producer with steady output; USGS data for 2023 is the most recent and reliable.
Power Amplifiers,Power Supply Regulator,0.9,"A stable and regulated power supply is essential for the operation of power amplifiers, with high confidence based on its necessity across implementations and industry standards.",Silver,0.7,Round 3 refinement with peer support: 0,710610,MEXICO,METRIC TONS,6400.0,24.62,0.95,USGS Mineral Commodity Summaries 2024/2023 - authoritative U.S. government production data with global coverage
Power Amplifiers,Power Supply Regulator,0.9,"A stable and regulated power supply is essential for the operation of power amplifiers, with high confidence based on its necessity across implementations and industry standards.",Silver,0.7,Round 3 refinement with peer support: 0,710610,CHINA,METRIC TONS,3400.0,13.08,0.95,USGS Mineral Commodity Summaries 2024/2023 - authoritative U.S. government production data with global coverage
Power Amplifiers,Power Supply Regulator,0.9,"A stable and regulated power supply is essential for the operation of power amplifiers, with high confidence based on its necessity across implementations and industry standards.",Silver,0.7,Round 3 refinement with peer support: 0,710610,PERU,METRIC TONS,3100.0,11.92,0.95,USGS Mineral Commodity Summaries 2024/2023 - authoritative U.S. government production data with global coverage
Power Amplifiers,Power Supply Regulator,0.9,"A stable and regulated power supply is essential for the operation of power amplifiers, with high confidence based on its necessity across implementations and industry standards.",Silver,0.7,Round 3 refinement with peer support: 0,710610,OTHER,METRIC TONS,3000.0,11.54,0.95,USGS Mineral Commodity Summaries 2024/2023 - authoritative U.S. government production data with global coverage
Power Amplifiers,Power Supply Regulator,0.9,"A stable and regulated power supply is essential for the operation of power amplifiers, with high confidence based on its necessity across implementations and industry standards.",Silver,0.7,Round 3 refinement with peer support: 0,710610,CHILE,METRIC TONS,1400.0,5.38,0.95,USGS Mineral Commodity Summaries 2024/2023 - authoritative U.S. government production data with global coverage
Power Amplifiers,Power Supply Regulator,0.9,"A stable and regulated power supply is essential for the operation of power amplifiers, with high confidence based on its necessity across implementations and industry standards.",Antimony,0.7,Round 3 refinement with peer support: 0,811100,CHINA,METRIC TONS,40000.0,48.19,0.95,USGS Mineral Commodity Summaries 2024/2023 - authoritative U.S. government production data with global coverage
Power Amplifiers,Power Supply Regulator,0.9,"A stable and regulated power supply is essential for the operation of power amplifiers, with high confidence based on its necessity across implementations and industry standards.",Antimony,0.7,Round 3 refinement with peer support: 0,811100,TAJIKISTAN,METRIC TONS,21000.0,25.3,0.95,USGS Mineral Commodity Summaries 2024/2023 - authoritative U.S. government production data with global coverage
Power Amplifiers,Power Supply Regulator,0.9,"A stable and regulated power supply is essential for the operation of power amplifiers, with high confidence based on its necessity across implementations and industry standards.",Antimony,0.7,Round 3 refinement with peer support: 0,811100,TURKEY,METRIC TONS,6000.0,7.23,0.95,USGS Mineral Commodity Summaries 2024/2023 - authoritative U.S. government production data with global coverage
Power Amplifiers,Power Supply Regulator,0.9,"A stable and regulated power supply is essential for the operation of power amplifiers, with high confidence based on its necessity across implementations and industry standards.",Antimony,0.7,Round 3 refinement with peer support: 0,811100,BURMA,METRIC TONS,4600.0,5.54,0.95,USGS Mineral Commodity Summaries 2024/2023 - authoritative U.S. government production data with global coverage
Power Amplifiers,Power Supply Regulator,0.9,"A stable and regulated power supply is essential for the operation of power amplifiers, with high confidence based on its necessity across implementations and industry standards.",Antimony,0.7,Round 3 refinement with peer support: 0,811100,RUSSIA,METRIC TONS,4300.0,5.18,0.95,USGS Mineral Commodity Summaries 2024/2023 - authoritative U.S. government production data with global coverage
Power Amplifiers,Power Supply Regulator,0.9,"A stable and regulated power supply is essential for the operation of power amplifiers, with high confidence based on its necessity across implementations and industry standards.",Ammonium sulfate,0.7,Round 3 refinement with peer support: 0,310240,China,metric tons,8391103.0,38.95,0.825,Large-scale producer with stable production documented by the China National Mineral Industry Federation.
Power Amplifiers,Power Supply Regulator,0.9,"A stable and regulated power supply is essential for the operation of power amplifiers, with high confidence based on its necessity across implementations and industry standards.",Ammonium sulfate,0.7,Round 3 refinement with peer support: 0,310240,India,metric tons,2515135.5,19.25,0.85,Industrially significant producer with consistent production reported by the USGS in recent years.
Power Amplifiers,Power Supply Regulator,0.9,"A stable and regulated power supply is essential for the operation of power amplifiers, with high confidence based on its necessity across implementations and industry standards.",Ammonium sulfate,0.7,Round 3 refinement with peer support: 0,310240,United States,metric tons,3195132.5,17.05,0.8,Significant producer with data from the USGS for 2023.
Power Amplifiers,Power Supply Regulator,0.9,"A stable and regulated power supply is essential for the operation of power amplifiers, with high confidence based on its necessity across implementations and industry standards.",Ammonium sulfate,0.7,Round 3 refinement with peer support: 0,310240,Brazil,metric tons,317385.0,4.6,0.8,Moderate producer with reported data from industry associations.
Power Amplifiers,Power Supply Regulator,0.9,"A stable and regulated power supply is essential for the operation of power amplifiers, with high confidence based on its necessity across implementations and industry standards.",Ammonium sulfate,0.7,Round 3 refinement with peer support: 0,310240,Philippines,metric tons,496874.0,25.3,0.9,"USGS reports show Philippines as the largest producer of Ammonium sulfate in 2022, maintaining position with recent data."
Hydroponic Systems,Water Pump,0.95,"Multiple agents have proposed the water pump (Agent1: 0.85, Agent2: 0.95), making it a strong consensus candidate with high certainty.",Aluminum,0.85,Round 3 refinement with peer support: 1,280300,CHINA,THOUSAND METRIC TONS,41000.0,58.57,0.95,USGS Mineral Commodity Summaries 2024/2023 - authoritative U.S. government production data with global coverage
Hydroponic Systems,Water Pump,0.95,"Multiple agents have proposed the water pump (Agent1: 0.85, Agent2: 0.95), making it a strong consensus candidate with high certainty.",Aluminum,0.85,Round 3 refinement with peer support: 1,280300,OTHER,THOUSAND METRIC TONS,7000.0,10.0,0.95,USGS Mineral Commodity Summaries 2024/2023 - authoritative U.S. government production data with global coverage
Hydroponic Systems,Water Pump,0.95,"Multiple agents have proposed the water pump (Agent1: 0.85, Agent2: 0.95), making it a strong consensus candidate with high certainty.",Aluminum,0.85,Round 3 refinement with peer support: 1,280300,INDIA,THOUSAND METRIC TONS,4100.0,5.86,0.95,USGS Mineral Commodity Summaries 2024/2023 - authoritative U.S. government production data with global coverage
Hydroponic Systems,Water Pump,0.95,"Multiple agents have proposed the water pump (Agent1: 0.85, Agent2: 0.95), making it a strong consensus candidate with high certainty.",Aluminum,0.85,Round 3 refinement with peer support: 1,280300,RUSSIA,THOUSAND METRIC TONS,3800.0,5.43,0.95,USGS Mineral Commodity Summaries 2024/2023 - authoritative U.S. government production data with global coverage
Hydroponic Systems,Water Pump,0.95,"Multiple agents have proposed the water pump (Agent1: 0.85, Agent2: 0.95), making it a strong consensus candidate with high certainty.",Aluminum,0.85,Round 3 refinement with peer support: 1,280300,CANADA,THOUSAND METRIC TONS,3000.0,4.29,0.95,USGS Mineral Commodity Summaries 2024/2023 - authoritative U.S. government production data with global coverage
Hydroponic Systems,Water Pump,0.95,"Multiple agents have proposed the water pump (Agent1: 0.85, Agent2: 0.95), making it a strong consensus candidate with high certainty.",Stainless steel,0.7,Round 3 refinement with peer support: 0,722000,China,tons,23282553.0,51.4,0.93,China dominates global stainless steel production based on recent industry reports and production statistics from the China Iron & Steel Association (CISA).
Hydroponic Systems,Water Pump,0.95,"Multiple agents have proposed the water pump (Agent1: 0.85, Agent2: 0.95), making it a strong consensus candidate with high certainty.",Stainless steel,0.7,Round 3 refinement with peer support: 0,722000,Russia,tons,1952233.3333333333,5.23,0.783,Large nickel producing country with diversified mining operations. Data from the Federal Service for Supervision of Consumer Rights and Wellbeing.
Hydroponic Systems,Water Pump,0.95,"Multiple agents have proposed the water pump (Agent1: 0.85, Agent2: 0.95), making it a strong consensus candidate with high certainty.",Stainless steel,0.7,Round 3 refinement with peer support: 0,722000,India,metric tons,5600000.0,8.5,0.85,Multi-agent debate consensus
Hydroponic Systems,Water Pump,0.95,"Multiple agents have proposed the water pump (Agent1: 0.85, Agent2: 0.95), making it a strong consensus candidate with high certainty.",Stainless steel,0.7,Round 3 refinement with peer support: 0,722000,Japan,metric tons,5490000.0,7.5,0.9,Multi-agent debate consensus
Hydroponic Systems,Water Pump,0.95,"Multiple agents have proposed the water pump (Agent1: 0.85, Agent2: 0.95), making it a strong consensus candidate with high certainty.",Stainless steel,0.7,Round 3 refinement with peer support: 0,722000,Germany,metric tons,3667500.0,5.0,0.845,Multi-agent debate consensus
Hydroponic Systems,Nutrient Solution Containers,0.92,Several agents have separately identified this component. It is fundamental for storing and managing nutrients accurately.,Glass,0.7,Round 3 refinement with peer support: 0,700800,China,metric tons,154933333.33333334,41.67,0.84,Multi-agent debate consensus
Hydroponic Systems,Nutrient Solution Containers,0.92,Several agents have separately identified this component. It is fundamental for storing and managing nutrients accurately.,Glass,0.7,Round 3 refinement with peer support: 0,700800,United States,metric tons,118866666.66666667,19.67,0.853,Multi-agent debate consensus
Hydroponic Systems,Nutrient Solution Containers,0.92,Several agents have separately identified this component. It is fundamental for storing and managing nutrients accurately.,Glass,0.7,Round 3 refinement with peer support: 0,700800,India,metric tons,51666666.666666664,12.33,0.893,Multi-agent debate consensus
Hydroponic Systems,Nutrient Solution Containers,0.92,Several agents have separately identified this component. It is fundamental for storing and managing nutrients accurately.,Glass,0.7,Round 3 refinement with peer support: 0,700800,Germany,metric tons,20900000.0,5.67,0.82,Multi-agent debate consensus
Hydroponic Systems,Nutrient Solution Containers,0.92,Several agents have separately identified this component. It is fundamental for storing and managing nutrients accurately.,Glass,0.7,Round 3 refinement with peer support: 0,700800,Japan,metric tons,40350000.0,5.83,0.76,Multi-agent debate consensus
Hydroponic Systems,Growing Tray,0.9,"Multiple agents independently proposed this component, indicating broad consensus. It is a core part of the hydroponic system and essential for plant support.",Polystyrene,0.7,Round 3 refinement with peer support: 0,390310,China,metric tons,6376433.333333333,42.33,0.85,"China is the leading producer of polystyrene with significant refining capabilities (ICIS, 2023)."
Hydroponic Systems,Growing Tray,0.9,"Multiple agents independently proposed this component, indicating broad consensus. It is a core part of the hydroponic system and essential for plant support.",Polystyrene,0.7,Round 3 refinement with peer support: 0,390310,Japan,metric tons,1622933.3333333333,9.9,0.817,"Domestic demand and robust production capacity (ICIS, 2023)."
Hydroponic Systems,Growing Tray,0.9,"Multiple agents independently proposed this component, indicating broad consensus. It is a core part of the hydroponic system and essential for plant support.",Polystyrene,0.7,Round 3 refinement with peer support: 0,390310,United States,metric tons,1870000.0,14.33,0.85,Multi-agent debate consensus
Hydroponic Systems,Growing Tray,0.9,"Multiple agents independently proposed this component, indicating broad consensus. It is a core part of the hydroponic system and essential for plant support.",Polystyrene,0.7,Round 3 refinement with peer support: 0,390310,Germany,metric tons,962326.6666666666,6.43,0.767,"Advanced petrochemical industry and local demand (ICIS, 2023)."
Hydroponic Systems,Growing Tray,0.9,"Multiple agents independently proposed this component, indicating broad consensus. It is a core part of the hydroponic system and essential for plant support.",Polystyrene,0.7,Round 3 refinement with peer support: 0,390310,South Korea,metric tons,930306.6666666666,5.63,0.733,"Key refining hub and local demand (ICIS, 2023)."
Hydroponic Systems,Growing Tray,0.9,"Multiple agents independently proposed this component, indicating broad consensus. It is a core part of the hydroponic system and essential for plant support.",Polycarbonate,0.7,Round 3 refinement with peer support: 0,390690,Germany,metric tons,750000.0,45.0,0.8,Germany is one of the largest producers of petrochemicals and has significant Polycarbonate plants. Data from industry reports.
Hydroponic Systems,Growing Tray,0.9,"Multiple agents independently proposed this component, indicating broad consensus. It is a core part of the hydroponic system and essential for plant support.",Polycarbonate,0.7,Round 3 refinement with peer support: 0,390690,Japan,metric tons,416670.0,25.0,0.85,Japanese companies are major global players in chemical production and Polycarbonate manufacturing.
Hydroponic Systems,Growing Tray,0.9,"Multiple agents independently proposed this component, indicating broad consensus. It is a core part of the hydroponic system and essential for plant support.",Polycarbonate,0.7,Round 3 refinement with peer support: 0,390690,United States,metric tons,16668.0,10.0,0.75,Significant domestic Polycarbonate production from US companies; data from industry reports.
Hydroponic Systems,Growing Tray,0.9,"Multiple agents independently proposed this component, indicating broad consensus. It is a core part of the hydroponic system and essential for plant support.",Polycarbonate,0.7,Round 3 refinement with peer support: 0,390690,Taiwan,metric tons,8334.0,5.0,0.7,Known for Polycarbonate production and has some of the largest firms in Asia; data from industry studies.
Hydroponic Systems,Growing Tray,0.9,"Multiple agents independently proposed this component, indicating broad consensus. It is a core part of the hydroponic system and essential for plant support.",Polycarbonate,0.7,Round 3 refinement with peer support: 0,390690,South Korea,metric tons,6668.0,4.0,0.7,Major petrochemical producer with significant Polycarbonate output; South Korean firms in chemical industry.
Hydroponic Systems,Water Pumps,0.95,The high confidence stems from the multiple agents agreeing on this component's importance.,Aluminum,0.7,Round 3 refinement with peer support: 0,280300,CHINA,THOUSAND METRIC TONS,41000.0,58.57,0.95,USGS Mineral Commodity Summaries 2024/2023 - authoritative U.S. government production data with global coverage
Hydroponic Systems,Water Pumps,0.95,The high confidence stems from the multiple agents agreeing on this component's importance.,Aluminum,0.7,Round 3 refinement with peer support: 0,280300,OTHER,THOUSAND METRIC TONS,7000.0,10.0,0.95,USGS Mineral Commodity Summaries 2024/2023 - authoritative U.S. government production data with global coverage
Hydroponic Systems,Water Pumps,0.95,The high confidence stems from the multiple agents agreeing on this component's importance.,Aluminum,0.7,Round 3 refinement with peer support: 0,280300,INDIA,THOUSAND METRIC TONS,4100.0,5.86,0.95,USGS Mineral Commodity Summaries 2024/2023 - authoritative U.S. government production data with global coverage
Hydroponic Systems,Water Pumps,0.95,The high confidence stems from the multiple agents agreeing on this component's importance.,Aluminum,0.7,Round 3 refinement with peer support: 0,280300,RUSSIA,THOUSAND METRIC TONS,3800.0,5.43,0.95,USGS Mineral Commodity Summaries 2024/2023 - authoritative U.S. government production data with global coverage
Hydroponic Systems,Water Pumps,0.95,The high confidence stems from the multiple agents agreeing on this component's importance.,Aluminum,0.7,Round 3 refinement with peer support: 0,280300,CANADA,THOUSAND METRIC TONS,3000.0,4.29,0.95,USGS Mineral Commodity Summaries 2024/2023 - authoritative U.S. government production data with global coverage
Hydroponic Systems,Led Grow Lights,0.9,"Grow lights are crucial for providing artificial light when natural sunlight is insufficient. They have strong support from all three agents (Agent1, Agent2, Agent3). Due to their critical role in plant growth, they have high confidence.",Silicon carbide,0.7,Round 3 refinement with peer support: 0,284920,Japan,metric tons,11033.333333333334,20.33,0.767,Multi-agent debate consensus
Hydroponic Systems,Led Grow Lights,0.9,"Grow lights are crucial for providing artificial light when natural sunlight is insufficient. They have strong support from all three agents (Agent1, Agent2, Agent3). Due to their critical role in plant growth, they have high confidence.",Silicon carbide,0.7,Round 3 refinement with peer support: 0,284920,China,metric tons,137800.0,38.33,0.85,Largest silicon carbide producing country; data from government agencies and industry surveys.
Hydroponic Systems,Led Grow Lights,0.9,"Grow lights are crucial for providing artificial light when natural sunlight is insufficient. They have strong support from all three agents (Agent1, Agent2, Agent3). Due to their critical role in plant growth, they have high confidence.",Silicon carbide,0.7,Round 3 refinement with peer support: 0,284920,Germany,metric tons,3706.6666666666665,7.0,0.75,Multi-agent debate consensus
Hydroponic Systems,Led Grow Lights,0.9,"Grow lights are crucial for providing artificial light when natural sunlight is insufficient. They have strong support from all three agents (Agent1, Agent2, Agent3). Due to their critical role in plant growth, they have high confidence.",Silicon carbide,0.7,Round 3 refinement with peer support: 0,284920,United States,metric tons,23250.0,37.5,0.775,US is a major producer with robust manufacturing capability; data from industry reports.
Hydroponic Systems,Led Grow Lights,0.9,"Grow lights are crucial for providing artificial light when natural sunlight is insufficient. They have strong support from all three agents (Agent1, Agent2, Agent3). Due to their critical role in plant growth, they have high confidence.",Silicon carbide,0.7,Round 3 refinement with peer support: 0,284920,South Korea,metric tons,2006.6666666666667,5.0,0.767,Not a major player but consistently produces significant volumes; data from industry associations.
Hydroponic Systems,Led Grow Lights,0.9,"Grow lights are crucial for providing artificial light when natural sunlight is insufficient. They have strong support from all three agents (Agent1, Agent2, Agent3). Due to their critical role in plant growth, they have high confidence.",Silicon,0.7,Round 3 refinement with peer support: 0,280469,CHINA,THOUSAND METRIC TONS,3600.0,40.0,0.95,USGS Mineral Commodity Summaries 2024/2023 - authoritative U.S. government production data with global coverage
Hydroponic Systems,Led Grow Lights,0.9,"Grow lights are crucial for providing artificial light when natural sunlight is insufficient. They have strong support from all three agents (Agent1, Agent2, Agent3). Due to their critical role in plant growth, they have high confidence.",Silicon,0.7,Round 3 refinement with peer support: 0,280469,RUSSIA,THOUSAND METRIC TONS,570.0,6.33,0.95,USGS Mineral Commodity Summaries 2024/2023 - authoritative U.S. government production data with global coverage
Hydroponic Systems,Led Grow Lights,0.9,"Grow lights are crucial for providing artificial light when natural sunlight is insufficient. They have strong support from all three agents (Agent1, Agent2, Agent3). Due to their critical role in plant growth, they have high confidence.",Silicon,0.7,Round 3 refinement with peer support: 0,280469,BRAZIL,THOUSAND METRIC TONS,190.0,2.11,0.95,USGS Mineral Commodity Summaries 2024/2023 - authoritative U.S. government production data with global coverage
Hydroponic Systems,Led Grow Lights,0.9,"Grow lights are crucial for providing artificial light when natural sunlight is insufficient. They have strong support from all three agents (Agent1, Agent2, Agent3). Due to their critical role in plant growth, they have high confidence.",Silicon,0.7,Round 3 refinement with peer support: 0,280469,NORWAY,THOUSAND METRIC TONS,200.0,2.22,0.95,USGS Mineral Commodity Summaries 2024/2023 - authoritative U.S. government production data with global coverage
Hydroponic Systems,Led Grow Lights,0.9,"Grow lights are crucial for providing artificial light when natural sunlight is insufficient. They have strong support from all three agents (Agent1, Agent2, Agent3). Due to their critical role in plant growth, they have high confidence.",Silicon,0.7,Round 3 refinement with peer support: 0,280469,OTHER,THOUSAND METRIC TONS,100.0,1.11,0.95,USGS Mineral Commodity Summaries 2024/2023 - authoritative U.S. government production data with global coverage
Hydroponic Systems,Led Grow Lights,0.9,"Grow lights are crucial for providing artificial light when natural sunlight is insufficient. They have strong support from all three agents (Agent1, Agent2, Agent3). Due to their critical role in plant growth, they have high confidence.",Aluminum,0.7,Round 3 refinement with peer support: 0,280300,CHINA,THOUSAND METRIC TONS,41000.0,58.57,0.95,USGS Mineral Commodity Summaries 2024/2023 - authoritative U.S. government production data with global coverage
Hydroponic Systems,Led Grow Lights,0.9,"Grow lights are crucial for providing artificial light when natural sunlight is insufficient. They have strong support from all three agents (Agent1, Agent2, Agent3). Due to their critical role in plant growth, they have high confidence.",Aluminum,0.7,Round 3 refinement with peer support: 0,280300,OTHER,THOUSAND METRIC TONS,7000.0,10.0,0.95,USGS Mineral Commodity Summaries 2024/2023 - authoritative U.S. government production data with global coverage
Hydroponic Systems,Led Grow Lights,0.9,"Grow lights are crucial for providing artificial light when natural sunlight is insufficient. They have strong support from all three agents (Agent1, Agent2, Agent3). Due to their critical role in plant growth, they have high confidence.",Aluminum,0.7,Round 3 refinement with peer support: 0,280300,INDIA,THOUSAND METRIC TONS,4100.0,5.86,0.95,USGS Mineral Commodity Summaries 2024/2023 - authoritative U.S. government production data with global coverage
Hydroponic Systems,Led Grow Lights,0.9,"Grow lights are crucial for providing artificial light when natural sunlight is insufficient. They have strong support from all three agents (Agent1, Agent2, Agent3). Due to their critical role in plant growth, they have high confidence.",Aluminum,0.7,Round 3 refinement with peer support: 0,280300,RUSSIA,THOUSAND METRIC TONS,3800.0,5.43,0.95,USGS Mineral Commodity Summaries 2024/2023 - authoritative U.S. government production data with global coverage
Hydroponic Systems,Led Grow Lights,0.9,"Grow lights are crucial for providing artificial light when natural sunlight is insufficient. They have strong support from all three agents (Agent1, Agent2, Agent3). Due to their critical role in plant growth, they have high confidence.",Aluminum,0.7,Round 3 refinement with peer support: 0,280300,CANADA,THOUSAND METRIC TONS,3000.0,4.29,0.95,USGS Mineral Commodity Summaries 2024/2023 - authoritative U.S. government production data with global coverage
Hydroponic Systems,Grow Lights,0.9,"Several agents have proposed grow lights (Agent1: 0.90, Agent2: 0.92), indicating broad support and high relevance to hydroponic systems.",Silicon carbide,0.7,Round 3 refinement with peer support: 0,284920,Japan,metric tons,11033.333333333334,20.33,0.767,Multi-agent debate consensus
Hydroponic Systems,Grow Lights,0.9,"Several agents have proposed grow lights (Agent1: 0.90, Agent2: 0.92), indicating broad support and high relevance to hydroponic systems.",Silicon carbide,0.7,Round 3 refinement with peer support: 0,284920,China,metric tons,137800.0,38.33,0.85,Largest silicon carbide producing country; data from government agencies and industry surveys.
Hydroponic Systems,Grow Lights,0.9,"Several agents have proposed grow lights (Agent1: 0.90, Agent2: 0.92), indicating broad support and high relevance to hydroponic systems.",Silicon carbide,0.7,Round 3 refinement with peer support: 0,284920,Germany,metric tons,3706.6666666666665,7.0,0.75,Multi-agent debate consensus
Hydroponic Systems,Grow Lights,0.9,"Several agents have proposed grow lights (Agent1: 0.90, Agent2: 0.92), indicating broad support and high relevance to hydroponic systems.",Silicon carbide,0.7,Round 3 refinement with peer support: 0,284920,United States,metric tons,23250.0,37.5,0.775,US is a major producer with robust manufacturing capability; data from industry reports.
Hydroponic Systems,Grow Lights,0.9,"Several agents have proposed grow lights (Agent1: 0.90, Agent2: 0.92), indicating broad support and high relevance to hydroponic systems.",Silicon carbide,0.7,Round 3 refinement with peer support: 0,284920,South Korea,metric tons,2006.6666666666667,5.0,0.767,Not a major player but consistently produces significant volumes; data from industry associations.
Hydroponic Systems,Grow Lights,0.9,"Several agents have proposed grow lights (Agent1: 0.90, Agent2: 0.92), indicating broad support and high relevance to hydroponic systems.",Silicon,0.7,Round 3 refinement with peer support: 0,280469,CHINA,THOUSAND METRIC TONS,3600.0,40.0,0.95,USGS Mineral Commodity Summaries 2024/2023 - authoritative U.S. government production data with global coverage
Hydroponic Systems,Grow Lights,0.9,"Several agents have proposed grow lights (Agent1: 0.90, Agent2: 0.92), indicating broad support and high relevance to hydroponic systems.",Silicon,0.7,Round 3 refinement with peer support: 0,280469,RUSSIA,THOUSAND METRIC TONS,570.0,6.33,0.95,USGS Mineral Commodity Summaries 2024/2023 - authoritative U.S. government production data with global coverage
Hydroponic Systems,Grow Lights,0.9,"Several agents have proposed grow lights (Agent1: 0.90, Agent2: 0.92), indicating broad support and high relevance to hydroponic systems.",Silicon,0.7,Round 3 refinement with peer support: 0,280469,BRAZIL,THOUSAND METRIC TONS,190.0,2.11,0.95,USGS Mineral Commodity Summaries 2024/2023 - authoritative U.S. government production data with global coverage
Hydroponic Systems,Grow Lights,0.9,"Several agents have proposed grow lights (Agent1: 0.90, Agent2: 0.92), indicating broad support and high relevance to hydroponic systems.",Silicon,0.7,Round 3 refinement with peer support: 0,280469,NORWAY,THOUSAND METRIC TONS,200.0,2.22,0.95,USGS Mineral Commodity Summaries 2024/2023 - authoritative U.S. government production data with global coverage
Hydroponic Systems,Grow Lights,0.9,"Several agents have proposed grow lights (Agent1: 0.90, Agent2: 0.92), indicating broad support and high relevance to hydroponic systems.",Silicon,0.7,Round 3 refinement with peer support: 0,280469,OTHER,THOUSAND METRIC TONS,100.0,1.11,0.95,USGS Mineral Commodity Summaries 2024/2023 - authoritative U.S. government production data with global coverage
Hydroponic Systems,Climate Control,0.85,"The climate control system, encompassing temperature and humidity management, is essential for maintaining optimal growing conditions. While not entirely agreed upon by all agents, its importance justifies a moderate confidence level as it affects overall plant health and efficiency.",Polystyrene,0.7,Round 3 refinement with peer support: 0,390310,China,metric tons,6376433.333333333,42.33,0.85,"China is the leading producer of polystyrene with significant refining capabilities (ICIS, 2023)."
Hydroponic Systems,Climate Control,0.85,"The climate control system, encompassing temperature and humidity management, is essential for maintaining optimal growing conditions. While not entirely agreed upon by all agents, its importance justifies a moderate confidence level as it affects overall plant health and efficiency.",Polystyrene,0.7,Round 3 refinement with peer support: 0,390310,Japan,metric tons,1622933.3333333333,9.9,0.817,"Domestic demand and robust production capacity (ICIS, 2023)."
Hydroponic Systems,Climate Control,0.85,"The climate control system, encompassing temperature and humidity management, is essential for maintaining optimal growing conditions. While not entirely agreed upon by all agents, its importance justifies a moderate confidence level as it affects overall plant health and efficiency.",Polystyrene,0.7,Round 3 refinement with peer support: 0,390310,United States,metric tons,1870000.0,14.33,0.85,Multi-agent debate consensus
Hydroponic Systems,Climate Control,0.85,"The climate control system, encompassing temperature and humidity management, is essential for maintaining optimal growing conditions. While not entirely agreed upon by all agents, its importance justifies a moderate confidence level as it affects overall plant health and efficiency.",Polystyrene,0.7,Round 3 refinement with peer support: 0,390310,Germany,metric tons,962326.6666666666,6.43,0.767,"Advanced petrochemical industry and local demand (ICIS, 2023)."
Hydroponic Systems,Climate Control,0.85,"The climate control system, encompassing temperature and humidity management, is essential for maintaining optimal growing conditions. While not entirely agreed upon by all agents, its importance justifies a moderate confidence level as it affects overall plant health and efficiency.",Polystyrene,0.7,Round 3 refinement with peer support: 0,390310,South Korea,metric tons,930306.6666666666,5.63,0.733,"Key refining hub and local demand (ICIS, 2023)."
Hydroponic Systems,Climate Control,0.85,"The climate control system, encompassing temperature and humidity management, is essential for maintaining optimal growing conditions. While not entirely agreed upon by all agents, its importance justifies a moderate confidence level as it affects overall plant health and efficiency.",Aluminum,0.7,Round 3 refinement with peer support: 0,280300,CHINA,THOUSAND METRIC TONS,41000.0,58.57,0.95,USGS Mineral Commodity Summaries 2024/2023 - authoritative U.S. government production data with global coverage
Hydroponic Systems,Climate Control,0.85,"The climate control system, encompassing temperature and humidity management, is essential for maintaining optimal growing conditions. While not entirely agreed upon by all agents, its importance justifies a moderate confidence level as it affects overall plant health and efficiency.",Aluminum,0.7,Round 3 refinement with peer support: 0,280300,OTHER,THOUSAND METRIC TONS,7000.0,10.0,0.95,USGS Mineral Commodity Summaries 2024/2023 - authoritative U.S. government production data with global coverage
Hydroponic Systems,Climate Control,0.85,"The climate control system, encompassing temperature and humidity management, is essential for maintaining optimal growing conditions. While not entirely agreed upon by all agents, its importance justifies a moderate confidence level as it affects overall plant health and efficiency.",Aluminum,0.7,Round 3 refinement with peer support: 0,280300,INDIA,THOUSAND METRIC TONS,4100.0,5.86,0.95,USGS Mineral Commodity Summaries 2024/2023 - authoritative U.S. government production data with global coverage
Hydroponic Systems,Climate Control,0.85,"The climate control system, encompassing temperature and humidity management, is essential for maintaining optimal growing conditions. While not entirely agreed upon by all agents, its importance justifies a moderate confidence level as it affects overall plant health and efficiency.",Aluminum,0.7,Round 3 refinement with peer support: 0,280300,RUSSIA,THOUSAND METRIC TONS,3800.0,5.43,0.95,USGS Mineral Commodity Summaries 2024/2023 - authoritative U.S. government production data with global coverage
Hydroponic Systems,Climate Control,0.85,"The climate control system, encompassing temperature and humidity management, is essential for maintaining optimal growing conditions. While not entirely agreed upon by all agents, its importance justifies a moderate confidence level as it affects overall plant health and efficiency.",Aluminum,0.7,Round 3 refinement with peer support: 0,280300,CANADA,THOUSAND METRIC TONS,3000.0,4.29,0.95,USGS Mineral Commodity Summaries 2024/2023 - authoritative U.S. government production data with global coverage
Hydroponic Systems,Reservoirs/buckets,0.85,"Multiple agents have supported reservoirs/buckets (Agent2: 0.90), reinforcing its importance in nutrient management and water storage.",Boron trioxide,0.7,Round 3 refinement with peer support: 0,281000,China,metric tons,66000.0,27.33,0.873,Based on recent reports from the China Geological Survey; significant mining operations.
Hydroponic Systems,Reservoirs/buckets,0.85,"Multiple agents have supported reservoirs/buckets (Agent2: 0.90), reinforcing its importance in nutrient management and water storage.",Boron trioxide,0.7,Round 3 refinement with peer support: 0,281000,Turkey,metric tons,9666.666666666666,18.0,0.783,Multi-agent debate consensus
Hydroponic Systems,Reservoirs/buckets,0.85,"Multiple agents have supported reservoirs/buckets (Agent2: 0.90), reinforcing its importance in nutrient management and water storage.",Boron trioxide,0.7,Round 3 refinement with peer support: 0,281000,United States,metric tons,40040.0,10.08,0.833,Multi-agent debate consensus
Hydroponic Systems,Reservoirs/buckets,0.85,"Multiple agents have supported reservoirs/buckets (Agent2: 0.90), reinforcing its importance in nutrient management and water storage.",Boron trioxide,0.7,Round 3 refinement with peer support: 0,281000,Australia,metric tons,24000.0,6.0,0.85,Australian Mining Reports; reliable data source for primary production.
Hydroponic Systems,Reservoirs/buckets,0.85,"Multiple agents have supported reservoirs/buckets (Agent2: 0.90), reinforcing its importance in nutrient management and water storage.",Boron trioxide,0.7,Round 3 refinement with peer support: 0,281000,India,metric tons,12100.0,3.2,0.75,Multi-agent debate consensus
Hydroponic Systems,Water Pump Or Irrigation,0.9,"The water pump is a fundamental component of hydroponic systems as it circulates the nutrient solution through the system. It receives moderate support from multiple agents (Agent1, Agent2, Agent3) and has high utility in ensuring proper delivery of nutrients.",Aluminum,0.95,Round 3 refinement with peer support: 2,280300,CHINA,THOUSAND METRIC TONS,41000.0,58.57,0.95,USGS Mineral Commodity Summaries 2024/2023 - authoritative U.S. government production data with global coverage
Hydroponic Systems,Water Pump Or Irrigation,0.9,"The water pump is a fundamental component of hydroponic systems as it circulates the nutrient solution through the system. It receives moderate support from multiple agents (Agent1, Agent2, Agent3) and has high utility in ensuring proper delivery of nutrients.",Aluminum,0.95,Round 3 refinement with peer support: 2,280300,OTHER,THOUSAND METRIC TONS,7000.0,10.0,0.95,USGS Mineral Commodity Summaries 2024/2023 - authoritative U.S. government production data with global coverage
Hydroponic Systems,Water Pump Or Irrigation,0.9,"The water pump is a fundamental component of hydroponic systems as it circulates the nutrient solution through the system. It receives moderate support from multiple agents (Agent1, Agent2, Agent3) and has high utility in ensuring proper delivery of nutrients.",Aluminum,0.95,Round 3 refinement with peer support: 2,280300,INDIA,THOUSAND METRIC TONS,4100.0,5.86,0.95,USGS Mineral Commodity Summaries 2024/2023 - authoritative U.S. government production data with global coverage
Hydroponic Systems,Water Pump Or Irrigation,0.9,"The water pump is a fundamental component of hydroponic systems as it circulates the nutrient solution through the system. It receives moderate support from multiple agents (Agent1, Agent2, Agent3) and has high utility in ensuring proper delivery of nutrients.",Aluminum,0.95,Round 3 refinement with peer support: 2,280300,RUSSIA,THOUSAND METRIC TONS,3800.0,5.43,0.95,USGS Mineral Commodity Summaries 2024/2023 - authoritative U.S. government production data with global coverage
Hydroponic Systems,Water Pump Or Irrigation,0.9,"The water pump is a fundamental component of hydroponic systems as it circulates the nutrient solution through the system. It receives moderate support from multiple agents (Agent1, Agent2, Agent3) and has high utility in ensuring proper delivery of nutrients.",Aluminum,0.95,Round 3 refinement with peer support: 2,280300,CANADA,THOUSAND METRIC TONS,3000.0,4.29,0.95,USGS Mineral Commodity Summaries 2024/2023 - authoritative U.S. government production data with global coverage
Hydroponic Systems,"Lighting System (e.g., Led Lights)",0.85,"Both Agent1 and Agent3 included lighting which is critical for plant growth. However, it can vary based on design choices.",Silicon,0.7,Round 3 refinement with peer support: 0,280469,CHINA,THOUSAND METRIC TONS,3600.0,40.0,0.95,USGS Mineral Commodity Summaries 2024/2023 - authoritative U.S. government production data with global coverage
Hydroponic Systems,"Lighting System (e.g., Led Lights)",0.85,"Both Agent1 and Agent3 included lighting which is critical for plant growth. However, it can vary based on design choices.",Silicon,0.7,Round 3 refinement with peer support: 0,280469,RUSSIA,THOUSAND METRIC TONS,570.0,6.33,0.95,USGS Mineral Commodity Summaries 2024/2023 - authoritative U.S. government production data with global coverage
Hydroponic Systems,"Lighting System (e.g., Led Lights)",0.85,"Both Agent1 and Agent3 included lighting which is critical for plant growth. However, it can vary based on design choices.",Silicon,0.7,Round 3 refinement with peer support: 0,280469,BRAZIL,THOUSAND METRIC TONS,190.0,2.11,0.95,USGS Mineral Commodity Summaries 2024/2023 - authoritative U.S. government production data with global coverage
Hydroponic Systems,"Lighting System (e.g., Led Lights)",0.85,"Both Agent1 and Agent3 included lighting which is critical for plant growth. However, it can vary based on design choices.",Silicon,0.7,Round 3 refinement with peer support: 0,280469,NORWAY,THOUSAND METRIC TONS,200.0,2.22,0.95,USGS Mineral Commodity Summaries 2024/2023 - authoritative U.S. government production data with global coverage
Hydroponic Systems,"Lighting System (e.g., Led Lights)",0.85,"Both Agent1 and Agent3 included lighting which is critical for plant growth. However, it can vary based on design choices.",Silicon,0.7,Round 3 refinement with peer support: 0,280469,OTHER,THOUSAND METRIC TONS,100.0,1.11,0.95,USGS Mineral Commodity Summaries 2024/2023 - authoritative U.S. government production data with global coverage
Soil Moisture Sensor,Sensing Element,1.0,This element is critically important for moisture detection and universally recognized as a key part of the soil moisture sensor. The high confidence stems from its central role and lack of disagreement among peers.,Silicon,0.9,Round 3 refinement with peer support: 2,280469,CHINA,THOUSAND METRIC TONS,3600.0,40.0,0.95,USGS Mineral Commodity Summaries 2024/2023 - authoritative U.S. government production data with global coverage
Soil Moisture Sensor,Sensing Element,1.0,This element is critically important for moisture detection and universally recognized as a key part of the soil moisture sensor. The high confidence stems from its central role and lack of disagreement among peers.,Silicon,0.9,Round 3 refinement with peer support: 2,280469,RUSSIA,THOUSAND METRIC TONS,570.0,6.33,0.95,USGS Mineral Commodity Summaries 2024/2023 - authoritative U.S. government production data with global coverage
Soil Moisture Sensor,Sensing Element,1.0,This element is critically important for moisture detection and universally recognized as a key part of the soil moisture sensor. The high confidence stems from its central role and lack of disagreement among peers.,Silicon,0.9,Round 3 refinement with peer support: 2,280469,BRAZIL,THOUSAND METRIC TONS,190.0,2.11,0.95,USGS Mineral Commodity Summaries 2024/2023 - authoritative U.S. government production data with global coverage
Soil Moisture Sensor,Sensing Element,1.0,This element is critically important for moisture detection and universally recognized as a key part of the soil moisture sensor. The high confidence stems from its central role and lack of disagreement among peers.,Silicon,0.9,Round 3 refinement with peer support: 2,280469,NORWAY,THOUSAND METRIC TONS,200.0,2.22,0.95,USGS Mineral Commodity Summaries 2024/2023 - authoritative U.S. government production data with global coverage
Soil Moisture Sensor,Sensing Element,1.0,This element is critically important for moisture detection and universally recognized as a key part of the soil moisture sensor. The high confidence stems from its central role and lack of disagreement among peers.,Silicon,0.9,Round 3 refinement with peer support: 2,280469,OTHER,THOUSAND METRIC TONS,100.0,1.11,0.95,USGS Mineral Commodity Summaries 2024/2023 - authoritative U.S. government production data with global coverage
Soil Moisture Sensor,Soil,0.98,Essential for the sensor's function and widely accepted by multiple agents.,Aluminum oxide,0.7,Round 3 refinement with peer support: 0,281820,China,metric tons,28580000.0,52.33,0.933,Based on recent data from the China Non-ferrous Metals Industry Association; very reliable statistics.
Soil Moisture Sensor,Soil,0.98,Essential for the sensor's function and widely accepted by multiple agents.,Aluminum oxide,0.7,Round 3 refinement with peer support: 0,281820,Australia,metric tons,3275333.3333333335,13.03,0.857,Second largest producer with comprehensive datasets from the Australian Bureau of Resources and Energy Economics.
Soil Moisture Sensor,Soil,0.98,Essential for the sensor's function and widely accepted by multiple agents.,Aluminum oxide,0.7,Round 3 refinement with peer support: 0,281820,India,metric tons,1761166.6666666667,10.37,0.85,Fourth largest producer; data from Indian geological surveys and industry associations.
Soil Moisture Sensor,Soil,0.98,Essential for the sensor's function and widely accepted by multiple agents.,Aluminum oxide,0.7,Round 3 refinement with peer support: 0,281820,Algeria,metric tons,1125000.0,9.7,0.825,Major producer with well-documented mining operations and data from the Algerian government.
Soil Moisture Sensor,Soil,0.98,Essential for the sensor's function and widely accepted by multiple agents.,Aluminum oxide,0.7,Round 3 refinement with peer support: 0,281820,Russia,metric tons,1546000.0,7.75,0.825,Multi-agent debate consensus
Bioreactor,Bioreactor Body,0.98,Multiple agents proposed this component despite its isolation in their lists. This indicates it is a critical part of the bioreactor and should be included.,Stainless steel,0.883,Round 3 refinement with peer support: 2,722000,China,tons,23282553.0,51.4,0.93,China dominates global stainless steel production based on recent industry reports and production statistics from the China Iron & Steel Association (CISA).
Bioreactor,Bioreactor Body,0.98,Multiple agents proposed this component despite its isolation in their lists. This indicates it is a critical part of the bioreactor and should be included.,Stainless steel,0.883,Round 3 refinement with peer support: 2,722000,Russia,tons,1952233.3333333333,5.23,0.783,Large nickel producing country with diversified mining operations. Data from the Federal Service for Supervision of Consumer Rights and Wellbeing.
Bioreactor,Bioreactor Body,0.98,Multiple agents proposed this component despite its isolation in their lists. This indicates it is a critical part of the bioreactor and should be included.,Stainless steel,0.883,Round 3 refinement with peer support: 2,722000,India,metric tons,5600000.0,8.5,0.85,Multi-agent debate consensus
Bioreactor,Bioreactor Body,0.98,Multiple agents proposed this component despite its isolation in their lists. This indicates it is a critical part of the bioreactor and should be included.,Stainless steel,0.883,Round 3 refinement with peer support: 2,722000,Japan,metric tons,5490000.0,7.5,0.9,Multi-agent debate consensus
Bioreactor,Bioreactor Body,0.98,Multiple agents proposed this component despite its isolation in their lists. This indicates it is a critical part of the bioreactor and should be included.,Stainless steel,0.883,Round 3 refinement with peer support: 2,722000,Germany,metric tons,3667500.0,5.0,0.845,Multi-agent debate consensus
Bioreactor,Bioreactor Body,0.98,Multiple agents proposed this component despite its isolation in their lists. This indicates it is a critical part of the bioreactor and should be included.,Titanium,0.7,Round 3 refinement with peer support: 0,810810,Australia,metric tons,153160.0,34.63,0.907,Australian government data; dominant producer in the region
Bioreactor,Bioreactor Body,0.98,Multiple agents proposed this component despite its isolation in their lists. This indicates it is a critical part of the bioreactor and should be included.,Titanium,0.7,Round 3 refinement with peer support: 0,810810,China,metric tons,58177.0,14.27,0.9,USGS and industry reports; largest global producer
Bioreactor,Bioreactor Body,0.98,Multiple agents proposed this component despite its isolation in their lists. This indicates it is a critical part of the bioreactor and should be included.,Titanium,0.7,Round 3 refinement with peer support: 0,810810,Canada,metric tons,31428.0,11.45,0.85,Multi-agent debate consensus
Bioreactor,Bioreactor Body,0.98,Multiple agents proposed this component despite its isolation in their lists. This indicates it is a critical part of the bioreactor and should be included.,Titanium,0.7,Round 3 refinement with peer support: 0,810810,South Africa,metric tons,13334.666666666666,3.9,0.873,Multi-agent debate consensus
Bioreactor,Bioreactor Body,0.98,Multiple agents proposed this component despite its isolation in their lists. This indicates it is a critical part of the bioreactor and should be included.,Titanium,0.7,Round 3 refinement with peer support: 0,810810, ilva,metric tons,167500.0,23.0,0.85,Based on recent reports from the International Titanium Association; major producer with reliable data.
Bioreactor,Bioreactor Body,0.98,Multiple agents proposed this component despite its isolation in their lists. This indicates it is a critical part of the bioreactor and should be included.,Polycarbonate,0.7,Round 3 refinement with peer support: 0,390690,Germany,metric tons,750000.0,45.0,0.8,Germany is one of the largest producers of petrochemicals and has significant Polycarbonate plants. Data from industry reports.
Bioreactor,Bioreactor Body,0.98,Multiple agents proposed this component despite its isolation in their lists. This indicates it is a critical part of the bioreactor and should be included.,Polycarbonate,0.7,Round 3 refinement with peer support: 0,390690,Japan,metric tons,416670.0,25.0,0.85,Japanese companies are major global players in chemical production and Polycarbonate manufacturing.
Bioreactor,Bioreactor Body,0.98,Multiple agents proposed this component despite its isolation in their lists. This indicates it is a critical part of the bioreactor and should be included.,Polycarbonate,0.7,Round 3 refinement with peer support: 0,390690,United States,metric tons,16668.0,10.0,0.75,Significant domestic Polycarbonate production from US companies; data from industry reports.
Bioreactor,Bioreactor Body,0.98,Multiple agents proposed this component despite its isolation in their lists. This indicates it is a critical part of the bioreactor and should be included.,Polycarbonate,0.7,Round 3 refinement with peer support: 0,390690,Taiwan,metric tons,8334.0,5.0,0.7,Known for Polycarbonate production and has some of the largest firms in Asia; data from industry studies.
Bioreactor,Bioreactor Body,0.98,Multiple agents proposed this component despite its isolation in their lists. This indicates it is a critical part of the bioreactor and should be included.,Polycarbonate,0.7,Round 3 refinement with peer support: 0,390690,South Korea,metric tons,6668.0,4.0,0.7,Major petrochemical producer with significant Polycarbonate output; South Korean firms in chemical industry.
Bioreactor,Control System,0.95,"While only proposed by one agent, it is supported by the consensus on the importance of control systems within bioreactors. High confidence due to its fundamental role in operation.",Silicon,0.85,Round 3 refinement with peer support: 1,280469,CHINA,THOUSAND METRIC TONS,3600.0,40.0,0.95,USGS Mineral Commodity Summaries 2024/2023 - authoritative U.S. government production data with global coverage
Bioreactor,Control System,0.95,"While only proposed by one agent, it is supported by the consensus on the importance of control systems within bioreactors. High confidence due to its fundamental role in operation.",Silicon,0.85,Round 3 refinement with peer support: 1,280469,RUSSIA,THOUSAND METRIC TONS,570.0,6.33,0.95,USGS Mineral Commodity Summaries 2024/2023 - authoritative U.S. government production data with global coverage
Bioreactor,Control System,0.95,"While only proposed by one agent, it is supported by the consensus on the importance of control systems within bioreactors. High confidence due to its fundamental role in operation.",Silicon,0.85,Round 3 refinement with peer support: 1,280469,BRAZIL,THOUSAND METRIC TONS,190.0,2.11,0.95,USGS Mineral Commodity Summaries 2024/2023 - authoritative U.S. government production data with global coverage
Bioreactor,Control System,0.95,"While only proposed by one agent, it is supported by the consensus on the importance of control systems within bioreactors. High confidence due to its fundamental role in operation.",Silicon,0.85,Round 3 refinement with peer support: 1,280469,NORWAY,THOUSAND METRIC TONS,200.0,2.22,0.95,USGS Mineral Commodity Summaries 2024/2023 - authoritative U.S. government production data with global coverage
Bioreactor,Control System,0.95,"While only proposed by one agent, it is supported by the consensus on the importance of control systems within bioreactors. High confidence due to its fundamental role in operation.",Silicon,0.85,Round 3 refinement with peer support: 1,280469,OTHER,THOUSAND METRIC TONS,100.0,1.11,0.95,USGS Mineral Commodity Summaries 2024/2023 - authoritative U.S. government production data with global coverage
Bioreactor,Control System,0.95,"While only proposed by one agent, it is supported by the consensus on the importance of control systems within bioreactors. High confidence due to its fundamental role in operation.",Cadmium telluride,0.7,Round 3 refinement with peer support: 0,282890,China,metric tons,3953.3333333333335,37.67,0.783,Based on the USGS report which states that China leads in production of tellurium (a key component) and has significant cadmium telluride production.
Bioreactor,Control System,0.95,"While only proposed by one agent, it is supported by the consensus on the importance of control systems within bioreactors. High confidence due to its fundamental role in operation.",Cadmium telluride,0.7,Round 3 refinement with peer support: 0,282890,Japan,metric tons,3400.0,33.67,0.83,Multi-agent debate consensus
Bioreactor,Control System,0.95,"While only proposed by one agent, it is supported by the consensus on the importance of control systems within bioreactors. High confidence due to its fundamental role in operation.",Cadmium telluride,0.7,Round 3 refinement with peer support: 0,282890,United States,metric tons,310.0,14.5,0.75,Home to several key production facilities; data from USGS and local mining statistics
Bioreactor,Control System,0.95,"While only proposed by one agent, it is supported by the consensus on the importance of control systems within bioreactors. High confidence due to its fundamental role in operation.",Cadmium telluride,0.7,Round 3 refinement with peer support: 0,282890,South Korea,metric tons,1628.0,7.5,0.8,Known for integrated semiconductor industries; up-to-date data from local industry associations
Bioreactor,Control System,0.95,"While only proposed by one agent, it is supported by the consensus on the importance of control systems within bioreactors. High confidence due to its fundamental role in operation.",Cadmium telluride,0.7,Round 3 refinement with peer support: 0,282890,Germany,metric tons,3004.0,8.0,0.725,"Part of European manufacturing hub, moderate production; data from European mining organization"
Bioreactor,Control System,0.95,"While only proposed by one agent, it is supported by the consensus on the importance of control systems within bioreactors. High confidence due to its fundamental role in operation.",Copper,0.7,Round 3 refinement with peer support: 0,740100,CHINA,THOUSAND METRIC TONS,1700.0,3.47,0.95,USGS Mineral Commodity Summaries 2024/2023 - authoritative U.S. government production data with global coverage
Bioreactor,Control System,0.95,"While only proposed by one agent, it is supported by the consensus on the importance of control systems within bioreactors. High confidence due to its fundamental role in operation.",Copper,0.7,Round 3 refinement with peer support: 0,740100,CHILE,THOUSAND METRIC TONS,5000.0,10.2,0.95,USGS Mineral Commodity Summaries 2024/2023 - authoritative U.S. government production data with global coverage
Bioreactor,Control System,0.95,"While only proposed by one agent, it is supported by the consensus on the importance of control systems within bioreactors. High confidence due to its fundamental role in operation.",Copper,0.7,Round 3 refinement with peer support: 0,740100,OTHER,THOUSAND METRIC TONS,3100.0,6.33,0.95,USGS Mineral Commodity Summaries 2024/2023 - authoritative U.S. government production data with global coverage
Bioreactor,Control System,0.95,"While only proposed by one agent, it is supported by the consensus on the importance of control systems within bioreactors. High confidence due to its fundamental role in operation.",Copper,0.7,Round 3 refinement with peer support: 0,740100,CONGO,THOUSAND METRIC TONS,2500.0,5.1,0.95,USGS Mineral Commodity Summaries 2024/2023 - authoritative U.S. government production data with global coverage
Bioreactor,Control System,0.95,"While only proposed by one agent, it is supported by the consensus on the importance of control systems within bioreactors. High confidence due to its fundamental role in operation.",Copper,0.7,Round 3 refinement with peer support: 0,740100,PERU,THOUSAND METRIC TONS,2600.0,5.31,0.95,USGS Mineral Commodity Summaries 2024/2023 - authoritative U.S. government production data with global coverage
Bioreactor,Control System,0.95,"While only proposed by one agent, it is supported by the consensus on the importance of control systems within bioreactors. High confidence due to its fundamental role in operation.",Aluminum,0.7,Round 3 refinement with peer support: 0,280300,CHINA,THOUSAND METRIC TONS,41000.0,58.57,0.95,USGS Mineral Commodity Summaries 2024/2023 - authoritative U.S. government production data with global coverage
Bioreactor,Control System,0.95,"While only proposed by one agent, it is supported by the consensus on the importance of control systems within bioreactors. High confidence due to its fundamental role in operation.",Aluminum,0.7,Round 3 refinement with peer support: 0,280300,OTHER,THOUSAND METRIC TONS,7000.0,10.0,0.95,USGS Mineral Commodity Summaries 2024/2023 - authoritative U.S. government production data with global coverage
Bioreactor,Control System,0.95,"While only proposed by one agent, it is supported by the consensus on the importance of control systems within bioreactors. High confidence due to its fundamental role in operation.",Aluminum,0.7,Round 3 refinement with peer support: 0,280300,INDIA,THOUSAND METRIC TONS,4100.0,5.86,0.95,USGS Mineral Commodity Summaries 2024/2023 - authoritative U.S. government production data with global coverage
Bioreactor,Control System,0.95,"While only proposed by one agent, it is supported by the consensus on the importance of control systems within bioreactors. High confidence due to its fundamental role in operation.",Aluminum,0.7,Round 3 refinement with peer support: 0,280300,RUSSIA,THOUSAND METRIC TONS,3800.0,5.43,0.95,USGS Mineral Commodity Summaries 2024/2023 - authoritative U.S. government production data with global coverage
Bioreactor,Control System,0.95,"While only proposed by one agent, it is supported by the consensus on the importance of control systems within bioreactors. High confidence due to its fundamental role in operation.",Aluminum,0.7,Round 3 refinement with peer support: 0,280300,CANADA,THOUSAND METRIC TONS,3000.0,4.29,0.95,USGS Mineral Commodity Summaries 2024/2023 - authoritative U.S. government production data with global coverage
Bioreactor,Stirrer Or Agitator System,0.95,Consensus among two agents (agents 1 and 3) with an average confidence of 0.98 supports this component. It is critical for ensuring uniform distribution of reactants.,Tantalum,0.7,Round 3 refinement with peer support: 0,810320,CONGO,METRIC TONS,980.0,40.83,0.95,USGS Mineral Commodity Summaries 2024/2023 - authoritative U.S. government production data with global coverage
Bioreactor,Stirrer Or Agitator System,0.95,Consensus among two agents (agents 1 and 3) with an average confidence of 0.98 supports this component. It is critical for ensuring uniform distribution of reactants.,Tantalum,0.7,Round 3 refinement with peer support: 0,810320,RWANDA,METRIC TONS,520.0,21.67,0.95,USGS Mineral Commodity Summaries 2024/2023 - authoritative U.S. government production data with global coverage
Bioreactor,Stirrer Or Agitator System,0.95,Consensus among two agents (agents 1 and 3) with an average confidence of 0.98 supports this component. It is critical for ensuring uniform distribution of reactants.,Tantalum,0.7,Round 3 refinement with peer support: 0,810320,BRAZIL,METRIC TONS,360.0,15.0,0.95,USGS Mineral Commodity Summaries 2024/2023 - authoritative U.S. government production data with global coverage
Bioreactor,Stirrer Or Agitator System,0.95,Consensus among two agents (agents 1 and 3) with an average confidence of 0.98 supports this component. It is critical for ensuring uniform distribution of reactants.,Tantalum,0.7,Round 3 refinement with peer support: 0,810320,OTHER,METRIC TONS,260.0,10.83,0.95,USGS Mineral Commodity Summaries 2024/2023 - authoritative U.S. government production data with global coverage
Bioreactor,Stirrer Or Agitator System,0.95,Consensus among two agents (agents 1 and 3) with an average confidence of 0.98 supports this component. It is critical for ensuring uniform distribution of reactants.,Tantalum,0.7,Round 3 refinement with peer support: 0,810320,NIGERIA,METRIC TONS,110.0,4.58,0.95,USGS Mineral Commodity Summaries 2024/2023 - authoritative U.S. government production data with global coverage
Bioreactor,Stirrer Or Agitator System,0.95,Consensus among two agents (agents 1 and 3) with an average confidence of 0.98 supports this component. It is critical for ensuring uniform distribution of reactants.,Stainless steel,0.7,Round 3 refinement with peer support: 0,722000,China,tons,23282553.0,51.4,0.93,China dominates global stainless steel production based on recent industry reports and production statistics from the China Iron & Steel Association (CISA).
Bioreactor,Stirrer Or Agitator System,0.95,Consensus among two agents (agents 1 and 3) with an average confidence of 0.98 supports this component. It is critical for ensuring uniform distribution of reactants.,Stainless steel,0.7,Round 3 refinement with peer support: 0,722000,Russia,tons,1952233.3333333333,5.23,0.783,Large nickel producing country with diversified mining operations. Data from the Federal Service for Supervision of Consumer Rights and Wellbeing.
Bioreactor,Stirrer Or Agitator System,0.95,Consensus among two agents (agents 1 and 3) with an average confidence of 0.98 supports this component. It is critical for ensuring uniform distribution of reactants.,Stainless steel,0.7,Round 3 refinement with peer support: 0,722000,India,metric tons,5600000.0,8.5,0.85,Multi-agent debate consensus
Bioreactor,Stirrer Or Agitator System,0.95,Consensus among two agents (agents 1 and 3) with an average confidence of 0.98 supports this component. It is critical for ensuring uniform distribution of reactants.,Stainless steel,0.7,Round 3 refinement with peer support: 0,722000,Japan,metric tons,5490000.0,7.5,0.9,Multi-agent debate consensus
Bioreactor,Stirrer Or Agitator System,0.95,Consensus among two agents (agents 1 and 3) with an average confidence of 0.98 supports this component. It is critical for ensuring uniform distribution of reactants.,Stainless steel,0.7,Round 3 refinement with peer support: 0,722000,Germany,metric tons,3667500.0,5.0,0.845,Multi-agent debate consensus
Bioreactor,Temperature Control System,0.92,"Consensus across three agents (agents 1, 2, and 3) with an average confidence of 0.85 supports this component. It is essential for maintaining optimal conditions during the bioreactor process.",Titanium,0.7,Round 3 refinement with peer support: 0,810810,Australia,metric tons,153160.0,34.63,0.907,Australian government data; dominant producer in the region
Bioreactor,Temperature Control System,0.92,"Consensus across three agents (agents 1, 2, and 3) with an average confidence of 0.85 supports this component. It is essential for maintaining optimal conditions during the bioreactor process.",Titanium,0.7,Round 3 refinement with peer support: 0,810810,China,metric tons,58177.0,14.27,0.9,USGS and industry reports; largest global producer
Bioreactor,Temperature Control System,0.92,"Consensus across three agents (agents 1, 2, and 3) with an average confidence of 0.85 supports this component. It is essential for maintaining optimal conditions during the bioreactor process.",Titanium,0.7,Round 3 refinement with peer support: 0,810810,Canada,metric tons,31428.0,11.45,0.85,Multi-agent debate consensus
Bioreactor,Temperature Control System,0.92,"Consensus across three agents (agents 1, 2, and 3) with an average confidence of 0.85 supports this component. It is essential for maintaining optimal conditions during the bioreactor process.",Titanium,0.7,Round 3 refinement with peer support: 0,810810,South Africa,metric tons,13334.666666666666,3.9,0.873,Multi-agent debate consensus
Bioreactor,Temperature Control System,0.92,"Consensus across three agents (agents 1, 2, and 3) with an average confidence of 0.85 supports this component. It is essential for maintaining optimal conditions during the bioreactor process.",Titanium,0.7,Round 3 refinement with peer support: 0,810810, ilva,metric tons,167500.0,23.0,0.85,Based on recent reports from the International Titanium Association; major producer with reliable data.
Bioreactor,Bioreactor Housing,0.98,"Strong consensus among peers (2 agents) supports this component. With a high average confidence of 0.98, it is well-justified as a primary manufacturing component.",Polycarbonate,0.7,Round 3 refinement with peer support: 0,390690,Germany,metric tons,750000.0,45.0,0.8,Germany is one of the largest producers of petrochemicals and has significant Polycarbonate plants. Data from industry reports.
Bioreactor,Bioreactor Housing,0.98,"Strong consensus among peers (2 agents) supports this component. With a high average confidence of 0.98, it is well-justified as a primary manufacturing component.",Polycarbonate,0.7,Round 3 refinement with peer support: 0,390690,Japan,metric tons,416670.0,25.0,0.85,Japanese companies are major global players in chemical production and Polycarbonate manufacturing.
Bioreactor,Bioreactor Housing,0.98,"Strong consensus among peers (2 agents) supports this component. With a high average confidence of 0.98, it is well-justified as a primary manufacturing component.",Polycarbonate,0.7,Round 3 refinement with peer support: 0,390690,United States,metric tons,16668.0,10.0,0.75,Significant domestic Polycarbonate production from US companies; data from industry reports.
Bioreactor,Bioreactor Housing,0.98,"Strong consensus among peers (2 agents) supports this component. With a high average confidence of 0.98, it is well-justified as a primary manufacturing component.",Polycarbonate,0.7,Round 3 refinement with peer support: 0,390690,Taiwan,metric tons,8334.0,5.0,0.7,Known for Polycarbonate production and has some of the largest firms in Asia; data from industry studies.
Bioreactor,Bioreactor Housing,0.98,"Strong consensus among peers (2 agents) supports this component. With a high average confidence of 0.98, it is well-justified as a primary manufacturing component.",Polycarbonate,0.7,Round 3 refinement with peer support: 0,390690,South Korea,metric tons,6668.0,4.0,0.7,Major petrochemical producer with significant Polycarbonate output; South Korean firms in chemical industry.
Bioreactor,Bioreactor Housing,0.98,"Strong consensus among peers (2 agents) supports this component. With a high average confidence of 0.98, it is well-justified as a primary manufacturing component.",Polypropylene,0.7,Round 3 refinement with peer support: 0,390210,China,metric tons,10209211.666666666,31.8,0.823,Data from Plastics Industry Association (2022) estimates China as the leading producer with detailed and authoritative statistics.
Bioreactor,Bioreactor Housing,0.98,"Strong consensus among peers (2 agents) supports this component. With a high average confidence of 0.98, it is well-justified as a primary manufacturing component.",Polypropylene,0.7,Round 3 refinement with peer support: 0,390210,Saudi Arabia,metric tons,3329821.0,19.83,0.817,Plastics Industry Association (2022) estimates Saudi Arabia as the second largest producer; data reliable due to large scale operations.
Bioreactor,Bioreactor Housing,0.98,"Strong consensus among peers (2 agents) supports this component. With a high average confidence of 0.98, it is well-justified as a primary manufacturing component.",Polypropylene,0.7,Round 3 refinement with peer support: 0,390210,South Korea,metric tons,1958926.0,13.67,0.817,From the Korean Plastics Association and global market reports.
Bioreactor,Bioreactor Housing,0.98,"Strong consensus among peers (2 agents) supports this component. With a high average confidence of 0.98, it is well-justified as a primary manufacturing component.",Polypropylene,0.7,Round 3 refinement with peer support: 0,390210,United States,metric tons,6972839.0,11.0,0.81,Based on reports from the US Chemical Industry Data Book.
Bioreactor,Bioreactor Housing,0.98,"Strong consensus among peers (2 agents) supports this component. With a high average confidence of 0.98, it is well-justified as a primary manufacturing component.",Polypropylene,0.7,Round 3 refinement with peer support: 0,390210,Indonesia,metric tons,291511.5,10.6,0.8,Data from Indonesian chemical industry surveys and local news reports.
Bioreactor,Bioreactor Housing,0.98,"Strong consensus among peers (2 agents) supports this component. With a high average confidence of 0.98, it is well-justified as a primary manufacturing component.",Stainless steel,0.7,Round 3 refinement with peer support: 0,722000,China,tons,23282553.0,51.4,0.93,China dominates global stainless steel production based on recent industry reports and production statistics from the China Iron & Steel Association (CISA).
Bioreactor,Bioreactor Housing,0.98,"Strong consensus among peers (2 agents) supports this component. With a high average confidence of 0.98, it is well-justified as a primary manufacturing component.",Stainless steel,0.7,Round 3 refinement with peer support: 0,722000,Russia,tons,1952233.3333333333,5.23,0.783,Large nickel producing country with diversified mining operations. Data from the Federal Service for Supervision of Consumer Rights and Wellbeing.
Bioreactor,Bioreactor Housing,0.98,"Strong consensus among peers (2 agents) supports this component. With a high average confidence of 0.98, it is well-justified as a primary manufacturing component.",Stainless steel,0.7,Round 3 refinement with peer support: 0,722000,India,metric tons,5600000.0,8.5,0.85,Multi-agent debate consensus
Bioreactor,Bioreactor Housing,0.98,"Strong consensus among peers (2 agents) supports this component. With a high average confidence of 0.98, it is well-justified as a primary manufacturing component.",Stainless steel,0.7,Round 3 refinement with peer support: 0,722000,Japan,metric tons,5490000.0,7.5,0.9,Multi-agent debate consensus
Bioreactor,Bioreactor Housing,0.98,"Strong consensus among peers (2 agents) supports this component. With a high average confidence of 0.98, it is well-justified as a primary manufacturing component.",Stainless steel,0.7,Round 3 refinement with peer support: 0,722000,Germany,metric tons,3667500.0,5.0,0.845,Multi-agent debate consensus
Bioreactor,Support Structures,0.85,"These components were also proposed by one agent but have some peer support, which increases our confidence level despite the lower individual confidence scores.",Stainless steel,0.775,Round 3 refinement with peer support: 1,722000,China,tons,23282553.0,51.4,0.93,China dominates global stainless steel production based on recent industry reports and production statistics from the China Iron & Steel Association (CISA).
Bioreactor,Support Structures,0.85,"These components were also proposed by one agent but have some peer support, which increases our confidence level despite the lower individual confidence scores.",Stainless steel,0.775,Round 3 refinement with peer support: 1,722000,Russia,tons,1952233.3333333333,5.23,0.783,Large nickel producing country with diversified mining operations. Data from the Federal Service for Supervision of Consumer Rights and Wellbeing.
Bioreactor,Support Structures,0.85,"These components were also proposed by one agent but have some peer support, which increases our confidence level despite the lower individual confidence scores.",Stainless steel,0.775,Round 3 refinement with peer support: 1,722000,India,metric tons,5600000.0,8.5,0.85,Multi-agent debate consensus
Bioreactor,Support Structures,0.85,"These components were also proposed by one agent but have some peer support, which increases our confidence level despite the lower individual confidence scores.",Stainless steel,0.775,Round 3 refinement with peer support: 1,722000,Japan,metric tons,5490000.0,7.5,0.9,Multi-agent debate consensus
Bioreactor,Support Structures,0.85,"These components were also proposed by one agent but have some peer support, which increases our confidence level despite the lower individual confidence scores.",Stainless steel,0.775,Round 3 refinement with peer support: 1,722000,Germany,metric tons,3667500.0,5.0,0.845,Multi-agent debate consensus
Bioreactor,Support Structures,0.85,"These components were also proposed by one agent but have some peer support, which increases our confidence level despite the lower individual confidence scores.",Titanium,0.85,Round 3 refinement with peer support: 1,810810,Australia,metric tons,153160.0,34.63,0.907,Australian government data; dominant producer in the region
Bioreactor,Support Structures,0.85,"These components were also proposed by one agent but have some peer support, which increases our confidence level despite the lower individual confidence scores.",Titanium,0.85,Round 3 refinement with peer support: 1,810810,China,metric tons,58177.0,14.27,0.9,USGS and industry reports; largest global producer
Bioreactor,Support Structures,0.85,"These components were also proposed by one agent but have some peer support, which increases our confidence level despite the lower individual confidence scores.",Titanium,0.85,Round 3 refinement with peer support: 1,810810,Canada,metric tons,31428.0,11.45,0.85,Multi-agent debate consensus
Bioreactor,Support Structures,0.85,"These components were also proposed by one agent but have some peer support, which increases our confidence level despite the lower individual confidence scores.",Titanium,0.85,Round 3 refinement with peer support: 1,810810,South Africa,metric tons,13334.666666666666,3.9,0.873,Multi-agent debate consensus
Bioreactor,Support Structures,0.85,"These components were also proposed by one agent but have some peer support, which increases our confidence level despite the lower individual confidence scores.",Titanium,0.85,Round 3 refinement with peer support: 1,810810, ilva,metric tons,167500.0,23.0,0.85,Based on recent reports from the International Titanium Association; major producer with reliable data.
Bioreactor,Support Structures,0.85,"These components were also proposed by one agent but have some peer support, which increases our confidence level despite the lower individual confidence scores.",Aluminum,0.7,Round 3 refinement with peer support: 0,280300,CHINA,THOUSAND METRIC TONS,41000.0,58.57,0.95,USGS Mineral Commodity Summaries 2024/2023 - authoritative U.S. government production data with global coverage
Bioreactor,Support Structures,0.85,"These components were also proposed by one agent but have some peer support, which increases our confidence level despite the lower individual confidence scores.",Aluminum,0.7,Round 3 refinement with peer support: 0,280300,OTHER,THOUSAND METRIC TONS,7000.0,10.0,0.95,USGS Mineral Commodity Summaries 2024/2023 - authoritative U.S. government production data with global coverage
Bioreactor,Support Structures,0.85,"These components were also proposed by one agent but have some peer support, which increases our confidence level despite the lower individual confidence scores.",Aluminum,0.7,Round 3 refinement with peer support: 0,280300,INDIA,THOUSAND METRIC TONS,4100.0,5.86,0.95,USGS Mineral Commodity Summaries 2024/2023 - authoritative U.S. government production data with global coverage
Bioreactor,Support Structures,0.85,"These components were also proposed by one agent but have some peer support, which increases our confidence level despite the lower individual confidence scores.",Aluminum,0.7,Round 3 refinement with peer support: 0,280300,RUSSIA,THOUSAND METRIC TONS,3800.0,5.43,0.95,USGS Mineral Commodity Summaries 2024/2023 - authoritative U.S. government production data with global coverage
Bioreactor,Support Structures,0.85,"These components were also proposed by one agent but have some peer support, which increases our confidence level despite the lower individual confidence scores.",Aluminum,0.7,Round 3 refinement with peer support: 0,280300,CANADA,THOUSAND METRIC TONS,3000.0,4.29,0.95,USGS Mineral Commodity Summaries 2024/2023 - authoritative U.S. government production data with global coverage
Bioreactor,Sensor Suite,0.8,High utility while allowing some customization; consensus among peers at average confidence level supports this.,Silicon,0.9,Round 3 refinement with peer support: 2,280469,CHINA,THOUSAND METRIC TONS,3600.0,40.0,0.95,USGS Mineral Commodity Summaries 2024/2023 - authoritative U.S. government production data with global coverage
Bioreactor,Sensor Suite,0.8,High utility while allowing some customization; consensus among peers at average confidence level supports this.,Silicon,0.9,Round 3 refinement with peer support: 2,280469,RUSSIA,THOUSAND METRIC TONS,570.0,6.33,0.95,USGS Mineral Commodity Summaries 2024/2023 - authoritative U.S. government production data with global coverage
Bioreactor,Sensor Suite,0.8,High utility while allowing some customization; consensus among peers at average confidence level supports this.,Silicon,0.9,Round 3 refinement with peer support: 2,280469,BRAZIL,THOUSAND METRIC TONS,190.0,2.11,0.95,USGS Mineral Commodity Summaries 2024/2023 - authoritative U.S. government production data with global coverage
Bioreactor,Sensor Suite,0.8,High utility while allowing some customization; consensus among peers at average confidence level supports this.,Silicon,0.9,Round 3 refinement with peer support: 2,280469,NORWAY,THOUSAND METRIC TONS,200.0,2.22,0.95,USGS Mineral Commodity Summaries 2024/2023 - authoritative U.S. government production data with global coverage
Bioreactor,Sensor Suite,0.8,High utility while allowing some customization; consensus among peers at average confidence level supports this.,Silicon,0.9,Round 3 refinement with peer support: 2,280469,OTHER,THOUSAND METRIC TONS,100.0,1.11,0.95,USGS Mineral Commodity Summaries 2024/2023 - authoritative U.S. government production data with global coverage
Bioreactor,Sensor Suite,0.8,High utility while allowing some customization; consensus among peers at average confidence level supports this.,Tungsten,0.7,Round 3 refinement with peer support: 0,810194,CHINA,METRIC TONS,63000.0,80.77,0.95,USGS Mineral Commodity Summaries 2024/2023 - authoritative U.S. government production data with global coverage
Bioreactor,Sensor Suite,0.8,High utility while allowing some customization; consensus among peers at average confidence level supports this.,Tungsten,0.7,Round 3 refinement with peer support: 0,810194,VIETNAM,METRIC TONS,3500.0,4.49,0.95,USGS Mineral Commodity Summaries 2024/2023 - authoritative U.S. government production data with global coverage
Bioreactor,Sensor Suite,0.8,High utility while allowing some customization; consensus among peers at average confidence level supports this.,Tungsten,0.7,Round 3 refinement with peer support: 0,810194,RUSSIA,METRIC TONS,2000.0,2.56,0.95,USGS Mineral Commodity Summaries 2024/2023 - authoritative U.S. government production data with global coverage
Bioreactor,Sensor Suite,0.8,High utility while allowing some customization; consensus among peers at average confidence level supports this.,Tungsten,0.7,Round 3 refinement with peer support: 0,810194,"KOREA, NORTH",METRIC TONS,1700.0,2.18,0.95,USGS Mineral Commodity Summaries 2024/2023 - authoritative U.S. government production data with global coverage
Bioreactor,Sensor Suite,0.8,High utility while allowing some customization; consensus among peers at average confidence level supports this.,Tungsten,0.7,Round 3 refinement with peer support: 0,810194,SPAIN,METRIC TONS,1500.0,1.92,0.95,USGS Mineral Commodity Summaries 2024/2023 - authoritative U.S. government production data with global coverage
Flow Cytometer,Optical Detection System,0.96,"The optical detection system is critical for capturing light signals emitted by cells, based on strong peer support and industry standards.",Bovine serum albumin (BSA),0.775,Round 3 refinement with peer support: 1,350290,China,kg,866.6666666666666,22.67,0.75,"Emerging market with significant biotech industry, good reports from industry surveys."
Flow Cytometer,Optical Detection System,0.96,"The optical detection system is critical for capturing light signals emitted by cells, based on strong peer support and industry standards.",Bovine serum albumin (BSA),0.775,Round 3 refinement with peer support: 1,350290,Germany,kg,363.3333333333333,13.67,0.693,Multi-agent debate consensus
Flow Cytometer,Optical Detection System,0.96,"The optical detection system is critical for capturing light signals emitted by cells, based on strong peer support and industry standards.",Bovine serum albumin (BSA),0.775,Round 3 refinement with peer support: 1,350290,United States,kg,1625.0,34.0,0.75,The U.S. is a major producer due to its significant cattle population and strong biologics industry; data from industry reports.
Flow Cytometer,Optical Detection System,0.96,"The optical detection system is critical for capturing light signals emitted by cells, based on strong peer support and industry standards.",Bovine serum albumin (BSA),0.775,Round 3 refinement with peer support: 1,350290,India,kg,836.6666666666666,15.67,0.64,"Huge cattle population; data from the Ministry of Fisheries, Animal Husbandry & Dairying."
Flow Cytometer,Optical Detection System,0.96,"The optical detection system is critical for capturing light signals emitted by cells, based on strong peer support and industry standards.",Bovine serum albumin (BSA),0.775,Round 3 refinement with peer support: 1,350290,Brazil,kg,320.0,10.0,0.765,Agricultural production supporting local BSA manufacturing; data from agricultural ministry.
Flow Cytometer,Optical Detection System,0.96,"The optical detection system is critical for capturing light signals emitted by cells, based on strong peer support and industry standards.",Buffer salts,0.85,Round 3 refinement with peer support: 1,382490,China,metric tons,219000.0,45.0,0.9,Based on the most recent China National Mineral Industry Federation data; reliable and comprehensive.
Flow Cytometer,Optical Detection System,0.96,"The optical detection system is critical for capturing light signals emitted by cells, based on strong peer support and industry standards.",Buffer salts,0.85,Round 3 refinement with peer support: 1,382490,Germany,metric tons,67000.0,17.0,0.85,Major manufacturing hub with robust production; good data from European sources.
Flow Cytometer,Optical Detection System,0.96,"The optical detection system is critical for capturing light signals emitted by cells, based on strong peer support and industry standards.",Buffer salts,0.85,Round 3 refinement with peer support: 1,382490,India,metric tons,91000.0,16.0,0.85,Second largest producer with good industrial statistics but some reporting lag.
Flow Cytometer,Optical Detection System,0.96,"The optical detection system is critical for capturing light signals emitted by cells, based on strong peer support and industry standards.",Buffer salts,0.85,Round 3 refinement with peer support: 1,382490,Australia,metric tons,27000.0,4.5,0.825,Reliable producer with strong Australian Bureau of Resources and Energy Economics (AREE) reports.
Flow Cytometer,Optical Detection System,0.96,"The optical detection system is critical for capturing light signals emitted by cells, based on strong peer support and industry standards.",Buffer salts,0.85,Round 3 refinement with peer support: 1,382490,Belgium,metric tons,19500.0,5.5,0.825,Local operations and thorough data provided by industry reports; consistent production.
Flow Cytometer,Optical Detection System,0.96,"The optical detection system is critical for capturing light signals emitted by cells, based on strong peer support and industry standards.",Aluminum,0.85,Round 3 refinement with peer support: 1,280300,CHINA,THOUSAND METRIC TONS,41000.0,58.57,0.95,USGS Mineral Commodity Summaries 2024/2023 - authoritative U.S. government production data with global coverage
Flow Cytometer,Optical Detection System,0.96,"The optical detection system is critical for capturing light signals emitted by cells, based on strong peer support and industry standards.",Aluminum,0.85,Round 3 refinement with peer support: 1,280300,OTHER,THOUSAND METRIC TONS,7000.0,10.0,0.95,USGS Mineral Commodity Summaries 2024/2023 - authoritative U.S. government production data with global coverage
Flow Cytometer,Optical Detection System,0.96,"The optical detection system is critical for capturing light signals emitted by cells, based on strong peer support and industry standards.",Aluminum,0.85,Round 3 refinement with peer support: 1,280300,INDIA,THOUSAND METRIC TONS,4100.0,5.86,0.95,USGS Mineral Commodity Summaries 2024/2023 - authoritative U.S. government production data with global coverage
Flow Cytometer,Optical Detection System,0.96,"The optical detection system is critical for capturing light signals emitted by cells, based on strong peer support and industry standards.",Aluminum,0.85,Round 3 refinement with peer support: 1,280300,RUSSIA,THOUSAND METRIC TONS,3800.0,5.43,0.95,USGS Mineral Commodity Summaries 2024/2023 - authoritative U.S. government production data with global coverage
Flow Cytometer,Optical Detection System,0.96,"The optical detection system is critical for capturing light signals emitted by cells, based on strong peer support and industry standards.",Aluminum,0.85,Round 3 refinement with peer support: 1,280300,CANADA,THOUSAND METRIC TONS,3000.0,4.29,0.95,USGS Mineral Commodity Summaries 2024/2023 - authoritative U.S. government production data with global coverage
Flow Cytometer,Optical Detection System,0.96,"The optical detection system is critical for capturing light signals emitted by cells, based on strong peer support and industry standards.",Acrylic,0.85,Round 3 refinement with peer support: 1,390690,China,metric tons,1722428.281333333,39.0,0.867,Multi-agent debate consensus
Flow Cytometer,Optical Detection System,0.96,"The optical detection system is critical for capturing light signals emitted by cells, based on strong peer support and industry standards.",Acrylic,0.85,Round 3 refinement with peer support: 1,390690,South Korea,metric tons,657188.608,17.08,0.817,Multi-agent debate consensus
Flow Cytometer,Optical Detection System,0.96,"The optical detection system is critical for capturing light signals emitted by cells, based on strong peer support and industry standards.",Acrylic,0.85,Round 3 refinement with peer support: 1,390690,Japan,metric tons,643398.12,14.61,0.75,Multi-agent debate consensus
Flow Cytometer,Optical Detection System,0.96,"The optical detection system is critical for capturing light signals emitted by cells, based on strong peer support and industry standards.",Acrylic,0.85,Round 3 refinement with peer support: 1,390690,United States,metric tons,210479.68166666667,4.18,0.65,Multi-agent debate consensus
Flow Cytometer,Optical Detection System,0.96,"The optical detection system is critical for capturing light signals emitted by cells, based on strong peer support and industry standards.",Acrylic,0.85,Round 3 refinement with peer support: 1,390690,Taiwan,metric tons,295069.31233333336,9.2,0.717,Based on recent industry reports and data from polymer companies.
Flow Cytometer,Laser,0.96,Laser is universally recognized as a primary component in flow cytometers for providing the light source necessary for excitation and measurement.,Aluminum gallium arsenide,0.9,Round 3 refinement with peer support: 2,282890,Japan,metric tons,25466.666666666668,22.33,0.733,A major producer with significant refining capabilities for semiconductors.
Flow Cytometer,Laser,0.96,Laser is universally recognized as a primary component in flow cytometers for providing the light source necessary for excitation and measurement.,Aluminum gallium arsenide,0.9,Round 3 refinement with peer support: 2,282890,China,metric tons,25066.666666666668,31.33,0.817,"Based on recent USGS reports, China is the leading producer of gallium."
Flow Cytometer,Laser,0.96,Laser is universally recognized as a primary component in flow cytometers for providing the light source necessary for excitation and measurement.,Aluminum gallium arsenide,0.9,Round 3 refinement with peer support: 2,282890,United States,metric tons,46600.0,37.5,0.675,Based on U.S. Geological Survey's data and reports from academic researchers.
Flow Cytometer,Laser,0.96,Laser is universally recognized as a primary component in flow cytometers for providing the light source necessary for excitation and measurement.,Aluminum gallium arsenide,0.9,Round 3 refinement with peer support: 2,282890,South Korea,metric tons,25320.0,10.5,0.65,South Korea hosts major semiconductor manufacturers like Samsung and SK Hynix.
Flow Cytometer,Laser,0.96,Laser is universally recognized as a primary component in flow cytometers for providing the light source necessary for excitation and measurement.,Aluminum gallium arsenide,0.9,Round 3 refinement with peer support: 2,282890,Germany,metric tons,7200.0,5.0,0.675,Germany hosts significant industrial and technological centers in the semiconductor sector.
Flow Cytometer,Laser,0.96,Laser is universally recognized as a primary component in flow cytometers for providing the light source necessary for excitation and measurement.,Antimony,0.7,Round 3 refinement with peer support: 0,811100,CHINA,METRIC TONS,40000.0,48.19,0.95,USGS Mineral Commodity Summaries 2024/2023 - authoritative U.S. government production data with global coverage
Flow Cytometer,Laser,0.96,Laser is universally recognized as a primary component in flow cytometers for providing the light source necessary for excitation and measurement.,Antimony,0.7,Round 3 refinement with peer support: 0,811100,TAJIKISTAN,METRIC TONS,21000.0,25.3,0.95,USGS Mineral Commodity Summaries 2024/2023 - authoritative U.S. government production data with global coverage
Flow Cytometer,Laser,0.96,Laser is universally recognized as a primary component in flow cytometers for providing the light source necessary for excitation and measurement.,Antimony,0.7,Round 3 refinement with peer support: 0,811100,TURKEY,METRIC TONS,6000.0,7.23,0.95,USGS Mineral Commodity Summaries 2024/2023 - authoritative U.S. government production data with global coverage
Flow Cytometer,Laser,0.96,Laser is universally recognized as a primary component in flow cytometers for providing the light source necessary for excitation and measurement.,Antimony,0.7,Round 3 refinement with peer support: 0,811100,BURMA,METRIC TONS,4600.0,5.54,0.95,USGS Mineral Commodity Summaries 2024/2023 - authoritative U.S. government production data with global coverage
Flow Cytometer,Laser,0.96,Laser is universally recognized as a primary component in flow cytometers for providing the light source necessary for excitation and measurement.,Antimony,0.7,Round 3 refinement with peer support: 0,811100,RUSSIA,METRIC TONS,4300.0,5.18,0.95,USGS Mineral Commodity Summaries 2024/2023 - authoritative U.S. government production data with global coverage
Flow Cytometer,Laser,0.96,Laser is universally recognized as a primary component in flow cytometers for providing the light source necessary for excitation and measurement.,Silver,0.7,Round 3 refinement with peer support: 0,710610,MEXICO,METRIC TONS,6400.0,24.62,0.95,USGS Mineral Commodity Summaries 2024/2023 - authoritative U.S. government production data with global coverage
Flow Cytometer,Laser,0.96,Laser is universally recognized as a primary component in flow cytometers for providing the light source necessary for excitation and measurement.,Silver,0.7,Round 3 refinement with peer support: 0,710610,CHINA,METRIC TONS,3400.0,13.08,0.95,USGS Mineral Commodity Summaries 2024/2023 - authoritative U.S. government production data with global coverage
Flow Cytometer,Laser,0.96,Laser is universally recognized as a primary component in flow cytometers for providing the light source necessary for excitation and measurement.,Silver,0.7,Round 3 refinement with peer support: 0,710610,PERU,METRIC TONS,3100.0,11.92,0.95,USGS Mineral Commodity Summaries 2024/2023 - authoritative U.S. government production data with global coverage
Flow Cytometer,Laser,0.96,Laser is universally recognized as a primary component in flow cytometers for providing the light source necessary for excitation and measurement.,Silver,0.7,Round 3 refinement with peer support: 0,710610,OTHER,METRIC TONS,3000.0,11.54,0.95,USGS Mineral Commodity Summaries 2024/2023 - authoritative U.S. government production data with global coverage
Flow Cytometer,Laser,0.96,Laser is universally recognized as a primary component in flow cytometers for providing the light source necessary for excitation and measurement.,Silver,0.7,Round 3 refinement with peer support: 0,710610,CHILE,METRIC TONS,1400.0,5.38,0.95,USGS Mineral Commodity Summaries 2024/2023 - authoritative U.S. government production data with global coverage
Flow Cytometer,Fluidics System,0.85,"While fluidics are important, there has been less consensus around this component compared to the laser or optical detection, but it remains a well-established part of flow cytometers.",Acrylamide,0.85,Round 3 refinement with peer support: 1,292411,China,metric tons,267666.6666666667,46.67,0.8,"Major consumer and producer, with comprehensive industry reports."
Flow Cytometer,Fluidics System,0.85,"While fluidics are important, there has been less consensus around this component compared to the laser or optical detection, but it remains a well-established part of flow cytometers.",Acrylamide,0.85,Round 3 refinement with peer support: 1,292411,Japan,metric tons,79333.33333333333,14.0,0.817,"Second largest, stable production over the years; well-documented by industry sources."
Flow Cytometer,Fluidics System,0.85,"While fluidics are important, there has been less consensus around this component compared to the laser or optical detection, but it remains a well-established part of flow cytometers.",Acrylamide,0.85,Round 3 refinement with peer support: 1,292411,United States,metric tons,48000.0,11.33,0.8,Significant producer with several industrial applications; reliable data from US surveys.
Flow Cytometer,Fluidics System,0.85,"While fluidics are important, there has been less consensus around this component compared to the laser or optical detection, but it remains a well-established part of flow cytometers.",Acrylamide,0.85,Round 3 refinement with peer support: 1,292411,Germany,metric tons,40666.666666666664,8.67,0.8,Multi-agent debate consensus
Flow Cytometer,Fluidics System,0.85,"While fluidics are important, there has been less consensus around this component compared to the laser or optical detection, but it remains a well-established part of flow cytometers.",Acrylamide,0.85,Round 3 refinement with peer support: 1,292411,Italy,metric tons,24233.333333333332,5.33,0.783,Multi-agent debate consensus
Flow Cytometer,Fluidics System,0.85,"While fluidics are important, there has been less consensus around this component compared to the laser or optical detection, but it remains a well-established part of flow cytometers.",Bovine serum albumin (BSA),0.85,Round 3 refinement with peer support: 1,350290,China,kg,866.6666666666666,22.67,0.75,"Emerging market with significant biotech industry, good reports from industry surveys."
Flow Cytometer,Fluidics System,0.85,"While fluidics are important, there has been less consensus around this component compared to the laser or optical detection, but it remains a well-established part of flow cytometers.",Bovine serum albumin (BSA),0.85,Round 3 refinement with peer support: 1,350290,Germany,kg,363.3333333333333,13.67,0.693,Multi-agent debate consensus
Flow Cytometer,Fluidics System,0.85,"While fluidics are important, there has been less consensus around this component compared to the laser or optical detection, but it remains a well-established part of flow cytometers.",Bovine serum albumin (BSA),0.85,Round 3 refinement with peer support: 1,350290,United States,kg,1625.0,34.0,0.75,The U.S. is a major producer due to its significant cattle population and strong biologics industry; data from industry reports.
Flow Cytometer,Fluidics System,0.85,"While fluidics are important, there has been less consensus around this component compared to the laser or optical detection, but it remains a well-established part of flow cytometers.",Bovine serum albumin (BSA),0.85,Round 3 refinement with peer support: 1,350290,India,kg,836.6666666666666,15.67,0.64,"Huge cattle population; data from the Ministry of Fisheries, Animal Husbandry & Dairying."
Flow Cytometer,Fluidics System,0.85,"While fluidics are important, there has been less consensus around this component compared to the laser or optical detection, but it remains a well-established part of flow cytometers.",Bovine serum albumin (BSA),0.85,Round 3 refinement with peer support: 1,350290,Brazil,kg,320.0,10.0,0.765,Agricultural production supporting local BSA manufacturing; data from agricultural ministry.
Flow Cytometer,Fluidics System,0.85,"While fluidics are important, there has been less consensus around this component compared to the laser or optical detection, but it remains a well-established part of flow cytometers.",Borosilicate glass,0.7,Round 3 refinement with peer support: 0,700800,China,metric tons,51491666.666666664,41.67,0.833,Multi-agent debate consensus
Flow Cytometer,Fluidics System,0.85,"While fluidics are important, there has been less consensus around this component compared to the laser or optical detection, but it remains a well-established part of flow cytometers.",Borosilicate glass,0.7,Round 3 refinement with peer support: 0,700800,Germany,metric tons,20445000.0,14.0,0.817,Germany's reputation in precision and high-quality glass production supports this estimate.
Flow Cytometer,Fluidics System,0.85,"While fluidics are important, there has been less consensus around this component compared to the laser or optical detection, but it remains a well-established part of flow cytometers.",Borosilicate glass,0.7,Round 3 refinement with peer support: 0,700800,Japan,metric tons,25300000.0,12.67,0.85,Japanese manufacturers are known for their expertise in borosilicate glass.
Flow Cytometer,Fluidics System,0.85,"While fluidics are important, there has been less consensus around this component compared to the laser or optical detection, but it remains a well-established part of flow cytometers.",Borosilicate glass,0.7,Round 3 refinement with peer support: 0,700800,United States,metric tons,10150333.333333334,9.0,0.783,Multi-agent debate consensus
Flow Cytometer,Fluidics System,0.85,"While fluidics are important, there has been less consensus around this component compared to the laser or optical detection, but it remains a well-established part of flow cytometers.",Borosilicate glass,0.7,Round 3 refinement with peer support: 0,700800,Italy,metric tons,8432333.333333334,5.33,0.7,Historically important in specialized glass manufacturing but specific borosilicate data might exist elsewhere.
Flow Cytometer,Photomultiplier Tube,0.93,"The PMT is essential for converting light signals into electrical pulses, supported by multiple peers and industry standards, though its importance could potentially vary slightly based on design choices.",Silver,0.85,Round 3 refinement with peer support: 1,710610,MEXICO,METRIC TONS,6400.0,24.62,0.95,USGS Mineral Commodity Summaries 2024/2023 - authoritative U.S. government production data with global coverage
Flow Cytometer,Photomultiplier Tube,0.93,"The PMT is essential for converting light signals into electrical pulses, supported by multiple peers and industry standards, though its importance could potentially vary slightly based on design choices.",Silver,0.85,Round 3 refinement with peer support: 1,710610,CHINA,METRIC TONS,3400.0,13.08,0.95,USGS Mineral Commodity Summaries 2024/2023 - authoritative U.S. government production data with global coverage
Flow Cytometer,Photomultiplier Tube,0.93,"The PMT is essential for converting light signals into electrical pulses, supported by multiple peers and industry standards, though its importance could potentially vary slightly based on design choices.",Silver,0.85,Round 3 refinement with peer support: 1,710610,PERU,METRIC TONS,3100.0,11.92,0.95,USGS Mineral Commodity Summaries 2024/2023 - authoritative U.S. government production data with global coverage
Flow Cytometer,Photomultiplier Tube,0.93,"The PMT is essential for converting light signals into electrical pulses, supported by multiple peers and industry standards, though its importance could potentially vary slightly based on design choices.",Silver,0.85,Round 3 refinement with peer support: 1,710610,OTHER,METRIC TONS,3000.0,11.54,0.95,USGS Mineral Commodity Summaries 2024/2023 - authoritative U.S. government production data with global coverage
Flow Cytometer,Photomultiplier Tube,0.93,"The PMT is essential for converting light signals into electrical pulses, supported by multiple peers and industry standards, though its importance could potentially vary slightly based on design choices.",Silver,0.85,Round 3 refinement with peer support: 1,710610,CHILE,METRIC TONS,1400.0,5.38,0.95,USGS Mineral Commodity Summaries 2024/2023 - authoritative U.S. government production data with global coverage
Flow Cytometer,Photomultiplier Tube,0.93,"The PMT is essential for converting light signals into electrical pulses, supported by multiple peers and industry standards, though its importance could potentially vary slightly based on design choices.",Antimony,0.85,Round 3 refinement with peer support: 1,811100,CHINA,METRIC TONS,40000.0,48.19,0.95,USGS Mineral Commodity Summaries 2024/2023 - authoritative U.S. government production data with global coverage
Flow Cytometer,Photomultiplier Tube,0.93,"The PMT is essential for converting light signals into electrical pulses, supported by multiple peers and industry standards, though its importance could potentially vary slightly based on design choices.",Antimony,0.85,Round 3 refinement with peer support: 1,811100,TAJIKISTAN,METRIC TONS,21000.0,25.3,0.95,USGS Mineral Commodity Summaries 2024/2023 - authoritative U.S. government production data with global coverage
Flow Cytometer,Photomultiplier Tube,0.93,"The PMT is essential for converting light signals into electrical pulses, supported by multiple peers and industry standards, though its importance could potentially vary slightly based on design choices.",Antimony,0.85,Round 3 refinement with peer support: 1,811100,TURKEY,METRIC TONS,6000.0,7.23,0.95,USGS Mineral Commodity Summaries 2024/2023 - authoritative U.S. government production data with global coverage
Flow Cytometer,Photomultiplier Tube,0.93,"The PMT is essential for converting light signals into electrical pulses, supported by multiple peers and industry standards, though its importance could potentially vary slightly based on design choices.",Antimony,0.85,Round 3 refinement with peer support: 1,811100,BURMA,METRIC TONS,4600.0,5.54,0.95,USGS Mineral Commodity Summaries 2024/2023 - authoritative U.S. government production data with global coverage
Flow Cytometer,Photomultiplier Tube,0.93,"The PMT is essential for converting light signals into electrical pulses, supported by multiple peers and industry standards, though its importance could potentially vary slightly based on design choices.",Antimony,0.85,Round 3 refinement with peer support: 1,811100,RUSSIA,METRIC TONS,4300.0,5.18,0.95,USGS Mineral Commodity Summaries 2024/2023 - authoritative U.S. government production data with global coverage
Flow Cytometer,Photomultiplier Tube,0.93,"The PMT is essential for converting light signals into electrical pulses, supported by multiple peers and industry standards, though its importance could potentially vary slightly based on design choices.",Aluminum,0.7,Round 3 refinement with peer support: 0,280300,CHINA,THOUSAND METRIC TONS,41000.0,58.57,0.95,USGS Mineral Commodity Summaries 2024/2023 - authoritative U.S. government production data with global coverage
Flow Cytometer,Photomultiplier Tube,0.93,"The PMT is essential for converting light signals into electrical pulses, supported by multiple peers and industry standards, though its importance could potentially vary slightly based on design choices.",Aluminum,0.7,Round 3 refinement with peer support: 0,280300,OTHER,THOUSAND METRIC TONS,7000.0,10.0,0.95,USGS Mineral Commodity Summaries 2024/2023 - authoritative U.S. government production data with global coverage
Flow Cytometer,Photomultiplier Tube,0.93,"The PMT is essential for converting light signals into electrical pulses, supported by multiple peers and industry standards, though its importance could potentially vary slightly based on design choices.",Aluminum,0.7,Round 3 refinement with peer support: 0,280300,INDIA,THOUSAND METRIC TONS,4100.0,5.86,0.95,USGS Mineral Commodity Summaries 2024/2023 - authoritative U.S. government production data with global coverage
Flow Cytometer,Photomultiplier Tube,0.93,"The PMT is essential for converting light signals into electrical pulses, supported by multiple peers and industry standards, though its importance could potentially vary slightly based on design choices.",Aluminum,0.7,Round 3 refinement with peer support: 0,280300,RUSSIA,THOUSAND METRIC TONS,3800.0,5.43,0.95,USGS Mineral Commodity Summaries 2024/2023 - authoritative U.S. government production data with global coverage
Flow Cytometer,Photomultiplier Tube,0.93,"The PMT is essential for converting light signals into electrical pulses, supported by multiple peers and industry standards, though its importance could potentially vary slightly based on design choices.",Aluminum,0.7,Round 3 refinement with peer support: 0,280300,CANADA,THOUSAND METRIC TONS,3000.0,4.29,0.95,USGS Mineral Commodity Summaries 2024/2023 - authoritative U.S. government production data with global coverage
Freeze Dryer (Lyophilizer),Freezing Chamber,0.85,"Consensus between two agents with average but strong confidence rating, suggesting it plays a key role in freeze drying.",Aluminum,0.9,Round 3 refinement with peer support: 2,280300,CHINA,THOUSAND METRIC TONS,41000.0,58.57,0.95,USGS Mineral Commodity Summaries 2024/2023 - authoritative U.S. government production data with global coverage
Freeze Dryer (Lyophilizer),Freezing Chamber,0.85,"Consensus between two agents with average but strong confidence rating, suggesting it plays a key role in freeze drying.",Aluminum,0.9,Round 3 refinement with peer support: 2,280300,OTHER,THOUSAND METRIC TONS,7000.0,10.0,0.95,USGS Mineral Commodity Summaries 2024/2023 - authoritative U.S. government production data with global coverage
Freeze Dryer (Lyophilizer),Freezing Chamber,0.85,"Consensus between two agents with average but strong confidence rating, suggesting it plays a key role in freeze drying.",Aluminum,0.9,Round 3 refinement with peer support: 2,280300,INDIA,THOUSAND METRIC TONS,4100.0,5.86,0.95,USGS Mineral Commodity Summaries 2024/2023 - authoritative U.S. government production data with global coverage
Freeze Dryer (Lyophilizer),Freezing Chamber,0.85,"Consensus between two agents with average but strong confidence rating, suggesting it plays a key role in freeze drying.",Aluminum,0.9,Round 3 refinement with peer support: 2,280300,RUSSIA,THOUSAND METRIC TONS,3800.0,5.43,0.95,USGS Mineral Commodity Summaries 2024/2023 - authoritative U.S. government production data with global coverage
Freeze Dryer (Lyophilizer),Freezing Chamber,0.85,"Consensus between two agents with average but strong confidence rating, suggesting it plays a key role in freeze drying.",Aluminum,0.9,Round 3 refinement with peer support: 2,280300,CANADA,THOUSAND METRIC TONS,3000.0,4.29,0.95,USGS Mineral Commodity Summaries 2024/2023 - authoritative U.S. government production data with global coverage
Freeze Dryer (Lyophilizer),Freezing Chamber,0.85,"Consensus between two agents with average but strong confidence rating, suggesting it plays a key role in freeze drying.",Boron trioxide,0.7,Round 3 refinement with peer support: 0,281000,China,metric tons,66000.0,27.33,0.873,Based on recent reports from the China Geological Survey; significant mining operations.
Freeze Dryer (Lyophilizer),Freezing Chamber,0.85,"Consensus between two agents with average but strong confidence rating, suggesting it plays a key role in freeze drying.",Boron trioxide,0.7,Round 3 refinement with peer support: 0,281000,Turkey,metric tons,9666.666666666666,18.0,0.783,Multi-agent debate consensus
Freeze Dryer (Lyophilizer),Freezing Chamber,0.85,"Consensus between two agents with average but strong confidence rating, suggesting it plays a key role in freeze drying.",Boron trioxide,0.7,Round 3 refinement with peer support: 0,281000,United States,metric tons,40040.0,10.08,0.833,Multi-agent debate consensus
Freeze Dryer (Lyophilizer),Freezing Chamber,0.85,"Consensus between two agents with average but strong confidence rating, suggesting it plays a key role in freeze drying.",Boron trioxide,0.7,Round 3 refinement with peer support: 0,281000,Australia,metric tons,24000.0,6.0,0.85,Australian Mining Reports; reliable data source for primary production.
Freeze Dryer (Lyophilizer),Freezing Chamber,0.85,"Consensus between two agents with average but strong confidence rating, suggesting it plays a key role in freeze drying.",Boron trioxide,0.7,Round 3 refinement with peer support: 0,281000,India,metric tons,12100.0,3.2,0.75,Multi-agent debate consensus
Freeze Dryer (Lyophilizer),Heating Element,0.92,"Despite being proposed only once, it is fundamental for the heating process during rehydration that supports primary lyophilization cycle, justifying a high confidence level based on its critical role.",Copper,0.85,Round 3 refinement with peer support: 1,740100,CHINA,THOUSAND METRIC TONS,1700.0,3.47,0.95,USGS Mineral Commodity Summaries 2024/2023 - authoritative U.S. government production data with global coverage
Freeze Dryer (Lyophilizer),Heating Element,0.92,"Despite being proposed only once, it is fundamental for the heating process during rehydration that supports primary lyophilization cycle, justifying a high confidence level based on its critical role.",Copper,0.85,Round 3 refinement with peer support: 1,740100,CHILE,THOUSAND METRIC TONS,5000.0,10.2,0.95,USGS Mineral Commodity Summaries 2024/2023 - authoritative U.S. government production data with global coverage
Freeze Dryer (Lyophilizer),Heating Element,0.92,"Despite being proposed only once, it is fundamental for the heating process during rehydration that supports primary lyophilization cycle, justifying a high confidence level based on its critical role.",Copper,0.85,Round 3 refinement with peer support: 1,740100,OTHER,THOUSAND METRIC TONS,3100.0,6.33,0.95,USGS Mineral Commodity Summaries 2024/2023 - authoritative U.S. government production data with global coverage
Freeze Dryer (Lyophilizer),Heating Element,0.92,"Despite being proposed only once, it is fundamental for the heating process during rehydration that supports primary lyophilization cycle, justifying a high confidence level based on its critical role.",Copper,0.85,Round 3 refinement with peer support: 1,740100,CONGO,THOUSAND METRIC TONS,2500.0,5.1,0.95,USGS Mineral Commodity Summaries 2024/2023 - authoritative U.S. government production data with global coverage
Freeze Dryer (Lyophilizer),Heating Element,0.92,"Despite being proposed only once, it is fundamental for the heating process during rehydration that supports primary lyophilization cycle, justifying a high confidence level based on its critical role.",Copper,0.85,Round 3 refinement with peer support: 1,740100,PERU,THOUSAND METRIC TONS,2600.0,5.31,0.95,USGS Mineral Commodity Summaries 2024/2023 - authoritative U.S. government production data with global coverage
Freeze Dryer (Lyophilizer),Heating Element,0.92,"Despite being proposed only once, it is fundamental for the heating process during rehydration that supports primary lyophilization cycle, justifying a high confidence level based on its critical role.",Aluminum,0.7,Round 3 refinement with peer support: 0,280300,CHINA,THOUSAND METRIC TONS,41000.0,58.57,0.95,USGS Mineral Commodity Summaries 2024/2023 - authoritative U.S. government production data with global coverage
Freeze Dryer (Lyophilizer),Heating Element,0.92,"Despite being proposed only once, it is fundamental for the heating process during rehydration that supports primary lyophilization cycle, justifying a high confidence level based on its critical role.",Aluminum,0.7,Round 3 refinement with peer support: 0,280300,OTHER,THOUSAND METRIC TONS,7000.0,10.0,0.95,USGS Mineral Commodity Summaries 2024/2023 - authoritative U.S. government production data with global coverage
Freeze Dryer (Lyophilizer),Heating Element,0.92,"Despite being proposed only once, it is fundamental for the heating process during rehydration that supports primary lyophilization cycle, justifying a high confidence level based on its critical role.",Aluminum,0.7,Round 3 refinement with peer support: 0,280300,INDIA,THOUSAND METRIC TONS,4100.0,5.86,0.95,USGS Mineral Commodity Summaries 2024/2023 - authoritative U.S. government production data with global coverage
Freeze Dryer (Lyophilizer),Heating Element,0.92,"Despite being proposed only once, it is fundamental for the heating process during rehydration that supports primary lyophilization cycle, justifying a high confidence level based on its critical role.",Aluminum,0.7,Round 3 refinement with peer support: 0,280300,RUSSIA,THOUSAND METRIC TONS,3800.0,5.43,0.95,USGS Mineral Commodity Summaries 2024/2023 - authoritative U.S. government production data with global coverage
Freeze Dryer (Lyophilizer),Heating Element,0.92,"Despite being proposed only once, it is fundamental for the heating process during rehydration that supports primary lyophilization cycle, justifying a high confidence level based on its critical role.",Aluminum,0.7,Round 3 refinement with peer support: 0,280300,CANADA,THOUSAND METRIC TONS,3000.0,4.29,0.95,USGS Mineral Commodity Summaries 2024/2023 - authoritative U.S. government production data with global coverage
Freeze Dryer (Lyophilizer),Heating Element,0.92,"Despite being proposed only once, it is fundamental for the heating process during rehydration that supports primary lyophilization cycle, justifying a high confidence level based on its critical role.",Boron carbide,0.7,Round 3 refinement with peer support: 0,284920,United States,metric tons,1083.3333333333333,36.67,0.75,Multi-agent debate consensus
Freeze Dryer (Lyophilizer),Heating Element,0.92,"Despite being proposed only once, it is fundamental for the heating process during rehydration that supports primary lyophilization cycle, justifying a high confidence level based on its critical role.",Boron carbide,0.7,Round 3 refinement with peer support: 0,284920,Japan,metric tons,382.3333333333333,15.0,0.783,Significant player in manufacturing due to demand from ceramic and composite sectors; industry data.
Freeze Dryer (Lyophilizer),Heating Element,0.92,"Despite being proposed only once, it is fundamental for the heating process during rehydration that supports primary lyophilization cycle, justifying a high confidence level based on its critical role.",Boron carbide,0.7,Round 3 refinement with peer support: 0,284920,China,metric tons,483.3333333333333,27.33,0.733,Second-largest producer globally with substantial production capacity based on industry reports.
Freeze Dryer (Lyophilizer),Heating Element,0.92,"Despite being proposed only once, it is fundamental for the heating process during rehydration that supports primary lyophilization cycle, justifying a high confidence level based on its critical role.",Boron carbide,0.7,Round 3 refinement with peer support: 0,284920,Germany,metric tons,144.66666666666666,6.07,0.75,Multi-agent debate consensus
Freeze Dryer (Lyophilizer),Heating Element,0.92,"Despite being proposed only once, it is fundamental for the heating process during rehydration that supports primary lyophilization cycle, justifying a high confidence level based on its critical role.",Boron carbide,0.7,Round 3 refinement with peer support: 0,284920,South Korea,metric tons,96.66666666666667,4.23,0.667,Multi-agent debate consensus
Freeze Dryer (Lyophilizer),Vacuum Pump,0.92,"Strong consensus among three agents with high confidence ratings, indicating the vacuum pump is a primary component.",Aluminum,0.85,Round 3 refinement with peer support: 1,280300,CHINA,THOUSAND METRIC TONS,41000.0,58.57,0.95,USGS Mineral Commodity Summaries 2024/2023 - authoritative U.S. government production data with global coverage
Freeze Dryer (Lyophilizer),Vacuum Pump,0.92,"Strong consensus among three agents with high confidence ratings, indicating the vacuum pump is a primary component.",Aluminum,0.85,Round 3 refinement with peer support: 1,280300,OTHER,THOUSAND METRIC TONS,7000.0,10.0,0.95,USGS Mineral Commodity Summaries 2024/2023 - authoritative U.S. government production data with global coverage
Freeze Dryer (Lyophilizer),Vacuum Pump,0.92,"Strong consensus among three agents with high confidence ratings, indicating the vacuum pump is a primary component.",Aluminum,0.85,Round 3 refinement with peer support: 1,280300,INDIA,THOUSAND METRIC TONS,4100.0,5.86,0.95,USGS Mineral Commodity Summaries 2024/2023 - authoritative U.S. government production data with global coverage
Freeze Dryer (Lyophilizer),Vacuum Pump,0.92,"Strong consensus among three agents with high confidence ratings, indicating the vacuum pump is a primary component.",Aluminum,0.85,Round 3 refinement with peer support: 1,280300,RUSSIA,THOUSAND METRIC TONS,3800.0,5.43,0.95,USGS Mineral Commodity Summaries 2024/2023 - authoritative U.S. government production data with global coverage
Freeze Dryer (Lyophilizer),Vacuum Pump,0.92,"Strong consensus among three agents with high confidence ratings, indicating the vacuum pump is a primary component.",Aluminum,0.85,Round 3 refinement with peer support: 1,280300,CANADA,THOUSAND METRIC TONS,3000.0,4.29,0.95,USGS Mineral Commodity Summaries 2024/2023 - authoritative U.S. government production data with global coverage
Freeze Dryer (Lyophilizer),Vacuum Pump,0.92,"Strong consensus among three agents with high confidence ratings, indicating the vacuum pump is a primary component.",Boron trioxide,0.7,Round 3 refinement with peer support: 0,281000,China,metric tons,66000.0,27.33,0.873,Based on recent reports from the China Geological Survey; significant mining operations.
Freeze Dryer (Lyophilizer),Vacuum Pump,0.92,"Strong consensus among three agents with high confidence ratings, indicating the vacuum pump is a primary component.",Boron trioxide,0.7,Round 3 refinement with peer support: 0,281000,Turkey,metric tons,9666.666666666666,18.0,0.783,Multi-agent debate consensus
Freeze Dryer (Lyophilizer),Vacuum Pump,0.92,"Strong consensus among three agents with high confidence ratings, indicating the vacuum pump is a primary component.",Boron trioxide,0.7,Round 3 refinement with peer support: 0,281000,United States,metric tons,40040.0,10.08,0.833,Multi-agent debate consensus
Freeze Dryer (Lyophilizer),Vacuum Pump,0.92,"Strong consensus among three agents with high confidence ratings, indicating the vacuum pump is a primary component.",Boron trioxide,0.7,Round 3 refinement with peer support: 0,281000,Australia,metric tons,24000.0,6.0,0.85,Australian Mining Reports; reliable data source for primary production.
Freeze Dryer (Lyophilizer),Vacuum Pump,0.92,"Strong consensus among three agents with high confidence ratings, indicating the vacuum pump is a primary component.",Boron trioxide,0.7,Round 3 refinement with peer support: 0,281000,India,metric tons,12100.0,3.2,0.75,Multi-agent debate consensus
Freeze Dryer (Lyophilizer),Temperature Controller,0.85,"Suggested by one agent and generally agreed upon as necessary for precise temperature control in the process with some industry standard, warranting this confidence level.",Tantalum,0.7,Round 3 refinement with peer support: 0,810320,CONGO,METRIC TONS,980.0,40.83,0.95,USGS Mineral Commodity Summaries 2024/2023 - authoritative U.S. government production data with global coverage
Freeze Dryer (Lyophilizer),Temperature Controller,0.85,"Suggested by one agent and generally agreed upon as necessary for precise temperature control in the process with some industry standard, warranting this confidence level.",Tantalum,0.7,Round 3 refinement with peer support: 0,810320,RWANDA,METRIC TONS,520.0,21.67,0.95,USGS Mineral Commodity Summaries 2024/2023 - authoritative U.S. government production data with global coverage
Freeze Dryer (Lyophilizer),Temperature Controller,0.85,"Suggested by one agent and generally agreed upon as necessary for precise temperature control in the process with some industry standard, warranting this confidence level.",Tantalum,0.7,Round 3 refinement with peer support: 0,810320,BRAZIL,METRIC TONS,360.0,15.0,0.95,USGS Mineral Commodity Summaries 2024/2023 - authoritative U.S. government production data with global coverage
Freeze Dryer (Lyophilizer),Temperature Controller,0.85,"Suggested by one agent and generally agreed upon as necessary for precise temperature control in the process with some industry standard, warranting this confidence level.",Tantalum,0.7,Round 3 refinement with peer support: 0,810320,OTHER,METRIC TONS,260.0,10.83,0.95,USGS Mineral Commodity Summaries 2024/2023 - authoritative U.S. government production data with global coverage
Freeze Dryer (Lyophilizer),Temperature Controller,0.85,"Suggested by one agent and generally agreed upon as necessary for precise temperature control in the process with some industry standard, warranting this confidence level.",Tantalum,0.7,Round 3 refinement with peer support: 0,810320,NIGERIA,METRIC TONS,110.0,4.58,0.95,USGS Mineral Commodity Summaries 2024/2023 - authoritative U.S. government production data with global coverage
Freeze Dryer (Lyophilizer),Temperature Controller,0.85,"Suggested by one agent and generally agreed upon as necessary for precise temperature control in the process with some industry standard, warranting this confidence level.",Silicon,0.7,Round 3 refinement with peer support: 0,280469,CHINA,THOUSAND METRIC TONS,3600.0,40.0,0.95,USGS Mineral Commodity Summaries 2024/2023 - authoritative U.S. government production data with global coverage
Freeze Dryer (Lyophilizer),Temperature Controller,0.85,"Suggested by one agent and generally agreed upon as necessary for precise temperature control in the process with some industry standard, warranting this confidence level.",Silicon,0.7,Round 3 refinement with peer support: 0,280469,RUSSIA,THOUSAND METRIC TONS,570.0,6.33,0.95,USGS Mineral Commodity Summaries 2024/2023 - authoritative U.S. government production data with global coverage
Freeze Dryer (Lyophilizer),Temperature Controller,0.85,"Suggested by one agent and generally agreed upon as necessary for precise temperature control in the process with some industry standard, warranting this confidence level.",Silicon,0.7,Round 3 refinement with peer support: 0,280469,BRAZIL,THOUSAND METRIC TONS,190.0,2.11,0.95,USGS Mineral Commodity Summaries 2024/2023 - authoritative U.S. government production data with global coverage
Freeze Dryer (Lyophilizer),Temperature Controller,0.85,"Suggested by one agent and generally agreed upon as necessary for precise temperature control in the process with some industry standard, warranting this confidence level.",Silicon,0.7,Round 3 refinement with peer support: 0,280469,NORWAY,THOUSAND METRIC TONS,200.0,2.22,0.95,USGS Mineral Commodity Summaries 2024/2023 - authoritative U.S. government production data with global coverage
Freeze Dryer (Lyophilizer),Temperature Controller,0.85,"Suggested by one agent and generally agreed upon as necessary for precise temperature control in the process with some industry standard, warranting this confidence level.",Silicon,0.7,Round 3 refinement with peer support: 0,280469,OTHER,THOUSAND METRIC TONS,100.0,1.11,0.95,USGS Mineral Commodity Summaries 2024/2023 - authoritative U.S. government production data with global coverage
Freeze Dryer (Lyophilizer),Temperature Controller,0.85,"Suggested by one agent and generally agreed upon as necessary for precise temperature control in the process with some industry standard, warranting this confidence level.",Silver,0.7,Round 3 refinement with peer support: 0,710610,MEXICO,METRIC TONS,6400.0,24.62,0.95,USGS Mineral Commodity Summaries 2024/2023 - authoritative U.S. government production data with global coverage
Freeze Dryer (Lyophilizer),Temperature Controller,0.85,"Suggested by one agent and generally agreed upon as necessary for precise temperature control in the process with some industry standard, warranting this confidence level.",Silver,0.7,Round 3 refinement with peer support: 0,710610,CHINA,METRIC TONS,3400.0,13.08,0.95,USGS Mineral Commodity Summaries 2024/2023 - authoritative U.S. government production data with global coverage
Freeze Dryer (Lyophilizer),Temperature Controller,0.85,"Suggested by one agent and generally agreed upon as necessary for precise temperature control in the process with some industry standard, warranting this confidence level.",Silver,0.7,Round 3 refinement with peer support: 0,710610,PERU,METRIC TONS,3100.0,11.92,0.95,USGS Mineral Commodity Summaries 2024/2023 - authoritative U.S. government production data with global coverage
Freeze Dryer (Lyophilizer),Temperature Controller,0.85,"Suggested by one agent and generally agreed upon as necessary for precise temperature control in the process with some industry standard, warranting this confidence level.",Silver,0.7,Round 3 refinement with peer support: 0,710610,OTHER,METRIC TONS,3000.0,11.54,0.95,USGS Mineral Commodity Summaries 2024/2023 - authoritative U.S. government production data with global coverage
Freeze Dryer (Lyophilizer),Temperature Controller,0.85,"Suggested by one agent and generally agreed upon as necessary for precise temperature control in the process with some industry standard, warranting this confidence level.",Silver,0.7,Round 3 refinement with peer support: 0,710610,CHILE,METRIC TONS,1400.0,5.38,0.95,USGS Mineral Commodity Summaries 2024/2023 - authoritative U.S. government production data with global coverage
Freeze Dryer (Lyophilizer),Valves And Controls,0.93,"Backed by a single vote but critical for managing various processes and systems within the freeze dryer setup, hence maintaining an above-average confidence of 0.93 due to its necessity.",Stainless steel,0.95,Round 3 refinement with peer support: 2,722000,China,tons,23282553.0,51.4,0.93,China dominates global stainless steel production based on recent industry reports and production statistics from the China Iron & Steel Association (CISA).
Freeze Dryer (Lyophilizer),Valves And Controls,0.93,"Backed by a single vote but critical for managing various processes and systems within the freeze dryer setup, hence maintaining an above-average confidence of 0.93 due to its necessity.",Stainless steel,0.95,Round 3 refinement with peer support: 2,722000,Russia,tons,1952233.3333333333,5.23,0.783,Large nickel producing country with diversified mining operations. Data from the Federal Service for Supervision of Consumer Rights and Wellbeing.
Freeze Dryer (Lyophilizer),Valves And Controls,0.93,"Backed by a single vote but critical for managing various processes and systems within the freeze dryer setup, hence maintaining an above-average confidence of 0.93 due to its necessity.",Stainless steel,0.95,Round 3 refinement with peer support: 2,722000,India,metric tons,5600000.0,8.5,0.85,Multi-agent debate consensus
Freeze Dryer (Lyophilizer),Valves And Controls,0.93,"Backed by a single vote but critical for managing various processes and systems within the freeze dryer setup, hence maintaining an above-average confidence of 0.93 due to its necessity.",Stainless steel,0.95,Round 3 refinement with peer support: 2,722000,Japan,metric tons,5490000.0,7.5,0.9,Multi-agent debate consensus
Freeze Dryer (Lyophilizer),Valves And Controls,0.93,"Backed by a single vote but critical for managing various processes and systems within the freeze dryer setup, hence maintaining an above-average confidence of 0.93 due to its necessity.",Stainless steel,0.95,Round 3 refinement with peer support: 2,722000,Germany,metric tons,3667500.0,5.0,0.845,Multi-agent debate consensus
Freeze Dryer (Lyophilizer),Valves And Controls,0.93,"Backed by a single vote but critical for managing various processes and systems within the freeze dryer setup, hence maintaining an above-average confidence of 0.93 due to its necessity.",Aluminum,0.7,Round 3 refinement with peer support: 0,280300,CHINA,THOUSAND METRIC TONS,41000.0,58.57,0.95,USGS Mineral Commodity Summaries 2024/2023 - authoritative U.S. government production data with global coverage
Freeze Dryer (Lyophilizer),Valves And Controls,0.93,"Backed by a single vote but critical for managing various processes and systems within the freeze dryer setup, hence maintaining an above-average confidence of 0.93 due to its necessity.",Aluminum,0.7,Round 3 refinement with peer support: 0,280300,OTHER,THOUSAND METRIC TONS,7000.0,10.0,0.95,USGS Mineral Commodity Summaries 2024/2023 - authoritative U.S. government production data with global coverage
Freeze Dryer (Lyophilizer),Valves And Controls,0.93,"Backed by a single vote but critical for managing various processes and systems within the freeze dryer setup, hence maintaining an above-average confidence of 0.93 due to its necessity.",Aluminum,0.7,Round 3 refinement with peer support: 0,280300,INDIA,THOUSAND METRIC TONS,4100.0,5.86,0.95,USGS Mineral Commodity Summaries 2024/2023 - authoritative U.S. government production data with global coverage
Freeze Dryer (Lyophilizer),Valves And Controls,0.93,"Backed by a single vote but critical for managing various processes and systems within the freeze dryer setup, hence maintaining an above-average confidence of 0.93 due to its necessity.",Aluminum,0.7,Round 3 refinement with peer support: 0,280300,RUSSIA,THOUSAND METRIC TONS,3800.0,5.43,0.95,USGS Mineral Commodity Summaries 2024/2023 - authoritative U.S. government production data with global coverage
Freeze Dryer (Lyophilizer),Valves And Controls,0.93,"Backed by a single vote but critical for managing various processes and systems within the freeze dryer setup, hence maintaining an above-average confidence of 0.93 due to its necessity.",Aluminum,0.7,Round 3 refinement with peer support: 0,280300,CANADA,THOUSAND METRIC TONS,3000.0,4.29,0.95,USGS Mineral Commodity Summaries 2024/2023 - authoritative U.S. government production data with global coverage
Freeze Dryer (Lyophilizer),Valves And Controls,0.93,"Backed by a single vote but critical for managing various processes and systems within the freeze dryer setup, hence maintaining an above-average confidence of 0.93 due to its necessity.",Titanium,0.7,Round 3 refinement with peer support: 0,810810,Australia,metric tons,153160.0,34.63,0.907,Australian government data; dominant producer in the region
Freeze Dryer (Lyophilizer),Valves And Controls,0.93,"Backed by a single vote but critical for managing various processes and systems within the freeze dryer setup, hence maintaining an above-average confidence of 0.93 due to its necessity.",Titanium,0.7,Round 3 refinement with peer support: 0,810810,China,metric tons,58177.0,14.27,0.9,USGS and industry reports; largest global producer
Freeze Dryer (Lyophilizer),Valves And Controls,0.93,"Backed by a single vote but critical for managing various processes and systems within the freeze dryer setup, hence maintaining an above-average confidence of 0.93 due to its necessity.",Titanium,0.7,Round 3 refinement with peer support: 0,810810,Canada,metric tons,31428.0,11.45,0.85,Multi-agent debate consensus
Freeze Dryer (Lyophilizer),Valves And Controls,0.93,"Backed by a single vote but critical for managing various processes and systems within the freeze dryer setup, hence maintaining an above-average confidence of 0.93 due to its necessity.",Titanium,0.7,Round 3 refinement with peer support: 0,810810,South Africa,metric tons,13334.666666666666,3.9,0.873,Multi-agent debate consensus
Freeze Dryer (Lyophilizer),Valves And Controls,0.93,"Backed by a single vote but critical for managing various processes and systems within the freeze dryer setup, hence maintaining an above-average confidence of 0.93 due to its necessity.",Titanium,0.7,Round 3 refinement with peer support: 0,810810, ilva,metric tons,167500.0,23.0,0.85,Based on recent reports from the International Titanium Association; major producer with reliable data.
Freeze Dryer (Lyophilizer),Temperature Sensor,0.85,Slight lower support but remains a critical component for precise temperature control in the process,Silicon,0.7,Round 3 refinement with peer support: 0,280469,CHINA,THOUSAND METRIC TONS,3600.0,40.0,0.95,USGS Mineral Commodity Summaries 2024/2023 - authoritative U.S. government production data with global coverage
Freeze Dryer (Lyophilizer),Temperature Sensor,0.85,Slight lower support but remains a critical component for precise temperature control in the process,Silicon,0.7,Round 3 refinement with peer support: 0,280469,RUSSIA,THOUSAND METRIC TONS,570.0,6.33,0.95,USGS Mineral Commodity Summaries 2024/2023 - authoritative U.S. government production data with global coverage
Freeze Dryer (Lyophilizer),Temperature Sensor,0.85,Slight lower support but remains a critical component for precise temperature control in the process,Silicon,0.7,Round 3 refinement with peer support: 0,280469,BRAZIL,THOUSAND METRIC TONS,190.0,2.11,0.95,USGS Mineral Commodity Summaries 2024/2023 - authoritative U.S. government production data with global coverage
Freeze Dryer (Lyophilizer),Temperature Sensor,0.85,Slight lower support but remains a critical component for precise temperature control in the process,Silicon,0.7,Round 3 refinement with peer support: 0,280469,NORWAY,THOUSAND METRIC TONS,200.0,2.22,0.95,USGS Mineral Commodity Summaries 2024/2023 - authoritative U.S. government production data with global coverage
Freeze Dryer (Lyophilizer),Temperature Sensor,0.85,Slight lower support but remains a critical component for precise temperature control in the process,Silicon,0.7,Round 3 refinement with peer support: 0,280469,OTHER,THOUSAND METRIC TONS,100.0,1.11,0.95,USGS Mineral Commodity Summaries 2024/2023 - authoritative U.S. government production data with global coverage
Freeze Dryer (Lyophilizer),Temperature Sensor,0.85,Slight lower support but remains a critical component for precise temperature control in the process,Silver,0.7,Round 3 refinement with peer support: 0,710610,MEXICO,METRIC TONS,6400.0,24.62,0.95,USGS Mineral Commodity Summaries 2024/2023 - authoritative U.S. government production data with global coverage
Freeze Dryer (Lyophilizer),Temperature Sensor,0.85,Slight lower support but remains a critical component for precise temperature control in the process,Silver,0.7,Round 3 refinement with peer support: 0,710610,CHINA,METRIC TONS,3400.0,13.08,0.95,USGS Mineral Commodity Summaries 2024/2023 - authoritative U.S. government production data with global coverage
Freeze Dryer (Lyophilizer),Temperature Sensor,0.85,Slight lower support but remains a critical component for precise temperature control in the process,Silver,0.7,Round 3 refinement with peer support: 0,710610,PERU,METRIC TONS,3100.0,11.92,0.95,USGS Mineral Commodity Summaries 2024/2023 - authoritative U.S. government production data with global coverage
Freeze Dryer (Lyophilizer),Temperature Sensor,0.85,Slight lower support but remains a critical component for precise temperature control in the process,Silver,0.7,Round 3 refinement with peer support: 0,710610,OTHER,METRIC TONS,3000.0,11.54,0.95,USGS Mineral Commodity Summaries 2024/2023 - authoritative U.S. government production data with global coverage
Freeze Dryer (Lyophilizer),Temperature Sensor,0.85,Slight lower support but remains a critical component for precise temperature control in the process,Silver,0.7,Round 3 refinement with peer support: 0,710610,CHILE,METRIC TONS,1400.0,5.38,0.95,USGS Mineral Commodity Summaries 2024/2023 - authoritative U.S. government production data with global coverage
Computer Graphics Processing Units (GPUs),Graphics Processing Unit,1.0,"The GPU is the primary component of a computer graphics card responsible for rendering images and videos. Given that it's widely recognized as the key element enabling graphical processing, this confidence score reflects its absolute necessity in defining a technology stack for GPUs.",Aluminum,0.95,Round 3 refinement with peer support: 2,280300,CHINA,THOUSAND METRIC TONS,41000.0,58.57,0.95,USGS Mineral Commodity Summaries 2024/2023 - authoritative U.S. government production data with global coverage
Computer Graphics Processing Units (GPUs),Graphics Processing Unit,1.0,"The GPU is the primary component of a computer graphics card responsible for rendering images and videos. Given that it's widely recognized as the key element enabling graphical processing, this confidence score reflects its absolute necessity in defining a technology stack for GPUs.",Aluminum,0.95,Round 3 refinement with peer support: 2,280300,OTHER,THOUSAND METRIC TONS,7000.0,10.0,0.95,USGS Mineral Commodity Summaries 2024/2023 - authoritative U.S. government production data with global coverage
Computer Graphics Processing Units (GPUs),Graphics Processing Unit,1.0,"The GPU is the primary component of a computer graphics card responsible for rendering images and videos. Given that it's widely recognized as the key element enabling graphical processing, this confidence score reflects its absolute necessity in defining a technology stack for GPUs.",Aluminum,0.95,Round 3 refinement with peer support: 2,280300,INDIA,THOUSAND METRIC TONS,4100.0,5.86,0.95,USGS Mineral Commodity Summaries 2024/2023 - authoritative U.S. government production data with global coverage
Computer Graphics Processing Units (GPUs),Graphics Processing Unit,1.0,"The GPU is the primary component of a computer graphics card responsible for rendering images and videos. Given that it's widely recognized as the key element enabling graphical processing, this confidence score reflects its absolute necessity in defining a technology stack for GPUs.",Aluminum,0.95,Round 3 refinement with peer support: 2,280300,RUSSIA,THOUSAND METRIC TONS,3800.0,5.43,0.95,USGS Mineral Commodity Summaries 2024/2023 - authoritative U.S. government production data with global coverage
Computer Graphics Processing Units (GPUs),Graphics Processing Unit,1.0,"The GPU is the primary component of a computer graphics card responsible for rendering images and videos. Given that it's widely recognized as the key element enabling graphical processing, this confidence score reflects its absolute necessity in defining a technology stack for GPUs.",Aluminum,0.95,Round 3 refinement with peer support: 2,280300,CANADA,THOUSAND METRIC TONS,3000.0,4.29,0.95,USGS Mineral Commodity Summaries 2024/2023 - authoritative U.S. government production data with global coverage
Computer Graphics Processing Units (GPUs),Graphics Processing Unit,1.0,"The GPU is the primary component of a computer graphics card responsible for rendering images and videos. Given that it's widely recognized as the key element enabling graphical processing, this confidence score reflects its absolute necessity in defining a technology stack for GPUs.",Copper,0.883,Round 3 refinement with peer support: 2,740100,CHINA,THOUSAND METRIC TONS,1700.0,3.47,0.95,USGS Mineral Commodity Summaries 2024/2023 - authoritative U.S. government production data with global coverage
Computer Graphics Processing Units (GPUs),Graphics Processing Unit,1.0,"The GPU is the primary component of a computer graphics card responsible for rendering images and videos. Given that it's widely recognized as the key element enabling graphical processing, this confidence score reflects its absolute necessity in defining a technology stack for GPUs.",Copper,0.883,Round 3 refinement with peer support: 2,740100,CHILE,THOUSAND METRIC TONS,5000.0,10.2,0.95,USGS Mineral Commodity Summaries 2024/2023 - authoritative U.S. government production data with global coverage
Computer Graphics Processing Units (GPUs),Graphics Processing Unit,1.0,"The GPU is the primary component of a computer graphics card responsible for rendering images and videos. Given that it's widely recognized as the key element enabling graphical processing, this confidence score reflects its absolute necessity in defining a technology stack for GPUs.",Copper,0.883,Round 3 refinement with peer support: 2,740100,OTHER,THOUSAND METRIC TONS,3100.0,6.33,0.95,USGS Mineral Commodity Summaries 2024/2023 - authoritative U.S. government production data with global coverage
Computer Graphics Processing Units (GPUs),Graphics Processing Unit,1.0,"The GPU is the primary component of a computer graphics card responsible for rendering images and videos. Given that it's widely recognized as the key element enabling graphical processing, this confidence score reflects its absolute necessity in defining a technology stack for GPUs.",Copper,0.883,Round 3 refinement with peer support: 2,740100,CONGO,THOUSAND METRIC TONS,2500.0,5.1,0.95,USGS Mineral Commodity Summaries 2024/2023 - authoritative U.S. government production data with global coverage
Computer Graphics Processing Units (GPUs),Graphics Processing Unit,1.0,"The GPU is the primary component of a computer graphics card responsible for rendering images and videos. Given that it's widely recognized as the key element enabling graphical processing, this confidence score reflects its absolute necessity in defining a technology stack for GPUs.",Copper,0.883,Round 3 refinement with peer support: 2,740100,PERU,THOUSAND METRIC TONS,2600.0,5.31,0.95,USGS Mineral Commodity Summaries 2024/2023 - authoritative U.S. government production data with global coverage
Computer Graphics Processing Units (GPUs),Graphics Processing Unit,1.0,"The GPU is the primary component of a computer graphics card responsible for rendering images and videos. Given that it's widely recognized as the key element enabling graphical processing, this confidence score reflects its absolute necessity in defining a technology stack for GPUs.",Silicon,0.95,Round 3 refinement with peer support: 2,280469,CHINA,THOUSAND METRIC TONS,3600.0,40.0,0.95,USGS Mineral Commodity Summaries 2024/2023 - authoritative U.S. government production data with global coverage
Computer Graphics Processing Units (GPUs),Graphics Processing Unit,1.0,"The GPU is the primary component of a computer graphics card responsible for rendering images and videos. Given that it's widely recognized as the key element enabling graphical processing, this confidence score reflects its absolute necessity in defining a technology stack for GPUs.",Silicon,0.95,Round 3 refinement with peer support: 2,280469,RUSSIA,THOUSAND METRIC TONS,570.0,6.33,0.95,USGS Mineral Commodity Summaries 2024/2023 - authoritative U.S. government production data with global coverage
Computer Graphics Processing Units (GPUs),Graphics Processing Unit,1.0,"The GPU is the primary component of a computer graphics card responsible for rendering images and videos. Given that it's widely recognized as the key element enabling graphical processing, this confidence score reflects its absolute necessity in defining a technology stack for GPUs.",Silicon,0.95,Round 3 refinement with peer support: 2,280469,BRAZIL,THOUSAND METRIC TONS,190.0,2.11,0.95,USGS Mineral Commodity Summaries 2024/2023 - authoritative U.S. government production data with global coverage
Computer Graphics Processing Units (GPUs),Graphics Processing Unit,1.0,"The GPU is the primary component of a computer graphics card responsible for rendering images and videos. Given that it's widely recognized as the key element enabling graphical processing, this confidence score reflects its absolute necessity in defining a technology stack for GPUs.",Silicon,0.95,Round 3 refinement with peer support: 2,280469,NORWAY,THOUSAND METRIC TONS,200.0,2.22,0.95,USGS Mineral Commodity Summaries 2024/2023 - authoritative U.S. government production data with global coverage
Computer Graphics Processing Units (GPUs),Graphics Processing Unit,1.0,"The GPU is the primary component of a computer graphics card responsible for rendering images and videos. Given that it's widely recognized as the key element enabling graphical processing, this confidence score reflects its absolute necessity in defining a technology stack for GPUs.",Silicon,0.95,Round 3 refinement with peer support: 2,280469,OTHER,THOUSAND METRIC TONS,100.0,1.11,0.95,USGS Mineral Commodity Summaries 2024/2023 - authoritative U.S. government production data with global coverage
Computer Graphics Processing Units (GPUs),Graphics Processing Unit,1.0,"The GPU is the primary component of a computer graphics card responsible for rendering images and videos. Given that it's widely recognized as the key element enabling graphical processing, this confidence score reflects its absolute necessity in defining a technology stack for GPUs.",Nickel,0.7,Round 3 refinement with peer support: 0,750110,INDONESIA,METRIC TONS,1800000.0,50.0,0.95,USGS Mineral Commodity Summaries 2024/2023 - authoritative U.S. government production data with global coverage
Computer Graphics Processing Units (GPUs),Graphics Processing Unit,1.0,"The GPU is the primary component of a computer graphics card responsible for rendering images and videos. Given that it's widely recognized as the key element enabling graphical processing, this confidence score reflects its absolute necessity in defining a technology stack for GPUs.",Nickel,0.7,Round 3 refinement with peer support: 0,750110,PHILIPPINES,METRIC TONS,400000.0,11.11,0.95,USGS Mineral Commodity Summaries 2024/2023 - authoritative U.S. government production data with global coverage
Computer Graphics Processing Units (GPUs),Graphics Processing Unit,1.0,"The GPU is the primary component of a computer graphics card responsible for rendering images and videos. Given that it's widely recognized as the key element enabling graphical processing, this confidence score reflects its absolute necessity in defining a technology stack for GPUs.",Nickel,0.7,Round 3 refinement with peer support: 0,750110,OTHER,METRIC TONS,380000.0,10.56,0.95,USGS Mineral Commodity Summaries 2024/2023 - authoritative U.S. government production data with global coverage
Computer Graphics Processing Units (GPUs),Graphics Processing Unit,1.0,"The GPU is the primary component of a computer graphics card responsible for rendering images and videos. Given that it's widely recognized as the key element enabling graphical processing, this confidence score reflects its absolute necessity in defining a technology stack for GPUs.",Nickel,0.7,Round 3 refinement with peer support: 0,750110,NEW CALEDONIA,METRIC TONS,230000.0,6.39,0.95,USGS Mineral Commodity Summaries 2024/2023 - authoritative U.S. government production data with global coverage
Computer Graphics Processing Units (GPUs),Graphics Processing Unit,1.0,"The GPU is the primary component of a computer graphics card responsible for rendering images and videos. Given that it's widely recognized as the key element enabling graphical processing, this confidence score reflects its absolute necessity in defining a technology stack for GPUs.",Nickel,0.7,Round 3 refinement with peer support: 0,750110,RUSSIA,METRIC TONS,200000.0,5.56,0.95,USGS Mineral Commodity Summaries 2024/2023 - authoritative U.S. government production data with global coverage
Computer Graphics Processing Units (GPUs),Clock Generator,1.0,A critical component responsible for generating the clock signals that control the timing of operations in the GPU. It is universally recognized and universally proposed with the highest confidence among peers.,Silicon,0.85,Round 3 refinement with peer support: 1,280469,CHINA,THOUSAND METRIC TONS,3600.0,40.0,0.95,USGS Mineral Commodity Summaries 2024/2023 - authoritative U.S. government production data with global coverage
Computer Graphics Processing Units (GPUs),Clock Generator,1.0,A critical component responsible for generating the clock signals that control the timing of operations in the GPU. It is universally recognized and universally proposed with the highest confidence among peers.,Silicon,0.85,Round 3 refinement with peer support: 1,280469,RUSSIA,THOUSAND METRIC TONS,570.0,6.33,0.95,USGS Mineral Commodity Summaries 2024/2023 - authoritative U.S. government production data with global coverage
Computer Graphics Processing Units (GPUs),Clock Generator,1.0,A critical component responsible for generating the clock signals that control the timing of operations in the GPU. It is universally recognized and universally proposed with the highest confidence among peers.,Silicon,0.85,Round 3 refinement with peer support: 1,280469,BRAZIL,THOUSAND METRIC TONS,190.0,2.11,0.95,USGS Mineral Commodity Summaries 2024/2023 - authoritative U.S. government production data with global coverage
Computer Graphics Processing Units (GPUs),Clock Generator,1.0,A critical component responsible for generating the clock signals that control the timing of operations in the GPU. It is universally recognized and universally proposed with the highest confidence among peers.,Silicon,0.85,Round 3 refinement with peer support: 1,280469,NORWAY,THOUSAND METRIC TONS,200.0,2.22,0.95,USGS Mineral Commodity Summaries 2024/2023 - authoritative U.S. government production data with global coverage
Computer Graphics Processing Units (GPUs),Clock Generator,1.0,A critical component responsible for generating the clock signals that control the timing of operations in the GPU. It is universally recognized and universally proposed with the highest confidence among peers.,Silicon,0.85,Round 3 refinement with peer support: 1,280469,OTHER,THOUSAND METRIC TONS,100.0,1.11,0.95,USGS Mineral Commodity Summaries 2024/2023 - authoritative U.S. government production data with global coverage
Computer Graphics Processing Units (GPUs),Clock Generator,1.0,A critical component responsible for generating the clock signals that control the timing of operations in the GPU. It is universally recognized and universally proposed with the highest confidence among peers.,Aluminum,0.7,Round 3 refinement with peer support: 0,280300,CHINA,THOUSAND METRIC TONS,41000.0,58.57,0.95,USGS Mineral Commodity Summaries 2024/2023 - authoritative U.S. government production data with global coverage
Computer Graphics Processing Units (GPUs),Clock Generator,1.0,A critical component responsible for generating the clock signals that control the timing of operations in the GPU. It is universally recognized and universally proposed with the highest confidence among peers.,Aluminum,0.7,Round 3 refinement with peer support: 0,280300,OTHER,THOUSAND METRIC TONS,7000.0,10.0,0.95,USGS Mineral Commodity Summaries 2024/2023 - authoritative U.S. government production data with global coverage
Computer Graphics Processing Units (GPUs),Clock Generator,1.0,A critical component responsible for generating the clock signals that control the timing of operations in the GPU. It is universally recognized and universally proposed with the highest confidence among peers.,Aluminum,0.7,Round 3 refinement with peer support: 0,280300,INDIA,THOUSAND METRIC TONS,4100.0,5.86,0.95,USGS Mineral Commodity Summaries 2024/2023 - authoritative U.S. government production data with global coverage
Computer Graphics Processing Units (GPUs),Clock Generator,1.0,A critical component responsible for generating the clock signals that control the timing of operations in the GPU. It is universally recognized and universally proposed with the highest confidence among peers.,Aluminum,0.7,Round 3 refinement with peer support: 0,280300,RUSSIA,THOUSAND METRIC TONS,3800.0,5.43,0.95,USGS Mineral Commodity Summaries 2024/2023 - authoritative U.S. government production data with global coverage
Computer Graphics Processing Units (GPUs),Clock Generator,1.0,A critical component responsible for generating the clock signals that control the timing of operations in the GPU. It is universally recognized and universally proposed with the highest confidence among peers.,Aluminum,0.7,Round 3 refinement with peer support: 0,280300,CANADA,THOUSAND METRIC TONS,3000.0,4.29,0.95,USGS Mineral Commodity Summaries 2024/2023 - authoritative U.S. government production data with global coverage
Computer Graphics Processing Units (GPUs),Clock Generator,1.0,A critical component responsible for generating the clock signals that control the timing of operations in the GPU. It is universally recognized and universally proposed with the highest confidence among peers.,Copper,0.85,Round 3 refinement with peer support: 1,740100,CHINA,THOUSAND METRIC TONS,1700.0,3.47,0.95,USGS Mineral Commodity Summaries 2024/2023 - authoritative U.S. government production data with global coverage
Computer Graphics Processing Units (GPUs),Clock Generator,1.0,A critical component responsible for generating the clock signals that control the timing of operations in the GPU. It is universally recognized and universally proposed with the highest confidence among peers.,Copper,0.85,Round 3 refinement with peer support: 1,740100,CHILE,THOUSAND METRIC TONS,5000.0,10.2,0.95,USGS Mineral Commodity Summaries 2024/2023 - authoritative U.S. government production data with global coverage
Computer Graphics Processing Units (GPUs),Clock Generator,1.0,A critical component responsible for generating the clock signals that control the timing of operations in the GPU. It is universally recognized and universally proposed with the highest confidence among peers.,Copper,0.85,Round 3 refinement with peer support: 1,740100,OTHER,THOUSAND METRIC TONS,3100.0,6.33,0.95,USGS Mineral Commodity Summaries 2024/2023 - authoritative U.S. government production data with global coverage
Computer Graphics Processing Units (GPUs),Clock Generator,1.0,A critical component responsible for generating the clock signals that control the timing of operations in the GPU. It is universally recognized and universally proposed with the highest confidence among peers.,Copper,0.85,Round 3 refinement with peer support: 1,740100,CONGO,THOUSAND METRIC TONS,2500.0,5.1,0.95,USGS Mineral Commodity Summaries 2024/2023 - authoritative U.S. government production data with global coverage
Computer Graphics Processing Units (GPUs),Clock Generator,1.0,A critical component responsible for generating the clock signals that control the timing of operations in the GPU. It is universally recognized and universally proposed with the highest confidence among peers.,Copper,0.85,Round 3 refinement with peer support: 1,740100,PERU,THOUSAND METRIC TONS,2600.0,5.31,0.95,USGS Mineral Commodity Summaries 2024/2023 - authoritative U.S. government production data with global coverage
Computer Graphics Processing Units (GPUs),Clock Generator,1.0,A critical component responsible for generating the clock signals that control the timing of operations in the GPU. It is universally recognized and universally proposed with the highest confidence among peers.,Aluminum gallium arsenide,0.7,Round 3 refinement with peer support: 0,282890,Japan,metric tons,25466.666666666668,22.33,0.733,A major producer with significant refining capabilities for semiconductors.
Computer Graphics Processing Units (GPUs),Clock Generator,1.0,A critical component responsible for generating the clock signals that control the timing of operations in the GPU. It is universally recognized and universally proposed with the highest confidence among peers.,Aluminum gallium arsenide,0.7,Round 3 refinement with peer support: 0,282890,China,metric tons,25066.666666666668,31.33,0.817,"Based on recent USGS reports, China is the leading producer of gallium."
Computer Graphics Processing Units (GPUs),Clock Generator,1.0,A critical component responsible for generating the clock signals that control the timing of operations in the GPU. It is universally recognized and universally proposed with the highest confidence among peers.,Aluminum gallium arsenide,0.7,Round 3 refinement with peer support: 0,282890,United States,metric tons,46600.0,37.5,0.675,Based on U.S. Geological Survey's data and reports from academic researchers.
Computer Graphics Processing Units (GPUs),Clock Generator,1.0,A critical component responsible for generating the clock signals that control the timing of operations in the GPU. It is universally recognized and universally proposed with the highest confidence among peers.,Aluminum gallium arsenide,0.7,Round 3 refinement with peer support: 0,282890,South Korea,metric tons,25320.0,10.5,0.65,South Korea hosts major semiconductor manufacturers like Samsung and SK Hynix.
Computer Graphics Processing Units (GPUs),Clock Generator,1.0,A critical component responsible for generating the clock signals that control the timing of operations in the GPU. It is universally recognized and universally proposed with the highest confidence among peers.,Aluminum gallium arsenide,0.7,Round 3 refinement with peer support: 0,282890,Germany,metric tons,7200.0,5.0,0.675,Germany hosts significant industrial and technological centers in the semiconductor sector.
Computer Graphics Processing Units (GPUs),Video Ram,0.95,"VRAM is critical for GPU operation, allowing it to store graphics data and textures temporarily. Though not as universally recognized as the GPU itself, its high importance leads to this moderately strong agreement among peers.",Silicon,0.95,Round 3 refinement with peer support: 2,280469,CHINA,THOUSAND METRIC TONS,3600.0,40.0,0.95,USGS Mineral Commodity Summaries 2024/2023 - authoritative U.S. government production data with global coverage
Computer Graphics Processing Units (GPUs),Video Ram,0.95,"VRAM is critical for GPU operation, allowing it to store graphics data and textures temporarily. Though not as universally recognized as the GPU itself, its high importance leads to this moderately strong agreement among peers.",Silicon,0.95,Round 3 refinement with peer support: 2,280469,RUSSIA,THOUSAND METRIC TONS,570.0,6.33,0.95,USGS Mineral Commodity Summaries 2024/2023 - authoritative U.S. government production data with global coverage
Computer Graphics Processing Units (GPUs),Video Ram,0.95,"VRAM is critical for GPU operation, allowing it to store graphics data and textures temporarily. Though not as universally recognized as the GPU itself, its high importance leads to this moderately strong agreement among peers.",Silicon,0.95,Round 3 refinement with peer support: 2,280469,BRAZIL,THOUSAND METRIC TONS,190.0,2.11,0.95,USGS Mineral Commodity Summaries 2024/2023 - authoritative U.S. government production data with global coverage
Computer Graphics Processing Units (GPUs),Video Ram,0.95,"VRAM is critical for GPU operation, allowing it to store graphics data and textures temporarily. Though not as universally recognized as the GPU itself, its high importance leads to this moderately strong agreement among peers.",Silicon,0.95,Round 3 refinement with peer support: 2,280469,NORWAY,THOUSAND METRIC TONS,200.0,2.22,0.95,USGS Mineral Commodity Summaries 2024/2023 - authoritative U.S. government production data with global coverage
Computer Graphics Processing Units (GPUs),Video Ram,0.95,"VRAM is critical for GPU operation, allowing it to store graphics data and textures temporarily. Though not as universally recognized as the GPU itself, its high importance leads to this moderately strong agreement among peers.",Silicon,0.95,Round 3 refinement with peer support: 2,280469,OTHER,THOUSAND METRIC TONS,100.0,1.11,0.95,USGS Mineral Commodity Summaries 2024/2023 - authoritative U.S. government production data with global coverage
Computer Graphics Processing Units (GPUs),Video Ram,0.95,"VRAM is critical for GPU operation, allowing it to store graphics data and textures temporarily. Though not as universally recognized as the GPU itself, its high importance leads to this moderately strong agreement among peers.",Tungsten,0.7,Round 3 refinement with peer support: 0,810194,CHINA,METRIC TONS,63000.0,80.77,0.95,USGS Mineral Commodity Summaries 2024/2023 - authoritative U.S. government production data with global coverage
Computer Graphics Processing Units (GPUs),Video Ram,0.95,"VRAM is critical for GPU operation, allowing it to store graphics data and textures temporarily. Though not as universally recognized as the GPU itself, its high importance leads to this moderately strong agreement among peers.",Tungsten,0.7,Round 3 refinement with peer support: 0,810194,VIETNAM,METRIC TONS,3500.0,4.49,0.95,USGS Mineral Commodity Summaries 2024/2023 - authoritative U.S. government production data with global coverage
Computer Graphics Processing Units (GPUs),Video Ram,0.95,"VRAM is critical for GPU operation, allowing it to store graphics data and textures temporarily. Though not as universally recognized as the GPU itself, its high importance leads to this moderately strong agreement among peers.",Tungsten,0.7,Round 3 refinement with peer support: 0,810194,RUSSIA,METRIC TONS,2000.0,2.56,0.95,USGS Mineral Commodity Summaries 2024/2023 - authoritative U.S. government production data with global coverage
Computer Graphics Processing Units (GPUs),Video Ram,0.95,"VRAM is critical for GPU operation, allowing it to store graphics data and textures temporarily. Though not as universally recognized as the GPU itself, its high importance leads to this moderately strong agreement among peers.",Tungsten,0.7,Round 3 refinement with peer support: 0,810194,"KOREA, NORTH",METRIC TONS,1700.0,2.18,0.95,USGS Mineral Commodity Summaries 2024/2023 - authoritative U.S. government production data with global coverage
Computer Graphics Processing Units (GPUs),Video Ram,0.95,"VRAM is critical for GPU operation, allowing it to store graphics data and textures temporarily. Though not as universally recognized as the GPU itself, its high importance leads to this moderately strong agreement among peers.",Tungsten,0.7,Round 3 refinement with peer support: 0,810194,SPAIN,METRIC TONS,1500.0,1.92,0.95,USGS Mineral Commodity Summaries 2024/2023 - authoritative U.S. government production data with global coverage
Computer Graphics Processing Units (GPUs),Video Ram,0.95,"VRAM is critical for GPU operation, allowing it to store graphics data and textures temporarily. Though not as universally recognized as the GPU itself, its high importance leads to this moderately strong agreement among peers.",Tantalum,0.7,Round 3 refinement with peer support: 0,810320,CONGO,METRIC TONS,980.0,40.83,0.95,USGS Mineral Commodity Summaries 2024/2023 - authoritative U.S. government production data with global coverage
Computer Graphics Processing Units (GPUs),Video Ram,0.95,"VRAM is critical for GPU operation, allowing it to store graphics data and textures temporarily. Though not as universally recognized as the GPU itself, its high importance leads to this moderately strong agreement among peers.",Tantalum,0.7,Round 3 refinement with peer support: 0,810320,RWANDA,METRIC TONS,520.0,21.67,0.95,USGS Mineral Commodity Summaries 2024/2023 - authoritative U.S. government production data with global coverage
Computer Graphics Processing Units (GPUs),Video Ram,0.95,"VRAM is critical for GPU operation, allowing it to store graphics data and textures temporarily. Though not as universally recognized as the GPU itself, its high importance leads to this moderately strong agreement among peers.",Tantalum,0.7,Round 3 refinement with peer support: 0,810320,BRAZIL,METRIC TONS,360.0,15.0,0.95,USGS Mineral Commodity Summaries 2024/2023 - authoritative U.S. government production data with global coverage
Computer Graphics Processing Units (GPUs),Video Ram,0.95,"VRAM is critical for GPU operation, allowing it to store graphics data and textures temporarily. Though not as universally recognized as the GPU itself, its high importance leads to this moderately strong agreement among peers.",Tantalum,0.7,Round 3 refinement with peer support: 0,810320,OTHER,METRIC TONS,260.0,10.83,0.95,USGS Mineral Commodity Summaries 2024/2023 - authoritative U.S. government production data with global coverage
Computer Graphics Processing Units (GPUs),Video Ram,0.95,"VRAM is critical for GPU operation, allowing it to store graphics data and textures temporarily. Though not as universally recognized as the GPU itself, its high importance leads to this moderately strong agreement among peers.",Tantalum,0.7,Round 3 refinement with peer support: 0,810320,NIGERIA,METRIC TONS,110.0,4.58,0.95,USGS Mineral Commodity Summaries 2024/2023 - authoritative U.S. government production data with global coverage
Computer Graphics Processing Units (GPUs),Random Access Memory,0.95,"VRAM or RAM is essential for storing and processing graphical data in GPUs. Multiple peers proposed it with moderate confidence, but there's widespread agreement that this is a key component.",Silicon,0.9,Round 3 refinement with peer support: 2,280469,CHINA,THOUSAND METRIC TONS,3600.0,40.0,0.95,USGS Mineral Commodity Summaries 2024/2023 - authoritative U.S. government production data with global coverage
Computer Graphics Processing Units (GPUs),Random Access Memory,0.95,"VRAM or RAM is essential for storing and processing graphical data in GPUs. Multiple peers proposed it with moderate confidence, but there's widespread agreement that this is a key component.",Silicon,0.9,Round 3 refinement with peer support: 2,280469,RUSSIA,THOUSAND METRIC TONS,570.0,6.33,0.95,USGS Mineral Commodity Summaries 2024/2023 - authoritative U.S. government production data with global coverage
Computer Graphics Processing Units (GPUs),Random Access Memory,0.95,"VRAM or RAM is essential for storing and processing graphical data in GPUs. Multiple peers proposed it with moderate confidence, but there's widespread agreement that this is a key component.",Silicon,0.9,Round 3 refinement with peer support: 2,280469,BRAZIL,THOUSAND METRIC TONS,190.0,2.11,0.95,USGS Mineral Commodity Summaries 2024/2023 - authoritative U.S. government production data with global coverage
Computer Graphics Processing Units (GPUs),Random Access Memory,0.95,"VRAM or RAM is essential for storing and processing graphical data in GPUs. Multiple peers proposed it with moderate confidence, but there's widespread agreement that this is a key component.",Silicon,0.9,Round 3 refinement with peer support: 2,280469,NORWAY,THOUSAND METRIC TONS,200.0,2.22,0.95,USGS Mineral Commodity Summaries 2024/2023 - authoritative U.S. government production data with global coverage
Computer Graphics Processing Units (GPUs),Random Access Memory,0.95,"VRAM or RAM is essential for storing and processing graphical data in GPUs. Multiple peers proposed it with moderate confidence, but there's widespread agreement that this is a key component.",Silicon,0.9,Round 3 refinement with peer support: 2,280469,OTHER,THOUSAND METRIC TONS,100.0,1.11,0.95,USGS Mineral Commodity Summaries 2024/2023 - authoritative U.S. government production data with global coverage
Computer Graphics Processing Units (GPUs),Random Access Memory,0.95,"VRAM or RAM is essential for storing and processing graphical data in GPUs. Multiple peers proposed it with moderate confidence, but there's widespread agreement that this is a key component.",Tungsten,0.7,Round 3 refinement with peer support: 0,810194,CHINA,METRIC TONS,63000.0,80.77,0.95,USGS Mineral Commodity Summaries 2024/2023 - authoritative U.S. government production data with global coverage
Computer Graphics Processing Units (GPUs),Random Access Memory,0.95,"VRAM or RAM is essential for storing and processing graphical data in GPUs. Multiple peers proposed it with moderate confidence, but there's widespread agreement that this is a key component.",Tungsten,0.7,Round 3 refinement with peer support: 0,810194,VIETNAM,METRIC TONS,3500.0,4.49,0.95,USGS Mineral Commodity Summaries 2024/2023 - authoritative U.S. government production data with global coverage
Computer Graphics Processing Units (GPUs),Random Access Memory,0.95,"VRAM or RAM is essential for storing and processing graphical data in GPUs. Multiple peers proposed it with moderate confidence, but there's widespread agreement that this is a key component.",Tungsten,0.7,Round 3 refinement with peer support: 0,810194,RUSSIA,METRIC TONS,2000.0,2.56,0.95,USGS Mineral Commodity Summaries 2024/2023 - authoritative U.S. government production data with global coverage
Computer Graphics Processing Units (GPUs),Random Access Memory,0.95,"VRAM or RAM is essential for storing and processing graphical data in GPUs. Multiple peers proposed it with moderate confidence, but there's widespread agreement that this is a key component.",Tungsten,0.7,Round 3 refinement with peer support: 0,810194,"KOREA, NORTH",METRIC TONS,1700.0,2.18,0.95,USGS Mineral Commodity Summaries 2024/2023 - authoritative U.S. government production data with global coverage
Computer Graphics Processing Units (GPUs),Random Access Memory,0.95,"VRAM or RAM is essential for storing and processing graphical data in GPUs. Multiple peers proposed it with moderate confidence, but there's widespread agreement that this is a key component.",Tungsten,0.7,Round 3 refinement with peer support: 0,810194,SPAIN,METRIC TONS,1500.0,1.92,0.95,USGS Mineral Commodity Summaries 2024/2023 - authoritative U.S. government production data with global coverage
Computer Graphics Processing Units (GPUs),Random Access Memory,0.95,"VRAM or RAM is essential for storing and processing graphical data in GPUs. Multiple peers proposed it with moderate confidence, but there's widespread agreement that this is a key component.",Antimony,0.7,Round 3 refinement with peer support: 0,811100,CHINA,METRIC TONS,40000.0,48.19,0.95,USGS Mineral Commodity Summaries 2024/2023 - authoritative U.S. government production data with global coverage
Computer Graphics Processing Units (GPUs),Random Access Memory,0.95,"VRAM or RAM is essential for storing and processing graphical data in GPUs. Multiple peers proposed it with moderate confidence, but there's widespread agreement that this is a key component.",Antimony,0.7,Round 3 refinement with peer support: 0,811100,TAJIKISTAN,METRIC TONS,21000.0,25.3,0.95,USGS Mineral Commodity Summaries 2024/2023 - authoritative U.S. government production data with global coverage
Computer Graphics Processing Units (GPUs),Random Access Memory,0.95,"VRAM or RAM is essential for storing and processing graphical data in GPUs. Multiple peers proposed it with moderate confidence, but there's widespread agreement that this is a key component.",Antimony,0.7,Round 3 refinement with peer support: 0,811100,TURKEY,METRIC TONS,6000.0,7.23,0.95,USGS Mineral Commodity Summaries 2024/2023 - authoritative U.S. government production data with global coverage
Computer Graphics Processing Units (GPUs),Random Access Memory,0.95,"VRAM or RAM is essential for storing and processing graphical data in GPUs. Multiple peers proposed it with moderate confidence, but there's widespread agreement that this is a key component.",Antimony,0.7,Round 3 refinement with peer support: 0,811100,BURMA,METRIC TONS,4600.0,5.54,0.95,USGS Mineral Commodity Summaries 2024/2023 - authoritative U.S. government production data with global coverage
Computer Graphics Processing Units (GPUs),Random Access Memory,0.95,"VRAM or RAM is essential for storing and processing graphical data in GPUs. Multiple peers proposed it with moderate confidence, but there's widespread agreement that this is a key component.",Antimony,0.7,Round 3 refinement with peer support: 0,811100,RUSSIA,METRIC TONS,4300.0,5.18,0.95,USGS Mineral Commodity Summaries 2024/2023 - authoritative U.S. government production data with global coverage
Computer Graphics Processing Units (GPUs),Graphics Cores,0.75,"This component is closely related to the functionality of a GPU and supports its core processing tasks. It has mixed support among peers, making it less universally agreed upon but still essential for high-performance GPUs.",Silicon,0.883,Round 3 refinement with peer support: 2,280469,CHINA,THOUSAND METRIC TONS,3600.0,40.0,0.95,USGS Mineral Commodity Summaries 2024/2023 - authoritative U.S. government production data with global coverage
Computer Graphics Processing Units (GPUs),Graphics Cores,0.75,"This component is closely related to the functionality of a GPU and supports its core processing tasks. It has mixed support among peers, making it less universally agreed upon but still essential for high-performance GPUs.",Silicon,0.883,Round 3 refinement with peer support: 2,280469,RUSSIA,THOUSAND METRIC TONS,570.0,6.33,0.95,USGS Mineral Commodity Summaries 2024/2023 - authoritative U.S. government production data with global coverage
Computer Graphics Processing Units (GPUs),Graphics Cores,0.75,"This component is closely related to the functionality of a GPU and supports its core processing tasks. It has mixed support among peers, making it less universally agreed upon but still essential for high-performance GPUs.",Silicon,0.883,Round 3 refinement with peer support: 2,280469,BRAZIL,THOUSAND METRIC TONS,190.0,2.11,0.95,USGS Mineral Commodity Summaries 2024/2023 - authoritative U.S. government production data with global coverage
Computer Graphics Processing Units (GPUs),Graphics Cores,0.75,"This component is closely related to the functionality of a GPU and supports its core processing tasks. It has mixed support among peers, making it less universally agreed upon but still essential for high-performance GPUs.",Silicon,0.883,Round 3 refinement with peer support: 2,280469,NORWAY,THOUSAND METRIC TONS,200.0,2.22,0.95,USGS Mineral Commodity Summaries 2024/2023 - authoritative U.S. government production data with global coverage
Computer Graphics Processing Units (GPUs),Graphics Cores,0.75,"This component is closely related to the functionality of a GPU and supports its core processing tasks. It has mixed support among peers, making it less universally agreed upon but still essential for high-performance GPUs.",Silicon,0.883,Round 3 refinement with peer support: 2,280469,OTHER,THOUSAND METRIC TONS,100.0,1.11,0.95,USGS Mineral Commodity Summaries 2024/2023 - authoritative U.S. government production data with global coverage
Computer Graphics Processing Units (GPUs),Graphics Cores,0.75,"This component is closely related to the functionality of a GPU and supports its core processing tasks. It has mixed support among peers, making it less universally agreed upon but still essential for high-performance GPUs.",Copper,0.85,Round 3 refinement with peer support: 1,740100,CHINA,THOUSAND METRIC TONS,1700.0,3.47,0.95,USGS Mineral Commodity Summaries 2024/2023 - authoritative U.S. government production data with global coverage
Computer Graphics Processing Units (GPUs),Graphics Cores,0.75,"This component is closely related to the functionality of a GPU and supports its core processing tasks. It has mixed support among peers, making it less universally agreed upon but still essential for high-performance GPUs.",Copper,0.85,Round 3 refinement with peer support: 1,740100,CHILE,THOUSAND METRIC TONS,5000.0,10.2,0.95,USGS Mineral Commodity Summaries 2024/2023 - authoritative U.S. government production data with global coverage
Computer Graphics Processing Units (GPUs),Graphics Cores,0.75,"This component is closely related to the functionality of a GPU and supports its core processing tasks. It has mixed support among peers, making it less universally agreed upon but still essential for high-performance GPUs.",Copper,0.85,Round 3 refinement with peer support: 1,740100,OTHER,THOUSAND METRIC TONS,3100.0,6.33,0.95,USGS Mineral Commodity Summaries 2024/2023 - authoritative U.S. government production data with global coverage
Computer Graphics Processing Units (GPUs),Graphics Cores,0.75,"This component is closely related to the functionality of a GPU and supports its core processing tasks. It has mixed support among peers, making it less universally agreed upon but still essential for high-performance GPUs.",Copper,0.85,Round 3 refinement with peer support: 1,740100,CONGO,THOUSAND METRIC TONS,2500.0,5.1,0.95,USGS Mineral Commodity Summaries 2024/2023 - authoritative U.S. government production data with global coverage
Computer Graphics Processing Units (GPUs),Graphics Cores,0.75,"This component is closely related to the functionality of a GPU and supports its core processing tasks. It has mixed support among peers, making it less universally agreed upon but still essential for high-performance GPUs.",Copper,0.85,Round 3 refinement with peer support: 1,740100,PERU,THOUSAND METRIC TONS,2600.0,5.31,0.95,USGS Mineral Commodity Summaries 2024/2023 - authoritative U.S. government production data with global coverage
Computer Graphics Processing Units (GPUs),Graphics Cores,0.75,"This component is closely related to the functionality of a GPU and supports its core processing tasks. It has mixed support among peers, making it less universally agreed upon but still essential for high-performance GPUs.",Silver,0.7,Round 3 refinement with peer support: 0,710610,MEXICO,METRIC TONS,6400.0,24.62,0.95,USGS Mineral Commodity Summaries 2024/2023 - authoritative U.S. government production data with global coverage
Computer Graphics Processing Units (GPUs),Graphics Cores,0.75,"This component is closely related to the functionality of a GPU and supports its core processing tasks. It has mixed support among peers, making it less universally agreed upon but still essential for high-performance GPUs.",Silver,0.7,Round 3 refinement with peer support: 0,710610,CHINA,METRIC TONS,3400.0,13.08,0.95,USGS Mineral Commodity Summaries 2024/2023 - authoritative U.S. government production data with global coverage
Computer Graphics Processing Units (GPUs),Graphics Cores,0.75,"This component is closely related to the functionality of a GPU and supports its core processing tasks. It has mixed support among peers, making it less universally agreed upon but still essential for high-performance GPUs.",Silver,0.7,Round 3 refinement with peer support: 0,710610,PERU,METRIC TONS,3100.0,11.92,0.95,USGS Mineral Commodity Summaries 2024/2023 - authoritative U.S. government production data with global coverage
Computer Graphics Processing Units (GPUs),Graphics Cores,0.75,"This component is closely related to the functionality of a GPU and supports its core processing tasks. It has mixed support among peers, making it less universally agreed upon but still essential for high-performance GPUs.",Silver,0.7,Round 3 refinement with peer support: 0,710610,OTHER,METRIC TONS,3000.0,11.54,0.95,USGS Mineral Commodity Summaries 2024/2023 - authoritative U.S. government production data with global coverage
Computer Graphics Processing Units (GPUs),Graphics Cores,0.75,"This component is closely related to the functionality of a GPU and supports its core processing tasks. It has mixed support among peers, making it less universally agreed upon but still essential for high-performance GPUs.",Silver,0.7,Round 3 refinement with peer support: 0,710610,CHILE,METRIC TONS,1400.0,5.38,0.95,USGS Mineral Commodity Summaries 2024/2023 - authoritative U.S. government production data with global coverage
RT-PCR (Reverse Transcription PCR),Primers,0.92,"Strong consensus among two agents supports primers as a primary component with an average confidence of 0.90, indicating high certainty.",Avidin,0.7,Round 3 refinement with peer support: 0,350400,United States,metric tons,3565.0,32.7,0.85,Multi-agent debate consensus
RT-PCR (Reverse Transcription PCR),Primers,0.92,"Strong consensus among two agents supports primers as a primary component with an average confidence of 0.90, indicating high certainty.",Avidin,0.7,Round 3 refinement with peer support: 0,350400,China,metric tons,8509.0,29.47,0.8,Multi-agent debate consensus
RT-PCR (Reverse Transcription PCR),Primers,0.92,"Strong consensus among two agents supports primers as a primary component with an average confidence of 0.90, indicating high certainty.",Avidin,0.7,Round 3 refinement with peer support: 0,350400,Germany,metric tons,829.0,13.43,0.833,Multi-agent debate consensus
RT-PCR (Reverse Transcription PCR),Primers,0.92,"Strong consensus among two agents supports primers as a primary component with an average confidence of 0.90, indicating high certainty.",Avidin,0.7,Round 3 refinement with peer support: 0,350400,Japan,metric tons,723.3333333333334,6.2,0.75,Strong research and development capabilities in bioengineering.
RT-PCR (Reverse Transcription PCR),Primers,0.92,"Strong consensus among two agents supports primers as a primary component with an average confidence of 0.90, indicating high certainty.",Avidin,0.7,Round 3 refinement with peer support: 0,350400,France,metric tons,679.0,3.45,0.8,Multi-agent debate consensus
RT-PCR (Reverse Transcription PCR),Primers,0.92,"Strong consensus among two agents supports primers as a primary component with an average confidence of 0.90, indicating high certainty.",Biotin,0.7,Round 3 refinement with peer support: 0,293690,United States,kg,1509000.0,45.0,0.775,Multi-agent debate consensus
RT-PCR (Reverse Transcription PCR),Primers,0.92,"Strong consensus among two agents supports primers as a primary component with an average confidence of 0.90, indicating high certainty.",Biotin,0.7,Round 3 refinement with peer support: 0,293690,Japan,kg,494000.0,17.5,0.775,Multi-agent debate consensus
RT-PCR (Reverse Transcription PCR),Primers,0.92,"Strong consensus among two agents supports primers as a primary component with an average confidence of 0.90, indicating high certainty.",Biotin,0.7,Round 3 refinement with peer support: 0,293690,Germany,kg,678000.0,17.5,0.7,Multi-agent debate consensus
RT-PCR (Reverse Transcription PCR),Primers,0.92,"Strong consensus among two agents supports primers as a primary component with an average confidence of 0.90, indicating high certainty.",Biotin,0.7,Round 3 refinement with peer support: 0,293690,China,kg,172000.0,7.5,0.675,"Significant biotech industry presence, but data not fully published; US-based reports."
RT-PCR (Reverse Transcription PCR),Primers,0.92,"Strong consensus among two agents supports primers as a primary component with an average confidence of 0.90, indicating high certainty.",Biotin,0.7,Round 3 refinement with peer support: 0,293690,France,kg,106000.0,4.0,0.65,Multi-agent debate consensus
RT-PCR (Reverse Transcription PCR),Primers,0.92,"Strong consensus among two agents supports primers as a primary component with an average confidence of 0.90, indicating high certainty.",Biotin-streptavidin,0.7,Round 3 refinement with peer support: 0,350400,United States,liters,102500.0,31.3,0.825,Major producer in biotechnology companies such as Thermo Fisher Scientific and Sigma-Aldrich; based on industry reports.
RT-PCR (Reverse Transcription PCR),Primers,0.92,"Strong consensus among two agents supports primers as a primary component with an average confidence of 0.90, indicating high certainty.",Biotin-streptavidin,0.7,Round 3 refinement with peer support: 0,350400,Germany,liters,45000.0,14.6,0.8,Strong biotechnology sector supported by robust academic and industrial research.
RT-PCR (Reverse Transcription PCR),Primers,0.92,"Strong consensus among two agents supports primers as a primary component with an average confidence of 0.90, indicating high certainty.",Biotin-streptavidin,0.7,Round 3 refinement with peer support: 0,350400,Japan,liters,27500.0,9.2,0.75,Well-developed bio-industrial complex; data from biotech industry reports.
RT-PCR (Reverse Transcription PCR),Primers,0.92,"Strong consensus among two agents supports primers as a primary component with an average confidence of 0.90, indicating high certainty.",Biotin-streptavidin,0.7,Round 3 refinement with peer support: 0,350400,China,liters,125000.0,25.0,0.9,Leading in fermentation capacity with reliable data from industry sources.
RT-PCR (Reverse Transcription PCR),Primers,0.92,"Strong consensus among two agents supports primers as a primary component with an average confidence of 0.90, indicating high certainty.",Biotin-streptavidin,0.7,Round 3 refinement with peer support: 0,350400,Canada,liters,11500.0,3.4,0.625,Key player in biotech research and development with good industry data.
RT-PCR (Reverse Transcription PCR),Magnesium Ion,0.73,"Consensus from two agents supports Mg2+ at an average confidence of 0.73, slightly higher than the threshold for isolated proposals but still requires further justification if it is to be included as a primary component.",Magnesium chloride,0.9,Round 3 refinement with peer support: 2,282570,China,metric tons,3658333.3333333335,41.33,0.85,Multi-agent debate consensus
RT-PCR (Reverse Transcription PCR),Magnesium Ion,0.73,"Consensus from two agents supports Mg2+ at an average confidence of 0.73, slightly higher than the threshold for isolated proposals but still requires further justification if it is to be included as a primary component.",Magnesium chloride,0.9,Round 3 refinement with peer support: 2,282570,Russia,metric tons,718000.0,9.63,0.7,"Russia has a well-advanced magnesium chloride industry, driven by its resource base."
RT-PCR (Reverse Transcription PCR),Magnesium Ion,0.73,"Consensus from two agents supports Mg2+ at an average confidence of 0.73, slightly higher than the threshold for isolated proposals but still requires further justification if it is to be included as a primary component.",Magnesium chloride,0.9,Round 3 refinement with peer support: 2,282570,Kazakhstan,metric tons,1230000.0,12.0,0.8,Kazakhstan is another key producer due to its substantial chloride resources.
RT-PCR (Reverse Transcription PCR),Magnesium Ion,0.73,"Consensus from two agents supports Mg2+ at an average confidence of 0.73, slightly higher than the threshold for isolated proposals but still requires further justification if it is to be included as a primary component.",Magnesium chloride,0.9,Round 3 refinement with peer support: 2,282570,Morocco,metric tons,2500000.0,37.0,0.8,Primary producer; latest data from OCP Group
RT-PCR (Reverse Transcription PCR),Magnesium Ion,0.73,"Consensus from two agents supports Mg2+ at an average confidence of 0.73, slightly higher than the threshold for isolated proposals but still requires further justification if it is to be included as a primary component.",Magnesium chloride,0.9,Round 3 refinement with peer support: 2,282570,Germany,metric tons,407500.0,3.5,0.775,Germany has a robust chemical industry that drives its magnesium chloride production.
MQ-9 Reaper Drone,Avionics System,0.95,"This system integrates multiple sensors and controls to manage the flight, receiving high support from peer proposals.",Aluminum,0.95,Round 3 refinement with peer support: 2,280300,CHINA,THOUSAND METRIC TONS,41000.0,58.57,0.95,USGS Mineral Commodity Summaries 2024/2023 - authoritative U.S. government production data with global coverage
MQ-9 Reaper Drone,Avionics System,0.95,"This system integrates multiple sensors and controls to manage the flight, receiving high support from peer proposals.",Aluminum,0.95,Round 3 refinement with peer support: 2,280300,OTHER,THOUSAND METRIC TONS,7000.0,10.0,0.95,USGS Mineral Commodity Summaries 2024/2023 - authoritative U.S. government production data with global coverage
MQ-9 Reaper Drone,Avionics System,0.95,"This system integrates multiple sensors and controls to manage the flight, receiving high support from peer proposals.",Aluminum,0.95,Round 3 refinement with peer support: 2,280300,INDIA,THOUSAND METRIC TONS,4100.0,5.86,0.95,USGS Mineral Commodity Summaries 2024/2023 - authoritative U.S. government production data with global coverage
MQ-9 Reaper Drone,Avionics System,0.95,"This system integrates multiple sensors and controls to manage the flight, receiving high support from peer proposals.",Aluminum,0.95,Round 3 refinement with peer support: 2,280300,RUSSIA,THOUSAND METRIC TONS,3800.0,5.43,0.95,USGS Mineral Commodity Summaries 2024/2023 - authoritative U.S. government production data with global coverage
MQ-9 Reaper Drone,Avionics System,0.95,"This system integrates multiple sensors and controls to manage the flight, receiving high support from peer proposals.",Aluminum,0.95,Round 3 refinement with peer support: 2,280300,CANADA,THOUSAND METRIC TONS,3000.0,4.29,0.95,USGS Mineral Commodity Summaries 2024/2023 - authoritative U.S. government production data with global coverage
MQ-9 Reaper Drone,Avionics System,0.95,"This system integrates multiple sensors and controls to manage the flight, receiving high support from peer proposals.",Copper,0.95,Round 3 refinement with peer support: 2,740100,CHINA,THOUSAND METRIC TONS,1700.0,3.47,0.95,USGS Mineral Commodity Summaries 2024/2023 - authoritative U.S. government production data with global coverage
MQ-9 Reaper Drone,Avionics System,0.95,"This system integrates multiple sensors and controls to manage the flight, receiving high support from peer proposals.",Copper,0.95,Round 3 refinement with peer support: 2,740100,CHILE,THOUSAND METRIC TONS,5000.0,10.2,0.95,USGS Mineral Commodity Summaries 2024/2023 - authoritative U.S. government production data with global coverage
MQ-9 Reaper Drone,Avionics System,0.95,"This system integrates multiple sensors and controls to manage the flight, receiving high support from peer proposals.",Copper,0.95,Round 3 refinement with peer support: 2,740100,OTHER,THOUSAND METRIC TONS,3100.0,6.33,0.95,USGS Mineral Commodity Summaries 2024/2023 - authoritative U.S. government production data with global coverage
MQ-9 Reaper Drone,Avionics System,0.95,"This system integrates multiple sensors and controls to manage the flight, receiving high support from peer proposals.",Copper,0.95,Round 3 refinement with peer support: 2,740100,CONGO,THOUSAND METRIC TONS,2500.0,5.1,0.95,USGS Mineral Commodity Summaries 2024/2023 - authoritative U.S. government production data with global coverage
MQ-9 Reaper Drone,Avionics System,0.95,"This system integrates multiple sensors and controls to manage the flight, receiving high support from peer proposals.",Copper,0.95,Round 3 refinement with peer support: 2,740100,PERU,THOUSAND METRIC TONS,2600.0,5.31,0.95,USGS Mineral Commodity Summaries 2024/2023 - authoritative U.S. government production data with global coverage
MQ-9 Reaper Drone,Ecu,0.95,The ECU is a critical primary component for the MQ-9 Reaper Drone as it manages and controls various flight systems and avionics. The high confidence score reflects its universal presence in drone technology.,Silicon,0.7,Round 3 refinement with peer support: 0,280469,CHINA,THOUSAND METRIC TONS,3600.0,40.0,0.95,USGS Mineral Commodity Summaries 2024/2023 - authoritative U.S. government production data with global coverage
MQ-9 Reaper Drone,Ecu,0.95,The ECU is a critical primary component for the MQ-9 Reaper Drone as it manages and controls various flight systems and avionics. The high confidence score reflects its universal presence in drone technology.,Silicon,0.7,Round 3 refinement with peer support: 0,280469,RUSSIA,THOUSAND METRIC TONS,570.0,6.33,0.95,USGS Mineral Commodity Summaries 2024/2023 - authoritative U.S. government production data with global coverage
MQ-9 Reaper Drone,Ecu,0.95,The ECU is a critical primary component for the MQ-9 Reaper Drone as it manages and controls various flight systems and avionics. The high confidence score reflects its universal presence in drone technology.,Silicon,0.7,Round 3 refinement with peer support: 0,280469,BRAZIL,THOUSAND METRIC TONS,190.0,2.11,0.95,USGS Mineral Commodity Summaries 2024/2023 - authoritative U.S. government production data with global coverage
MQ-9 Reaper Drone,Ecu,0.95,The ECU is a critical primary component for the MQ-9 Reaper Drone as it manages and controls various flight systems and avionics. The high confidence score reflects its universal presence in drone technology.,Silicon,0.7,Round 3 refinement with peer support: 0,280469,NORWAY,THOUSAND METRIC TONS,200.0,2.22,0.95,USGS Mineral Commodity Summaries 2024/2023 - authoritative U.S. government production data with global coverage
MQ-9 Reaper Drone,Ecu,0.95,The ECU is a critical primary component for the MQ-9 Reaper Drone as it manages and controls various flight systems and avionics. The high confidence score reflects its universal presence in drone technology.,Silicon,0.7,Round 3 refinement with peer support: 0,280469,OTHER,THOUSAND METRIC TONS,100.0,1.11,0.95,USGS Mineral Commodity Summaries 2024/2023 - authoritative U.S. government production data with global coverage
MQ-9 Reaper Drone,Ecu,0.95,The ECU is a critical primary component for the MQ-9 Reaper Drone as it manages and controls various flight systems and avionics. The high confidence score reflects its universal presence in drone technology.,Aluminum,0.7,Round 3 refinement with peer support: 0,280300,CHINA,THOUSAND METRIC TONS,41000.0,58.57,0.95,USGS Mineral Commodity Summaries 2024/2023 - authoritative U.S. government production data with global coverage
MQ-9 Reaper Drone,Ecu,0.95,The ECU is a critical primary component for the MQ-9 Reaper Drone as it manages and controls various flight systems and avionics. The high confidence score reflects its universal presence in drone technology.,Aluminum,0.7,Round 3 refinement with peer support: 0,280300,OTHER,THOUSAND METRIC TONS,7000.0,10.0,0.95,USGS Mineral Commodity Summaries 2024/2023 - authoritative U.S. government production data with global coverage
MQ-9 Reaper Drone,Ecu,0.95,The ECU is a critical primary component for the MQ-9 Reaper Drone as it manages and controls various flight systems and avionics. The high confidence score reflects its universal presence in drone technology.,Aluminum,0.7,Round 3 refinement with peer support: 0,280300,INDIA,THOUSAND METRIC TONS,4100.0,5.86,0.95,USGS Mineral Commodity Summaries 2024/2023 - authoritative U.S. government production data with global coverage
MQ-9 Reaper Drone,Ecu,0.95,The ECU is a critical primary component for the MQ-9 Reaper Drone as it manages and controls various flight systems and avionics. The high confidence score reflects its universal presence in drone technology.,Aluminum,0.7,Round 3 refinement with peer support: 0,280300,RUSSIA,THOUSAND METRIC TONS,3800.0,5.43,0.95,USGS Mineral Commodity Summaries 2024/2023 - authoritative U.S. government production data with global coverage
MQ-9 Reaper Drone,Ecu,0.95,The ECU is a critical primary component for the MQ-9 Reaper Drone as it manages and controls various flight systems and avionics. The high confidence score reflects its universal presence in drone technology.,Aluminum,0.7,Round 3 refinement with peer support: 0,280300,CANADA,THOUSAND METRIC TONS,3000.0,4.29,0.95,USGS Mineral Commodity Summaries 2024/2023 - authoritative U.S. government production data with global coverage
MQ-9 Reaper Drone,Ecu,0.95,The ECU is a critical primary component for the MQ-9 Reaper Drone as it manages and controls various flight systems and avionics. The high confidence score reflects its universal presence in drone technology.,Tantalum,0.7,Round 3 refinement with peer support: 0,810320,CONGO,METRIC TONS,980.0,40.83,0.95,USGS Mineral Commodity Summaries 2024/2023 - authoritative U.S. government production data with global coverage
MQ-9 Reaper Drone,Ecu,0.95,The ECU is a critical primary component for the MQ-9 Reaper Drone as it manages and controls various flight systems and avionics. The high confidence score reflects its universal presence in drone technology.,Tantalum,0.7,Round 3 refinement with peer support: 0,810320,RWANDA,METRIC TONS,520.0,21.67,0.95,USGS Mineral Commodity Summaries 2024/2023 - authoritative U.S. government production data with global coverage
MQ-9 Reaper Drone,Ecu,0.95,The ECU is a critical primary component for the MQ-9 Reaper Drone as it manages and controls various flight systems and avionics. The high confidence score reflects its universal presence in drone technology.,Tantalum,0.7,Round 3 refinement with peer support: 0,810320,BRAZIL,METRIC TONS,360.0,15.0,0.95,USGS Mineral Commodity Summaries 2024/2023 - authoritative U.S. government production data with global coverage
MQ-9 Reaper Drone,Ecu,0.95,The ECU is a critical primary component for the MQ-9 Reaper Drone as it manages and controls various flight systems and avionics. The high confidence score reflects its universal presence in drone technology.,Tantalum,0.7,Round 3 refinement with peer support: 0,810320,OTHER,METRIC TONS,260.0,10.83,0.95,USGS Mineral Commodity Summaries 2024/2023 - authoritative U.S. government production data with global coverage
MQ-9 Reaper Drone,Ecu,0.95,The ECU is a critical primary component for the MQ-9 Reaper Drone as it manages and controls various flight systems and avionics. The high confidence score reflects its universal presence in drone technology.,Tantalum,0.7,Round 3 refinement with peer support: 0,810320,NIGERIA,METRIC TONS,110.0,4.58,0.95,USGS Mineral Commodity Summaries 2024/2023 - authoritative U.S. government production data with global coverage
MQ-9 Reaper Drone,Precision Gps Navigation Systems (gps Receivers And Modules),0.92,"The GPS system is integral for navigation, positioning, and route planning in the MQ-9 Reaper Drone, backed by peers' high confidence and industry standardization.",Aluminum,0.95,Round 3 refinement with peer support: 2,280300,CHINA,THOUSAND METRIC TONS,41000.0,58.57,0.95,USGS Mineral Commodity Summaries 2024/2023 - authoritative U.S. government production data with global coverage
MQ-9 Reaper Drone,Precision Gps Navigation Systems (gps Receivers And Modules),0.92,"The GPS system is integral for navigation, positioning, and route planning in the MQ-9 Reaper Drone, backed by peers' high confidence and industry standardization.",Aluminum,0.95,Round 3 refinement with peer support: 2,280300,OTHER,THOUSAND METRIC TONS,7000.0,10.0,0.95,USGS Mineral Commodity Summaries 2024/2023 - authoritative U.S. government production data with global coverage
MQ-9 Reaper Drone,Precision Gps Navigation Systems (gps Receivers And Modules),0.92,"The GPS system is integral for navigation, positioning, and route planning in the MQ-9 Reaper Drone, backed by peers' high confidence and industry standardization.",Aluminum,0.95,Round 3 refinement with peer support: 2,280300,INDIA,THOUSAND METRIC TONS,4100.0,5.86,0.95,USGS Mineral Commodity Summaries 2024/2023 - authoritative U.S. government production data with global coverage
MQ-9 Reaper Drone,Precision Gps Navigation Systems (gps Receivers And Modules),0.92,"The GPS system is integral for navigation, positioning, and route planning in the MQ-9 Reaper Drone, backed by peers' high confidence and industry standardization.",Aluminum,0.95,Round 3 refinement with peer support: 2,280300,RUSSIA,THOUSAND METRIC TONS,3800.0,5.43,0.95,USGS Mineral Commodity Summaries 2024/2023 - authoritative U.S. government production data with global coverage
MQ-9 Reaper Drone,Precision Gps Navigation Systems (gps Receivers And Modules),0.92,"The GPS system is integral for navigation, positioning, and route planning in the MQ-9 Reaper Drone, backed by peers' high confidence and industry standardization.",Aluminum,0.95,Round 3 refinement with peer support: 2,280300,CANADA,THOUSAND METRIC TONS,3000.0,4.29,0.95,USGS Mineral Commodity Summaries 2024/2023 - authoritative U.S. government production data with global coverage
MQ-9 Reaper Drone,Precision Gps Navigation Systems (gps Receivers And Modules),0.92,"The GPS system is integral for navigation, positioning, and route planning in the MQ-9 Reaper Drone, backed by peers' high confidence and industry standardization.",Silicon,0.85,Round 3 refinement with peer support: 1,280469,CHINA,THOUSAND METRIC TONS,3600.0,40.0,0.95,USGS Mineral Commodity Summaries 2024/2023 - authoritative U.S. government production data with global coverage
MQ-9 Reaper Drone,Precision Gps Navigation Systems (gps Receivers And Modules),0.92,"The GPS system is integral for navigation, positioning, and route planning in the MQ-9 Reaper Drone, backed by peers' high confidence and industry standardization.",Silicon,0.85,Round 3 refinement with peer support: 1,280469,RUSSIA,THOUSAND METRIC TONS,570.0,6.33,0.95,USGS Mineral Commodity Summaries 2024/2023 - authoritative U.S. government production data with global coverage
MQ-9 Reaper Drone,Precision Gps Navigation Systems (gps Receivers And Modules),0.92,"The GPS system is integral for navigation, positioning, and route planning in the MQ-9 Reaper Drone, backed by peers' high confidence and industry standardization.",Silicon,0.85,Round 3 refinement with peer support: 1,280469,BRAZIL,THOUSAND METRIC TONS,190.0,2.11,0.95,USGS Mineral Commodity Summaries 2024/2023 - authoritative U.S. government production data with global coverage
MQ-9 Reaper Drone,Precision Gps Navigation Systems (gps Receivers And Modules),0.92,"The GPS system is integral for navigation, positioning, and route planning in the MQ-9 Reaper Drone, backed by peers' high confidence and industry standardization.",Silicon,0.85,Round 3 refinement with peer support: 1,280469,NORWAY,THOUSAND METRIC TONS,200.0,2.22,0.95,USGS Mineral Commodity Summaries 2024/2023 - authoritative U.S. government production data with global coverage
MQ-9 Reaper Drone,Precision Gps Navigation Systems (gps Receivers And Modules),0.92,"The GPS system is integral for navigation, positioning, and route planning in the MQ-9 Reaper Drone, backed by peers' high confidence and industry standardization.",Silicon,0.85,Round 3 refinement with peer support: 1,280469,OTHER,THOUSAND METRIC TONS,100.0,1.11,0.95,USGS Mineral Commodity Summaries 2024/2023 - authoritative U.S. government production data with global coverage
MQ-9 Reaper Drone,Precision Gps Navigation Systems (gps Receivers And Modules),0.92,"The GPS system is integral for navigation, positioning, and route planning in the MQ-9 Reaper Drone, backed by peers' high confidence and industry standardization.",Quartz,0.7,Round 3 refinement with peer support: 0,700800,China,metric tons,3382819491.3333335,46.23,0.833,Based on recent industry reports and trade data.
MQ-9 Reaper Drone,Precision Gps Navigation Systems (gps Receivers And Modules),0.92,"The GPS system is integral for navigation, positioning, and route planning in the MQ-9 Reaper Drone, backed by peers' high confidence and industry standardization.",Quartz,0.7,Round 3 refinement with peer support: 0,700800,United States,metric tons,717061529.9,8.57,0.833,USGS reports; United States has significant production especially for industrial uses
MQ-9 Reaper Drone,Precision Gps Navigation Systems (gps Receivers And Modules),0.92,"The GPS system is integral for navigation, positioning, and route planning in the MQ-9 Reaper Drone, backed by peers' high confidence and industry standardization.",Quartz,0.7,Round 3 refinement with peer support: 0,700800,India,metric tons,1130067132.7333333,7.87,0.817,Indian Ministry of Mines data; India is a notable producer for construction and manufacturing
MQ-9 Reaper Drone,Precision Gps Navigation Systems (gps Receivers And Modules),0.92,"The GPS system is integral for navigation, positioning, and route planning in the MQ-9 Reaper Drone, backed by peers' high confidence and industry standardization.",Quartz,0.7,Round 3 refinement with peer support: 0,700800,Japan,metric tons,797362.5,10.5,0.85,Data from Japanese mining reports; Japan is a significant producer with large-scale use in electronic industries
MQ-9 Reaper Drone,Precision Gps Navigation Systems (gps Receivers And Modules),0.92,"The GPS system is integral for navigation, positioning, and route planning in the MQ-9 Reaper Drone, backed by peers' high confidence and industry standardization.",Quartz,0.7,Round 3 refinement with peer support: 0,700800,Germany,metric tons,609275417.5666667,5.9,0.8,German Federal Institute for Geosciences and Natural Resources; Germany's production is robust in industrial applications
MQ-9 Reaper Drone,Carbon Fiber Composite,0.92,Carbon fiber composites are used for their strength-to-weight ratio and durability. Multiple agents agree on the high importance of these materials in the drone's construction.,Aluminum,0.7,Round 3 refinement with peer support: 0,280300,CHINA,THOUSAND METRIC TONS,41000.0,58.57,0.95,USGS Mineral Commodity Summaries 2024/2023 - authoritative U.S. government production data with global coverage
MQ-9 Reaper Drone,Carbon Fiber Composite,0.92,Carbon fiber composites are used for their strength-to-weight ratio and durability. Multiple agents agree on the high importance of these materials in the drone's construction.,Aluminum,0.7,Round 3 refinement with peer support: 0,280300,OTHER,THOUSAND METRIC TONS,7000.0,10.0,0.95,USGS Mineral Commodity Summaries 2024/2023 - authoritative U.S. government production data with global coverage
MQ-9 Reaper Drone,Carbon Fiber Composite,0.92,Carbon fiber composites are used for their strength-to-weight ratio and durability. Multiple agents agree on the high importance of these materials in the drone's construction.,Aluminum,0.7,Round 3 refinement with peer support: 0,280300,INDIA,THOUSAND METRIC TONS,4100.0,5.86,0.95,USGS Mineral Commodity Summaries 2024/2023 - authoritative U.S. government production data with global coverage
MQ-9 Reaper Drone,Carbon Fiber Composite,0.92,Carbon fiber composites are used for their strength-to-weight ratio and durability. Multiple agents agree on the high importance of these materials in the drone's construction.,Aluminum,0.7,Round 3 refinement with peer support: 0,280300,RUSSIA,THOUSAND METRIC TONS,3800.0,5.43,0.95,USGS Mineral Commodity Summaries 2024/2023 - authoritative U.S. government production data with global coverage
MQ-9 Reaper Drone,Carbon Fiber Composite,0.92,Carbon fiber composites are used for their strength-to-weight ratio and durability. Multiple agents agree on the high importance of these materials in the drone's construction.,Aluminum,0.7,Round 3 refinement with peer support: 0,280300,CANADA,THOUSAND METRIC TONS,3000.0,4.29,0.95,USGS Mineral Commodity Summaries 2024/2023 - authoritative U.S. government production data with global coverage
MQ-9 Reaper Drone,Gps Receiver,0.87,"Used for accurate positioning and navigation, this component is a critical part of any UAV. Peer Agent2 provides strong support with a confidence score of 0.87.",Silicon,0.9,Round 3 refinement with peer support: 2,280469,CHINA,THOUSAND METRIC TONS,3600.0,40.0,0.95,USGS Mineral Commodity Summaries 2024/2023 - authoritative U.S. government production data with global coverage
MQ-9 Reaper Drone,Gps Receiver,0.87,"Used for accurate positioning and navigation, this component is a critical part of any UAV. Peer Agent2 provides strong support with a confidence score of 0.87.",Silicon,0.9,Round 3 refinement with peer support: 2,280469,RUSSIA,THOUSAND METRIC TONS,570.0,6.33,0.95,USGS Mineral Commodity Summaries 2024/2023 - authoritative U.S. government production data with global coverage
MQ-9 Reaper Drone,Gps Receiver,0.87,"Used for accurate positioning and navigation, this component is a critical part of any UAV. Peer Agent2 provides strong support with a confidence score of 0.87.",Silicon,0.9,Round 3 refinement with peer support: 2,280469,BRAZIL,THOUSAND METRIC TONS,190.0,2.11,0.95,USGS Mineral Commodity Summaries 2024/2023 - authoritative U.S. government production data with global coverage
MQ-9 Reaper Drone,Gps Receiver,0.87,"Used for accurate positioning and navigation, this component is a critical part of any UAV. Peer Agent2 provides strong support with a confidence score of 0.87.",Silicon,0.9,Round 3 refinement with peer support: 2,280469,NORWAY,THOUSAND METRIC TONS,200.0,2.22,0.95,USGS Mineral Commodity Summaries 2024/2023 - authoritative U.S. government production data with global coverage
MQ-9 Reaper Drone,Gps Receiver,0.87,"Used for accurate positioning and navigation, this component is a critical part of any UAV. Peer Agent2 provides strong support with a confidence score of 0.87.",Silicon,0.9,Round 3 refinement with peer support: 2,280469,OTHER,THOUSAND METRIC TONS,100.0,1.11,0.95,USGS Mineral Commodity Summaries 2024/2023 - authoritative U.S. government production data with global coverage
MQ-9 Reaper Drone,Gps Receiver,0.87,"Used for accurate positioning and navigation, this component is a critical part of any UAV. Peer Agent2 provides strong support with a confidence score of 0.87.",Aluminum,0.85,Round 3 refinement with peer support: 1,280300,CHINA,THOUSAND METRIC TONS,41000.0,58.57,0.95,USGS Mineral Commodity Summaries 2024/2023 - authoritative U.S. government production data with global coverage
MQ-9 Reaper Drone,Gps Receiver,0.87,"Used for accurate positioning and navigation, this component is a critical part of any UAV. Peer Agent2 provides strong support with a confidence score of 0.87.",Aluminum,0.85,Round 3 refinement with peer support: 1,280300,OTHER,THOUSAND METRIC TONS,7000.0,10.0,0.95,USGS Mineral Commodity Summaries 2024/2023 - authoritative U.S. government production data with global coverage
MQ-9 Reaper Drone,Gps Receiver,0.87,"Used for accurate positioning and navigation, this component is a critical part of any UAV. Peer Agent2 provides strong support with a confidence score of 0.87.",Aluminum,0.85,Round 3 refinement with peer support: 1,280300,INDIA,THOUSAND METRIC TONS,4100.0,5.86,0.95,USGS Mineral Commodity Summaries 2024/2023 - authoritative U.S. government production data with global coverage
MQ-9 Reaper Drone,Gps Receiver,0.87,"Used for accurate positioning and navigation, this component is a critical part of any UAV. Peer Agent2 provides strong support with a confidence score of 0.87.",Aluminum,0.85,Round 3 refinement with peer support: 1,280300,RUSSIA,THOUSAND METRIC TONS,3800.0,5.43,0.95,USGS Mineral Commodity Summaries 2024/2023 - authoritative U.S. government production data with global coverage
MQ-9 Reaper Drone,Gps Receiver,0.87,"Used for accurate positioning and navigation, this component is a critical part of any UAV. Peer Agent2 provides strong support with a confidence score of 0.87.",Aluminum,0.85,Round 3 refinement with peer support: 1,280300,CANADA,THOUSAND METRIC TONS,3000.0,4.29,0.95,USGS Mineral Commodity Summaries 2024/2023 - authoritative U.S. government production data with global coverage
MQ-9 Reaper Drone,Gps Receiver,0.87,"Used for accurate positioning and navigation, this component is a critical part of any UAV. Peer Agent2 provides strong support with a confidence score of 0.87.",Copper,0.7,Round 3 refinement with peer support: 0,740100,CHINA,THOUSAND METRIC TONS,1700.0,3.47,0.95,USGS Mineral Commodity Summaries 2024/2023 - authoritative U.S. government production data with global coverage
MQ-9 Reaper Drone,Gps Receiver,0.87,"Used for accurate positioning and navigation, this component is a critical part of any UAV. Peer Agent2 provides strong support with a confidence score of 0.87.",Copper,0.7,Round 3 refinement with peer support: 0,740100,CHILE,THOUSAND METRIC TONS,5000.0,10.2,0.95,USGS Mineral Commodity Summaries 2024/2023 - authoritative U.S. government production data with global coverage
MQ-9 Reaper Drone,Gps Receiver,0.87,"Used for accurate positioning and navigation, this component is a critical part of any UAV. Peer Agent2 provides strong support with a confidence score of 0.87.",Copper,0.7,Round 3 refinement with peer support: 0,740100,OTHER,THOUSAND METRIC TONS,3100.0,6.33,0.95,USGS Mineral Commodity Summaries 2024/2023 - authoritative U.S. government production data with global coverage
MQ-9 Reaper Drone,Gps Receiver,0.87,"Used for accurate positioning and navigation, this component is a critical part of any UAV. Peer Agent2 provides strong support with a confidence score of 0.87.",Copper,0.7,Round 3 refinement with peer support: 0,740100,CONGO,THOUSAND METRIC TONS,2500.0,5.1,0.95,USGS Mineral Commodity Summaries 2024/2023 - authoritative U.S. government production data with global coverage
MQ-9 Reaper Drone,Gps Receiver,0.87,"Used for accurate positioning and navigation, this component is a critical part of any UAV. Peer Agent2 provides strong support with a confidence score of 0.87.",Copper,0.7,Round 3 refinement with peer support: 0,740100,PERU,THOUSAND METRIC TONS,2600.0,5.31,0.95,USGS Mineral Commodity Summaries 2024/2023 - authoritative U.S. government production data with global coverage
MQ-9 Reaper Drone,lithium polymer battery,0.0,,Lithium,0.95,Round 2 refinement with peer support: 2,280520,AUSTRALIA,METRIC TONS,86000.0,47.78,0.95,USGS Mineral Commodity Summaries 2024/2023 - authoritative U.S. government production data with global coverage
MQ-9 Reaper Drone,lithium polymer battery,0.0,,Lithium,0.95,Round 2 refinement with peer support: 2,280520,CHILE,METRIC TONS,44000.0,24.44,0.95,USGS Mineral Commodity Summaries 2024/2023 - authoritative U.S. government production data with global coverage
MQ-9 Reaper Drone,lithium polymer battery,0.0,,Lithium,0.95,Round 2 refinement with peer support: 2,280520,CHINA,METRIC TONS,33000.0,18.33,0.95,USGS Mineral Commodity Summaries 2024/2023 - authoritative U.S. government production data with global coverage
MQ-9 Reaper Drone,lithium polymer battery,0.0,,Lithium,0.95,Round 2 refinement with peer support: 2,280520,ARGENTINA,METRIC TONS,9600.0,5.33,0.95,USGS Mineral Commodity Summaries 2024/2023 - authoritative U.S. government production data with global coverage
MQ-9 Reaper Drone,lithium polymer battery,0.0,,Lithium,0.95,Round 2 refinement with peer support: 2,280520,BRAZIL,METRIC TONS,4900.0,2.72,0.95,USGS Mineral Commodity Summaries 2024/2023 - authoritative U.S. government production data with global coverage
MQ-9 Reaper Drone,lithium polymer battery,0.0,,Graphite,0.85,Round 3 refinement with peer support: 1,380110,CHINA,METRIC TONS,1230000.0,76.88,0.95,USGS Mineral Commodity Summaries 2024/2023 - authoritative U.S. government production data with global coverage
MQ-9 Reaper Drone,lithium polymer battery,0.0,,Graphite,0.85,Round 3 refinement with peer support: 1,380110,MADAGASCAR,METRIC TONS,100000.0,6.25,0.95,USGS Mineral Commodity Summaries 2024/2023 - authoritative U.S. government production data with global coverage
MQ-9 Reaper Drone,lithium polymer battery,0.0,,Graphite,0.85,Round 3 refinement with peer support: 1,380110,MOZAMBIQUE,METRIC TONS,96000.0,6.0,0.95,USGS Mineral Commodity Summaries 2024/2023 - authoritative U.S. government production data with global coverage
MQ-9 Reaper Drone,lithium polymer battery,0.0,,Graphite,0.85,Round 3 refinement with peer support: 1,380110,BRAZIL,METRIC TONS,73000.0,4.56,0.95,USGS Mineral Commodity Summaries 2024/2023 - authoritative U.S. government production data with global coverage
MQ-9 Reaper Drone,lithium polymer battery,0.0,,Graphite,0.85,Round 3 refinement with peer support: 1,380110,"KOREA, REPUBLIC OF",METRIC TONS,27000.0,1.69,0.95,USGS Mineral Commodity Summaries 2024/2023 - authoritative U.S. government production data with global coverage
Javelin Anti-Tank Missile,Warhead,0.95,Consensus among multiple agents (3 out of 3) supports the guided warhead as a primary component with an average confidence of 0.95.,Antimony,0.9,Round 3 refinement with peer support: 2,811100,CHINA,METRIC TONS,40000.0,48.19,0.95,USGS Mineral Commodity Summaries 2024/2023 - authoritative U.S. government production data with global coverage
Javelin Anti-Tank Missile,Warhead,0.95,Consensus among multiple agents (3 out of 3) supports the guided warhead as a primary component with an average confidence of 0.95.,Antimony,0.9,Round 3 refinement with peer support: 2,811100,TAJIKISTAN,METRIC TONS,21000.0,25.3,0.95,USGS Mineral Commodity Summaries 2024/2023 - authoritative U.S. government production data with global coverage
Javelin Anti-Tank Missile,Warhead,0.95,Consensus among multiple agents (3 out of 3) supports the guided warhead as a primary component with an average confidence of 0.95.,Antimony,0.9,Round 3 refinement with peer support: 2,811100,TURKEY,METRIC TONS,6000.0,7.23,0.95,USGS Mineral Commodity Summaries 2024/2023 - authoritative U.S. government production data with global coverage
Javelin Anti-Tank Missile,Warhead,0.95,Consensus among multiple agents (3 out of 3) supports the guided warhead as a primary component with an average confidence of 0.95.,Antimony,0.9,Round 3 refinement with peer support: 2,811100,BURMA,METRIC TONS,4600.0,5.54,0.95,USGS Mineral Commodity Summaries 2024/2023 - authoritative U.S. government production data with global coverage
Javelin Anti-Tank Missile,Warhead,0.95,Consensus among multiple agents (3 out of 3) supports the guided warhead as a primary component with an average confidence of 0.95.,Antimony,0.9,Round 3 refinement with peer support: 2,811100,RUSSIA,METRIC TONS,4300.0,5.18,0.95,USGS Mineral Commodity Summaries 2024/2023 - authoritative U.S. government production data with global coverage
Javelin Anti-Tank Missile,Warhead,0.95,Consensus among multiple agents (3 out of 3) supports the guided warhead as a primary component with an average confidence of 0.95.,Boron carbide,0.7,Round 3 refinement with peer support: 0,284920,United States,metric tons,1083.3333333333333,36.67,0.75,Multi-agent debate consensus
Javelin Anti-Tank Missile,Warhead,0.95,Consensus among multiple agents (3 out of 3) supports the guided warhead as a primary component with an average confidence of 0.95.,Boron carbide,0.7,Round 3 refinement with peer support: 0,284920,Japan,metric tons,382.3333333333333,15.0,0.783,Significant player in manufacturing due to demand from ceramic and composite sectors; industry data.
Javelin Anti-Tank Missile,Warhead,0.95,Consensus among multiple agents (3 out of 3) supports the guided warhead as a primary component with an average confidence of 0.95.,Boron carbide,0.7,Round 3 refinement with peer support: 0,284920,China,metric tons,483.3333333333333,27.33,0.733,Second-largest producer globally with substantial production capacity based on industry reports.
Javelin Anti-Tank Missile,Warhead,0.95,Consensus among multiple agents (3 out of 3) supports the guided warhead as a primary component with an average confidence of 0.95.,Boron carbide,0.7,Round 3 refinement with peer support: 0,284920,Germany,metric tons,144.66666666666666,6.07,0.75,Multi-agent debate consensus
Javelin Anti-Tank Missile,Warhead,0.95,Consensus among multiple agents (3 out of 3) supports the guided warhead as a primary component with an average confidence of 0.95.,Boron carbide,0.7,Round 3 refinement with peer support: 0,284920,South Korea,metric tons,96.66666666666667,4.23,0.667,Multi-agent debate consensus
Javelin Anti-Tank Missile,Warhead,0.95,Consensus among multiple agents (3 out of 3) supports the guided warhead as a primary component with an average confidence of 0.95.,Acrylonitrile butadiene styrene,0.7,Round 3 refinement with peer support: 0,390330,China,metric tons,12067594.333333334,38.33,0.783,Based on global market reports and USGS data; China is a significant producer in all three monomers.
Javelin Anti-Tank Missile,Warhead,0.95,Consensus among multiple agents (3 out of 3) supports the guided warhead as a primary component with an average confidence of 0.95.,Acrylonitrile butadiene styrene,0.7,Round 3 refinement with peer support: 0,390330,United States,metric tons,2633511.0,8.67,0.867,Significant producer with major companies like Formosa Plastics
Javelin Anti-Tank Missile,Warhead,0.95,Consensus among multiple agents (3 out of 3) supports the guided warhead as a primary component with an average confidence of 0.95.,Acrylonitrile butadiene styrene,0.7,Round 3 refinement with peer support: 0,390330,South Korea,metric tons,2833567.3333333335,8.33,0.817,Major producers include Samsung SDI and LG Chem based on company reports
Javelin Anti-Tank Missile,Warhead,0.95,Consensus among multiple agents (3 out of 3) supports the guided warhead as a primary component with an average confidence of 0.95.,Acrylonitrile butadiene styrene,0.7,Round 3 refinement with peer support: 0,390330,Saudi Arabia,metric tons,6000533.0,14.5,0.825,Known major producer of styrene and butadiene; USGS verified data.
Javelin Anti-Tank Missile,Warhead,0.95,Consensus among multiple agents (3 out of 3) supports the guided warhead as a primary component with an average confidence of 0.95.,Acrylonitrile butadiene styrene,0.7,Round 3 refinement with peer support: 0,390330,Japan,metric tons,4950000.0,10.0,0.825,Important producer of styrene and acrylonitrile; verified data from industry sources.
Javelin Anti-Tank Missile,Warhead,0.95,Consensus among multiple agents (3 out of 3) supports the guided warhead as a primary component with an average confidence of 0.95.,Ammonium persulfate,0.7,Round 3 refinement with peer support: 0,284110,China,metric tons,15000.0,41.0,0.725,Multi-agent debate consensus
Javelin Anti-Tank Missile,Warhead,0.95,Consensus among multiple agents (3 out of 3) supports the guided warhead as a primary component with an average confidence of 0.95.,Ammonium persulfate,0.7,Round 3 refinement with peer support: 0,284110,United States,metric tons,4500.0,12.25,0.575,Major industrial hubs; estimates based on U.S. Bureau of Mines reports from 2022.
Javelin Anti-Tank Missile,Warhead,0.95,Consensus among multiple agents (3 out of 3) supports the guided warhead as a primary component with an average confidence of 0.95.,Ammonium persulfate,0.7,Round 3 refinement with peer support: 0,284110,Japan,metric tons,3500.0,9.5,0.675,High-tech industry demand drives production; data from Japan's chemical manufacturers' association.
Javelin Anti-Tank Missile,Warhead,0.95,Consensus among multiple agents (3 out of 3) supports the guided warhead as a primary component with an average confidence of 0.95.,Ammonium persulfate,0.7,Round 3 refinement with peer support: 0,284110,India,metric tons,4250.0,12.2,0.625,Multi-agent debate consensus
Javelin Anti-Tank Missile,Warhead,0.95,Consensus among multiple agents (3 out of 3) supports the guided warhead as a primary component with an average confidence of 0.95.,Ammonium persulfate,0.7,Round 3 refinement with peer support: 0,284110,Germany,metric tons,5000.0,15.0,0.575,Strong industrial base in Europe; estimates based on recent market analysis.
Javelin Anti-Tank Missile,Warhead,0.95,Consensus among multiple agents (3 out of 3) supports the guided warhead as a primary component with an average confidence of 0.95.,Silver,0.7,Round 3 refinement with peer support: 0,710610,MEXICO,METRIC TONS,6400.0,24.62,0.95,USGS Mineral Commodity Summaries 2024/2023 - authoritative U.S. government production data with global coverage
Javelin Anti-Tank Missile,Warhead,0.95,Consensus among multiple agents (3 out of 3) supports the guided warhead as a primary component with an average confidence of 0.95.,Silver,0.7,Round 3 refinement with peer support: 0,710610,CHINA,METRIC TONS,3400.0,13.08,0.95,USGS Mineral Commodity Summaries 2024/2023 - authoritative U.S. government production data with global coverage
Javelin Anti-Tank Missile,Warhead,0.95,Consensus among multiple agents (3 out of 3) supports the guided warhead as a primary component with an average confidence of 0.95.,Silver,0.7,Round 3 refinement with peer support: 0,710610,PERU,METRIC TONS,3100.0,11.92,0.95,USGS Mineral Commodity Summaries 2024/2023 - authoritative U.S. government production data with global coverage
Javelin Anti-Tank Missile,Warhead,0.95,Consensus among multiple agents (3 out of 3) supports the guided warhead as a primary component with an average confidence of 0.95.,Silver,0.7,Round 3 refinement with peer support: 0,710610,OTHER,METRIC TONS,3000.0,11.54,0.95,USGS Mineral Commodity Summaries 2024/2023 - authoritative U.S. government production data with global coverage
Javelin Anti-Tank Missile,Warhead,0.95,Consensus among multiple agents (3 out of 3) supports the guided warhead as a primary component with an average confidence of 0.95.,Silver,0.7,Round 3 refinement with peer support: 0,710610,CHILE,METRIC TONS,1400.0,5.38,0.95,USGS Mineral Commodity Summaries 2024/2023 - authoritative U.S. government production data with global coverage
Javelin Anti-Tank Missile,Propulsion System,0.87,Two out of three agents support this component with moderate to high confidence. It is a critical part of the missile's function and widely recognized as an integral component.,Aluminum nitride,0.7,Round 3 refinement with peer support: 0,285000,China,metric tons,12500.0,46.5,0.76,Multi-agent debate consensus
Javelin Anti-Tank Missile,Propulsion System,0.87,Two out of three agents support this component with moderate to high confidence. It is a critical part of the missile's function and widely recognized as an integral component.,Aluminum nitride,0.7,Round 3 refinement with peer support: 0,285000,Japan,metric tons,14076.5,26.5,0.74,Multi-agent debate consensus
Javelin Anti-Tank Missile,Propulsion System,0.87,Two out of three agents support this component with moderate to high confidence. It is a critical part of the missile's function and widely recognized as an integral component.,Aluminum nitride,0.7,Round 3 refinement with peer support: 0,285000,United States,metric tons,3226.5,7.5,0.71,Multi-agent debate consensus
Javelin Anti-Tank Missile,Propulsion System,0.87,Two out of three agents support this component with moderate to high confidence. It is a critical part of the missile's function and widely recognized as an integral component.,Aluminum nitride,0.7,Round 3 refinement with peer support: 0,285000,South Korea,metric tons,8709.5,14.0,0.69,Multi-agent debate consensus
Javelin Anti-Tank Missile,Propulsion System,0.87,Two out of three agents support this component with moderate to high confidence. It is a critical part of the missile's function and widely recognized as an integral component.,Aluminum nitride,0.7,Round 3 refinement with peer support: 0,285000,Germany,metric tons,2001.5,4.5,0.665,Multi-agent debate consensus
Javelin Anti-Tank Missile,Propulsion System,0.87,Two out of three agents support this component with moderate to high confidence. It is a critical part of the missile's function and widely recognized as an integral component.,Aluminum,0.85,Round 3 refinement with peer support: 1,280300,CHINA,THOUSAND METRIC TONS,41000.0,58.57,0.95,USGS Mineral Commodity Summaries 2024/2023 - authoritative U.S. government production data with global coverage
Javelin Anti-Tank Missile,Propulsion System,0.87,Two out of three agents support this component with moderate to high confidence. It is a critical part of the missile's function and widely recognized as an integral component.,Aluminum,0.85,Round 3 refinement with peer support: 1,280300,OTHER,THOUSAND METRIC TONS,7000.0,10.0,0.95,USGS Mineral Commodity Summaries 2024/2023 - authoritative U.S. government production data with global coverage
Javelin Anti-Tank Missile,Propulsion System,0.87,Two out of three agents support this component with moderate to high confidence. It is a critical part of the missile's function and widely recognized as an integral component.,Aluminum,0.85,Round 3 refinement with peer support: 1,280300,INDIA,THOUSAND METRIC TONS,4100.0,5.86,0.95,USGS Mineral Commodity Summaries 2024/2023 - authoritative U.S. government production data with global coverage
Javelin Anti-Tank Missile,Propulsion System,0.87,Two out of three agents support this component with moderate to high confidence. It is a critical part of the missile's function and widely recognized as an integral component.,Aluminum,0.85,Round 3 refinement with peer support: 1,280300,RUSSIA,THOUSAND METRIC TONS,3800.0,5.43,0.95,USGS Mineral Commodity Summaries 2024/2023 - authoritative U.S. government production data with global coverage
Javelin Anti-Tank Missile,Propulsion System,0.87,Two out of three agents support this component with moderate to high confidence. It is a critical part of the missile's function and widely recognized as an integral component.,Aluminum,0.85,Round 3 refinement with peer support: 1,280300,CANADA,THOUSAND METRIC TONS,3000.0,4.29,0.95,USGS Mineral Commodity Summaries 2024/2023 - authoritative U.S. government production data with global coverage
Javelin Anti-Tank Missile,Propulsion System,0.87,Two out of three agents support this component with moderate to high confidence. It is a critical part of the missile's function and widely recognized as an integral component.,Boron nitride,0.7,Round 3 refinement with peer support: 0,285000,Japan,metric tons,5583.333333333333,20.33,0.733,Multi-agent debate consensus
Javelin Anti-Tank Missile,Propulsion System,0.87,Two out of three agents support this component with moderate to high confidence. It is a critical part of the missile's function and widely recognized as an integral component.,Boron nitride,0.7,Round 3 refinement with peer support: 0,285000,United States,metric tons,4066.6666666666665,14.6,0.7,Based on recent estimates from the USGS reports; strong producer but data may have limitations.
Javelin Anti-Tank Missile,Propulsion System,0.87,Two out of three agents support this component with moderate to high confidence. It is a critical part of the missile's function and widely recognized as an integral component.,Boron nitride,0.7,Round 3 refinement with peer support: 0,285000,Germany,metric tons,2073.3333333333335,6.27,0.667,Multi-agent debate consensus
Javelin Anti-Tank Missile,Propulsion System,0.87,Two out of three agents support this component with moderate to high confidence. It is a critical part of the missile's function and widely recognized as an integral component.,Boron nitride,0.7,Round 3 refinement with peer support: 0,285000,South Korea,metric tons,4756.666666666667,11.67,0.667,Multi-agent debate consensus
Javelin Anti-Tank Missile,Propulsion System,0.87,Two out of three agents support this component with moderate to high confidence. It is a critical part of the missile's function and widely recognized as an integral component.,Boron nitride,0.7,Round 3 refinement with peer support: 0,285000,China,metric tons,27475.0,31.5,0.7,Considered a minor producer with limited data available for confirmation; estimates based on recent partial reports.
Javelin Anti-Tank Missile,Propulsion System,0.87,Two out of three agents support this component with moderate to high confidence. It is a critical part of the missile's function and widely recognized as an integral component.,Silicon,0.7,Round 3 refinement with peer support: 0,280469,CHINA,THOUSAND METRIC TONS,3600.0,40.0,0.95,USGS Mineral Commodity Summaries 2024/2023 - authoritative U.S. government production data with global coverage
Javelin Anti-Tank Missile,Propulsion System,0.87,Two out of three agents support this component with moderate to high confidence. It is a critical part of the missile's function and widely recognized as an integral component.,Silicon,0.7,Round 3 refinement with peer support: 0,280469,RUSSIA,THOUSAND METRIC TONS,570.0,6.33,0.95,USGS Mineral Commodity Summaries 2024/2023 - authoritative U.S. government production data with global coverage
Javelin Anti-Tank Missile,Propulsion System,0.87,Two out of three agents support this component with moderate to high confidence. It is a critical part of the missile's function and widely recognized as an integral component.,Silicon,0.7,Round 3 refinement with peer support: 0,280469,BRAZIL,THOUSAND METRIC TONS,190.0,2.11,0.95,USGS Mineral Commodity Summaries 2024/2023 - authoritative U.S. government production data with global coverage
Javelin Anti-Tank Missile,Propulsion System,0.87,Two out of three agents support this component with moderate to high confidence. It is a critical part of the missile's function and widely recognized as an integral component.,Silicon,0.7,Round 3 refinement with peer support: 0,280469,NORWAY,THOUSAND METRIC TONS,200.0,2.22,0.95,USGS Mineral Commodity Summaries 2024/2023 - authoritative U.S. government production data with global coverage
Javelin Anti-Tank Missile,Propulsion System,0.87,Two out of three agents support this component with moderate to high confidence. It is a critical part of the missile's function and widely recognized as an integral component.,Silicon,0.7,Round 3 refinement with peer support: 0,280469,OTHER,THOUSAND METRIC TONS,100.0,1.11,0.95,USGS Mineral Commodity Summaries 2024/2023 - authoritative U.S. government production data with global coverage
Javelin Anti-Tank Missile,Ejection Mechanism,0.87,"The ejection mechanism is a key component for safely deploying the missile and ensuring its operational readiness. Peers support it with an average confidence of 0.87, though this varies as well.",Stainless steel,0.7,Round 3 refinement with peer support: 0,722000,China,tons,23282553.0,51.4,0.93,China dominates global stainless steel production based on recent industry reports and production statistics from the China Iron & Steel Association (CISA).
Javelin Anti-Tank Missile,Ejection Mechanism,0.87,"The ejection mechanism is a key component for safely deploying the missile and ensuring its operational readiness. Peers support it with an average confidence of 0.87, though this varies as well.",Stainless steel,0.7,Round 3 refinement with peer support: 0,722000,Russia,tons,1952233.3333333333,5.23,0.783,Large nickel producing country with diversified mining operations. Data from the Federal Service for Supervision of Consumer Rights and Wellbeing.
Javelin Anti-Tank Missile,Ejection Mechanism,0.87,"The ejection mechanism is a key component for safely deploying the missile and ensuring its operational readiness. Peers support it with an average confidence of 0.87, though this varies as well.",Stainless steel,0.7,Round 3 refinement with peer support: 0,722000,India,metric tons,5600000.0,8.5,0.85,Multi-agent debate consensus
Javelin Anti-Tank Missile,Ejection Mechanism,0.87,"The ejection mechanism is a key component for safely deploying the missile and ensuring its operational readiness. Peers support it with an average confidence of 0.87, though this varies as well.",Stainless steel,0.7,Round 3 refinement with peer support: 0,722000,Japan,metric tons,5490000.0,7.5,0.9,Multi-agent debate consensus
Javelin Anti-Tank Missile,Ejection Mechanism,0.87,"The ejection mechanism is a key component for safely deploying the missile and ensuring its operational readiness. Peers support it with an average confidence of 0.87, though this varies as well.",Stainless steel,0.7,Round 3 refinement with peer support: 0,722000,Germany,metric tons,3667500.0,5.0,0.845,Multi-agent debate consensus
Javelin Anti-Tank Missile,Tail Control Surfaces,0.85,"While not widely supported, the fins/tail control surfaces are still crucial for stabilization and aerodynamic control, though their implementation can vary. The average support is 0.92 among peers.",Bismuth telluride,0.775,Round 3 refinement with peer support: 1,284390,China,metric tons,1958.3333333333333,23.33,0.767,Multi-agent debate consensus
Javelin Anti-Tank Missile,Tail Control Surfaces,0.85,"While not widely supported, the fins/tail control surfaces are still crucial for stabilization and aerodynamic control, though their implementation can vary. The average support is 0.92 among peers.",Bismuth telluride,0.775,Round 3 refinement with peer support: 1,284390,Russia,metric tons,380.0,6.67,0.75,Multi-agent debate consensus
Javelin Anti-Tank Missile,Tail Control Surfaces,0.85,"While not widely supported, the fins/tail control surfaces are still crucial for stabilization and aerodynamic control, though their implementation can vary. The average support is 0.92 among peers.",Bismuth telluride,0.775,Round 3 refinement with peer support: 1,284390,Canada,metric tons,1339.3333333333333,8.27,0.75,Multi-agent debate consensus
Javelin Anti-Tank Missile,Tail Control Surfaces,0.85,"While not widely supported, the fins/tail control surfaces are still crucial for stabilization and aerodynamic control, though their implementation can vary. The average support is 0.92 among peers.",Bismuth telluride,0.775,Round 3 refinement with peer support: 1,284390,United States,metric tons,325.0,15.0,0.8,Multi-agent debate consensus
Javelin Anti-Tank Missile,Tail Control Surfaces,0.85,"While not widely supported, the fins/tail control surfaces are still crucial for stabilization and aerodynamic control, though their implementation can vary. The average support is 0.92 among peers.",Bismuth telluride,0.775,Round 3 refinement with peer support: 1,284390,Japan,metric tons,430.6666666666667,3.67,0.767,Multi-agent debate consensus
Javelin Anti-Tank Missile,Tail Control Surfaces,0.85,"While not widely supported, the fins/tail control surfaces are still crucial for stabilization and aerodynamic control, though their implementation can vary. The average support is 0.92 among peers.",Glass,0.7,Round 3 refinement with peer support: 0,700800,China,metric tons,154933333.33333334,41.67,0.84,Multi-agent debate consensus
Javelin Anti-Tank Missile,Tail Control Surfaces,0.85,"While not widely supported, the fins/tail control surfaces are still crucial for stabilization and aerodynamic control, though their implementation can vary. The average support is 0.92 among peers.",Glass,0.7,Round 3 refinement with peer support: 0,700800,United States,metric tons,118866666.66666667,19.67,0.853,Multi-agent debate consensus
Javelin Anti-Tank Missile,Tail Control Surfaces,0.85,"While not widely supported, the fins/tail control surfaces are still crucial for stabilization and aerodynamic control, though their implementation can vary. The average support is 0.92 among peers.",Glass,0.7,Round 3 refinement with peer support: 0,700800,India,metric tons,51666666.666666664,12.33,0.893,Multi-agent debate consensus
Javelin Anti-Tank Missile,Tail Control Surfaces,0.85,"While not widely supported, the fins/tail control surfaces are still crucial for stabilization and aerodynamic control, though their implementation can vary. The average support is 0.92 among peers.",Glass,0.7,Round 3 refinement with peer support: 0,700800,Germany,metric tons,20900000.0,5.67,0.82,Multi-agent debate consensus
Javelin Anti-Tank Missile,Tail Control Surfaces,0.85,"While not widely supported, the fins/tail control surfaces are still crucial for stabilization and aerodynamic control, though their implementation can vary. The average support is 0.92 among peers.",Glass,0.7,Round 3 refinement with peer support: 0,700800,Japan,metric tons,40350000.0,5.83,0.76,Multi-agent debate consensus
Javelin Anti-Tank Missile,Tail Control Surfaces,0.85,"While not widely supported, the fins/tail control surfaces are still crucial for stabilization and aerodynamic control, though their implementation can vary. The average support is 0.92 among peers.",Copper,0.7,Round 3 refinement with peer support: 0,740100,CHINA,THOUSAND METRIC TONS,1700.0,3.47,0.95,USGS Mineral Commodity Summaries 2024/2023 - authoritative U.S. government production data with global coverage
Javelin Anti-Tank Missile,Tail Control Surfaces,0.85,"While not widely supported, the fins/tail control surfaces are still crucial for stabilization and aerodynamic control, though their implementation can vary. The average support is 0.92 among peers.",Copper,0.7,Round 3 refinement with peer support: 0,740100,CHILE,THOUSAND METRIC TONS,5000.0,10.2,0.95,USGS Mineral Commodity Summaries 2024/2023 - authoritative U.S. government production data with global coverage
Javelin Anti-Tank Missile,Tail Control Surfaces,0.85,"While not widely supported, the fins/tail control surfaces are still crucial for stabilization and aerodynamic control, though their implementation can vary. The average support is 0.92 among peers.",Copper,0.7,Round 3 refinement with peer support: 0,740100,OTHER,THOUSAND METRIC TONS,3100.0,6.33,0.95,USGS Mineral Commodity Summaries 2024/2023 - authoritative U.S. government production data with global coverage
Javelin Anti-Tank Missile,Tail Control Surfaces,0.85,"While not widely supported, the fins/tail control surfaces are still crucial for stabilization and aerodynamic control, though their implementation can vary. The average support is 0.92 among peers.",Copper,0.7,Round 3 refinement with peer support: 0,740100,CONGO,THOUSAND METRIC TONS,2500.0,5.1,0.95,USGS Mineral Commodity Summaries 2024/2023 - authoritative U.S. government production data with global coverage
Javelin Anti-Tank Missile,Tail Control Surfaces,0.85,"While not widely supported, the fins/tail control surfaces are still crucial for stabilization and aerodynamic control, though their implementation can vary. The average support is 0.92 among peers.",Copper,0.7,Round 3 refinement with peer support: 0,740100,PERU,THOUSAND METRIC TONS,2600.0,5.31,0.95,USGS Mineral Commodity Summaries 2024/2023 - authoritative U.S. government production data with global coverage
