technology,component,component_confidence,component_reasoning,material,material_confidence,material_reasoning,hs_code,country,meas_unit,amount,percentage,country_confidence,country_reasoning
Smartphone,Display Module,0.96,Strong consensus from two agents with an average high confidence of 0.90.,Indium,0.95,Round 3 refinement with peer support: 2,811299,CHINA,METRIC TONS,650.0,65.66,0.95,USGS Mineral Commodity Summaries 2024/2023 - authoritative U.S. government production data with global coverage
Smartphone,Display Module,0.96,Strong consensus from two agents with an average high confidence of 0.90.,Indium,0.95,Round 3 refinement with peer support: 2,811299,"KOREA, REPUBLIC OF",METRIC TONS,200.0,20.2,0.95,USGS Mineral Commodity Summaries 2024/2023 - authoritative U.S. government production data with global coverage
Smartphone,Display Module,0.96,Strong consensus from two agents with an average high confidence of 0.90.,Indium,0.95,Round 3 refinement with peer support: 2,811299,JAPAN,METRIC TONS,64.0,6.46,0.95,USGS Mineral Commodity Summaries 2024/2023 - authoritative U.S. government production data with global coverage
Smartphone,Display Module,0.96,Strong consensus from two agents with an average high confidence of 0.90.,Indium,0.95,Round 3 refinement with peer support: 2,811299,CANADA,METRIC TONS,37.0,3.74,0.95,USGS Mineral Commodity Summaries 2024/2023 - authoritative U.S. government production data with global coverage
Smartphone,Display Module,0.96,Strong consensus from two agents with an average high confidence of 0.90.,Indium,0.95,Round 3 refinement with peer support: 2,811299,BELGIUM,METRIC TONS,18.0,1.82,0.95,USGS Mineral Commodity Summaries 2024/2023 - authoritative U.S. government production data with global coverage
Smartphone,Display Module,0.96,Strong consensus from two agents with an average high confidence of 0.90.,Glass,0.9,Round 3 refinement with peer support: 2,700800,China,metric tons,154933333.33333334,41.67,0.84,Multi-agent debate consensus
Smartphone,Display Module,0.96,Strong consensus from two agents with an average high confidence of 0.90.,Glass,0.9,Round 3 refinement with peer support: 2,700800,United States,metric tons,118866666.66666667,19.67,0.853,Multi-agent debate consensus
Smartphone,Display Module,0.96,Strong consensus from two agents with an average high confidence of 0.90.,Glass,0.9,Round 3 refinement with peer support: 2,700800,India,metric tons,51666666.666666664,12.33,0.893,Multi-agent debate consensus
Smartphone,Display Module,0.96,Strong consensus from two agents with an average high confidence of 0.90.,Glass,0.9,Round 3 refinement with peer support: 2,700800,Germany,metric tons,20900000.0,5.67,0.82,Multi-agent debate consensus
Smartphone,Display Module,0.96,Strong consensus from two agents with an average high confidence of 0.90.,Glass,0.9,Round 3 refinement with peer support: 2,700800,Japan,metric tons,40350000.0,5.83,0.76,Multi-agent debate consensus
Smartphone,Display Module,0.96,Strong consensus from two agents with an average high confidence of 0.90.,Aluminum,0.85,Round 3 refinement with peer support: 1,280300,CHINA,THOUSAND METRIC TONS,41000.0,58.57,0.95,USGS Mineral Commodity Summaries 2024/2023 - authoritative U.S. government production data with global coverage
Smartphone,Display Module,0.96,Strong consensus from two agents with an average high confidence of 0.90.,Aluminum,0.85,Round 3 refinement with peer support: 1,280300,OTHER,THOUSAND METRIC TONS,7000.0,10.0,0.95,USGS Mineral Commodity Summaries 2024/2023 - authoritative U.S. government production data with global coverage
Smartphone,Display Module,0.96,Strong consensus from two agents with an average high confidence of 0.90.,Aluminum,0.85,Round 3 refinement with peer support: 1,280300,INDIA,THOUSAND METRIC TONS,4100.0,5.86,0.95,USGS Mineral Commodity Summaries 2024/2023 - authoritative U.S. government production data with global coverage
Smartphone,Display Module,0.96,Strong consensus from two agents with an average high confidence of 0.90.,Aluminum,0.85,Round 3 refinement with peer support: 1,280300,RUSSIA,THOUSAND METRIC TONS,3800.0,5.43,0.95,USGS Mineral Commodity Summaries 2024/2023 - authoritative U.S. government production data with global coverage
Smartphone,Display Module,0.96,Strong consensus from two agents with an average high confidence of 0.90.,Aluminum,0.85,Round 3 refinement with peer support: 1,280300,CANADA,THOUSAND METRIC TONS,3000.0,4.29,0.95,USGS Mineral Commodity Summaries 2024/2023 - authoritative U.S. government production data with global coverage
Smartphone,Power Supply,0.85,"Consensus among two agents indicates that the battery is essential for most devices requiring power management, though one agent was only mildly confident (0.75).",Aluminum,0.8,Round 3 refinement with peer support: 1,280300,CHINA,THOUSAND METRIC TONS,41000.0,58.57,0.95,USGS Mineral Commodity Summaries 2024/2023 - authoritative U.S. government production data with global coverage
Smartphone,Power Supply,0.85,"Consensus among two agents indicates that the battery is essential for most devices requiring power management, though one agent was only mildly confident (0.75).",Aluminum,0.8,Round 3 refinement with peer support: 1,280300,OTHER,THOUSAND METRIC TONS,7000.0,10.0,0.95,USGS Mineral Commodity Summaries 2024/2023 - authoritative U.S. government production data with global coverage
Smartphone,Power Supply,0.85,"Consensus among two agents indicates that the battery is essential for most devices requiring power management, though one agent was only mildly confident (0.75).",Aluminum,0.8,Round 3 refinement with peer support: 1,280300,INDIA,THOUSAND METRIC TONS,4100.0,5.86,0.95,USGS Mineral Commodity Summaries 2024/2023 - authoritative U.S. government production data with global coverage
Smartphone,Power Supply,0.85,"Consensus among two agents indicates that the battery is essential for most devices requiring power management, though one agent was only mildly confident (0.75).",Aluminum,0.8,Round 3 refinement with peer support: 1,280300,RUSSIA,THOUSAND METRIC TONS,3800.0,5.43,0.95,USGS Mineral Commodity Summaries 2024/2023 - authoritative U.S. government production data with global coverage
Smartphone,Power Supply,0.85,"Consensus among two agents indicates that the battery is essential for most devices requiring power management, though one agent was only mildly confident (0.75).",Aluminum,0.8,Round 3 refinement with peer support: 1,280300,CANADA,THOUSAND METRIC TONS,3000.0,4.29,0.95,USGS Mineral Commodity Summaries 2024/2023 - authoritative U.S. government production data with global coverage
Smartphone,Power Supply,0.85,"Consensus among two agents indicates that the battery is essential for most devices requiring power management, though one agent was only mildly confident (0.75).",Copper,0.85,Round 3 refinement with peer support: 1,740100,CHINA,THOUSAND METRIC TONS,1700.0,3.47,0.95,USGS Mineral Commodity Summaries 2024/2023 - authoritative U.S. government production data with global coverage
Smartphone,Power Supply,0.85,"Consensus among two agents indicates that the battery is essential for most devices requiring power management, though one agent was only mildly confident (0.75).",Copper,0.85,Round 3 refinement with peer support: 1,740100,CHILE,THOUSAND METRIC TONS,5000.0,10.2,0.95,USGS Mineral Commodity Summaries 2024/2023 - authoritative U.S. government production data with global coverage
Smartphone,Power Supply,0.85,"Consensus among two agents indicates that the battery is essential for most devices requiring power management, though one agent was only mildly confident (0.75).",Copper,0.85,Round 3 refinement with peer support: 1,740100,OTHER,THOUSAND METRIC TONS,3100.0,6.33,0.95,USGS Mineral Commodity Summaries 2024/2023 - authoritative U.S. government production data with global coverage
Smartphone,Power Supply,0.85,"Consensus among two agents indicates that the battery is essential for most devices requiring power management, though one agent was only mildly confident (0.75).",Copper,0.85,Round 3 refinement with peer support: 1,740100,CONGO,THOUSAND METRIC TONS,2500.0,5.1,0.95,USGS Mineral Commodity Summaries 2024/2023 - authoritative U.S. government production data with global coverage
Smartphone,Power Supply,0.85,"Consensus among two agents indicates that the battery is essential for most devices requiring power management, though one agent was only mildly confident (0.75).",Copper,0.85,Round 3 refinement with peer support: 1,740100,PERU,THOUSAND METRIC TONS,2600.0,5.31,0.95,USGS Mineral Commodity Summaries 2024/2023 - authoritative U.S. government production data with global coverage
Smartphone,System On Chip (soc),0.96,"While this was only proposed once with a very high individual confidence of 0.98, given its significant impact on device performance, it should be retained.",Silicon,0.95,Round 3 refinement with peer support: 2,280469,CHINA,THOUSAND METRIC TONS,3600.0,40.0,0.95,USGS Mineral Commodity Summaries 2024/2023 - authoritative U.S. government production data with global coverage
Smartphone,System On Chip (soc),0.96,"While this was only proposed once with a very high individual confidence of 0.98, given its significant impact on device performance, it should be retained.",Silicon,0.95,Round 3 refinement with peer support: 2,280469,RUSSIA,THOUSAND METRIC TONS,570.0,6.33,0.95,USGS Mineral Commodity Summaries 2024/2023 - authoritative U.S. government production data with global coverage
Smartphone,System On Chip (soc),0.96,"While this was only proposed once with a very high individual confidence of 0.98, given its significant impact on device performance, it should be retained.",Silicon,0.95,Round 3 refinement with peer support: 2,280469,BRAZIL,THOUSAND METRIC TONS,190.0,2.11,0.95,USGS Mineral Commodity Summaries 2024/2023 - authoritative U.S. government production data with global coverage
Smartphone,System On Chip (soc),0.96,"While this was only proposed once with a very high individual confidence of 0.98, given its significant impact on device performance, it should be retained.",Silicon,0.95,Round 3 refinement with peer support: 2,280469,NORWAY,THOUSAND METRIC TONS,200.0,2.22,0.95,USGS Mineral Commodity Summaries 2024/2023 - authoritative U.S. government production data with global coverage
Smartphone,System On Chip (soc),0.96,"While this was only proposed once with a very high individual confidence of 0.98, given its significant impact on device performance, it should be retained.",Silicon,0.95,Round 3 refinement with peer support: 2,280469,OTHER,THOUSAND METRIC TONS,100.0,1.11,0.95,USGS Mineral Commodity Summaries 2024/2023 - authoritative U.S. government production data with global coverage
Smartphone,System On Chip (soc),0.96,"While this was only proposed once with a very high individual confidence of 0.98, given its significant impact on device performance, it should be retained.",Silver,0.7,Round 3 refinement with peer support: 0,710610,MEXICO,METRIC TONS,6400.0,24.62,0.95,USGS Mineral Commodity Summaries 2024/2023 - authoritative U.S. government production data with global coverage
Smartphone,System On Chip (soc),0.96,"While this was only proposed once with a very high individual confidence of 0.98, given its significant impact on device performance, it should be retained.",Silver,0.7,Round 3 refinement with peer support: 0,710610,CHINA,METRIC TONS,3400.0,13.08,0.95,USGS Mineral Commodity Summaries 2024/2023 - authoritative U.S. government production data with global coverage
Smartphone,System On Chip (soc),0.96,"While this was only proposed once with a very high individual confidence of 0.98, given its significant impact on device performance, it should be retained.",Silver,0.7,Round 3 refinement with peer support: 0,710610,PERU,METRIC TONS,3100.0,11.92,0.95,USGS Mineral Commodity Summaries 2024/2023 - authoritative U.S. government production data with global coverage
Smartphone,System On Chip (soc),0.96,"While this was only proposed once with a very high individual confidence of 0.98, given its significant impact on device performance, it should be retained.",Silver,0.7,Round 3 refinement with peer support: 0,710610,OTHER,METRIC TONS,3000.0,11.54,0.95,USGS Mineral Commodity Summaries 2024/2023 - authoritative U.S. government production data with global coverage
Smartphone,System On Chip (soc),0.96,"While this was only proposed once with a very high individual confidence of 0.98, given its significant impact on device performance, it should be retained.",Silver,0.7,Round 3 refinement with peer support: 0,710610,CHILE,METRIC TONS,1400.0,5.38,0.95,USGS Mineral Commodity Summaries 2024/2023 - authoritative U.S. government production data with global coverage
Smartphone,Memory,0.92,"Although it's an isolated proposal, given its critical role in managing memory and processing speed, a high confidence rating is justified.",Silicon,0.9,Round 3 refinement with peer support: 2,280469,CHINA,THOUSAND METRIC TONS,3600.0,40.0,0.95,USGS Mineral Commodity Summaries 2024/2023 - authoritative U.S. government production data with global coverage
Smartphone,Memory,0.92,"Although it's an isolated proposal, given its critical role in managing memory and processing speed, a high confidence rating is justified.",Silicon,0.9,Round 3 refinement with peer support: 2,280469,RUSSIA,THOUSAND METRIC TONS,570.0,6.33,0.95,USGS Mineral Commodity Summaries 2024/2023 - authoritative U.S. government production data with global coverage
Smartphone,Memory,0.92,"Although it's an isolated proposal, given its critical role in managing memory and processing speed, a high confidence rating is justified.",Silicon,0.9,Round 3 refinement with peer support: 2,280469,BRAZIL,THOUSAND METRIC TONS,190.0,2.11,0.95,USGS Mineral Commodity Summaries 2024/2023 - authoritative U.S. government production data with global coverage
Smartphone,Memory,0.92,"Although it's an isolated proposal, given its critical role in managing memory and processing speed, a high confidence rating is justified.",Silicon,0.9,Round 3 refinement with peer support: 2,280469,NORWAY,THOUSAND METRIC TONS,200.0,2.22,0.95,USGS Mineral Commodity Summaries 2024/2023 - authoritative U.S. government production data with global coverage
Smartphone,Memory,0.92,"Although it's an isolated proposal, given its critical role in managing memory and processing speed, a high confidence rating is justified.",Silicon,0.9,Round 3 refinement with peer support: 2,280469,OTHER,THOUSAND METRIC TONS,100.0,1.11,0.95,USGS Mineral Commodity Summaries 2024/2023 - authoritative U.S. government production data with global coverage
Smartphone,Memory,0.92,"Although it's an isolated proposal, given its critical role in managing memory and processing speed, a high confidence rating is justified.",Tantalum,0.7,Round 3 refinement with peer support: 0,810320,CONGO,METRIC TONS,980.0,40.83,0.95,USGS Mineral Commodity Summaries 2024/2023 - authoritative U.S. government production data with global coverage
Smartphone,Memory,0.92,"Although it's an isolated proposal, given its critical role in managing memory and processing speed, a high confidence rating is justified.",Tantalum,0.7,Round 3 refinement with peer support: 0,810320,RWANDA,METRIC TONS,520.0,21.67,0.95,USGS Mineral Commodity Summaries 2024/2023 - authoritative U.S. government production data with global coverage
Smartphone,Memory,0.92,"Although it's an isolated proposal, given its critical role in managing memory and processing speed, a high confidence rating is justified.",Tantalum,0.7,Round 3 refinement with peer support: 0,810320,BRAZIL,METRIC TONS,360.0,15.0,0.95,USGS Mineral Commodity Summaries 2024/2023 - authoritative U.S. government production data with global coverage
Smartphone,Memory,0.92,"Although it's an isolated proposal, given its critical role in managing memory and processing speed, a high confidence rating is justified.",Tantalum,0.7,Round 3 refinement with peer support: 0,810320,OTHER,METRIC TONS,260.0,10.83,0.95,USGS Mineral Commodity Summaries 2024/2023 - authoritative U.S. government production data with global coverage
Smartphone,Memory,0.92,"Although it's an isolated proposal, given its critical role in managing memory and processing speed, a high confidence rating is justified.",Tantalum,0.7,Round 3 refinement with peer support: 0,810320,NIGERIA,METRIC TONS,110.0,4.58,0.95,USGS Mineral Commodity Summaries 2024/2023 - authoritative U.S. government production data with global coverage
Smartphone,Cpu (central Processing Unit),0.92,"While isolated, the CPU is fundamental to smartphone operation and typically considered critical in any technical analysis.",Silicon,0.775,Round 3 refinement with peer support: 1,280469,CHINA,THOUSAND METRIC TONS,3600.0,40.0,0.95,USGS Mineral Commodity Summaries 2024/2023 - authoritative U.S. government production data with global coverage
Smartphone,Cpu (central Processing Unit),0.92,"While isolated, the CPU is fundamental to smartphone operation and typically considered critical in any technical analysis.",Silicon,0.775,Round 3 refinement with peer support: 1,280469,RUSSIA,THOUSAND METRIC TONS,570.0,6.33,0.95,USGS Mineral Commodity Summaries 2024/2023 - authoritative U.S. government production data with global coverage
Smartphone,Cpu (central Processing Unit),0.92,"While isolated, the CPU is fundamental to smartphone operation and typically considered critical in any technical analysis.",Silicon,0.775,Round 3 refinement with peer support: 1,280469,BRAZIL,THOUSAND METRIC TONS,190.0,2.11,0.95,USGS Mineral Commodity Summaries 2024/2023 - authoritative U.S. government production data with global coverage
Smartphone,Cpu (central Processing Unit),0.92,"While isolated, the CPU is fundamental to smartphone operation and typically considered critical in any technical analysis.",Silicon,0.775,Round 3 refinement with peer support: 1,280469,NORWAY,THOUSAND METRIC TONS,200.0,2.22,0.95,USGS Mineral Commodity Summaries 2024/2023 - authoritative U.S. government production data with global coverage
Smartphone,Cpu (central Processing Unit),0.92,"While isolated, the CPU is fundamental to smartphone operation and typically considered critical in any technical analysis.",Silicon,0.775,Round 3 refinement with peer support: 1,280469,OTHER,THOUSAND METRIC TONS,100.0,1.11,0.95,USGS Mineral Commodity Summaries 2024/2023 - authoritative U.S. government production data with global coverage
Smartphone,Cpu (central Processing Unit),0.92,"While isolated, the CPU is fundamental to smartphone operation and typically considered critical in any technical analysis.",Tungsten,0.85,Round 3 refinement with peer support: 1,810194,CHINA,METRIC TONS,63000.0,80.77,0.95,USGS Mineral Commodity Summaries 2024/2023 - authoritative U.S. government production data with global coverage
Smartphone,Cpu (central Processing Unit),0.92,"While isolated, the CPU is fundamental to smartphone operation and typically considered critical in any technical analysis.",Tungsten,0.85,Round 3 refinement with peer support: 1,810194,VIETNAM,METRIC TONS,3500.0,4.49,0.95,USGS Mineral Commodity Summaries 2024/2023 - authoritative U.S. government production data with global coverage
Smartphone,Cpu (central Processing Unit),0.92,"While isolated, the CPU is fundamental to smartphone operation and typically considered critical in any technical analysis.",Tungsten,0.85,Round 3 refinement with peer support: 1,810194,RUSSIA,METRIC TONS,2000.0,2.56,0.95,USGS Mineral Commodity Summaries 2024/2023 - authoritative U.S. government production data with global coverage
Smartphone,Cpu (central Processing Unit),0.92,"While isolated, the CPU is fundamental to smartphone operation and typically considered critical in any technical analysis.",Tungsten,0.85,Round 3 refinement with peer support: 1,810194,"KOREA, NORTH",METRIC TONS,1700.0,2.18,0.95,USGS Mineral Commodity Summaries 2024/2023 - authoritative U.S. government production data with global coverage
Smartphone,Cpu (central Processing Unit),0.92,"While isolated, the CPU is fundamental to smartphone operation and typically considered critical in any technical analysis.",Tungsten,0.85,Round 3 refinement with peer support: 1,810194,BOLIVIA,METRIC TONS,1500.0,1.92,0.95,USGS Mineral Commodity Summaries 2024/2023 - authoritative U.S. government production data with global coverage
PC Laptop,Main Circuit Board,0.88,"The motherboard connects and controls all the hardware components, making it a hidden but critical component.",Copper,0.7,Round 3 refinement with peer support: 0,740100,CHINA,THOUSAND METRIC TONS,1700.0,3.47,0.95,USGS Mineral Commodity Summaries 2024/2023 - authoritative U.S. government production data with global coverage
PC Laptop,Main Circuit Board,0.88,"The motherboard connects and controls all the hardware components, making it a hidden but critical component.",Copper,0.7,Round 3 refinement with peer support: 0,740100,CHILE,THOUSAND METRIC TONS,5000.0,10.2,0.95,USGS Mineral Commodity Summaries 2024/2023 - authoritative U.S. government production data with global coverage
PC Laptop,Main Circuit Board,0.88,"The motherboard connects and controls all the hardware components, making it a hidden but critical component.",Copper,0.7,Round 3 refinement with peer support: 0,740100,OTHER,THOUSAND METRIC TONS,3100.0,6.33,0.95,USGS Mineral Commodity Summaries 2024/2023 - authoritative U.S. government production data with global coverage
PC Laptop,Main Circuit Board,0.88,"The motherboard connects and controls all the hardware components, making it a hidden but critical component.",Copper,0.7,Round 3 refinement with peer support: 0,740100,CONGO,THOUSAND METRIC TONS,2500.0,5.1,0.95,USGS Mineral Commodity Summaries 2024/2023 - authoritative U.S. government production data with global coverage
PC Laptop,Main Circuit Board,0.88,"The motherboard connects and controls all the hardware components, making it a hidden but critical component.",Copper,0.7,Round 3 refinement with peer support: 0,740100,PERU,THOUSAND METRIC TONS,2600.0,5.31,0.95,USGS Mineral Commodity Summaries 2024/2023 - authoritative U.S. government production data with global coverage
PC Laptop,Cpu,1.0,"The CPU is the primary computing engine in a laptop. Its type, performance metrics like clock speed and core count, significantly influence overall device capabilities, making it an essential component.",Silicon,0.95,Round 3 refinement with peer support: 2,280469,CHINA,THOUSAND METRIC TONS,3600.0,40.0,0.95,USGS Mineral Commodity Summaries 2024/2023 - authoritative U.S. government production data with global coverage
PC Laptop,Cpu,1.0,"The CPU is the primary computing engine in a laptop. Its type, performance metrics like clock speed and core count, significantly influence overall device capabilities, making it an essential component.",Silicon,0.95,Round 3 refinement with peer support: 2,280469,RUSSIA,THOUSAND METRIC TONS,570.0,6.33,0.95,USGS Mineral Commodity Summaries 2024/2023 - authoritative U.S. government production data with global coverage
PC Laptop,Cpu,1.0,"The CPU is the primary computing engine in a laptop. Its type, performance metrics like clock speed and core count, significantly influence overall device capabilities, making it an essential component.",Silicon,0.95,Round 3 refinement with peer support: 2,280469,BRAZIL,THOUSAND METRIC TONS,190.0,2.11,0.95,USGS Mineral Commodity Summaries 2024/2023 - authoritative U.S. government production data with global coverage
PC Laptop,Cpu,1.0,"The CPU is the primary computing engine in a laptop. Its type, performance metrics like clock speed and core count, significantly influence overall device capabilities, making it an essential component.",Silicon,0.95,Round 3 refinement with peer support: 2,280469,NORWAY,THOUSAND METRIC TONS,200.0,2.22,0.95,USGS Mineral Commodity Summaries 2024/2023 - authoritative U.S. government production data with global coverage
PC Laptop,Cpu,1.0,"The CPU is the primary computing engine in a laptop. Its type, performance metrics like clock speed and core count, significantly influence overall device capabilities, making it an essential component.",Silicon,0.95,Round 3 refinement with peer support: 2,280469,OTHER,THOUSAND METRIC TONS,100.0,1.11,0.95,USGS Mineral Commodity Summaries 2024/2023 - authoritative U.S. government production data with global coverage
PC Laptop,Cpu,1.0,"The CPU is the primary computing engine in a laptop. Its type, performance metrics like clock speed and core count, significantly influence overall device capabilities, making it an essential component.",Tungsten,0.85,Round 3 refinement with peer support: 1,810194,CHINA,METRIC TONS,63000.0,80.77,0.95,USGS Mineral Commodity Summaries 2024/2023 - authoritative U.S. government production data with global coverage
PC Laptop,Cpu,1.0,"The CPU is the primary computing engine in a laptop. Its type, performance metrics like clock speed and core count, significantly influence overall device capabilities, making it an essential component.",Tungsten,0.85,Round 3 refinement with peer support: 1,810194,VIETNAM,METRIC TONS,3500.0,4.49,0.95,USGS Mineral Commodity Summaries 2024/2023 - authoritative U.S. government production data with global coverage
PC Laptop,Cpu,1.0,"The CPU is the primary computing engine in a laptop. Its type, performance metrics like clock speed and core count, significantly influence overall device capabilities, making it an essential component.",Tungsten,0.85,Round 3 refinement with peer support: 1,810194,RUSSIA,METRIC TONS,2000.0,2.56,0.95,USGS Mineral Commodity Summaries 2024/2023 - authoritative U.S. government production data with global coverage
PC Laptop,Cpu,1.0,"The CPU is the primary computing engine in a laptop. Its type, performance metrics like clock speed and core count, significantly influence overall device capabilities, making it an essential component.",Tungsten,0.85,Round 3 refinement with peer support: 1,810194,"KOREA, NORTH",METRIC TONS,1700.0,2.18,0.95,USGS Mineral Commodity Summaries 2024/2023 - authoritative U.S. government production data with global coverage
PC Laptop,Cpu,1.0,"The CPU is the primary computing engine in a laptop. Its type, performance metrics like clock speed and core count, significantly influence overall device capabilities, making it an essential component.",Tungsten,0.85,Round 3 refinement with peer support: 1,810194,BOLIVIA,METRIC TONS,1500.0,1.92,0.95,USGS Mineral Commodity Summaries 2024/2023 - authoritative U.S. government production data with global coverage
PC Laptop,Ram,1.0,"RAM is crucial for system performance and multi-tasking capabilities. While its importance can vary with the type of tasks being performed, it's universally recognized as a core hardware component in laptops.",Platinum,0.7,Round 3 refinement with peer support: 0,711011,South Africa,ounces,159636.33333333334,68.57,0.85,Based on world platinum production data from the World Platinum Investment Council; reliable and up-to-date.
PC Laptop,Ram,1.0,"RAM is crucial for system performance and multi-tasking capabilities. While its importance can vary with the type of tasks being performed, it's universally recognized as a core hardware component in laptops.",Platinum,0.7,Round 3 refinement with peer support: 0,711011,Russia,oz,33934.0,15.35,0.85,REPOS (Russian Precious Metals Industry Holding) reports; generally reliable but data might have some reporting issues.
PC Laptop,Ram,1.0,"RAM is crucial for system performance and multi-tasking capabilities. While its importance can vary with the type of tasks being performed, it's universally recognized as a core hardware component in laptops.",Platinum,0.7,Round 3 refinement with peer support: 0,711011,Canada,oz,18010.0,8.65,0.825,"Placer Dome Inc., a major Canadian producer; data based on annual reports and reliable,"
PC Laptop,Ram,1.0,"RAM is crucial for system performance and multi-tasking capabilities. While its importance can vary with the type of tasks being performed, it's universally recognized as a core hardware component in laptops.",Platinum,0.7,Round 3 refinement with peer support: 0,711011,United States,oz,8066.0,2.9,0.775,Multi-agent debate consensus
PC Laptop,Ram,1.0,"RAM is crucial for system performance and multi-tasking capabilities. While its importance can vary with the type of tasks being performed, it's universally recognized as a core hardware component in laptops.",Platinum,0.7,Round 3 refinement with peer support: 0,711011,俄罗斯,ounces,25910.0,8.6,0.8,Multi-agent debate consensus
PC Laptop,Ram,1.0,"RAM is crucial for system performance and multi-tasking capabilities. While its importance can vary with the type of tasks being performed, it's universally recognized as a core hardware component in laptops.",Gold,0.7,Round 3 refinement with peer support: 0,710812,OTHER,METRIC TONS,700.0,23.33,0.95,USGS Mineral Commodity Summaries 2024/2023 - authoritative U.S. government production data with global coverage
PC Laptop,Ram,1.0,"RAM is crucial for system performance and multi-tasking capabilities. While its importance can vary with the type of tasks being performed, it's universally recognized as a core hardware component in laptops.",Gold,0.7,Round 3 refinement with peer support: 0,710812,CHINA,METRIC TONS,370.0,12.33,0.95,USGS Mineral Commodity Summaries 2024/2023 - authoritative U.S. government production data with global coverage
PC Laptop,Ram,1.0,"RAM is crucial for system performance and multi-tasking capabilities. While its importance can vary with the type of tasks being performed, it's universally recognized as a core hardware component in laptops.",Gold,0.7,Round 3 refinement with peer support: 0,710812,RUSSIA,METRIC TONS,310.0,10.33,0.95,USGS Mineral Commodity Summaries 2024/2023 - authoritative U.S. government production data with global coverage
PC Laptop,Ram,1.0,"RAM is crucial for system performance and multi-tasking capabilities. While its importance can vary with the type of tasks being performed, it's universally recognized as a core hardware component in laptops.",Gold,0.7,Round 3 refinement with peer support: 0,710812,AUSTRALIA,METRIC TONS,310.0,10.33,0.95,USGS Mineral Commodity Summaries 2024/2023 - authoritative U.S. government production data with global coverage
PC Laptop,Ram,1.0,"RAM is crucial for system performance and multi-tasking capabilities. While its importance can vary with the type of tasks being performed, it's universally recognized as a core hardware component in laptops.",Gold,0.7,Round 3 refinement with peer support: 0,710812,CANADA,METRIC TONS,200.0,6.67,0.95,USGS Mineral Commodity Summaries 2024/2023 - authoritative U.S. government production data with global coverage
PC Laptop,Storage,0.98,Storage is fundamental for storing operating systems and user data. SSDs are increasingly preferred due to their speed but HDDs still exist among lower-end models.,Silicon,0.7,Round 3 refinement with peer support: 0,280469,CHINA,THOUSAND METRIC TONS,3600.0,40.0,0.95,USGS Mineral Commodity Summaries 2024/2023 - authoritative U.S. government production data with global coverage
PC Laptop,Storage,0.98,Storage is fundamental for storing operating systems and user data. SSDs are increasingly preferred due to their speed but HDDs still exist among lower-end models.,Silicon,0.7,Round 3 refinement with peer support: 0,280469,RUSSIA,THOUSAND METRIC TONS,570.0,6.33,0.95,USGS Mineral Commodity Summaries 2024/2023 - authoritative U.S. government production data with global coverage
PC Laptop,Storage,0.98,Storage is fundamental for storing operating systems and user data. SSDs are increasingly preferred due to their speed but HDDs still exist among lower-end models.,Silicon,0.7,Round 3 refinement with peer support: 0,280469,BRAZIL,THOUSAND METRIC TONS,190.0,2.11,0.95,USGS Mineral Commodity Summaries 2024/2023 - authoritative U.S. government production data with global coverage
PC Laptop,Storage,0.98,Storage is fundamental for storing operating systems and user data. SSDs are increasingly preferred due to their speed but HDDs still exist among lower-end models.,Silicon,0.7,Round 3 refinement with peer support: 0,280469,NORWAY,THOUSAND METRIC TONS,200.0,2.22,0.95,USGS Mineral Commodity Summaries 2024/2023 - authoritative U.S. government production data with global coverage
PC Laptop,Storage,0.98,Storage is fundamental for storing operating systems and user data. SSDs are increasingly preferred due to their speed but HDDs still exist among lower-end models.,Silicon,0.7,Round 3 refinement with peer support: 0,280469,OTHER,THOUSAND METRIC TONS,100.0,1.11,0.95,USGS Mineral Commodity Summaries 2024/2023 - authoritative U.S. government production data with global coverage
PC Laptop,Gpu,0.95,"While not all laptops have dedicated GPUs, when they do, they significantly improve the performance in visual-intensive tasks like gaming or video editing.",Silver,0.7,Round 3 refinement with peer support: 0,710610,MEXICO,METRIC TONS,6400.0,24.62,0.95,USGS Mineral Commodity Summaries 2024/2023 - authoritative U.S. government production data with global coverage
PC Laptop,Gpu,0.95,"While not all laptops have dedicated GPUs, when they do, they significantly improve the performance in visual-intensive tasks like gaming or video editing.",Silver,0.7,Round 3 refinement with peer support: 0,710610,CHINA,METRIC TONS,3400.0,13.08,0.95,USGS Mineral Commodity Summaries 2024/2023 - authoritative U.S. government production data with global coverage
PC Laptop,Gpu,0.95,"While not all laptops have dedicated GPUs, when they do, they significantly improve the performance in visual-intensive tasks like gaming or video editing.",Silver,0.7,Round 3 refinement with peer support: 0,710610,PERU,METRIC TONS,3100.0,11.92,0.95,USGS Mineral Commodity Summaries 2024/2023 - authoritative U.S. government production data with global coverage
PC Laptop,Gpu,0.95,"While not all laptops have dedicated GPUs, when they do, they significantly improve the performance in visual-intensive tasks like gaming or video editing.",Silver,0.7,Round 3 refinement with peer support: 0,710610,OTHER,METRIC TONS,3000.0,11.54,0.95,USGS Mineral Commodity Summaries 2024/2023 - authoritative U.S. government production data with global coverage
PC Laptop,Gpu,0.95,"While not all laptops have dedicated GPUs, when they do, they significantly improve the performance in visual-intensive tasks like gaming or video editing.",Silver,0.7,Round 3 refinement with peer support: 0,710610,CHILE,METRIC TONS,1400.0,5.38,0.95,USGS Mineral Commodity Summaries 2024/2023 - authoritative U.S. government production data with global coverage
PC Laptop,Battery,0.93,Power supply is a crucial element that directly affects the usability and portability of the laptop.,Lithium,0.95,Round 3 refinement with peer support: 2,280520,AUSTRALIA,METRIC TONS,86000.0,47.78,0.95,USGS Mineral Commodity Summaries 2024/2023 - authoritative U.S. government production data with global coverage
PC Laptop,Battery,0.93,Power supply is a crucial element that directly affects the usability and portability of the laptop.,Lithium,0.95,Round 3 refinement with peer support: 2,280520,CHILE,METRIC TONS,44000.0,24.44,0.95,USGS Mineral Commodity Summaries 2024/2023 - authoritative U.S. government production data with global coverage
PC Laptop,Battery,0.93,Power supply is a crucial element that directly affects the usability and portability of the laptop.,Lithium,0.95,Round 3 refinement with peer support: 2,280520,CHINA,METRIC TONS,33000.0,18.33,0.95,USGS Mineral Commodity Summaries 2024/2023 - authoritative U.S. government production data with global coverage
PC Laptop,Battery,0.93,Power supply is a crucial element that directly affects the usability and portability of the laptop.,Lithium,0.95,Round 3 refinement with peer support: 2,280520,ARGENTINA,METRIC TONS,9600.0,5.33,0.95,USGS Mineral Commodity Summaries 2024/2023 - authoritative U.S. government production data with global coverage
PC Laptop,Battery,0.93,Power supply is a crucial element that directly affects the usability and portability of the laptop.,Lithium,0.95,Round 3 refinement with peer support: 2,280520,BRAZIL,METRIC TONS,4900.0,2.72,0.95,USGS Mineral Commodity Summaries 2024/2023 - authoritative U.S. government production data with global coverage
PC Laptop,Battery,0.93,Power supply is a crucial element that directly affects the usability and portability of the laptop.,Nickel,0.85,Round 3 refinement with peer support: 1,750110,INDONESIA,METRIC TONS,1800000.0,50.0,0.95,USGS Mineral Commodity Summaries 2024/2023 - authoritative U.S. government production data with global coverage
PC Laptop,Battery,0.93,Power supply is a crucial element that directly affects the usability and portability of the laptop.,Nickel,0.85,Round 3 refinement with peer support: 1,750110,PHILIPPINES,METRIC TONS,400000.0,11.11,0.95,USGS Mineral Commodity Summaries 2024/2023 - authoritative U.S. government production data with global coverage
PC Laptop,Battery,0.93,Power supply is a crucial element that directly affects the usability and portability of the laptop.,Nickel,0.85,Round 3 refinement with peer support: 1,750110,OTHER,METRIC TONS,380000.0,10.56,0.95,USGS Mineral Commodity Summaries 2024/2023 - authoritative U.S. government production data with global coverage
PC Laptop,Battery,0.93,Power supply is a crucial element that directly affects the usability and portability of the laptop.,Nickel,0.85,Round 3 refinement with peer support: 1,750110,NEW CALEDONIA,METRIC TONS,230000.0,6.39,0.95,USGS Mineral Commodity Summaries 2024/2023 - authoritative U.S. government production data with global coverage
PC Laptop,Battery,0.93,Power supply is a crucial element that directly affects the usability and portability of the laptop.,Nickel,0.85,Round 3 refinement with peer support: 1,750110,RUSSIA,METRIC TONS,200000.0,5.56,0.95,USGS Mineral Commodity Summaries 2024/2023 - authoritative U.S. government production data with global coverage
PC Laptop,Battery,0.93,Power supply is a crucial element that directly affects the usability and portability of the laptop.,Copper,0.7,Round 3 refinement with peer support: 0,740100,CHINA,THOUSAND METRIC TONS,1700.0,3.47,0.95,USGS Mineral Commodity Summaries 2024/2023 - authoritative U.S. government production data with global coverage
PC Laptop,Battery,0.93,Power supply is a crucial element that directly affects the usability and portability of the laptop.,Copper,0.7,Round 3 refinement with peer support: 0,740100,CHILE,THOUSAND METRIC TONS,5000.0,10.2,0.95,USGS Mineral Commodity Summaries 2024/2023 - authoritative U.S. government production data with global coverage
PC Laptop,Battery,0.93,Power supply is a crucial element that directly affects the usability and portability of the laptop.,Copper,0.7,Round 3 refinement with peer support: 0,740100,OTHER,THOUSAND METRIC TONS,3100.0,6.33,0.95,USGS Mineral Commodity Summaries 2024/2023 - authoritative U.S. government production data with global coverage
PC Laptop,Battery,0.93,Power supply is a crucial element that directly affects the usability and portability of the laptop.,Copper,0.7,Round 3 refinement with peer support: 0,740100,CONGO,THOUSAND METRIC TONS,2500.0,5.1,0.95,USGS Mineral Commodity Summaries 2024/2023 - authoritative U.S. government production data with global coverage
PC Laptop,Battery,0.93,Power supply is a crucial element that directly affects the usability and portability of the laptop.,Copper,0.7,Round 3 refinement with peer support: 0,740100,PERU,THOUSAND METRIC TONS,2600.0,5.31,0.95,USGS Mineral Commodity Summaries 2024/2023 - authoritative U.S. government production data with global coverage
Electric Vehicle Battery,Battery Cells,0.93,High consensus among agents. Lithium-ion is the most common type used in electric vehicle batteries due to its high energy density and efficiency.,Lithium,0.95,Round 3 refinement with peer support: 2,280520,AUSTRALIA,METRIC TONS,86000.0,47.78,0.95,USGS Mineral Commodity Summaries 2024/2023 - authoritative U.S. government production data with global coverage
Electric Vehicle Battery,Battery Cells,0.93,High consensus among agents. Lithium-ion is the most common type used in electric vehicle batteries due to its high energy density and efficiency.,Lithium,0.95,Round 3 refinement with peer support: 2,280520,CHILE,METRIC TONS,44000.0,24.44,0.95,USGS Mineral Commodity Summaries 2024/2023 - authoritative U.S. government production data with global coverage
Electric Vehicle Battery,Battery Cells,0.93,High consensus among agents. Lithium-ion is the most common type used in electric vehicle batteries due to its high energy density and efficiency.,Lithium,0.95,Round 3 refinement with peer support: 2,280520,CHINA,METRIC TONS,33000.0,18.33,0.95,USGS Mineral Commodity Summaries 2024/2023 - authoritative U.S. government production data with global coverage
Electric Vehicle Battery,Battery Cells,0.93,High consensus among agents. Lithium-ion is the most common type used in electric vehicle batteries due to its high energy density and efficiency.,Lithium,0.95,Round 3 refinement with peer support: 2,280520,ARGENTINA,METRIC TONS,9600.0,5.33,0.95,USGS Mineral Commodity Summaries 2024/2023 - authoritative U.S. government production data with global coverage
Electric Vehicle Battery,Battery Cells,0.93,High consensus among agents. Lithium-ion is the most common type used in electric vehicle batteries due to its high energy density and efficiency.,Lithium,0.95,Round 3 refinement with peer support: 2,280520,BRAZIL,METRIC TONS,4900.0,2.72,0.95,USGS Mineral Commodity Summaries 2024/2023 - authoritative U.S. government production data with global coverage
Electric Vehicle Battery,Battery Cells,0.93,High consensus among agents. Lithium-ion is the most common type used in electric vehicle batteries due to its high energy density and efficiency.,Cobalt,0.95,Round 3 refinement with peer support: 2,810510,CONGO,METRIC TONS,170000.0,73.91,0.95,USGS Mineral Commodity Summaries 2024/2023 - authoritative U.S. government production data with global coverage
Electric Vehicle Battery,Battery Cells,0.93,High consensus among agents. Lithium-ion is the most common type used in electric vehicle batteries due to its high energy density and efficiency.,Cobalt,0.95,Round 3 refinement with peer support: 2,810510,INDONESIA,METRIC TONS,17000.0,7.39,0.95,USGS Mineral Commodity Summaries 2024/2023 - authoritative U.S. government production data with global coverage
Electric Vehicle Battery,Battery Cells,0.93,High consensus among agents. Lithium-ion is the most common type used in electric vehicle batteries due to its high energy density and efficiency.,Cobalt,0.95,Round 3 refinement with peer support: 2,810510,RUSSIA,METRIC TONS,8800.0,3.83,0.95,USGS Mineral Commodity Summaries 2024/2023 - authoritative U.S. government production data with global coverage
Electric Vehicle Battery,Battery Cells,0.93,High consensus among agents. Lithium-ion is the most common type used in electric vehicle batteries due to its high energy density and efficiency.,Cobalt,0.95,Round 3 refinement with peer support: 2,810510,OTHER,METRIC TONS,6600.0,2.87,0.95,USGS Mineral Commodity Summaries 2024/2023 - authoritative U.S. government production data with global coverage
Electric Vehicle Battery,Battery Cells,0.93,High consensus among agents. Lithium-ion is the most common type used in electric vehicle batteries due to its high energy density and efficiency.,Cobalt,0.95,Round 3 refinement with peer support: 2,810510,AUSTRALIA,METRIC TONS,4600.0,2.0,0.95,USGS Mineral Commodity Summaries 2024/2023 - authoritative U.S. government production data with global coverage
Electric Vehicle Battery,Battery Cells,0.93,High consensus among agents. Lithium-ion is the most common type used in electric vehicle batteries due to its high energy density and efficiency.,Graphite,0.95,Round 3 refinement with peer support: 2,380110,CHINA,METRIC TONS,1230000.0,76.88,0.95,USGS Mineral Commodity Summaries 2024/2023 - authoritative U.S. government production data with global coverage
Electric Vehicle Battery,Battery Cells,0.93,High consensus among agents. Lithium-ion is the most common type used in electric vehicle batteries due to its high energy density and efficiency.,Graphite,0.95,Round 3 refinement with peer support: 2,380110,MADAGASCAR,METRIC TONS,100000.0,6.25,0.95,USGS Mineral Commodity Summaries 2024/2023 - authoritative U.S. government production data with global coverage
Electric Vehicle Battery,Battery Cells,0.93,High consensus among agents. Lithium-ion is the most common type used in electric vehicle batteries due to its high energy density and efficiency.,Graphite,0.95,Round 3 refinement with peer support: 2,380110,MOZAMBIQUE,METRIC TONS,96000.0,6.0,0.95,USGS Mineral Commodity Summaries 2024/2023 - authoritative U.S. government production data with global coverage
Electric Vehicle Battery,Battery Cells,0.93,High consensus among agents. Lithium-ion is the most common type used in electric vehicle batteries due to its high energy density and efficiency.,Graphite,0.95,Round 3 refinement with peer support: 2,380110,BRAZIL,METRIC TONS,73000.0,4.56,0.95,USGS Mineral Commodity Summaries 2024/2023 - authoritative U.S. government production data with global coverage
Electric Vehicle Battery,Battery Cells,0.93,High consensus among agents. Lithium-ion is the most common type used in electric vehicle batteries due to its high energy density and efficiency.,Graphite,0.95,Round 3 refinement with peer support: 2,380110,"KOREA, REPUBLIC OF",METRIC TONS,27000.0,1.69,0.95,USGS Mineral Commodity Summaries 2024/2023 - authoritative U.S. government production data with global coverage
Electric Vehicle Battery,Battery Cells,0.93,High consensus among agents. Lithium-ion is the most common type used in electric vehicle batteries due to its high energy density and efficiency.,Nickel,0.95,Round 3 refinement with peer support: 2,750110,INDONESIA,METRIC TONS,1800000.0,50.0,0.95,USGS Mineral Commodity Summaries 2024/2023 - authoritative U.S. government production data with global coverage
Electric Vehicle Battery,Battery Cells,0.93,High consensus among agents. Lithium-ion is the most common type used in electric vehicle batteries due to its high energy density and efficiency.,Nickel,0.95,Round 3 refinement with peer support: 2,750110,PHILIPPINES,METRIC TONS,400000.0,11.11,0.95,USGS Mineral Commodity Summaries 2024/2023 - authoritative U.S. government production data with global coverage
Electric Vehicle Battery,Battery Cells,0.93,High consensus among agents. Lithium-ion is the most common type used in electric vehicle batteries due to its high energy density and efficiency.,Nickel,0.95,Round 3 refinement with peer support: 2,750110,OTHER,METRIC TONS,380000.0,10.56,0.95,USGS Mineral Commodity Summaries 2024/2023 - authoritative U.S. government production data with global coverage
Electric Vehicle Battery,Battery Cells,0.93,High consensus among agents. Lithium-ion is the most common type used in electric vehicle batteries due to its high energy density and efficiency.,Nickel,0.95,Round 3 refinement with peer support: 2,750110,NEW CALEDONIA,METRIC TONS,230000.0,6.39,0.95,USGS Mineral Commodity Summaries 2024/2023 - authoritative U.S. government production data with global coverage
Electric Vehicle Battery,Battery Cells,0.93,High consensus among agents. Lithium-ion is the most common type used in electric vehicle batteries due to its high energy density and efficiency.,Nickel,0.95,Round 3 refinement with peer support: 2,750110,RUSSIA,METRIC TONS,200000.0,5.56,0.95,USGS Mineral Commodity Summaries 2024/2023 - authoritative U.S. government production data with global coverage
Electric Vehicle Battery,Battery Cells,0.93,High consensus among agents. Lithium-ion is the most common type used in electric vehicle batteries due to its high energy density and efficiency.,Aluminum,0.9,Round 3 refinement with peer support: 2,280300,CHINA,THOUSAND METRIC TONS,41000.0,58.57,0.95,USGS Mineral Commodity Summaries 2024/2023 - authoritative U.S. government production data with global coverage
Electric Vehicle Battery,Battery Cells,0.93,High consensus among agents. Lithium-ion is the most common type used in electric vehicle batteries due to its high energy density and efficiency.,Aluminum,0.9,Round 3 refinement with peer support: 2,280300,OTHER,THOUSAND METRIC TONS,7000.0,10.0,0.95,USGS Mineral Commodity Summaries 2024/2023 - authoritative U.S. government production data with global coverage
Electric Vehicle Battery,Battery Cells,0.93,High consensus among agents. Lithium-ion is the most common type used in electric vehicle batteries due to its high energy density and efficiency.,Aluminum,0.9,Round 3 refinement with peer support: 2,280300,INDIA,THOUSAND METRIC TONS,4100.0,5.86,0.95,USGS Mineral Commodity Summaries 2024/2023 - authoritative U.S. government production data with global coverage
Electric Vehicle Battery,Battery Cells,0.93,High consensus among agents. Lithium-ion is the most common type used in electric vehicle batteries due to its high energy density and efficiency.,Aluminum,0.9,Round 3 refinement with peer support: 2,280300,RUSSIA,THOUSAND METRIC TONS,3800.0,5.43,0.95,USGS Mineral Commodity Summaries 2024/2023 - authoritative U.S. government production data with global coverage
Electric Vehicle Battery,Battery Cells,0.93,High consensus among agents. Lithium-ion is the most common type used in electric vehicle batteries due to its high energy density and efficiency.,Aluminum,0.9,Round 3 refinement with peer support: 2,280300,CANADA,THOUSAND METRIC TONS,3000.0,4.29,0.95,USGS Mineral Commodity Summaries 2024/2023 - authoritative U.S. government production data with global coverage
Electric Vehicle Battery,Anode Material,0.92,Very high consensus among agents. Graphite is widely used due to its excellent cycle stability and cost-effectiveness.,Graphite,0.95,Round 3 refinement with peer support: 2,380110,CHINA,METRIC TONS,1230000.0,76.88,0.95,USGS Mineral Commodity Summaries 2024/2023 - authoritative U.S. government production data with global coverage
Electric Vehicle Battery,Anode Material,0.92,Very high consensus among agents. Graphite is widely used due to its excellent cycle stability and cost-effectiveness.,Graphite,0.95,Round 3 refinement with peer support: 2,380110,MADAGASCAR,METRIC TONS,100000.0,6.25,0.95,USGS Mineral Commodity Summaries 2024/2023 - authoritative U.S. government production data with global coverage
Electric Vehicle Battery,Anode Material,0.92,Very high consensus among agents. Graphite is widely used due to its excellent cycle stability and cost-effectiveness.,Graphite,0.95,Round 3 refinement with peer support: 2,380110,MOZAMBIQUE,METRIC TONS,96000.0,6.0,0.95,USGS Mineral Commodity Summaries 2024/2023 - authoritative U.S. government production data with global coverage
Electric Vehicle Battery,Anode Material,0.92,Very high consensus among agents. Graphite is widely used due to its excellent cycle stability and cost-effectiveness.,Graphite,0.95,Round 3 refinement with peer support: 2,380110,BRAZIL,METRIC TONS,73000.0,4.56,0.95,USGS Mineral Commodity Summaries 2024/2023 - authoritative U.S. government production data with global coverage
Electric Vehicle Battery,Anode Material,0.92,Very high consensus among agents. Graphite is widely used due to its excellent cycle stability and cost-effectiveness.,Graphite,0.95,Round 3 refinement with peer support: 2,380110,"KOREA, REPUBLIC OF",METRIC TONS,27000.0,1.69,0.95,USGS Mineral Commodity Summaries 2024/2023 - authoritative U.S. government production data with global coverage
Electric Vehicle Motor,Windings,1.0,"This is an industry standard for electric motors and was proposed with very high confidence by Agent1, leading to its selection.",Copper,0.8,Round 3 refinement with peer support: 1,740100,CHINA,THOUSAND METRIC TONS,1700.0,3.47,0.95,USGS Mineral Commodity Summaries 2024/2023 - authoritative U.S. government production data with global coverage
Electric Vehicle Motor,Windings,1.0,"This is an industry standard for electric motors and was proposed with very high confidence by Agent1, leading to its selection.",Copper,0.8,Round 3 refinement with peer support: 1,740100,CHILE,THOUSAND METRIC TONS,5000.0,10.2,0.95,USGS Mineral Commodity Summaries 2024/2023 - authoritative U.S. government production data with global coverage
Electric Vehicle Motor,Windings,1.0,"This is an industry standard for electric motors and was proposed with very high confidence by Agent1, leading to its selection.",Copper,0.8,Round 3 refinement with peer support: 1,740100,OTHER,THOUSAND METRIC TONS,3100.0,6.33,0.95,USGS Mineral Commodity Summaries 2024/2023 - authoritative U.S. government production data with global coverage
Electric Vehicle Motor,Windings,1.0,"This is an industry standard for electric motors and was proposed with very high confidence by Agent1, leading to its selection.",Copper,0.8,Round 3 refinement with peer support: 1,740100,CONGO,THOUSAND METRIC TONS,2500.0,5.1,0.95,USGS Mineral Commodity Summaries 2024/2023 - authoritative U.S. government production data with global coverage
Electric Vehicle Motor,Windings,1.0,"This is an industry standard for electric motors and was proposed with very high confidence by Agent1, leading to its selection.",Copper,0.8,Round 3 refinement with peer support: 1,740100,PERU,THOUSAND METRIC TONS,2600.0,5.31,0.95,USGS Mineral Commodity Summaries 2024/2023 - authoritative U.S. government production data with global coverage
Electric Vehicle Motor,Windings,1.0,"This is an industry standard for electric motors and was proposed with very high confidence by Agent1, leading to its selection.",Aluminum,0.775,Round 3 refinement with peer support: 1,280300,CHINA,THOUSAND METRIC TONS,41000.0,58.57,0.95,USGS Mineral Commodity Summaries 2024/2023 - authoritative U.S. government production data with global coverage
Electric Vehicle Motor,Windings,1.0,"This is an industry standard for electric motors and was proposed with very high confidence by Agent1, leading to its selection.",Aluminum,0.775,Round 3 refinement with peer support: 1,280300,OTHER,THOUSAND METRIC TONS,7000.0,10.0,0.95,USGS Mineral Commodity Summaries 2024/2023 - authoritative U.S. government production data with global coverage
Electric Vehicle Motor,Windings,1.0,"This is an industry standard for electric motors and was proposed with very high confidence by Agent1, leading to its selection.",Aluminum,0.775,Round 3 refinement with peer support: 1,280300,INDIA,THOUSAND METRIC TONS,4100.0,5.86,0.95,USGS Mineral Commodity Summaries 2024/2023 - authoritative U.S. government production data with global coverage
Electric Vehicle Motor,Windings,1.0,"This is an industry standard for electric motors and was proposed with very high confidence by Agent1, leading to its selection.",Aluminum,0.775,Round 3 refinement with peer support: 1,280300,RUSSIA,THOUSAND METRIC TONS,3800.0,5.43,0.95,USGS Mineral Commodity Summaries 2024/2023 - authoritative U.S. government production data with global coverage
Electric Vehicle Motor,Windings,1.0,"This is an industry standard for electric motors and was proposed with very high confidence by Agent1, leading to its selection.",Aluminum,0.775,Round 3 refinement with peer support: 1,280300,CANADA,THOUSAND METRIC TONS,3000.0,4.29,0.95,USGS Mineral Commodity Summaries 2024/2023 - authoritative U.S. government production data with global coverage
Electric Vehicle Motor,Permanent Magnet,1.0,This component name was supported by one agent with high confidence and aligns well with the common use of rare earth magnets in modern EV motors. The specific mention indicates its critical role.,Neodymium,0.7,Round 3 refinement with peer support: 0,280530,China,metric tons,44685.666666666664,82.83,0.85,China dominates production with comprehensive government statistics; USGS validated
Electric Vehicle Motor,Permanent Magnet,1.0,This component name was supported by one agent with high confidence and aligns well with the common use of rare earth magnets in modern EV motors. The specific mention indicates its critical role.,Neodymium,0.7,Round 3 refinement with peer support: 0,280530,France,metric tons,3454.0,6.93,0.783,Multi-agent debate consensus
Electric Vehicle Motor,Permanent Magnet,1.0,This component name was supported by one agent with high confidence and aligns well with the common use of rare earth magnets in modern EV motors. The specific mention indicates its critical role.,Neodymium,0.7,Round 3 refinement with peer support: 0,280530,Russia,metric tons,1994.0,3.73,0.817,"Large but declining production; data from Mining Ministry, Stabilized since the early 2000s"
Electric Vehicle Motor,Permanent Magnet,1.0,This component name was supported by one agent with high confidence and aligns well with the common use of rare earth magnets in modern EV motors. The specific mention indicates its critical role.,Neodymium,0.7,Round 3 refinement with peer support: 0,280530,United States,metric tons,3348.3333333333335,5.47,0.767,Multi-agent debate consensus
Electric Vehicle Motor,Permanent Magnet,1.0,This component name was supported by one agent with high confidence and aligns well with the common use of rare earth magnets in modern EV motors. The specific mention indicates its critical role.,Neodymium,0.7,Round 3 refinement with peer support: 0,280530,Japan,metric tons,304.3333333333333,0.83,0.817,Advanced processing not primary producer; recycled material plays a role in supply chain
Electric Vehicle Motor,Motor,0.95,"Several agents have proposed permanent magnet motor as a primary component, indicating strong multi-agent support and high confidence in this component.",Iron,0.7,Round 3 refinement with peer support: 0,720110,Brazil,metric tons,15998748.666666666,6.13,0.833,World Bank reports 2023 data on Brazil's iron production
Electric Vehicle Motor,Motor,0.95,"Several agents have proposed permanent magnet motor as a primary component, indicating strong multi-agent support and high confidence in this component.",Iron,0.7,Round 3 refinement with peer support: 0,720110,China,metric tons,84458981.0,32.45,0.875,USGS data for 2023 shows China dominates global iron production
Electric Vehicle Motor,Motor,0.95,"Several agents have proposed permanent magnet motor as a primary component, indicating strong multi-agent support and high confidence in this component.",Iron,0.7,Round 3 refinement with peer support: 0,720110,Australia,metric tons,20033946.0,7.8,0.85,Australian Bureau of Statistics 2023 data on iron production
Electric Vehicle Motor,Motor,0.95,"Several agents have proposed permanent magnet motor as a primary component, indicating strong multi-agent support and high confidence in this component.",Iron,0.7,Round 3 refinement with peer support: 0,720110,India,metric tons,12472384.0,4.7,0.825,ISMR annual report for 2023 on Indian iron production
Electric Vehicle Motor,Motor,0.95,"Several agents have proposed permanent magnet motor as a primary component, indicating strong multi-agent support and high confidence in this component.",Iron,0.7,Round 3 refinement with peer support: 0,720110,Russia,metric tons,8224380.0,3.15,0.825,RIAC (Russian Institute for Strategic Studies) reports on 2023 iron production
Electric Vehicle Motor,Motor,0.95,"Several agents have proposed permanent magnet motor as a primary component, indicating strong multi-agent support and high confidence in this component.",Stainless steel,0.7,Round 3 refinement with peer support: 0,722000,China,tons,23282553.0,51.4,0.93,China dominates global stainless steel production based on recent industry reports and production statistics from the China Iron & Steel Association (CISA).
Electric Vehicle Motor,Motor,0.95,"Several agents have proposed permanent magnet motor as a primary component, indicating strong multi-agent support and high confidence in this component.",Stainless steel,0.7,Round 3 refinement with peer support: 0,722000,Russia,tons,1952233.3333333333,5.23,0.783,Large nickel producing country with diversified mining operations. Data from the Federal Service for Supervision of Consumer Rights and Wellbeing.
Electric Vehicle Motor,Motor,0.95,"Several agents have proposed permanent magnet motor as a primary component, indicating strong multi-agent support and high confidence in this component.",Stainless steel,0.7,Round 3 refinement with peer support: 0,722000,India,metric tons,5600000.0,8.5,0.85,Multi-agent debate consensus
Electric Vehicle Motor,Motor,0.95,"Several agents have proposed permanent magnet motor as a primary component, indicating strong multi-agent support and high confidence in this component.",Stainless steel,0.7,Round 3 refinement with peer support: 0,722000,Japan,metric tons,5490000.0,7.5,0.9,Multi-agent debate consensus
Electric Vehicle Motor,Motor,0.95,"Several agents have proposed permanent magnet motor as a primary component, indicating strong multi-agent support and high confidence in this component.",Stainless steel,0.7,Round 3 refinement with peer support: 0,722000,Germany,metric tons,3667500.0,5.0,0.845,Multi-agent debate consensus
Electric Vehicle Motor,Controller Ics,0.85,Multi-agent support although some may be unsure. Controller ICs are essential for managing the motor's operation and are frequently recognized as a primary component.,Silicon,0.9,Round 3 refinement with peer support: 2,280469,CHINA,THOUSAND METRIC TONS,3600.0,40.0,0.95,USGS Mineral Commodity Summaries 2024/2023 - authoritative U.S. government production data with global coverage
Electric Vehicle Motor,Controller Ics,0.85,Multi-agent support although some may be unsure. Controller ICs are essential for managing the motor's operation and are frequently recognized as a primary component.,Silicon,0.9,Round 3 refinement with peer support: 2,280469,RUSSIA,THOUSAND METRIC TONS,570.0,6.33,0.95,USGS Mineral Commodity Summaries 2024/2023 - authoritative U.S. government production data with global coverage
Electric Vehicle Motor,Controller Ics,0.85,Multi-agent support although some may be unsure. Controller ICs are essential for managing the motor's operation and are frequently recognized as a primary component.,Silicon,0.9,Round 3 refinement with peer support: 2,280469,BRAZIL,THOUSAND METRIC TONS,190.0,2.11,0.95,USGS Mineral Commodity Summaries 2024/2023 - authoritative U.S. government production data with global coverage
Electric Vehicle Motor,Controller Ics,0.85,Multi-agent support although some may be unsure. Controller ICs are essential for managing the motor's operation and are frequently recognized as a primary component.,Silicon,0.9,Round 3 refinement with peer support: 2,280469,NORWAY,THOUSAND METRIC TONS,200.0,2.22,0.95,USGS Mineral Commodity Summaries 2024/2023 - authoritative U.S. government production data with global coverage
Electric Vehicle Motor,Controller Ics,0.85,Multi-agent support although some may be unsure. Controller ICs are essential for managing the motor's operation and are frequently recognized as a primary component.,Silicon,0.9,Round 3 refinement with peer support: 2,280469,OTHER,THOUSAND METRIC TONS,100.0,1.11,0.95,USGS Mineral Commodity Summaries 2024/2023 - authoritative U.S. government production data with global coverage
Electric Vehicle Motor,Controller Ics,0.85,Multi-agent support although some may be unsure. Controller ICs are essential for managing the motor's operation and are frequently recognized as a primary component.,Germanium,0.7,Round 3 refinement with peer support: 0,825600,China,kg,1004.3333333333334,44.33,0.833,Multi-agent debate consensus
Electric Vehicle Motor,Controller Ics,0.85,Multi-agent support although some may be unsure. Controller ICs are essential for managing the motor's operation and are frequently recognized as a primary component.,Germanium,0.7,Round 3 refinement with peer support: 0,825600,Japan,kg,236.0,16.17,0.75,Second largest producer with consistent output; industry reports confirm.
Electric Vehicle Motor,Controller Ics,0.85,Multi-agent support although some may be unsure. Controller ICs are essential for managing the motor's operation and are frequently recognized as a primary component.,Germanium,0.7,Round 3 refinement with peer support: 0,825600,Germany,kg,82.66666666666667,4.67,0.833,Primary production with significant refining capacity; comprehensive industry statistics.
Electric Vehicle Motor,Controller Ics,0.85,Multi-agent support although some may be unsure. Controller ICs are essential for managing the motor's operation and are frequently recognized as a primary component.,Germanium,0.7,Round 3 refinement with peer support: 0,825600,South Korea,kg,90.0,7.8,0.725,Fifth major producer with moderate growth potential.
Electric Vehicle Motor,Controller Ics,0.85,Multi-agent support although some may be unsure. Controller ICs are essential for managing the motor's operation and are frequently recognized as a primary component.,Germanium,0.7,Round 3 refinement with peer support: 0,825600,USA,kg,50.0,5.45,0.75,Third major producer with steady output; USGS data for 2023 is the most recent and reliable.
Quantum Computer,Quantum Bits (qubits),0.98,"Strong consensus among peers with an average confidence of 0.98, indicating high reliability and importance to the technology.",Bismuth telluride,0.85,Round 3 refinement with peer support: 1,284390,China,metric tons,1958.3333333333333,23.33,0.767,Multi-agent debate consensus
Quantum Computer,Quantum Bits (qubits),0.98,"Strong consensus among peers with an average confidence of 0.98, indicating high reliability and importance to the technology.",Bismuth telluride,0.85,Round 3 refinement with peer support: 1,284390,Russia,metric tons,380.0,6.67,0.75,Multi-agent debate consensus
Quantum Computer,Quantum Bits (qubits),0.98,"Strong consensus among peers with an average confidence of 0.98, indicating high reliability and importance to the technology.",Bismuth telluride,0.85,Round 3 refinement with peer support: 1,284390,Canada,metric tons,1339.3333333333333,8.27,0.75,Multi-agent debate consensus
Quantum Computer,Quantum Bits (qubits),0.98,"Strong consensus among peers with an average confidence of 0.98, indicating high reliability and importance to the technology.",Bismuth telluride,0.85,Round 3 refinement with peer support: 1,284390,United States,metric tons,325.0,15.0,0.8,Multi-agent debate consensus
Quantum Computer,Quantum Bits (qubits),0.98,"Strong consensus among peers with an average confidence of 0.98, indicating high reliability and importance to the technology.",Bismuth telluride,0.85,Round 3 refinement with peer support: 1,284390,Japan,metric tons,430.6666666666667,3.67,0.767,Multi-agent debate consensus
Quantum Computer,Quantum Bits (qubits),0.98,"Strong consensus among peers with an average confidence of 0.98, indicating high reliability and importance to the technology.",Aluminum gallium arsenide,0.775,Round 3 refinement with peer support: 1,282890,Japan,metric tons,25466.666666666668,22.33,0.733,A major producer with significant refining capabilities for semiconductors.
Quantum Computer,Quantum Bits (qubits),0.98,"Strong consensus among peers with an average confidence of 0.98, indicating high reliability and importance to the technology.",Aluminum gallium arsenide,0.775,Round 3 refinement with peer support: 1,282890,China,metric tons,25066.666666666668,31.33,0.817,"Based on recent USGS reports, China is the leading producer of gallium."
Quantum Computer,Quantum Bits (qubits),0.98,"Strong consensus among peers with an average confidence of 0.98, indicating high reliability and importance to the technology.",Aluminum gallium arsenide,0.775,Round 3 refinement with peer support: 1,282890,United States,metric tons,46600.0,37.5,0.675,Based on U.S. Geological Survey's data and reports from academic researchers.
Quantum Computer,Quantum Bits (qubits),0.98,"Strong consensus among peers with an average confidence of 0.98, indicating high reliability and importance to the technology.",Aluminum gallium arsenide,0.775,Round 3 refinement with peer support: 1,282890,South Korea,metric tons,25320.0,10.5,0.65,South Korea hosts major semiconductor manufacturers like Samsung and SK Hynix.
Quantum Computer,Quantum Bits (qubits),0.98,"Strong consensus among peers with an average confidence of 0.98, indicating high reliability and importance to the technology.",Aluminum gallium arsenide,0.775,Round 3 refinement with peer support: 1,282890,Germany,metric tons,7200.0,5.0,0.675,Germany hosts significant industrial and technological centers in the semiconductor sector.
Quantum Computer,Quantum Bits (qubits),0.98,"Strong consensus among peers with an average confidence of 0.98, indicating high reliability and importance to the technology.",Aluminum,0.85,Round 3 refinement with peer support: 1,280300,CHINA,THOUSAND METRIC TONS,41000.0,58.57,0.95,USGS Mineral Commodity Summaries 2024/2023 - authoritative U.S. government production data with global coverage
Quantum Computer,Quantum Bits (qubits),0.98,"Strong consensus among peers with an average confidence of 0.98, indicating high reliability and importance to the technology.",Aluminum,0.85,Round 3 refinement with peer support: 1,280300,OTHER,THOUSAND METRIC TONS,7000.0,10.0,0.95,USGS Mineral Commodity Summaries 2024/2023 - authoritative U.S. government production data with global coverage
Quantum Computer,Quantum Bits (qubits),0.98,"Strong consensus among peers with an average confidence of 0.98, indicating high reliability and importance to the technology.",Aluminum,0.85,Round 3 refinement with peer support: 1,280300,INDIA,THOUSAND METRIC TONS,4100.0,5.86,0.95,USGS Mineral Commodity Summaries 2024/2023 - authoritative U.S. government production data with global coverage
Quantum Computer,Quantum Bits (qubits),0.98,"Strong consensus among peers with an average confidence of 0.98, indicating high reliability and importance to the technology.",Aluminum,0.85,Round 3 refinement with peer support: 1,280300,RUSSIA,THOUSAND METRIC TONS,3800.0,5.43,0.95,USGS Mineral Commodity Summaries 2024/2023 - authoritative U.S. government production data with global coverage
Quantum Computer,Quantum Bits (qubits),0.98,"Strong consensus among peers with an average confidence of 0.98, indicating high reliability and importance to the technology.",Aluminum,0.85,Round 3 refinement with peer support: 1,280300,CANADA,THOUSAND METRIC TONS,3000.0,4.29,0.95,USGS Mineral Commodity Summaries 2024/2023 - authoritative U.S. government production data with global coverage
Quantum Computer,Quantum Bits (qubits),0.98,"Strong consensus among peers with an average confidence of 0.98, indicating high reliability and importance to the technology.",Amino acids,0.7,Round 3 refinement with peer support: 0,292249,China,metric tons,1450000.0,44.0,0.783,Multi-agent debate consensus
Quantum Computer,Quantum Bits (qubits),0.98,"Strong consensus among peers with an average confidence of 0.98, indicating high reliability and importance to the technology.",Amino acids,0.7,Round 3 refinement with peer support: 0,292249,Japan,metric tons,570000.0,15.0,0.833,Multi-agent debate consensus
Quantum Computer,Quantum Bits (qubits),0.98,"Strong consensus among peers with an average confidence of 0.98, indicating high reliability and importance to the technology.",Amino acids,0.7,Round 3 refinement with peer support: 0,292249,United States,metric tons,315000.0,8.33,0.817,Multi-agent debate consensus
Quantum Computer,Quantum Bits (qubits),0.98,"Strong consensus among peers with an average confidence of 0.98, indicating high reliability and importance to the technology.",Amino acids,0.7,Round 3 refinement with peer support: 0,292249,Germany,metric tons,161666.66666666666,4.67,0.767,Multi-agent debate consensus
Quantum Computer,Quantum Bits (qubits),0.98,"Strong consensus among peers with an average confidence of 0.98, indicating high reliability and importance to the technology.",Amino acids,0.7,Round 3 refinement with peer support: 0,292249,South Korea,metric tons,208333.33333333334,5.33,0.767,Multi-agent debate consensus
Quantum Computer,Quantum Gates,0.93,"Strong support from two agents, resulting in an average confidence of 0.93, suggesting these are key components in implementing quantum computations.",Aluminum,0.9,Round 3 refinement with peer support: 2,280300,CHINA,THOUSAND METRIC TONS,41000.0,58.57,0.95,USGS Mineral Commodity Summaries 2024/2023 - authoritative U.S. government production data with global coverage
Quantum Computer,Quantum Gates,0.93,"Strong support from two agents, resulting in an average confidence of 0.93, suggesting these are key components in implementing quantum computations.",Aluminum,0.9,Round 3 refinement with peer support: 2,280300,OTHER,THOUSAND METRIC TONS,7000.0,10.0,0.95,USGS Mineral Commodity Summaries 2024/2023 - authoritative U.S. government production data with global coverage
Quantum Computer,Quantum Gates,0.93,"Strong support from two agents, resulting in an average confidence of 0.93, suggesting these are key components in implementing quantum computations.",Aluminum,0.9,Round 3 refinement with peer support: 2,280300,INDIA,THOUSAND METRIC TONS,4100.0,5.86,0.95,USGS Mineral Commodity Summaries 2024/2023 - authoritative U.S. government production data with global coverage
Quantum Computer,Quantum Gates,0.93,"Strong support from two agents, resulting in an average confidence of 0.93, suggesting these are key components in implementing quantum computations.",Aluminum,0.9,Round 3 refinement with peer support: 2,280300,RUSSIA,THOUSAND METRIC TONS,3800.0,5.43,0.95,USGS Mineral Commodity Summaries 2024/2023 - authoritative U.S. government production data with global coverage
Quantum Computer,Quantum Gates,0.93,"Strong support from two agents, resulting in an average confidence of 0.93, suggesting these are key components in implementing quantum computations.",Aluminum,0.9,Round 3 refinement with peer support: 2,280300,CANADA,THOUSAND METRIC TONS,3000.0,4.29,0.95,USGS Mineral Commodity Summaries 2024/2023 - authoritative U.S. government production data with global coverage
Quantum Computer,Quantum Gates,0.93,"Strong support from two agents, resulting in an average confidence of 0.93, suggesting these are key components in implementing quantum computations.",Bismuth telluride,0.7,Round 3 refinement with peer support: 0,284390,China,metric tons,1958.3333333333333,23.33,0.767,Multi-agent debate consensus
Quantum Computer,Quantum Gates,0.93,"Strong support from two agents, resulting in an average confidence of 0.93, suggesting these are key components in implementing quantum computations.",Bismuth telluride,0.7,Round 3 refinement with peer support: 0,284390,Russia,metric tons,380.0,6.67,0.75,Multi-agent debate consensus
Quantum Computer,Quantum Gates,0.93,"Strong support from two agents, resulting in an average confidence of 0.93, suggesting these are key components in implementing quantum computations.",Bismuth telluride,0.7,Round 3 refinement with peer support: 0,284390,Canada,metric tons,1339.3333333333333,8.27,0.75,Multi-agent debate consensus
Quantum Computer,Quantum Gates,0.93,"Strong support from two agents, resulting in an average confidence of 0.93, suggesting these are key components in implementing quantum computations.",Bismuth telluride,0.7,Round 3 refinement with peer support: 0,284390,United States,metric tons,325.0,15.0,0.8,Multi-agent debate consensus
Quantum Computer,Quantum Gates,0.93,"Strong support from two agents, resulting in an average confidence of 0.93, suggesting these are key components in implementing quantum computations.",Bismuth telluride,0.7,Round 3 refinement with peer support: 0,284390,Japan,metric tons,430.6666666666667,3.67,0.767,Multi-agent debate consensus
Quantum Computer,Error Correction Codes,0.92,"Two agents have supported this component with a combined confidence of 0.92, highlighting its essential role in ensuring fidelity of computation.",Aluminum oxide,0.7,Round 3 refinement with peer support: 0,281820,China,metric tons,28580000.0,52.33,0.933,Based on recent data from the China Non-ferrous Metals Industry Association; very reliable statistics.
Quantum Computer,Error Correction Codes,0.92,"Two agents have supported this component with a combined confidence of 0.92, highlighting its essential role in ensuring fidelity of computation.",Aluminum oxide,0.7,Round 3 refinement with peer support: 0,281820,Australia,metric tons,3275333.3333333335,13.03,0.857,Second largest producer with comprehensive datasets from the Australian Bureau of Resources and Energy Economics.
Quantum Computer,Error Correction Codes,0.92,"Two agents have supported this component with a combined confidence of 0.92, highlighting its essential role in ensuring fidelity of computation.",Aluminum oxide,0.7,Round 3 refinement with peer support: 0,281820,India,metric tons,1761166.6666666667,10.37,0.85,Fourth largest producer; data from Indian geological surveys and industry associations.
Quantum Computer,Error Correction Codes,0.92,"Two agents have supported this component with a combined confidence of 0.92, highlighting its essential role in ensuring fidelity of computation.",Aluminum oxide,0.7,Round 3 refinement with peer support: 0,281820,Algeria,metric tons,1125000.0,9.7,0.825,Major producer with well-documented mining operations and data from the Algerian government.
Quantum Computer,Error Correction Codes,0.92,"Two agents have supported this component with a combined confidence of 0.92, highlighting its essential role in ensuring fidelity of computation.",Aluminum oxide,0.7,Round 3 refinement with peer support: 0,281820,Russia,metric tons,1546000.0,7.75,0.825,Multi-agent debate consensus
Quantum Computer,Error Correction Codes,0.92,"Two agents have supported this component with a combined confidence of 0.92, highlighting its essential role in ensuring fidelity of computation.",Buffer salts,0.7,Round 3 refinement with peer support: 0,382490,China,metric tons,219000.0,45.0,0.9,Based on the most recent China National Mineral Industry Federation data; reliable and comprehensive.
Quantum Computer,Error Correction Codes,0.92,"Two agents have supported this component with a combined confidence of 0.92, highlighting its essential role in ensuring fidelity of computation.",Buffer salts,0.7,Round 3 refinement with peer support: 0,382490,Germany,metric tons,67000.0,17.0,0.85,Major manufacturing hub with robust production; good data from European sources.
Quantum Computer,Error Correction Codes,0.92,"Two agents have supported this component with a combined confidence of 0.92, highlighting its essential role in ensuring fidelity of computation.",Buffer salts,0.7,Round 3 refinement with peer support: 0,382490,India,metric tons,91000.0,16.0,0.85,Second largest producer with good industrial statistics but some reporting lag.
Quantum Computer,Error Correction Codes,0.92,"Two agents have supported this component with a combined confidence of 0.92, highlighting its essential role in ensuring fidelity of computation.",Buffer salts,0.7,Round 3 refinement with peer support: 0,382490,Australia,metric tons,27000.0,4.5,0.825,Reliable producer with strong Australian Bureau of Resources and Energy Economics (AREE) reports.
Quantum Computer,Error Correction Codes,0.92,"Two agents have supported this component with a combined confidence of 0.92, highlighting its essential role in ensuring fidelity of computation.",Buffer salts,0.7,Round 3 refinement with peer support: 0,382490,Belgium,metric tons,19500.0,5.5,0.825,Local operations and thorough data provided by industry reports; consistent production.
Quantum Computer,Superconducting Circuits,0.86,"Consistent support from two agents has led to an average confidence score of 0.86, making these critical for quantum computing architectures.",Aluminum,0.95,Round 3 refinement with peer support: 2,280300,CHINA,THOUSAND METRIC TONS,41000.0,58.57,0.95,USGS Mineral Commodity Summaries 2024/2023 - authoritative U.S. government production data with global coverage
Quantum Computer,Superconducting Circuits,0.86,"Consistent support from two agents has led to an average confidence score of 0.86, making these critical for quantum computing architectures.",Aluminum,0.95,Round 3 refinement with peer support: 2,280300,OTHER,THOUSAND METRIC TONS,7000.0,10.0,0.95,USGS Mineral Commodity Summaries 2024/2023 - authoritative U.S. government production data with global coverage
Quantum Computer,Superconducting Circuits,0.86,"Consistent support from two agents has led to an average confidence score of 0.86, making these critical for quantum computing architectures.",Aluminum,0.95,Round 3 refinement with peer support: 2,280300,INDIA,THOUSAND METRIC TONS,4100.0,5.86,0.95,USGS Mineral Commodity Summaries 2024/2023 - authoritative U.S. government production data with global coverage
Quantum Computer,Superconducting Circuits,0.86,"Consistent support from two agents has led to an average confidence score of 0.86, making these critical for quantum computing architectures.",Aluminum,0.95,Round 3 refinement with peer support: 2,280300,RUSSIA,THOUSAND METRIC TONS,3800.0,5.43,0.95,USGS Mineral Commodity Summaries 2024/2023 - authoritative U.S. government production data with global coverage
Quantum Computer,Superconducting Circuits,0.86,"Consistent support from two agents has led to an average confidence score of 0.86, making these critical for quantum computing architectures.",Aluminum,0.95,Round 3 refinement with peer support: 2,280300,CANADA,THOUSAND METRIC TONS,3000.0,4.29,0.95,USGS Mineral Commodity Summaries 2024/2023 - authoritative U.S. government production data with global coverage
Quantum Computer,Superconducting Circuits,0.86,"Consistent support from two agents has led to an average confidence score of 0.86, making these critical for quantum computing architectures.",Aluminum gallium arsenide,0.7,Round 3 refinement with peer support: 0,282890,Japan,metric tons,25466.666666666668,22.33,0.733,A major producer with significant refining capabilities for semiconductors.
Quantum Computer,Superconducting Circuits,0.86,"Consistent support from two agents has led to an average confidence score of 0.86, making these critical for quantum computing architectures.",Aluminum gallium arsenide,0.7,Round 3 refinement with peer support: 0,282890,China,metric tons,25066.666666666668,31.33,0.817,"Based on recent USGS reports, China is the leading producer of gallium."
Quantum Computer,Superconducting Circuits,0.86,"Consistent support from two agents has led to an average confidence score of 0.86, making these critical for quantum computing architectures.",Aluminum gallium arsenide,0.7,Round 3 refinement with peer support: 0,282890,United States,metric tons,46600.0,37.5,0.675,Based on U.S. Geological Survey's data and reports from academic researchers.
Quantum Computer,Superconducting Circuits,0.86,"Consistent support from two agents has led to an average confidence score of 0.86, making these critical for quantum computing architectures.",Aluminum gallium arsenide,0.7,Round 3 refinement with peer support: 0,282890,South Korea,metric tons,25320.0,10.5,0.65,South Korea hosts major semiconductor manufacturers like Samsung and SK Hynix.
Quantum Computer,Superconducting Circuits,0.86,"Consistent support from two agents has led to an average confidence score of 0.86, making these critical for quantum computing architectures.",Aluminum gallium arsenide,0.7,Round 3 refinement with peer support: 0,282890,Germany,metric tons,7200.0,5.0,0.675,Germany hosts significant industrial and technological centers in the semiconductor sector.
Quantum Computer,Superconducting Circuits,0.86,"Consistent support from two agents has led to an average confidence score of 0.86, making these critical for quantum computing architectures.",Aluminum nitride,0.7,Round 3 refinement with peer support: 0,285000,China,metric tons,12500.0,46.5,0.76,Multi-agent debate consensus
Quantum Computer,Superconducting Circuits,0.86,"Consistent support from two agents has led to an average confidence score of 0.86, making these critical for quantum computing architectures.",Aluminum nitride,0.7,Round 3 refinement with peer support: 0,285000,Japan,metric tons,14076.5,26.5,0.74,Multi-agent debate consensus
Quantum Computer,Superconducting Circuits,0.86,"Consistent support from two agents has led to an average confidence score of 0.86, making these critical for quantum computing architectures.",Aluminum nitride,0.7,Round 3 refinement with peer support: 0,285000,United States,metric tons,3226.5,7.5,0.71,Multi-agent debate consensus
Quantum Computer,Superconducting Circuits,0.86,"Consistent support from two agents has led to an average confidence score of 0.86, making these critical for quantum computing architectures.",Aluminum nitride,0.7,Round 3 refinement with peer support: 0,285000,South Korea,metric tons,8709.5,14.0,0.69,Multi-agent debate consensus
Quantum Computer,Superconducting Circuits,0.86,"Consistent support from two agents has led to an average confidence score of 0.86, making these critical for quantum computing architectures.",Aluminum nitride,0.7,Round 3 refinement with peer support: 0,285000,Germany,metric tons,2001.5,4.5,0.665,Multi-agent debate consensus
Night Vision Goggles,Image Intensifier Tube,1.0,Strong consensus among the agents (3 out of 3) at a high average confidence of 0.90. This component is essential for converting low-intensity light to visible images in night vision goggles.,Germanium,0.85,Round 3 refinement with peer support: 1,825600,China,kg,1004.3333333333334,44.33,0.833,Multi-agent debate consensus
Night Vision Goggles,Image Intensifier Tube,1.0,Strong consensus among the agents (3 out of 3) at a high average confidence of 0.90. This component is essential for converting low-intensity light to visible images in night vision goggles.,Germanium,0.85,Round 3 refinement with peer support: 1,825600,Japan,kg,236.0,16.17,0.75,Second largest producer with consistent output; industry reports confirm.
Night Vision Goggles,Image Intensifier Tube,1.0,Strong consensus among the agents (3 out of 3) at a high average confidence of 0.90. This component is essential for converting low-intensity light to visible images in night vision goggles.,Germanium,0.85,Round 3 refinement with peer support: 1,825600,Germany,kg,82.66666666666667,4.67,0.833,Primary production with significant refining capacity; comprehensive industry statistics.
Night Vision Goggles,Image Intensifier Tube,1.0,Strong consensus among the agents (3 out of 3) at a high average confidence of 0.90. This component is essential for converting low-intensity light to visible images in night vision goggles.,Germanium,0.85,Round 3 refinement with peer support: 1,825600,South Korea,kg,90.0,7.8,0.725,Fifth major producer with moderate growth potential.
Night Vision Goggles,Image Intensifier Tube,1.0,Strong consensus among the agents (3 out of 3) at a high average confidence of 0.90. This component is essential for converting low-intensity light to visible images in night vision goggles.,Germanium,0.85,Round 3 refinement with peer support: 1,825600,USA,kg,50.0,5.45,0.75,Third major producer with steady output; USGS data for 2023 is the most recent and reliable.
Night Vision Goggles,Optical Lens System,0.85,"Although proposed by one agent only, it's a critical component for directing and focusing the captured images to the viewer’s eye. Its high average confidence of 0.85 justifies its inclusion.",Germanium,0.85,Round 3 refinement with peer support: 1,825600,China,kg,1004.3333333333334,44.33,0.833,Multi-agent debate consensus
Night Vision Goggles,Optical Lens System,0.85,"Although proposed by one agent only, it's a critical component for directing and focusing the captured images to the viewer’s eye. Its high average confidence of 0.85 justifies its inclusion.",Germanium,0.85,Round 3 refinement with peer support: 1,825600,Japan,kg,236.0,16.17,0.75,Second largest producer with consistent output; industry reports confirm.
Night Vision Goggles,Optical Lens System,0.85,"Although proposed by one agent only, it's a critical component for directing and focusing the captured images to the viewer’s eye. Its high average confidence of 0.85 justifies its inclusion.",Germanium,0.85,Round 3 refinement with peer support: 1,825600,Germany,kg,82.66666666666667,4.67,0.833,Primary production with significant refining capacity; comprehensive industry statistics.
Night Vision Goggles,Optical Lens System,0.85,"Although proposed by one agent only, it's a critical component for directing and focusing the captured images to the viewer’s eye. Its high average confidence of 0.85 justifies its inclusion.",Germanium,0.85,Round 3 refinement with peer support: 1,825600,South Korea,kg,90.0,7.8,0.725,Fifth major producer with moderate growth potential.
Night Vision Goggles,Optical Lens System,0.85,"Although proposed by one agent only, it's a critical component for directing and focusing the captured images to the viewer’s eye. Its high average confidence of 0.85 justifies its inclusion.",Germanium,0.85,Round 3 refinement with peer support: 1,825600,USA,kg,50.0,5.45,0.75,Third major producer with steady output; USGS data for 2023 is the most recent and reliable.
Night Vision Goggles,Optical Lens System,0.85,"Although proposed by one agent only, it's a critical component for directing and focusing the captured images to the viewer’s eye. Its high average confidence of 0.85 justifies its inclusion.",Glass,0.7,Round 3 refinement with peer support: 0,700800,China,metric tons,154933333.33333334,41.67,0.84,Multi-agent debate consensus
Night Vision Goggles,Optical Lens System,0.85,"Although proposed by one agent only, it's a critical component for directing and focusing the captured images to the viewer’s eye. Its high average confidence of 0.85 justifies its inclusion.",Glass,0.7,Round 3 refinement with peer support: 0,700800,United States,metric tons,118866666.66666667,19.67,0.853,Multi-agent debate consensus
Night Vision Goggles,Optical Lens System,0.85,"Although proposed by one agent only, it's a critical component for directing and focusing the captured images to the viewer’s eye. Its high average confidence of 0.85 justifies its inclusion.",Glass,0.7,Round 3 refinement with peer support: 0,700800,India,metric tons,51666666.666666664,12.33,0.893,Multi-agent debate consensus
Night Vision Goggles,Optical Lens System,0.85,"Although proposed by one agent only, it's a critical component for directing and focusing the captured images to the viewer’s eye. Its high average confidence of 0.85 justifies its inclusion.",Glass,0.7,Round 3 refinement with peer support: 0,700800,Germany,metric tons,20900000.0,5.67,0.82,Multi-agent debate consensus
Night Vision Goggles,Optical Lens System,0.85,"Although proposed by one agent only, it's a critical component for directing and focusing the captured images to the viewer’s eye. Its high average confidence of 0.85 justifies its inclusion.",Glass,0.7,Round 3 refinement with peer support: 0,700800,Japan,metric tons,40350000.0,5.83,0.76,Multi-agent debate consensus
Night Vision Goggles,Optical Lens System,0.85,"Although proposed by one agent only, it's a critical component for directing and focusing the captured images to the viewer’s eye. Its high average confidence of 0.85 justifies its inclusion.",Beryllium,0.7,Round 3 refinement with peer support: 0,811212,UNITED STATES,METRIC TONS,190.0,57.58,0.95,USGS Mineral Commodity Summaries 2024/2023 - authoritative U.S. government production data with global coverage
Night Vision Goggles,Optical Lens System,0.85,"Although proposed by one agent only, it's a critical component for directing and focusing the captured images to the viewer’s eye. Its high average confidence of 0.85 justifies its inclusion.",Beryllium,0.7,Round 3 refinement with peer support: 0,811212,CHINA,METRIC TONS,74.0,22.42,0.95,USGS Mineral Commodity Summaries 2024/2023 - authoritative U.S. government production data with global coverage
Night Vision Goggles,Optical Lens System,0.85,"Although proposed by one agent only, it's a critical component for directing and focusing the captured images to the viewer’s eye. Its high average confidence of 0.85 justifies its inclusion.",Beryllium,0.7,Round 3 refinement with peer support: 0,811212,BRAZIL,METRIC TONS,40.0,12.12,0.95,USGS Mineral Commodity Summaries 2024/2023 - authoritative U.S. government production data with global coverage
Night Vision Goggles,Optical Lens System,0.85,"Although proposed by one agent only, it's a critical component for directing and focusing the captured images to the viewer’s eye. Its high average confidence of 0.85 justifies its inclusion.",Beryllium,0.7,Round 3 refinement with peer support: 0,811212,MOZAMBIQUE,METRIC TONS,24.0,7.27,0.95,USGS Mineral Commodity Summaries 2024/2023 - authoritative U.S. government production data with global coverage
Night Vision Goggles,Optical Lens System,0.85,"Although proposed by one agent only, it's a critical component for directing and focusing the captured images to the viewer’s eye. Its high average confidence of 0.85 justifies its inclusion.",Beryllium,0.7,Round 3 refinement with peer support: 0,811212,MADAGASCAR,METRIC TONS,1.0,0.3,0.95,USGS Mineral Commodity Summaries 2024/2023 - authoritative U.S. government production data with global coverage
Night Vision Goggles,Infrared Detector Array,0.92,"This component received support from Agent1 at a confidence level of 0.93, indicating strong individual agreement despite being somewhat isolated in the debate context.",Silicon carbide,0.7,Round 3 refinement with peer support: 0,284920,Japan,metric tons,11033.333333333334,20.33,0.767,Multi-agent debate consensus
Night Vision Goggles,Infrared Detector Array,0.92,"This component received support from Agent1 at a confidence level of 0.93, indicating strong individual agreement despite being somewhat isolated in the debate context.",Silicon carbide,0.7,Round 3 refinement with peer support: 0,284920,China,metric tons,137800.0,38.33,0.85,Largest silicon carbide producing country; data from government agencies and industry surveys.
Night Vision Goggles,Infrared Detector Array,0.92,"This component received support from Agent1 at a confidence level of 0.93, indicating strong individual agreement despite being somewhat isolated in the debate context.",Silicon carbide,0.7,Round 3 refinement with peer support: 0,284920,Germany,metric tons,3706.6666666666665,7.0,0.75,Multi-agent debate consensus
Night Vision Goggles,Infrared Detector Array,0.92,"This component received support from Agent1 at a confidence level of 0.93, indicating strong individual agreement despite being somewhat isolated in the debate context.",Silicon carbide,0.7,Round 3 refinement with peer support: 0,284920,United States,metric tons,23250.0,37.5,0.775,US is a major producer with robust manufacturing capability; data from industry reports.
Night Vision Goggles,Infrared Detector Array,0.92,"This component received support from Agent1 at a confidence level of 0.93, indicating strong individual agreement despite being somewhat isolated in the debate context.",Silicon carbide,0.7,Round 3 refinement with peer support: 0,284920,South Korea,metric tons,2006.6666666666667,5.0,0.767,Not a major player but consistently produces significant volumes; data from industry associations.
Night Vision Goggles,Power Supply,0.92,Supported twice with a relatively high average confidence of 0.91; essential for powering night vision goggles but not a core imaging or functionality component.,Silver,0.7,Round 3 refinement with peer support: 0,710610,MEXICO,METRIC TONS,6400.0,24.62,0.95,USGS Mineral Commodity Summaries 2024/2023 - authoritative U.S. government production data with global coverage
Night Vision Goggles,Power Supply,0.92,Supported twice with a relatively high average confidence of 0.91; essential for powering night vision goggles but not a core imaging or functionality component.,Silver,0.7,Round 3 refinement with peer support: 0,710610,CHINA,METRIC TONS,3400.0,13.08,0.95,USGS Mineral Commodity Summaries 2024/2023 - authoritative U.S. government production data with global coverage
Night Vision Goggles,Power Supply,0.92,Supported twice with a relatively high average confidence of 0.91; essential for powering night vision goggles but not a core imaging or functionality component.,Silver,0.7,Round 3 refinement with peer support: 0,710610,PERU,METRIC TONS,3100.0,11.92,0.95,USGS Mineral Commodity Summaries 2024/2023 - authoritative U.S. government production data with global coverage
Night Vision Goggles,Power Supply,0.92,Supported twice with a relatively high average confidence of 0.91; essential for powering night vision goggles but not a core imaging or functionality component.,Silver,0.7,Round 3 refinement with peer support: 0,710610,OTHER,METRIC TONS,3000.0,11.54,0.95,USGS Mineral Commodity Summaries 2024/2023 - authoritative U.S. government production data with global coverage
Night Vision Goggles,Power Supply,0.92,Supported twice with a relatively high average confidence of 0.91; essential for powering night vision goggles but not a core imaging or functionality component.,Silver,0.7,Round 3 refinement with peer support: 0,710610,CHILE,METRIC TONS,1400.0,5.38,0.95,USGS Mineral Commodity Summaries 2024/2023 - authoritative U.S. government production data with global coverage
Night Vision Goggles,Battery Pack And Power Supply,0.85,"There is one agent supporting this component with an average confidence of 0.91, but it appears only once; hence the moderate confidence score.",Graphite,0.7,Round 3 refinement with peer support: 0,380110,CHINA,METRIC TONS,1230000.0,76.88,0.95,USGS Mineral Commodity Summaries 2024/2023 - authoritative U.S. government production data with global coverage
Night Vision Goggles,Battery Pack And Power Supply,0.85,"There is one agent supporting this component with an average confidence of 0.91, but it appears only once; hence the moderate confidence score.",Graphite,0.7,Round 3 refinement with peer support: 0,380110,MADAGASCAR,METRIC TONS,100000.0,6.25,0.95,USGS Mineral Commodity Summaries 2024/2023 - authoritative U.S. government production data with global coverage
Night Vision Goggles,Battery Pack And Power Supply,0.85,"There is one agent supporting this component with an average confidence of 0.91, but it appears only once; hence the moderate confidence score.",Graphite,0.7,Round 3 refinement with peer support: 0,380110,MOZAMBIQUE,METRIC TONS,96000.0,6.0,0.95,USGS Mineral Commodity Summaries 2024/2023 - authoritative U.S. government production data with global coverage
Night Vision Goggles,Battery Pack And Power Supply,0.85,"There is one agent supporting this component with an average confidence of 0.91, but it appears only once; hence the moderate confidence score.",Graphite,0.7,Round 3 refinement with peer support: 0,380110,BRAZIL,METRIC TONS,73000.0,4.56,0.95,USGS Mineral Commodity Summaries 2024/2023 - authoritative U.S. government production data with global coverage
Night Vision Goggles,Battery Pack And Power Supply,0.85,"There is one agent supporting this component with an average confidence of 0.91, but it appears only once; hence the moderate confidence score.",Graphite,0.7,Round 3 refinement with peer support: 0,380110,"KOREA, REPUBLIC OF",METRIC TONS,27000.0,1.69,0.95,USGS Mineral Commodity Summaries 2024/2023 - authoritative U.S. government production data with global coverage
Night Vision Goggles,Microprocessing Unit,0.7,Appears once with an average confidence of 0.80; critical components like MPUs are often combined or integrated into the overall system design without being a standalone primary component by itself.,Silicon,0.85,Round 3 refinement with peer support: 1,280469,CHINA,THOUSAND METRIC TONS,3600.0,40.0,0.95,USGS Mineral Commodity Summaries 2024/2023 - authoritative U.S. government production data with global coverage
Night Vision Goggles,Microprocessing Unit,0.7,Appears once with an average confidence of 0.80; critical components like MPUs are often combined or integrated into the overall system design without being a standalone primary component by itself.,Silicon,0.85,Round 3 refinement with peer support: 1,280469,RUSSIA,THOUSAND METRIC TONS,570.0,6.33,0.95,USGS Mineral Commodity Summaries 2024/2023 - authoritative U.S. government production data with global coverage
Night Vision Goggles,Microprocessing Unit,0.7,Appears once with an average confidence of 0.80; critical components like MPUs are often combined or integrated into the overall system design without being a standalone primary component by itself.,Silicon,0.85,Round 3 refinement with peer support: 1,280469,BRAZIL,THOUSAND METRIC TONS,190.0,2.11,0.95,USGS Mineral Commodity Summaries 2024/2023 - authoritative U.S. government production data with global coverage
Night Vision Goggles,Microprocessing Unit,0.7,Appears once with an average confidence of 0.80; critical components like MPUs are often combined or integrated into the overall system design without being a standalone primary component by itself.,Silicon,0.85,Round 3 refinement with peer support: 1,280469,NORWAY,THOUSAND METRIC TONS,200.0,2.22,0.95,USGS Mineral Commodity Summaries 2024/2023 - authoritative U.S. government production data with global coverage
Night Vision Goggles,Microprocessing Unit,0.7,Appears once with an average confidence of 0.80; critical components like MPUs are often combined or integrated into the overall system design without being a standalone primary component by itself.,Silicon,0.85,Round 3 refinement with peer support: 1,280469,OTHER,THOUSAND METRIC TONS,100.0,1.11,0.95,USGS Mineral Commodity Summaries 2024/2023 - authoritative U.S. government production data with global coverage
MRI Machine,Superconducting Magnet,0.98,Strong consensus from multiple sources indicates this is a primary component for MRI machines.,Copper,0.85,Round 3 refinement with peer support: 1,740100,CHINA,THOUSAND METRIC TONS,1700.0,3.47,0.95,USGS Mineral Commodity Summaries 2024/2023 - authoritative U.S. government production data with global coverage
MRI Machine,Superconducting Magnet,0.98,Strong consensus from multiple sources indicates this is a primary component for MRI machines.,Copper,0.85,Round 3 refinement with peer support: 1,740100,CHILE,THOUSAND METRIC TONS,5000.0,10.2,0.95,USGS Mineral Commodity Summaries 2024/2023 - authoritative U.S. government production data with global coverage
MRI Machine,Superconducting Magnet,0.98,Strong consensus from multiple sources indicates this is a primary component for MRI machines.,Copper,0.85,Round 3 refinement with peer support: 1,740100,OTHER,THOUSAND METRIC TONS,3100.0,6.33,0.95,USGS Mineral Commodity Summaries 2024/2023 - authoritative U.S. government production data with global coverage
MRI Machine,Superconducting Magnet,0.98,Strong consensus from multiple sources indicates this is a primary component for MRI machines.,Copper,0.85,Round 3 refinement with peer support: 1,740100,CONGO,THOUSAND METRIC TONS,2500.0,5.1,0.95,USGS Mineral Commodity Summaries 2024/2023 - authoritative U.S. government production data with global coverage
MRI Machine,Superconducting Magnet,0.98,Strong consensus from multiple sources indicates this is a primary component for MRI machines.,Copper,0.85,Round 3 refinement with peer support: 1,740100,PERU,THOUSAND METRIC TONS,2600.0,5.31,0.95,USGS Mineral Commodity Summaries 2024/2023 - authoritative U.S. government production data with global coverage
MRI Machine,Superconducting Magnet,0.98,Strong consensus from multiple sources indicates this is a primary component for MRI machines.,Nickel,0.7,Round 3 refinement with peer support: 0,750110,INDONESIA,METRIC TONS,1800000.0,50.0,0.95,USGS Mineral Commodity Summaries 2024/2023 - authoritative U.S. government production data with global coverage
MRI Machine,Superconducting Magnet,0.98,Strong consensus from multiple sources indicates this is a primary component for MRI machines.,Nickel,0.7,Round 3 refinement with peer support: 0,750110,PHILIPPINES,METRIC TONS,400000.0,11.11,0.95,USGS Mineral Commodity Summaries 2024/2023 - authoritative U.S. government production data with global coverage
MRI Machine,Superconducting Magnet,0.98,Strong consensus from multiple sources indicates this is a primary component for MRI machines.,Nickel,0.7,Round 3 refinement with peer support: 0,750110,OTHER,METRIC TONS,380000.0,10.56,0.95,USGS Mineral Commodity Summaries 2024/2023 - authoritative U.S. government production data with global coverage
MRI Machine,Superconducting Magnet,0.98,Strong consensus from multiple sources indicates this is a primary component for MRI machines.,Nickel,0.7,Round 3 refinement with peer support: 0,750110,NEW CALEDONIA,METRIC TONS,230000.0,6.39,0.95,USGS Mineral Commodity Summaries 2024/2023 - authoritative U.S. government production data with global coverage
MRI Machine,Superconducting Magnet,0.98,Strong consensus from multiple sources indicates this is a primary component for MRI machines.,Nickel,0.7,Round 3 refinement with peer support: 0,750110,RUSSIA,METRIC TONS,200000.0,5.56,0.95,USGS Mineral Commodity Summaries 2024/2023 - authoritative U.S. government production data with global coverage
MRI Machine,Rf Coil Array,0.85,"Despite being proposed by only one agent, it aligns with critical MRI function, thus maintaining an average confidence score of 0.85 after considering its importance",Copper,0.95,Round 3 refinement with peer support: 2,740100,CHINA,THOUSAND METRIC TONS,1700.0,3.47,0.95,USGS Mineral Commodity Summaries 2024/2023 - authoritative U.S. government production data with global coverage
MRI Machine,Rf Coil Array,0.85,"Despite being proposed by only one agent, it aligns with critical MRI function, thus maintaining an average confidence score of 0.85 after considering its importance",Copper,0.95,Round 3 refinement with peer support: 2,740100,CHILE,THOUSAND METRIC TONS,5000.0,10.2,0.95,USGS Mineral Commodity Summaries 2024/2023 - authoritative U.S. government production data with global coverage
MRI Machine,Rf Coil Array,0.85,"Despite being proposed by only one agent, it aligns with critical MRI function, thus maintaining an average confidence score of 0.85 after considering its importance",Copper,0.95,Round 3 refinement with peer support: 2,740100,OTHER,THOUSAND METRIC TONS,3100.0,6.33,0.95,USGS Mineral Commodity Summaries 2024/2023 - authoritative U.S. government production data with global coverage
MRI Machine,Rf Coil Array,0.85,"Despite being proposed by only one agent, it aligns with critical MRI function, thus maintaining an average confidence score of 0.85 after considering its importance",Copper,0.95,Round 3 refinement with peer support: 2,740100,CONGO,THOUSAND METRIC TONS,2500.0,5.1,0.95,USGS Mineral Commodity Summaries 2024/2023 - authoritative U.S. government production data with global coverage
MRI Machine,Rf Coil Array,0.85,"Despite being proposed by only one agent, it aligns with critical MRI function, thus maintaining an average confidence score of 0.85 after considering its importance",Copper,0.95,Round 3 refinement with peer support: 2,740100,PERU,THOUSAND METRIC TONS,2600.0,5.31,0.95,USGS Mineral Commodity Summaries 2024/2023 - authoritative U.S. government production data with global coverage
MRI Machine,Rf Coil Array,0.85,"Despite being proposed by only one agent, it aligns with critical MRI function, thus maintaining an average confidence score of 0.85 after considering its importance",Nickel,0.7,Round 3 refinement with peer support: 0,750110,INDONESIA,METRIC TONS,1800000.0,50.0,0.95,USGS Mineral Commodity Summaries 2024/2023 - authoritative U.S. government production data with global coverage
MRI Machine,Rf Coil Array,0.85,"Despite being proposed by only one agent, it aligns with critical MRI function, thus maintaining an average confidence score of 0.85 after considering its importance",Nickel,0.7,Round 3 refinement with peer support: 0,750110,PHILIPPINES,METRIC TONS,400000.0,11.11,0.95,USGS Mineral Commodity Summaries 2024/2023 - authoritative U.S. government production data with global coverage
MRI Machine,Rf Coil Array,0.85,"Despite being proposed by only one agent, it aligns with critical MRI function, thus maintaining an average confidence score of 0.85 after considering its importance",Nickel,0.7,Round 3 refinement with peer support: 0,750110,OTHER,METRIC TONS,380000.0,10.56,0.95,USGS Mineral Commodity Summaries 2024/2023 - authoritative U.S. government production data with global coverage
MRI Machine,Rf Coil Array,0.85,"Despite being proposed by only one agent, it aligns with critical MRI function, thus maintaining an average confidence score of 0.85 after considering its importance",Nickel,0.7,Round 3 refinement with peer support: 0,750110,NEW CALEDONIA,METRIC TONS,230000.0,6.39,0.95,USGS Mineral Commodity Summaries 2024/2023 - authoritative U.S. government production data with global coverage
MRI Machine,Rf Coil Array,0.85,"Despite being proposed by only one agent, it aligns with critical MRI function, thus maintaining an average confidence score of 0.85 after considering its importance",Nickel,0.7,Round 3 refinement with peer support: 0,750110,RUSSIA,METRIC TONS,200000.0,5.56,0.95,USGS Mineral Commodity Summaries 2024/2023 - authoritative U.S. government production data with global coverage
MRI Machine,Rf Transmitter/receiver System,0.85,"While this component was only proposed once by Agent1, its function is widely recognized in MRI technology.",Nickel,0.7,Round 3 refinement with peer support: 0,750110,INDONESIA,METRIC TONS,1800000.0,50.0,0.95,USGS Mineral Commodity Summaries 2024/2023 - authoritative U.S. government production data with global coverage
MRI Machine,Rf Transmitter/receiver System,0.85,"While this component was only proposed once by Agent1, its function is widely recognized in MRI technology.",Nickel,0.7,Round 3 refinement with peer support: 0,750110,PHILIPPINES,METRIC TONS,400000.0,11.11,0.95,USGS Mineral Commodity Summaries 2024/2023 - authoritative U.S. government production data with global coverage
MRI Machine,Rf Transmitter/receiver System,0.85,"While this component was only proposed once by Agent1, its function is widely recognized in MRI technology.",Nickel,0.7,Round 3 refinement with peer support: 0,750110,OTHER,METRIC TONS,380000.0,10.56,0.95,USGS Mineral Commodity Summaries 2024/2023 - authoritative U.S. government production data with global coverage
MRI Machine,Rf Transmitter/receiver System,0.85,"While this component was only proposed once by Agent1, its function is widely recognized in MRI technology.",Nickel,0.7,Round 3 refinement with peer support: 0,750110,NEW CALEDONIA,METRIC TONS,230000.0,6.39,0.95,USGS Mineral Commodity Summaries 2024/2023 - authoritative U.S. government production data with global coverage
MRI Machine,Rf Transmitter/receiver System,0.85,"While this component was only proposed once by Agent1, its function is widely recognized in MRI technology.",Nickel,0.7,Round 3 refinement with peer support: 0,750110,RUSSIA,METRIC TONS,200000.0,5.56,0.95,USGS Mineral Commodity Summaries 2024/2023 - authoritative U.S. government production data with global coverage
MRI Machine,Rf Transmitter/receiver System,0.85,"While this component was only proposed once by Agent1, its function is widely recognized in MRI technology.",Aluminum nitride,0.7,Round 3 refinement with peer support: 0,285000,China,metric tons,12500.0,46.5,0.76,Multi-agent debate consensus
MRI Machine,Rf Transmitter/receiver System,0.85,"While this component was only proposed once by Agent1, its function is widely recognized in MRI technology.",Aluminum nitride,0.7,Round 3 refinement with peer support: 0,285000,Japan,metric tons,14076.5,26.5,0.74,Multi-agent debate consensus
MRI Machine,Rf Transmitter/receiver System,0.85,"While this component was only proposed once by Agent1, its function is widely recognized in MRI technology.",Aluminum nitride,0.7,Round 3 refinement with peer support: 0,285000,United States,metric tons,3226.5,7.5,0.71,Multi-agent debate consensus
MRI Machine,Rf Transmitter/receiver System,0.85,"While this component was only proposed once by Agent1, its function is widely recognized in MRI technology.",Aluminum nitride,0.7,Round 3 refinement with peer support: 0,285000,South Korea,metric tons,8709.5,14.0,0.69,Multi-agent debate consensus
MRI Machine,Rf Transmitter/receiver System,0.85,"While this component was only proposed once by Agent1, its function is widely recognized in MRI technology.",Aluminum nitride,0.7,Round 3 refinement with peer support: 0,285000,Germany,metric tons,2001.5,4.5,0.665,Multi-agent debate consensus
MRI Machine,Precision Cooling Systems,0.75,This proposal received one high-confidence endorsement but lacks broader consensus.,Aluminum,0.85,Round 3 refinement with peer support: 1,280300,CHINA,THOUSAND METRIC TONS,41000.0,58.57,0.95,USGS Mineral Commodity Summaries 2024/2023 - authoritative U.S. government production data with global coverage
MRI Machine,Precision Cooling Systems,0.75,This proposal received one high-confidence endorsement but lacks broader consensus.,Aluminum,0.85,Round 3 refinement with peer support: 1,280300,OTHER,THOUSAND METRIC TONS,7000.0,10.0,0.95,USGS Mineral Commodity Summaries 2024/2023 - authoritative U.S. government production data with global coverage
MRI Machine,Precision Cooling Systems,0.75,This proposal received one high-confidence endorsement but lacks broader consensus.,Aluminum,0.85,Round 3 refinement with peer support: 1,280300,INDIA,THOUSAND METRIC TONS,4100.0,5.86,0.95,USGS Mineral Commodity Summaries 2024/2023 - authoritative U.S. government production data with global coverage
MRI Machine,Precision Cooling Systems,0.75,This proposal received one high-confidence endorsement but lacks broader consensus.,Aluminum,0.85,Round 3 refinement with peer support: 1,280300,RUSSIA,THOUSAND METRIC TONS,3800.0,5.43,0.95,USGS Mineral Commodity Summaries 2024/2023 - authoritative U.S. government production data with global coverage
MRI Machine,Precision Cooling Systems,0.75,This proposal received one high-confidence endorsement but lacks broader consensus.,Aluminum,0.85,Round 3 refinement with peer support: 1,280300,CANADA,THOUSAND METRIC TONS,3000.0,4.29,0.95,USGS Mineral Commodity Summaries 2024/2023 - authoritative U.S. government production data with global coverage
MRI Machine,Precision Cooling Systems,0.75,This proposal received one high-confidence endorsement but lacks broader consensus.,Copper,0.7,Round 3 refinement with peer support: 0,740100,CHINA,THOUSAND METRIC TONS,1700.0,3.47,0.95,USGS Mineral Commodity Summaries 2024/2023 - authoritative U.S. government production data with global coverage
MRI Machine,Precision Cooling Systems,0.75,This proposal received one high-confidence endorsement but lacks broader consensus.,Copper,0.7,Round 3 refinement with peer support: 0,740100,CHILE,THOUSAND METRIC TONS,5000.0,10.2,0.95,USGS Mineral Commodity Summaries 2024/2023 - authoritative U.S. government production data with global coverage
MRI Machine,Precision Cooling Systems,0.75,This proposal received one high-confidence endorsement but lacks broader consensus.,Copper,0.7,Round 3 refinement with peer support: 0,740100,OTHER,THOUSAND METRIC TONS,3100.0,6.33,0.95,USGS Mineral Commodity Summaries 2024/2023 - authoritative U.S. government production data with global coverage
MRI Machine,Precision Cooling Systems,0.75,This proposal received one high-confidence endorsement but lacks broader consensus.,Copper,0.7,Round 3 refinement with peer support: 0,740100,CONGO,THOUSAND METRIC TONS,2500.0,5.1,0.95,USGS Mineral Commodity Summaries 2024/2023 - authoritative U.S. government production data with global coverage
MRI Machine,Precision Cooling Systems,0.75,This proposal received one high-confidence endorsement but lacks broader consensus.,Copper,0.7,Round 3 refinement with peer support: 0,740100,PERU,THOUSAND METRIC TONS,2600.0,5.31,0.95,USGS Mineral Commodity Summaries 2024/2023 - authoritative U.S. government production data with global coverage
Solar Panel,Photovoltaic Cells,0.98,Photovoltaic cells are the primary light-to-electricity conversion units in a solar panel and form the core functionality of the device. The strong consensus among Agents supports their inclusion with high confidence.,Silicon,0.95,Round 3 refinement with peer support: 2,280469,CHINA,THOUSAND METRIC TONS,3600.0,40.0,0.95,USGS Mineral Commodity Summaries 2024/2023 - authoritative U.S. government production data with global coverage
Solar Panel,Photovoltaic Cells,0.98,Photovoltaic cells are the primary light-to-electricity conversion units in a solar panel and form the core functionality of the device. The strong consensus among Agents supports their inclusion with high confidence.,Silicon,0.95,Round 3 refinement with peer support: 2,280469,RUSSIA,THOUSAND METRIC TONS,570.0,6.33,0.95,USGS Mineral Commodity Summaries 2024/2023 - authoritative U.S. government production data with global coverage
Solar Panel,Photovoltaic Cells,0.98,Photovoltaic cells are the primary light-to-electricity conversion units in a solar panel and form the core functionality of the device. The strong consensus among Agents supports their inclusion with high confidence.,Silicon,0.95,Round 3 refinement with peer support: 2,280469,BRAZIL,THOUSAND METRIC TONS,190.0,2.11,0.95,USGS Mineral Commodity Summaries 2024/2023 - authoritative U.S. government production data with global coverage
Solar Panel,Photovoltaic Cells,0.98,Photovoltaic cells are the primary light-to-electricity conversion units in a solar panel and form the core functionality of the device. The strong consensus among Agents supports their inclusion with high confidence.,Silicon,0.95,Round 3 refinement with peer support: 2,280469,NORWAY,THOUSAND METRIC TONS,200.0,2.22,0.95,USGS Mineral Commodity Summaries 2024/2023 - authoritative U.S. government production data with global coverage
Solar Panel,Photovoltaic Cells,0.98,Photovoltaic cells are the primary light-to-electricity conversion units in a solar panel and form the core functionality of the device. The strong consensus among Agents supports their inclusion with high confidence.,Silicon,0.95,Round 3 refinement with peer support: 2,280469,OTHER,THOUSAND METRIC TONS,100.0,1.11,0.95,USGS Mineral Commodity Summaries 2024/2023 - authoritative U.S. government production data with global coverage
Solar Panel,Photovoltaic Cells,0.98,Photovoltaic cells are the primary light-to-electricity conversion units in a solar panel and form the core functionality of the device. The strong consensus among Agents supports their inclusion with high confidence.,Aluminum,0.775,Round 3 refinement with peer support: 1,280300,CHINA,THOUSAND METRIC TONS,41000.0,58.57,0.95,USGS Mineral Commodity Summaries 2024/2023 - authoritative U.S. government production data with global coverage
Solar Panel,Photovoltaic Cells,0.98,Photovoltaic cells are the primary light-to-electricity conversion units in a solar panel and form the core functionality of the device. The strong consensus among Agents supports their inclusion with high confidence.,Aluminum,0.775,Round 3 refinement with peer support: 1,280300,OTHER,THOUSAND METRIC TONS,7000.0,10.0,0.95,USGS Mineral Commodity Summaries 2024/2023 - authoritative U.S. government production data with global coverage
Solar Panel,Photovoltaic Cells,0.98,Photovoltaic cells are the primary light-to-electricity conversion units in a solar panel and form the core functionality of the device. The strong consensus among Agents supports their inclusion with high confidence.,Aluminum,0.775,Round 3 refinement with peer support: 1,280300,INDIA,THOUSAND METRIC TONS,4100.0,5.86,0.95,USGS Mineral Commodity Summaries 2024/2023 - authoritative U.S. government production data with global coverage
Solar Panel,Photovoltaic Cells,0.98,Photovoltaic cells are the primary light-to-electricity conversion units in a solar panel and form the core functionality of the device. The strong consensus among Agents supports their inclusion with high confidence.,Aluminum,0.775,Round 3 refinement with peer support: 1,280300,RUSSIA,THOUSAND METRIC TONS,3800.0,5.43,0.95,USGS Mineral Commodity Summaries 2024/2023 - authoritative U.S. government production data with global coverage
Solar Panel,Photovoltaic Cells,0.98,Photovoltaic cells are the primary light-to-electricity conversion units in a solar panel and form the core functionality of the device. The strong consensus among Agents supports their inclusion with high confidence.,Aluminum,0.775,Round 3 refinement with peer support: 1,280300,CANADA,THOUSAND METRIC TONS,3000.0,4.29,0.95,USGS Mineral Commodity Summaries 2024/2023 - authoritative U.S. government production data with global coverage
Solar Panel,Photovoltaic Cells,0.98,Photovoltaic cells are the primary light-to-electricity conversion units in a solar panel and form the core functionality of the device. The strong consensus among Agents supports their inclusion with high confidence.,Boron,0.85,Round 3 refinement with peer support: 1,280450,Turkey,metric tons,291633.3333333333,58.0,0.84,Based on data from the Turkish Ministry of Energy and Natural Resources; very reliable official statistics
Solar Panel,Photovoltaic Cells,0.98,Photovoltaic cells are the primary light-to-electricity conversion units in a solar panel and form the core functionality of the device. The strong consensus among Agents supports their inclusion with high confidence.,Boron,0.85,Round 3 refinement with peer support: 1,280450,China,metric tons,69885.14333333333,13.67,0.817,Largest producer in Asia; data from the China National Nuclear Corporation
Solar Panel,Photovoltaic Cells,0.98,Photovoltaic cells are the primary light-to-electricity conversion units in a solar panel and form the core functionality of the device. The strong consensus among Agents supports their inclusion with high confidence.,Boron,0.85,Round 3 refinement with peer support: 1,280450,Romania,metric tons,15187.5,2.86,0.783,Multi-agent debate consensus
Solar Panel,Photovoltaic Cells,0.98,Photovoltaic cells are the primary light-to-electricity conversion units in a solar panel and form the core functionality of the device. The strong consensus among Agents supports their inclusion with high confidence.,Boron,0.85,Round 3 refinement with peer support: 1,280450,Jordan,metric tons,77389.86666666667,13.47,0.783,Multi-agent debate consensus
Solar Panel,Photovoltaic Cells,0.98,Photovoltaic cells are the primary light-to-electricity conversion units in a solar panel and form the core functionality of the device. The strong consensus among Agents supports their inclusion with high confidence.,Boron,0.85,Round 3 refinement with peer support: 1,280450,Uzbekistan,metric tons,61118.975,9.2,0.85,Primary producer based on reports from the United States Geological Survey; well-established industry
Solar Panel,Photovoltaic Cells,0.98,Photovoltaic cells are the primary light-to-electricity conversion units in a solar panel and form the core functionality of the device. The strong consensus among Agents supports their inclusion with high confidence.,Silver,0.7,Round 3 refinement with peer support: 0,710610,MEXICO,METRIC TONS,6400.0,24.62,0.95,USGS Mineral Commodity Summaries 2024/2023 - authoritative U.S. government production data with global coverage
Solar Panel,Photovoltaic Cells,0.98,Photovoltaic cells are the primary light-to-electricity conversion units in a solar panel and form the core functionality of the device. The strong consensus among Agents supports their inclusion with high confidence.,Silver,0.7,Round 3 refinement with peer support: 0,710610,CHINA,METRIC TONS,3400.0,13.08,0.95,USGS Mineral Commodity Summaries 2024/2023 - authoritative U.S. government production data with global coverage
Solar Panel,Photovoltaic Cells,0.98,Photovoltaic cells are the primary light-to-electricity conversion units in a solar panel and form the core functionality of the device. The strong consensus among Agents supports their inclusion with high confidence.,Silver,0.7,Round 3 refinement with peer support: 0,710610,PERU,METRIC TONS,3100.0,11.92,0.95,USGS Mineral Commodity Summaries 2024/2023 - authoritative U.S. government production data with global coverage
Solar Panel,Photovoltaic Cells,0.98,Photovoltaic cells are the primary light-to-electricity conversion units in a solar panel and form the core functionality of the device. The strong consensus among Agents supports their inclusion with high confidence.,Silver,0.7,Round 3 refinement with peer support: 0,710610,OTHER,METRIC TONS,3000.0,11.54,0.95,USGS Mineral Commodity Summaries 2024/2023 - authoritative U.S. government production data with global coverage
Solar Panel,Photovoltaic Cells,0.98,Photovoltaic cells are the primary light-to-electricity conversion units in a solar panel and form the core functionality of the device. The strong consensus among Agents supports their inclusion with high confidence.,Silver,0.7,Round 3 refinement with peer support: 0,710610,CHILE,METRIC TONS,1400.0,5.38,0.95,USGS Mineral Commodity Summaries 2024/2023 - authoritative U.S. government production data with global coverage
Solar Panel,Frame,0.92,The frame provides structural support and keeps the panel intact during installation and use. Agreements on its critical role indicate strong support with average confidence due to variability in design implementations.,Aluminum,0.95,Round 3 refinement with peer support: 2,280300,CHINA,THOUSAND METRIC TONS,41000.0,58.57,0.95,USGS Mineral Commodity Summaries 2024/2023 - authoritative U.S. government production data with global coverage
Solar Panel,Frame,0.92,The frame provides structural support and keeps the panel intact during installation and use. Agreements on its critical role indicate strong support with average confidence due to variability in design implementations.,Aluminum,0.95,Round 3 refinement with peer support: 2,280300,OTHER,THOUSAND METRIC TONS,7000.0,10.0,0.95,USGS Mineral Commodity Summaries 2024/2023 - authoritative U.S. government production data with global coverage
Solar Panel,Frame,0.92,The frame provides structural support and keeps the panel intact during installation and use. Agreements on its critical role indicate strong support with average confidence due to variability in design implementations.,Aluminum,0.95,Round 3 refinement with peer support: 2,280300,INDIA,THOUSAND METRIC TONS,4100.0,5.86,0.95,USGS Mineral Commodity Summaries 2024/2023 - authoritative U.S. government production data with global coverage
Solar Panel,Frame,0.92,The frame provides structural support and keeps the panel intact during installation and use. Agreements on its critical role indicate strong support with average confidence due to variability in design implementations.,Aluminum,0.95,Round 3 refinement with peer support: 2,280300,RUSSIA,THOUSAND METRIC TONS,3800.0,5.43,0.95,USGS Mineral Commodity Summaries 2024/2023 - authoritative U.S. government production data with global coverage
Solar Panel,Frame,0.92,The frame provides structural support and keeps the panel intact during installation and use. Agreements on its critical role indicate strong support with average confidence due to variability in design implementations.,Aluminum,0.95,Round 3 refinement with peer support: 2,280300,CANADA,THOUSAND METRIC TONS,3000.0,4.29,0.95,USGS Mineral Commodity Summaries 2024/2023 - authoritative U.S. government production data with global coverage
Power Amplifiers,Transistor,1.0,Transistors are the core active devices in power amplifiers due to their ability to amplify signals. The strong consensus among multiple agents with high confidence supports this choice.,Silicon,0.95,Round 3 refinement with peer support: 2,280469,CHINA,THOUSAND METRIC TONS,3600.0,40.0,0.95,USGS Mineral Commodity Summaries 2024/2023 - authoritative U.S. government production data with global coverage
Power Amplifiers,Transistor,1.0,Transistors are the core active devices in power amplifiers due to their ability to amplify signals. The strong consensus among multiple agents with high confidence supports this choice.,Silicon,0.95,Round 3 refinement with peer support: 2,280469,RUSSIA,THOUSAND METRIC TONS,570.0,6.33,0.95,USGS Mineral Commodity Summaries 2024/2023 - authoritative U.S. government production data with global coverage
Power Amplifiers,Transistor,1.0,Transistors are the core active devices in power amplifiers due to their ability to amplify signals. The strong consensus among multiple agents with high confidence supports this choice.,Silicon,0.95,Round 3 refinement with peer support: 2,280469,BRAZIL,THOUSAND METRIC TONS,190.0,2.11,0.95,USGS Mineral Commodity Summaries 2024/2023 - authoritative U.S. government production data with global coverage
Power Amplifiers,Transistor,1.0,Transistors are the core active devices in power amplifiers due to their ability to amplify signals. The strong consensus among multiple agents with high confidence supports this choice.,Silicon,0.95,Round 3 refinement with peer support: 2,280469,NORWAY,THOUSAND METRIC TONS,200.0,2.22,0.95,USGS Mineral Commodity Summaries 2024/2023 - authoritative U.S. government production data with global coverage
Power Amplifiers,Transistor,1.0,Transistors are the core active devices in power amplifiers due to their ability to amplify signals. The strong consensus among multiple agents with high confidence supports this choice.,Silicon,0.95,Round 3 refinement with peer support: 2,280469,OTHER,THOUSAND METRIC TONS,100.0,1.11,0.95,USGS Mineral Commodity Summaries 2024/2023 - authoritative U.S. government production data with global coverage
Power Amplifiers,Transistor,1.0,Transistors are the core active devices in power amplifiers due to their ability to amplify signals. The strong consensus among multiple agents with high confidence supports this choice.,Germanium,0.775,Round 3 refinement with peer support: 1,825600,China,kg,1004.3333333333334,44.33,0.833,Multi-agent debate consensus
Power Amplifiers,Transistor,1.0,Transistors are the core active devices in power amplifiers due to their ability to amplify signals. The strong consensus among multiple agents with high confidence supports this choice.,Germanium,0.775,Round 3 refinement with peer support: 1,825600,Japan,kg,236.0,16.17,0.75,Second largest producer with consistent output; industry reports confirm.
Power Amplifiers,Transistor,1.0,Transistors are the core active devices in power amplifiers due to their ability to amplify signals. The strong consensus among multiple agents with high confidence supports this choice.,Germanium,0.775,Round 3 refinement with peer support: 1,825600,Germany,kg,82.66666666666667,4.67,0.833,Primary production with significant refining capacity; comprehensive industry statistics.
Power Amplifiers,Transistor,1.0,Transistors are the core active devices in power amplifiers due to their ability to amplify signals. The strong consensus among multiple agents with high confidence supports this choice.,Germanium,0.775,Round 3 refinement with peer support: 1,825600,South Korea,kg,90.0,7.8,0.725,Fifth major producer with moderate growth potential.
Power Amplifiers,Transistor,1.0,Transistors are the core active devices in power amplifiers due to their ability to amplify signals. The strong consensus among multiple agents with high confidence supports this choice.,Germanium,0.775,Round 3 refinement with peer support: 1,825600,USA,kg,50.0,5.45,0.75,Third major producer with steady output; USGS data for 2023 is the most recent and reliable.
Power Amplifiers,Transistor,1.0,Transistors are the core active devices in power amplifiers due to their ability to amplify signals. The strong consensus among multiple agents with high confidence supports this choice.,Boron trioxide,0.7,Round 3 refinement with peer support: 0,281000,China,metric tons,66000.0,27.33,0.873,Based on recent reports from the China Geological Survey; significant mining operations.
Power Amplifiers,Transistor,1.0,Transistors are the core active devices in power amplifiers due to their ability to amplify signals. The strong consensus among multiple agents with high confidence supports this choice.,Boron trioxide,0.7,Round 3 refinement with peer support: 0,281000,Turkey,metric tons,9666.666666666666,18.0,0.783,Multi-agent debate consensus
Power Amplifiers,Transistor,1.0,Transistors are the core active devices in power amplifiers due to their ability to amplify signals. The strong consensus among multiple agents with high confidence supports this choice.,Boron trioxide,0.7,Round 3 refinement with peer support: 0,281000,United States,metric tons,40040.0,10.08,0.833,Multi-agent debate consensus
Power Amplifiers,Transistor,1.0,Transistors are the core active devices in power amplifiers due to their ability to amplify signals. The strong consensus among multiple agents with high confidence supports this choice.,Boron trioxide,0.7,Round 3 refinement with peer support: 0,281000,Australia,metric tons,24000.0,6.0,0.85,Australian Mining Reports; reliable data source for primary production.
Power Amplifiers,Transistor,1.0,Transistors are the core active devices in power amplifiers due to their ability to amplify signals. The strong consensus among multiple agents with high confidence supports this choice.,Boron trioxide,0.7,Round 3 refinement with peer support: 0,281000,India,metric tons,12100.0,3.2,0.75,Multi-agent debate consensus
Power Amplifiers,Transistor,1.0,Transistors are the core active devices in power amplifiers due to their ability to amplify signals. The strong consensus among multiple agents with high confidence supports this choice.,Aluminum nitride,0.7,Round 3 refinement with peer support: 0,285000,China,metric tons,12500.0,46.5,0.76,Multi-agent debate consensus
Power Amplifiers,Transistor,1.0,Transistors are the core active devices in power amplifiers due to their ability to amplify signals. The strong consensus among multiple agents with high confidence supports this choice.,Aluminum nitride,0.7,Round 3 refinement with peer support: 0,285000,Japan,metric tons,14076.5,26.5,0.74,Multi-agent debate consensus
Power Amplifiers,Transistor,1.0,Transistors are the core active devices in power amplifiers due to their ability to amplify signals. The strong consensus among multiple agents with high confidence supports this choice.,Aluminum nitride,0.7,Round 3 refinement with peer support: 0,285000,United States,metric tons,3226.5,7.5,0.71,Multi-agent debate consensus
Power Amplifiers,Transistor,1.0,Transistors are the core active devices in power amplifiers due to their ability to amplify signals. The strong consensus among multiple agents with high confidence supports this choice.,Aluminum nitride,0.7,Round 3 refinement with peer support: 0,285000,South Korea,metric tons,8709.5,14.0,0.69,Multi-agent debate consensus
Power Amplifiers,Transistor,1.0,Transistors are the core active devices in power amplifiers due to their ability to amplify signals. The strong consensus among multiple agents with high confidence supports this choice.,Aluminum nitride,0.7,Round 3 refinement with peer support: 0,285000,Germany,metric tons,2001.5,4.5,0.665,Multi-agent debate consensus
Power Amplifiers,Transistor,1.0,Transistors are the core active devices in power amplifiers due to their ability to amplify signals. The strong consensus among multiple agents with high confidence supports this choice.,Indium phosphide,0.7,Round 3 refinement with peer support: 0,282890,United States,metric tons,454.91,36.67,0.783,Multi-agent debate consensus
Power Amplifiers,Transistor,1.0,Transistors are the core active devices in power amplifiers due to their ability to amplify signals. The strong consensus among multiple agents with high confidence supports this choice.,Indium phosphide,0.7,Round 3 refinement with peer support: 0,282890,Japan,metric tons,998.1666666666666,35.0,0.817,Multi-agent debate consensus
Power Amplifiers,Transistor,1.0,Transistors are the core active devices in power amplifiers due to their ability to amplify signals. The strong consensus among multiple agents with high confidence supports this choice.,Indium phosphide,0.7,Round 3 refinement with peer support: 0,282890,South Korea,metric tons,615.24,10.67,0.7,"Second largest output; data from Korean Ministry of Trade, Industry and Energy (MOTIE) and industry sources"
Power Amplifiers,Transistor,1.0,Transistors are the core active devices in power amplifiers due to their ability to amplify signals. The strong consensus among multiple agents with high confidence supports this choice.,Indium phosphide,0.7,Round 3 refinement with peer support: 0,282890,Germany,metric tons,136.07,7.33,0.7,Multi-agent debate consensus
Power Amplifiers,Transistor,1.0,Transistors are the core active devices in power amplifiers due to their ability to amplify signals. The strong consensus among multiple agents with high confidence supports this choice.,Indium phosphide,0.7,Round 3 refinement with peer support: 0,282890,China,metric tons,273.78333333333336,6.0,0.7,Growing market share; limited but increasing production indicated in recent industry analyses
Power Amplifiers,Semiconductor Material,1.0,"This is one of the most fundamental components in power amplifier design and is used universally. It has strong support from two agents with a high confidence score of 0.95, making it a core element.",Silicon,0.883,Round 3 refinement with peer support: 2,280469,CHINA,THOUSAND METRIC TONS,3600.0,40.0,0.95,USGS Mineral Commodity Summaries 2024/2023 - authoritative U.S. government production data with global coverage
Power Amplifiers,Semiconductor Material,1.0,"This is one of the most fundamental components in power amplifier design and is used universally. It has strong support from two agents with a high confidence score of 0.95, making it a core element.",Silicon,0.883,Round 3 refinement with peer support: 2,280469,RUSSIA,THOUSAND METRIC TONS,570.0,6.33,0.95,USGS Mineral Commodity Summaries 2024/2023 - authoritative U.S. government production data with global coverage
Power Amplifiers,Semiconductor Material,1.0,"This is one of the most fundamental components in power amplifier design and is used universally. It has strong support from two agents with a high confidence score of 0.95, making it a core element.",Silicon,0.883,Round 3 refinement with peer support: 2,280469,BRAZIL,THOUSAND METRIC TONS,190.0,2.11,0.95,USGS Mineral Commodity Summaries 2024/2023 - authoritative U.S. government production data with global coverage
Power Amplifiers,Semiconductor Material,1.0,"This is one of the most fundamental components in power amplifier design and is used universally. It has strong support from two agents with a high confidence score of 0.95, making it a core element.",Silicon,0.883,Round 3 refinement with peer support: 2,280469,NORWAY,THOUSAND METRIC TONS,200.0,2.22,0.95,USGS Mineral Commodity Summaries 2024/2023 - authoritative U.S. government production data with global coverage
Power Amplifiers,Semiconductor Material,1.0,"This is one of the most fundamental components in power amplifier design and is used universally. It has strong support from two agents with a high confidence score of 0.95, making it a core element.",Silicon,0.883,Round 3 refinement with peer support: 2,280469,OTHER,THOUSAND METRIC TONS,100.0,1.11,0.95,USGS Mineral Commodity Summaries 2024/2023 - authoritative U.S. government production data with global coverage
Power Amplifiers,Semiconductor Material,1.0,"This is one of the most fundamental components in power amplifier design and is used universally. It has strong support from two agents with a high confidence score of 0.95, making it a core element.",Germanium,0.9,Round 3 refinement with peer support: 2,825600,China,kg,1004.3333333333334,44.33,0.833,Multi-agent debate consensus
Power Amplifiers,Semiconductor Material,1.0,"This is one of the most fundamental components in power amplifier design and is used universally. It has strong support from two agents with a high confidence score of 0.95, making it a core element.",Germanium,0.9,Round 3 refinement with peer support: 2,825600,Japan,kg,236.0,16.17,0.75,Second largest producer with consistent output; industry reports confirm.
Power Amplifiers,Semiconductor Material,1.0,"This is one of the most fundamental components in power amplifier design and is used universally. It has strong support from two agents with a high confidence score of 0.95, making it a core element.",Germanium,0.9,Round 3 refinement with peer support: 2,825600,Germany,kg,82.66666666666667,4.67,0.833,Primary production with significant refining capacity; comprehensive industry statistics.
Power Amplifiers,Semiconductor Material,1.0,"This is one of the most fundamental components in power amplifier design and is used universally. It has strong support from two agents with a high confidence score of 0.95, making it a core element.",Germanium,0.9,Round 3 refinement with peer support: 2,825600,South Korea,kg,90.0,7.8,0.725,Fifth major producer with moderate growth potential.
Power Amplifiers,Semiconductor Material,1.0,"This is one of the most fundamental components in power amplifier design and is used universally. It has strong support from two agents with a high confidence score of 0.95, making it a core element.",Germanium,0.9,Round 3 refinement with peer support: 2,825600,USA,kg,50.0,5.45,0.75,Third major producer with steady output; USGS data for 2023 is the most recent and reliable.
Power Amplifiers,Semiconductor Material,1.0,"This is one of the most fundamental components in power amplifier design and is used universally. It has strong support from two agents with a high confidence score of 0.95, making it a core element.",Indium phosphide,0.85,Round 3 refinement with peer support: 1,282890,United States,metric tons,454.91,36.67,0.783,Multi-agent debate consensus
Power Amplifiers,Semiconductor Material,1.0,"This is one of the most fundamental components in power amplifier design and is used universally. It has strong support from two agents with a high confidence score of 0.95, making it a core element.",Indium phosphide,0.85,Round 3 refinement with peer support: 1,282890,Japan,metric tons,998.1666666666666,35.0,0.817,Multi-agent debate consensus
Power Amplifiers,Semiconductor Material,1.0,"This is one of the most fundamental components in power amplifier design and is used universally. It has strong support from two agents with a high confidence score of 0.95, making it a core element.",Indium phosphide,0.85,Round 3 refinement with peer support: 1,282890,South Korea,metric tons,615.24,10.67,0.7,"Second largest output; data from Korean Ministry of Trade, Industry and Energy (MOTIE) and industry sources"
Power Amplifiers,Semiconductor Material,1.0,"This is one of the most fundamental components in power amplifier design and is used universally. It has strong support from two agents with a high confidence score of 0.95, making it a core element.",Indium phosphide,0.85,Round 3 refinement with peer support: 1,282890,Germany,metric tons,136.07,7.33,0.7,Multi-agent debate consensus
Power Amplifiers,Semiconductor Material,1.0,"This is one of the most fundamental components in power amplifier design and is used universally. It has strong support from two agents with a high confidence score of 0.95, making it a core element.",Indium phosphide,0.85,Round 3 refinement with peer support: 1,282890,China,metric tons,273.78333333333336,6.0,0.7,Growing market share; limited but increasing production indicated in recent industry analyses
Mass Spectrometer,Mass Analyzer,0.98,Strong consensus among multiple agents with average high confidence (0.88). This component is critical for separating and analyzing ions in mass spectrometry.,Boron nitride,0.85,Round 3 refinement with peer support: 1,285000,Japan,metric tons,5583.333333333333,20.33,0.733,Multi-agent debate consensus
Mass Spectrometer,Mass Analyzer,0.98,Strong consensus among multiple agents with average high confidence (0.88). This component is critical for separating and analyzing ions in mass spectrometry.,Boron nitride,0.85,Round 3 refinement with peer support: 1,285000,United States,metric tons,4066.6666666666665,14.6,0.7,Based on recent estimates from the USGS reports; strong producer but data may have limitations.
Mass Spectrometer,Mass Analyzer,0.98,Strong consensus among multiple agents with average high confidence (0.88). This component is critical for separating and analyzing ions in mass spectrometry.,Boron nitride,0.85,Round 3 refinement with peer support: 1,285000,Germany,metric tons,2073.3333333333335,6.27,0.667,Multi-agent debate consensus
Mass Spectrometer,Mass Analyzer,0.98,Strong consensus among multiple agents with average high confidence (0.88). This component is critical for separating and analyzing ions in mass spectrometry.,Boron nitride,0.85,Round 3 refinement with peer support: 1,285000,South Korea,metric tons,4756.666666666667,11.67,0.667,Multi-agent debate consensus
Mass Spectrometer,Mass Analyzer,0.98,Strong consensus among multiple agents with average high confidence (0.88). This component is critical for separating and analyzing ions in mass spectrometry.,Boron nitride,0.85,Round 3 refinement with peer support: 1,285000,China,metric tons,27475.0,31.5,0.7,Considered a minor producer with limited data available for confirmation; estimates based on recent partial reports.
Mass Spectrometer,Mass Analyzer,0.98,Strong consensus among multiple agents with average high confidence (0.88). This component is critical for separating and analyzing ions in mass spectrometry.,Bismuth telluride,0.7,Round 3 refinement with peer support: 0,284390,China,metric tons,1958.3333333333333,23.33,0.767,Multi-agent debate consensus
Mass Spectrometer,Mass Analyzer,0.98,Strong consensus among multiple agents with average high confidence (0.88). This component is critical for separating and analyzing ions in mass spectrometry.,Bismuth telluride,0.7,Round 3 refinement with peer support: 0,284390,Russia,metric tons,380.0,6.67,0.75,Multi-agent debate consensus
Mass Spectrometer,Mass Analyzer,0.98,Strong consensus among multiple agents with average high confidence (0.88). This component is critical for separating and analyzing ions in mass spectrometry.,Bismuth telluride,0.7,Round 3 refinement with peer support: 0,284390,Canada,metric tons,1339.3333333333333,8.27,0.75,Multi-agent debate consensus
Mass Spectrometer,Mass Analyzer,0.98,Strong consensus among multiple agents with average high confidence (0.88). This component is critical for separating and analyzing ions in mass spectrometry.,Bismuth telluride,0.7,Round 3 refinement with peer support: 0,284390,United States,metric tons,325.0,15.0,0.8,Multi-agent debate consensus
Mass Spectrometer,Mass Analyzer,0.98,Strong consensus among multiple agents with average high confidence (0.88). This component is critical for separating and analyzing ions in mass spectrometry.,Bismuth telluride,0.7,Round 3 refinement with peer support: 0,284390,Japan,metric tons,430.6666666666667,3.67,0.767,Multi-agent debate consensus
Mass Spectrometer,Mass Analyzer,0.98,Strong consensus among multiple agents with average high confidence (0.88). This component is critical for separating and analyzing ions in mass spectrometry.,Aluminum nitride,0.7,Round 3 refinement with peer support: 0,285000,China,metric tons,12500.0,46.5,0.76,Multi-agent debate consensus
Mass Spectrometer,Mass Analyzer,0.98,Strong consensus among multiple agents with average high confidence (0.88). This component is critical for separating and analyzing ions in mass spectrometry.,Aluminum nitride,0.7,Round 3 refinement with peer support: 0,285000,Japan,metric tons,14076.5,26.5,0.74,Multi-agent debate consensus
Mass Spectrometer,Mass Analyzer,0.98,Strong consensus among multiple agents with average high confidence (0.88). This component is critical for separating and analyzing ions in mass spectrometry.,Aluminum nitride,0.7,Round 3 refinement with peer support: 0,285000,United States,metric tons,3226.5,7.5,0.71,Multi-agent debate consensus
Mass Spectrometer,Mass Analyzer,0.98,Strong consensus among multiple agents with average high confidence (0.88). This component is critical for separating and analyzing ions in mass spectrometry.,Aluminum nitride,0.7,Round 3 refinement with peer support: 0,285000,South Korea,metric tons,8709.5,14.0,0.69,Multi-agent debate consensus
Mass Spectrometer,Mass Analyzer,0.98,Strong consensus among multiple agents with average high confidence (0.88). This component is critical for separating and analyzing ions in mass spectrometry.,Aluminum nitride,0.7,Round 3 refinement with peer support: 0,285000,Germany,metric tons,2001.5,4.5,0.665,Multi-agent debate consensus
Mass Spectrometer,Mass Analyzer,0.98,Strong consensus among multiple agents with average high confidence (0.88). This component is critical for separating and analyzing ions in mass spectrometry.,Aluminum,0.7,Round 3 refinement with peer support: 0,280300,CHINA,THOUSAND METRIC TONS,41000.0,58.57,0.95,USGS Mineral Commodity Summaries 2024/2023 - authoritative U.S. government production data with global coverage
Mass Spectrometer,Mass Analyzer,0.98,Strong consensus among multiple agents with average high confidence (0.88). This component is critical for separating and analyzing ions in mass spectrometry.,Aluminum,0.7,Round 3 refinement with peer support: 0,280300,OTHER,THOUSAND METRIC TONS,7000.0,10.0,0.95,USGS Mineral Commodity Summaries 2024/2023 - authoritative U.S. government production data with global coverage
Mass Spectrometer,Mass Analyzer,0.98,Strong consensus among multiple agents with average high confidence (0.88). This component is critical for separating and analyzing ions in mass spectrometry.,Aluminum,0.7,Round 3 refinement with peer support: 0,280300,INDIA,THOUSAND METRIC TONS,4100.0,5.86,0.95,USGS Mineral Commodity Summaries 2024/2023 - authoritative U.S. government production data with global coverage
Mass Spectrometer,Mass Analyzer,0.98,Strong consensus among multiple agents with average high confidence (0.88). This component is critical for separating and analyzing ions in mass spectrometry.,Aluminum,0.7,Round 3 refinement with peer support: 0,280300,RUSSIA,THOUSAND METRIC TONS,3800.0,5.43,0.95,USGS Mineral Commodity Summaries 2024/2023 - authoritative U.S. government production data with global coverage
Mass Spectrometer,Mass Analyzer,0.98,Strong consensus among multiple agents with average high confidence (0.88). This component is critical for separating and analyzing ions in mass spectrometry.,Aluminum,0.7,Round 3 refinement with peer support: 0,280300,CANADA,THOUSAND METRIC TONS,3000.0,4.29,0.95,USGS Mineral Commodity Summaries 2024/2023 - authoritative U.S. government production data with global coverage
Mass Spectrometer,Detector,0.85,Widely supported by multiple agents despite being isolated; necessary for signal detection,Avidin,0.7,Round 3 refinement with peer support: 0,350400,United States,metric tons,3565.0,32.7,0.85,Multi-agent debate consensus
Mass Spectrometer,Detector,0.85,Widely supported by multiple agents despite being isolated; necessary for signal detection,Avidin,0.7,Round 3 refinement with peer support: 0,350400,China,metric tons,8509.0,29.47,0.8,Multi-agent debate consensus
Mass Spectrometer,Detector,0.85,Widely supported by multiple agents despite being isolated; necessary for signal detection,Avidin,0.7,Round 3 refinement with peer support: 0,350400,Germany,metric tons,829.0,13.43,0.833,Multi-agent debate consensus
Mass Spectrometer,Detector,0.85,Widely supported by multiple agents despite being isolated; necessary for signal detection,Avidin,0.7,Round 3 refinement with peer support: 0,350400,Japan,metric tons,723.3333333333334,6.2,0.75,Strong research and development capabilities in bioengineering.
Mass Spectrometer,Detector,0.85,Widely supported by multiple agents despite being isolated; necessary for signal detection,Avidin,0.7,Round 3 refinement with peer support: 0,350400,France,metric tons,679.0,3.45,0.8,Multi-agent debate consensus
Mass Spectrometer,Vacuum System,0.78,High consensus among peers on the importance of a vacuum system for proper operation,Borosilicate glass,0.85,Round 3 refinement with peer support: 1,700800,China,metric tons,51491666.666666664,41.67,0.833,Multi-agent debate consensus
Mass Spectrometer,Vacuum System,0.78,High consensus among peers on the importance of a vacuum system for proper operation,Borosilicate glass,0.85,Round 3 refinement with peer support: 1,700800,Germany,metric tons,20445000.0,14.0,0.817,Germany's reputation in precision and high-quality glass production supports this estimate.
Mass Spectrometer,Vacuum System,0.78,High consensus among peers on the importance of a vacuum system for proper operation,Borosilicate glass,0.85,Round 3 refinement with peer support: 1,700800,Japan,metric tons,25300000.0,12.67,0.85,Japanese manufacturers are known for their expertise in borosilicate glass.
Mass Spectrometer,Vacuum System,0.78,High consensus among peers on the importance of a vacuum system for proper operation,Borosilicate glass,0.85,Round 3 refinement with peer support: 1,700800,United States,metric tons,10150333.333333334,9.0,0.783,Multi-agent debate consensus
Mass Spectrometer,Vacuum System,0.78,High consensus among peers on the importance of a vacuum system for proper operation,Borosilicate glass,0.85,Round 3 refinement with peer support: 1,700800,Italy,metric tons,8432333.333333334,5.33,0.7,Historically important in specialized glass manufacturing but specific borosilicate data might exist elsewhere.
Mass Spectrometer,Vacuum System,0.78,High consensus among peers on the importance of a vacuum system for proper operation,Barium,0.7,Round 3 refinement with peer support: 0,281640,China,metric tons,253500.0,60.1,0.885,Based on the USGS 2024 report; primary producer with comprehensive industrial data.
Mass Spectrometer,Vacuum System,0.78,High consensus among peers on the importance of a vacuum system for proper operation,Barium,0.7,Round 3 refinement with peer support: 0,281640,United States,metric tons,81000.0,10.75,0.825,Primary U.S. producers include West Virginia and Arkansas; well-documented sources.
Mass Spectrometer,Vacuum System,0.78,High consensus among peers on the importance of a vacuum system for proper operation,Barium,0.7,Round 3 refinement with peer support: 0,281640,Russia,metric tons,28234.5,9.45,0.825,Major producer with significant domestic and export markets; reliable state data.
Mass Spectrometer,Vacuum System,0.78,High consensus among peers on the importance of a vacuum system for proper operation,Barium,0.7,Round 3 refinement with peer support: 0,281640,Australia,metric tons,12448.0,2.25,0.7,Has significant barite deposits in Western Australia but smaller production; industry reports.
Mass Spectrometer,Vacuum System,0.78,High consensus among peers on the importance of a vacuum system for proper operation,Barium,0.7,Round 3 refinement with peer support: 0,281640,Brazil,metric tons,17584.0,2.55,0.625,Has the only major barite mine in Latin America; data may be less comprehensive.
Mass Spectrometer,Ion Source,0.98,Common in mass spectrometers; supported by multiple agents despite being isolated,Gold,0.7,Round 3 refinement with peer support: 0,710812,OTHER,METRIC TONS,700.0,23.33,0.95,USGS Mineral Commodity Summaries 2024/2023 - authoritative U.S. government production data with global coverage
Mass Spectrometer,Ion Source,0.98,Common in mass spectrometers; supported by multiple agents despite being isolated,Gold,0.7,Round 3 refinement with peer support: 0,710812,CHINA,METRIC TONS,370.0,12.33,0.95,USGS Mineral Commodity Summaries 2024/2023 - authoritative U.S. government production data with global coverage
Mass Spectrometer,Ion Source,0.98,Common in mass spectrometers; supported by multiple agents despite being isolated,Gold,0.7,Round 3 refinement with peer support: 0,710812,RUSSIA,METRIC TONS,310.0,10.33,0.95,USGS Mineral Commodity Summaries 2024/2023 - authoritative U.S. government production data with global coverage
Mass Spectrometer,Ion Source,0.98,Common in mass spectrometers; supported by multiple agents despite being isolated,Gold,0.7,Round 3 refinement with peer support: 0,710812,AUSTRALIA,METRIC TONS,310.0,10.33,0.95,USGS Mineral Commodity Summaries 2024/2023 - authoritative U.S. government production data with global coverage
Mass Spectrometer,Ion Source,0.98,Common in mass spectrometers; supported by multiple agents despite being isolated,Gold,0.7,Round 3 refinement with peer support: 0,710812,CANADA,METRIC TONS,200.0,6.67,0.95,USGS Mineral Commodity Summaries 2024/2023 - authoritative U.S. government production data with global coverage
Bioreactor,Reactor Vessel,1.0,High consensus among peers (at least two agents) and strong support from common industry standards.,Stainless steel,0.8,Round 3 refinement with peer support: 1,722000,China,tons,23282553.0,51.4,0.93,China dominates global stainless steel production based on recent industry reports and production statistics from the China Iron & Steel Association (CISA).
Bioreactor,Reactor Vessel,1.0,High consensus among peers (at least two agents) and strong support from common industry standards.,Stainless steel,0.8,Round 3 refinement with peer support: 1,722000,Russia,tons,1952233.3333333333,5.23,0.783,Large nickel producing country with diversified mining operations. Data from the Federal Service for Supervision of Consumer Rights and Wellbeing.
Bioreactor,Reactor Vessel,1.0,High consensus among peers (at least two agents) and strong support from common industry standards.,Stainless steel,0.8,Round 3 refinement with peer support: 1,722000,India,metric tons,5600000.0,8.5,0.85,Multi-agent debate consensus
Bioreactor,Reactor Vessel,1.0,High consensus among peers (at least two agents) and strong support from common industry standards.,Stainless steel,0.8,Round 3 refinement with peer support: 1,722000,Japan,metric tons,5490000.0,7.5,0.9,Multi-agent debate consensus
Bioreactor,Reactor Vessel,1.0,High consensus among peers (at least two agents) and strong support from common industry standards.,Stainless steel,0.8,Round 3 refinement with peer support: 1,722000,Germany,metric tons,3667500.0,5.0,0.845,Multi-agent debate consensus
Bioreactor,Reactor Vessel,1.0,High consensus among peers (at least two agents) and strong support from common industry standards.,Glass,0.7,Round 3 refinement with peer support: 0,700800,China,metric tons,154933333.33333334,41.67,0.84,Multi-agent debate consensus
Bioreactor,Reactor Vessel,1.0,High consensus among peers (at least two agents) and strong support from common industry standards.,Glass,0.7,Round 3 refinement with peer support: 0,700800,United States,metric tons,118866666.66666667,19.67,0.853,Multi-agent debate consensus
Bioreactor,Reactor Vessel,1.0,High consensus among peers (at least two agents) and strong support from common industry standards.,Glass,0.7,Round 3 refinement with peer support: 0,700800,India,metric tons,51666666.666666664,12.33,0.893,Multi-agent debate consensus
Bioreactor,Reactor Vessel,1.0,High consensus among peers (at least two agents) and strong support from common industry standards.,Glass,0.7,Round 3 refinement with peer support: 0,700800,Germany,metric tons,20900000.0,5.67,0.82,Multi-agent debate consensus
Bioreactor,Reactor Vessel,1.0,High consensus among peers (at least two agents) and strong support from common industry standards.,Glass,0.7,Round 3 refinement with peer support: 0,700800,Japan,metric tons,40350000.0,5.83,0.76,Multi-agent debate consensus
Bioreactor,Reactor Vessel,1.0,High consensus among peers (at least two agents) and strong support from common industry standards.,Titanium,0.7,Round 3 refinement with peer support: 0,810810,Australia,metric tons,153160.0,34.63,0.907,Australian government data; dominant producer in the region
Bioreactor,Reactor Vessel,1.0,High consensus among peers (at least two agents) and strong support from common industry standards.,Titanium,0.7,Round 3 refinement with peer support: 0,810810,China,metric tons,58177.0,14.27,0.9,USGS and industry reports; largest global producer
Bioreactor,Reactor Vessel,1.0,High consensus among peers (at least two agents) and strong support from common industry standards.,Titanium,0.7,Round 3 refinement with peer support: 0,810810,Canada,metric tons,31428.0,11.45,0.85,Multi-agent debate consensus
Bioreactor,Reactor Vessel,1.0,High consensus among peers (at least two agents) and strong support from common industry standards.,Titanium,0.7,Round 3 refinement with peer support: 0,810810,South Africa,metric tons,13334.666666666666,3.9,0.873,Multi-agent debate consensus
Bioreactor,Reactor Vessel,1.0,High consensus among peers (at least two agents) and strong support from common industry standards.,Titanium,0.7,Round 3 refinement with peer support: 0,810810, ilva,metric tons,167500.0,23.0,0.85,Based on recent reports from the International Titanium Association; major producer with reliable data.
Bioreactor,Reactor Vessel,1.0,High consensus among peers (at least two agents) and strong support from common industry standards.,Polypropylene,0.7,Round 3 refinement with peer support: 0,390210,China,metric tons,10209211.666666666,31.8,0.823,Data from Plastics Industry Association (2022) estimates China as the leading producer with detailed and authoritative statistics.
Bioreactor,Reactor Vessel,1.0,High consensus among peers (at least two agents) and strong support from common industry standards.,Polypropylene,0.7,Round 3 refinement with peer support: 0,390210,Saudi Arabia,metric tons,3329821.0,19.83,0.817,Plastics Industry Association (2022) estimates Saudi Arabia as the second largest producer; data reliable due to large scale operations.
Bioreactor,Reactor Vessel,1.0,High consensus among peers (at least two agents) and strong support from common industry standards.,Polypropylene,0.7,Round 3 refinement with peer support: 0,390210,South Korea,metric tons,1958926.0,13.67,0.817,From the Korean Plastics Association and global market reports.
Bioreactor,Reactor Vessel,1.0,High consensus among peers (at least two agents) and strong support from common industry standards.,Polypropylene,0.7,Round 3 refinement with peer support: 0,390210,United States,metric tons,6972839.0,11.0,0.81,Based on reports from the US Chemical Industry Data Book.
Bioreactor,Reactor Vessel,1.0,High consensus among peers (at least two agents) and strong support from common industry standards.,Polypropylene,0.7,Round 3 refinement with peer support: 0,390210,Indonesia,metric tons,291511.5,10.6,0.8,Data from Indonesian chemical industry surveys and local news reports.
Bioreactor,Agitator/搅拌器,0.95,"Proposed by multiple agents, this component is universally critical for maintaining proper liquid suspension in the bioreactor, ensuring adequate mixing of reactants and oxygenation of cultures.",Stainless steel,0.95,Round 3 refinement with peer support: 2,722000,China,tons,23282553.0,51.4,0.93,China dominates global stainless steel production based on recent industry reports and production statistics from the China Iron & Steel Association (CISA).
Bioreactor,Agitator/搅拌器,0.95,"Proposed by multiple agents, this component is universally critical for maintaining proper liquid suspension in the bioreactor, ensuring adequate mixing of reactants and oxygenation of cultures.",Stainless steel,0.95,Round 3 refinement with peer support: 2,722000,Russia,tons,1952233.3333333333,5.23,0.783,Large nickel producing country with diversified mining operations. Data from the Federal Service for Supervision of Consumer Rights and Wellbeing.
Bioreactor,Agitator/搅拌器,0.95,"Proposed by multiple agents, this component is universally critical for maintaining proper liquid suspension in the bioreactor, ensuring adequate mixing of reactants and oxygenation of cultures.",Stainless steel,0.95,Round 3 refinement with peer support: 2,722000,India,metric tons,5600000.0,8.5,0.85,Multi-agent debate consensus
Bioreactor,Agitator/搅拌器,0.95,"Proposed by multiple agents, this component is universally critical for maintaining proper liquid suspension in the bioreactor, ensuring adequate mixing of reactants and oxygenation of cultures.",Stainless steel,0.95,Round 3 refinement with peer support: 2,722000,Japan,metric tons,5490000.0,7.5,0.9,Multi-agent debate consensus
Bioreactor,Agitator/搅拌器,0.95,"Proposed by multiple agents, this component is universally critical for maintaining proper liquid suspension in the bioreactor, ensuring adequate mixing of reactants and oxygenation of cultures.",Stainless steel,0.95,Round 3 refinement with peer support: 2,722000,Germany,metric tons,3667500.0,5.0,0.845,Multi-agent debate consensus
Bioreactor,Agitator/搅拌器,0.95,"Proposed by multiple agents, this component is universally critical for maintaining proper liquid suspension in the bioreactor, ensuring adequate mixing of reactants and oxygenation of cultures.",Titanium,0.85,Round 3 refinement with peer support: 1,810810,Australia,metric tons,153160.0,34.63,0.907,Australian government data; dominant producer in the region
Bioreactor,Agitator/搅拌器,0.95,"Proposed by multiple agents, this component is universally critical for maintaining proper liquid suspension in the bioreactor, ensuring adequate mixing of reactants and oxygenation of cultures.",Titanium,0.85,Round 3 refinement with peer support: 1,810810,China,metric tons,58177.0,14.27,0.9,USGS and industry reports; largest global producer
Bioreactor,Agitator/搅拌器,0.95,"Proposed by multiple agents, this component is universally critical for maintaining proper liquid suspension in the bioreactor, ensuring adequate mixing of reactants and oxygenation of cultures.",Titanium,0.85,Round 3 refinement with peer support: 1,810810,Canada,metric tons,31428.0,11.45,0.85,Multi-agent debate consensus
Bioreactor,Agitator/搅拌器,0.95,"Proposed by multiple agents, this component is universally critical for maintaining proper liquid suspension in the bioreactor, ensuring adequate mixing of reactants and oxygenation of cultures.",Titanium,0.85,Round 3 refinement with peer support: 1,810810,South Africa,metric tons,13334.666666666666,3.9,0.873,Multi-agent debate consensus
Bioreactor,Agitator/搅拌器,0.95,"Proposed by multiple agents, this component is universally critical for maintaining proper liquid suspension in the bioreactor, ensuring adequate mixing of reactants and oxygenation of cultures.",Titanium,0.85,Round 3 refinement with peer support: 1,810810, ilva,metric tons,167500.0,23.0,0.85,Based on recent reports from the International Titanium Association; major producer with reliable data.
Bioreactor,Agitator,0.95,"An agitator is essential for maintaining optimal mixing in a bioreactor, and it has strong consensus among multiple agents despite being cited individually.",Stainless steel,0.95,Round 3 refinement with peer support: 2,722000,China,tons,23282553.0,51.4,0.93,China dominates global stainless steel production based on recent industry reports and production statistics from the China Iron & Steel Association (CISA).
Bioreactor,Agitator,0.95,"An agitator is essential for maintaining optimal mixing in a bioreactor, and it has strong consensus among multiple agents despite being cited individually.",Stainless steel,0.95,Round 3 refinement with peer support: 2,722000,Russia,tons,1952233.3333333333,5.23,0.783,Large nickel producing country with diversified mining operations. Data from the Federal Service for Supervision of Consumer Rights and Wellbeing.
Bioreactor,Agitator,0.95,"An agitator is essential for maintaining optimal mixing in a bioreactor, and it has strong consensus among multiple agents despite being cited individually.",Stainless steel,0.95,Round 3 refinement with peer support: 2,722000,India,metric tons,5600000.0,8.5,0.85,Multi-agent debate consensus
Bioreactor,Agitator,0.95,"An agitator is essential for maintaining optimal mixing in a bioreactor, and it has strong consensus among multiple agents despite being cited individually.",Stainless steel,0.95,Round 3 refinement with peer support: 2,722000,Japan,metric tons,5490000.0,7.5,0.9,Multi-agent debate consensus
Bioreactor,Agitator,0.95,"An agitator is essential for maintaining optimal mixing in a bioreactor, and it has strong consensus among multiple agents despite being cited individually.",Stainless steel,0.95,Round 3 refinement with peer support: 2,722000,Germany,metric tons,3667500.0,5.0,0.845,Multi-agent debate consensus
Bioreactor,Agitator,0.95,"An agitator is essential for maintaining optimal mixing in a bioreactor, and it has strong consensus among multiple agents despite being cited individually.",Nylon,0.7,Round 3 refinement with peer support: 0,390810,China,metric tons,703333.3333333334,42.33,0.833,Largest producer of Nylon with significant domestic demand and comprehensive industry data.
Bioreactor,Agitator,0.95,"An agitator is essential for maintaining optimal mixing in a bioreactor, and it has strong consensus among multiple agents despite being cited individually.",Nylon,0.7,Round 3 refinement with peer support: 0,390810,Japan,metric tons,179333.33333333334,11.67,0.783,Multi-agent debate consensus
Bioreactor,Agitator,0.95,"An agitator is essential for maintaining optimal mixing in a bioreactor, and it has strong consensus among multiple agents despite being cited individually.",Nylon,0.7,Round 3 refinement with peer support: 0,390810,United States,metric tons,271000.0,16.33,0.783,Multi-agent debate consensus
Bioreactor,Agitator,0.95,"An agitator is essential for maintaining optimal mixing in a bioreactor, and it has strong consensus among multiple agents despite being cited individually.",Nylon,0.7,Round 3 refinement with peer support: 0,390810,South Korea,metric tons,108000.0,8.0,0.75,Multi-agent debate consensus
Bioreactor,Agitator,0.95,"An agitator is essential for maintaining optimal mixing in a bioreactor, and it has strong consensus among multiple agents despite being cited individually.",Nylon,0.7,Round 3 refinement with peer support: 0,390810,Germany,metric tons,66333.33333333333,4.33,0.717,Multi-agent debate consensus
Bioreactor,Sensors,0.93,"Commonly proposed across several agents, these sensors are crucial for real-time monitoring and control of various bioreactor parameters such as temperature, pH, pressure, etc., supporting system stability and safety.",Silicon,0.95,Round 3 refinement with peer support: 2,280469,CHINA,THOUSAND METRIC TONS,3600.0,40.0,0.95,USGS Mineral Commodity Summaries 2024/2023 - authoritative U.S. government production data with global coverage
Bioreactor,Sensors,0.93,"Commonly proposed across several agents, these sensors are crucial for real-time monitoring and control of various bioreactor parameters such as temperature, pH, pressure, etc., supporting system stability and safety.",Silicon,0.95,Round 3 refinement with peer support: 2,280469,RUSSIA,THOUSAND METRIC TONS,570.0,6.33,0.95,USGS Mineral Commodity Summaries 2024/2023 - authoritative U.S. government production data with global coverage
Bioreactor,Sensors,0.93,"Commonly proposed across several agents, these sensors are crucial for real-time monitoring and control of various bioreactor parameters such as temperature, pH, pressure, etc., supporting system stability and safety.",Silicon,0.95,Round 3 refinement with peer support: 2,280469,BRAZIL,THOUSAND METRIC TONS,190.0,2.11,0.95,USGS Mineral Commodity Summaries 2024/2023 - authoritative U.S. government production data with global coverage
Bioreactor,Sensors,0.93,"Commonly proposed across several agents, these sensors are crucial for real-time monitoring and control of various bioreactor parameters such as temperature, pH, pressure, etc., supporting system stability and safety.",Silicon,0.95,Round 3 refinement with peer support: 2,280469,NORWAY,THOUSAND METRIC TONS,200.0,2.22,0.95,USGS Mineral Commodity Summaries 2024/2023 - authoritative U.S. government production data with global coverage
Bioreactor,Sensors,0.93,"Commonly proposed across several agents, these sensors are crucial for real-time monitoring and control of various bioreactor parameters such as temperature, pH, pressure, etc., supporting system stability and safety.",Silicon,0.95,Round 3 refinement with peer support: 2,280469,OTHER,THOUSAND METRIC TONS,100.0,1.11,0.95,USGS Mineral Commodity Summaries 2024/2023 - authoritative U.S. government production data with global coverage
Bioreactor,Sensors,0.93,"Commonly proposed across several agents, these sensors are crucial for real-time monitoring and control of various bioreactor parameters such as temperature, pH, pressure, etc., supporting system stability and safety.",Glass,0.85,Round 3 refinement with peer support: 1,700800,China,metric tons,154933333.33333334,41.67,0.84,Multi-agent debate consensus
Bioreactor,Sensors,0.93,"Commonly proposed across several agents, these sensors are crucial for real-time monitoring and control of various bioreactor parameters such as temperature, pH, pressure, etc., supporting system stability and safety.",Glass,0.85,Round 3 refinement with peer support: 1,700800,United States,metric tons,118866666.66666667,19.67,0.853,Multi-agent debate consensus
Bioreactor,Sensors,0.93,"Commonly proposed across several agents, these sensors are crucial for real-time monitoring and control of various bioreactor parameters such as temperature, pH, pressure, etc., supporting system stability and safety.",Glass,0.85,Round 3 refinement with peer support: 1,700800,India,metric tons,51666666.666666664,12.33,0.893,Multi-agent debate consensus
Bioreactor,Sensors,0.93,"Commonly proposed across several agents, these sensors are crucial for real-time monitoring and control of various bioreactor parameters such as temperature, pH, pressure, etc., supporting system stability and safety.",Glass,0.85,Round 3 refinement with peer support: 1,700800,Germany,metric tons,20900000.0,5.67,0.82,Multi-agent debate consensus
Bioreactor,Sensors,0.93,"Commonly proposed across several agents, these sensors are crucial for real-time monitoring and control of various bioreactor parameters such as temperature, pH, pressure, etc., supporting system stability and safety.",Glass,0.85,Round 3 refinement with peer support: 1,700800,Japan,metric tons,40350000.0,5.83,0.76,Multi-agent debate consensus
Bioreactor,Sensors,0.93,"Commonly proposed across several agents, these sensors are crucial for real-time monitoring and control of various bioreactor parameters such as temperature, pH, pressure, etc., supporting system stability and safety.",Carbon nanotubes,0.7,Round 3 refinement with peer support: 0,280300,Japan,metric tons,5169166.666666667,28.33,0.733,Multi-agent debate consensus
Bioreactor,Sensors,0.93,"Commonly proposed across several agents, these sensors are crucial for real-time monitoring and control of various bioreactor parameters such as temperature, pH, pressure, etc., supporting system stability and safety.",Carbon nanotubes,0.7,Round 3 refinement with peer support: 0,280300,South Korea,metric tons,3456666.6666666665,29.33,0.75,Multi-agent debate consensus
Bioreactor,Sensors,0.93,"Commonly proposed across several agents, these sensors are crucial for real-time monitoring and control of various bioreactor parameters such as temperature, pH, pressure, etc., supporting system stability and safety.",Carbon nanotubes,0.7,Round 3 refinement with peer support: 0,280300,United States,metric tons,4221666.666666667,22.33,0.683,Multi-agent debate consensus
Bioreactor,Sensors,0.93,"Commonly proposed across several agents, these sensors are crucial for real-time monitoring and control of various bioreactor parameters such as temperature, pH, pressure, etc., supporting system stability and safety.",Carbon nanotubes,0.7,Round 3 refinement with peer support: 0,280300,Germany,metric tons,1021333.3333333334,6.27,0.667,Multi-agent debate consensus
Bioreactor,Sensors,0.93,"Commonly proposed across several agents, these sensors are crucial for real-time monitoring and control of various bioreactor parameters such as temperature, pH, pressure, etc., supporting system stability and safety.",Carbon nanotubes,0.7,Round 3 refinement with peer support: 0,280300,China,Gt (Graphite Ton),3795000.0,11.1,0.55,Multi-agent debate consensus
Bioreactor,Sensors,0.93,"Commonly proposed across several agents, these sensors are crucial for real-time monitoring and control of various bioreactor parameters such as temperature, pH, pressure, etc., supporting system stability and safety.",Copper,0.7,Round 3 refinement with peer support: 0,740100,CHINA,THOUSAND METRIC TONS,1700.0,3.47,0.95,USGS Mineral Commodity Summaries 2024/2023 - authoritative U.S. government production data with global coverage
Bioreactor,Sensors,0.93,"Commonly proposed across several agents, these sensors are crucial for real-time monitoring and control of various bioreactor parameters such as temperature, pH, pressure, etc., supporting system stability and safety.",Copper,0.7,Round 3 refinement with peer support: 0,740100,CHILE,THOUSAND METRIC TONS,5000.0,10.2,0.95,USGS Mineral Commodity Summaries 2024/2023 - authoritative U.S. government production data with global coverage
Bioreactor,Sensors,0.93,"Commonly proposed across several agents, these sensors are crucial for real-time monitoring and control of various bioreactor parameters such as temperature, pH, pressure, etc., supporting system stability and safety.",Copper,0.7,Round 3 refinement with peer support: 0,740100,OTHER,THOUSAND METRIC TONS,3100.0,6.33,0.95,USGS Mineral Commodity Summaries 2024/2023 - authoritative U.S. government production data with global coverage
Bioreactor,Sensors,0.93,"Commonly proposed across several agents, these sensors are crucial for real-time monitoring and control of various bioreactor parameters such as temperature, pH, pressure, etc., supporting system stability and safety.",Copper,0.7,Round 3 refinement with peer support: 0,740100,CONGO,THOUSAND METRIC TONS,2500.0,5.1,0.95,USGS Mineral Commodity Summaries 2024/2023 - authoritative U.S. government production data with global coverage
Bioreactor,Sensors,0.93,"Commonly proposed across several agents, these sensors are crucial for real-time monitoring and control of various bioreactor parameters such as temperature, pH, pressure, etc., supporting system stability and safety.",Copper,0.7,Round 3 refinement with peer support: 0,740100,PERU,THOUSAND METRIC TONS,2600.0,5.31,0.95,USGS Mineral Commodity Summaries 2024/2023 - authoritative U.S. government production data with global coverage
Bioreactor,Sensors,0.93,"Commonly proposed across several agents, these sensors are crucial for real-time monitoring and control of various bioreactor parameters such as temperature, pH, pressure, etc., supporting system stability and safety.",Ceramic,0.7,Round 3 refinement with peer support: 0,691010,China,metric tons,15331666.666666666,48.0,0.913,Multi-agent debate consensus
Bioreactor,Sensors,0.93,"Commonly proposed across several agents, these sensors are crucial for real-time monitoring and control of various bioreactor parameters such as temperature, pH, pressure, etc., supporting system stability and safety.",Ceramic,0.7,Round 3 refinement with peer support: 0,691010,India,metric tons,570000.0,13.0,0.797,Multi-agent debate consensus
Bioreactor,Sensors,0.93,"Commonly proposed across several agents, these sensors are crucial for real-time monitoring and control of various bioreactor parameters such as temperature, pH, pressure, etc., supporting system stability and safety.",Ceramic,0.7,Round 3 refinement with peer support: 0,691010,Turkey,metric tons,6140500.0,7.33,0.873,Major producer of bauxite; data from Turkish Geological Institute.
Bioreactor,Sensors,0.93,"Commonly proposed across several agents, these sensors are crucial for real-time monitoring and control of various bioreactor parameters such as temperature, pH, pressure, etc., supporting system stability and safety.",Ceramic,0.7,Round 3 refinement with peer support: 0,691010,Brazil,metric tons,20666000.0,9.0,0.85,"Significant producer of bauxite, a key raw material in ceramic glazes; data from Brazilian Geological Survey."
Bioreactor,Sensors,0.93,"Commonly proposed across several agents, these sensors are crucial for real-time monitoring and control of various bioreactor parameters such as temperature, pH, pressure, etc., supporting system stability and safety.",Ceramic,0.7,Round 3 refinement with peer support: 0,691010,USA,metric tons,6587300.0,5.0,0.825,Major producer of bauxite; data from USGS.
Bioreactor,Controller System,0.88,"Consensus exists around the need for control systems in bioreactors to manage various parameters, though individual citation limits confidence due to lack of industry standard name.",Silicon,0.7,Round 3 refinement with peer support: 0,280469,CHINA,THOUSAND METRIC TONS,3600.0,40.0,0.95,USGS Mineral Commodity Summaries 2024/2023 - authoritative U.S. government production data with global coverage
Bioreactor,Controller System,0.88,"Consensus exists around the need for control systems in bioreactors to manage various parameters, though individual citation limits confidence due to lack of industry standard name.",Silicon,0.7,Round 3 refinement with peer support: 0,280469,RUSSIA,THOUSAND METRIC TONS,570.0,6.33,0.95,USGS Mineral Commodity Summaries 2024/2023 - authoritative U.S. government production data with global coverage
Bioreactor,Controller System,0.88,"Consensus exists around the need for control systems in bioreactors to manage various parameters, though individual citation limits confidence due to lack of industry standard name.",Silicon,0.7,Round 3 refinement with peer support: 0,280469,BRAZIL,THOUSAND METRIC TONS,190.0,2.11,0.95,USGS Mineral Commodity Summaries 2024/2023 - authoritative U.S. government production data with global coverage
Bioreactor,Controller System,0.88,"Consensus exists around the need for control systems in bioreactors to manage various parameters, though individual citation limits confidence due to lack of industry standard name.",Silicon,0.7,Round 3 refinement with peer support: 0,280469,NORWAY,THOUSAND METRIC TONS,200.0,2.22,0.95,USGS Mineral Commodity Summaries 2024/2023 - authoritative U.S. government production data with global coverage
Bioreactor,Controller System,0.88,"Consensus exists around the need for control systems in bioreactors to manage various parameters, though individual citation limits confidence due to lack of industry standard name.",Silicon,0.7,Round 3 refinement with peer support: 0,280469,OTHER,THOUSAND METRIC TONS,100.0,1.11,0.95,USGS Mineral Commodity Summaries 2024/2023 - authoritative U.S. government production data with global coverage
Bioreactor,Controller System,0.88,"Consensus exists around the need for control systems in bioreactors to manage various parameters, though individual citation limits confidence due to lack of industry standard name.",Copper,0.7,Round 3 refinement with peer support: 0,740100,CHINA,THOUSAND METRIC TONS,1700.0,3.47,0.95,USGS Mineral Commodity Summaries 2024/2023 - authoritative U.S. government production data with global coverage
Bioreactor,Controller System,0.88,"Consensus exists around the need for control systems in bioreactors to manage various parameters, though individual citation limits confidence due to lack of industry standard name.",Copper,0.7,Round 3 refinement with peer support: 0,740100,CHILE,THOUSAND METRIC TONS,5000.0,10.2,0.95,USGS Mineral Commodity Summaries 2024/2023 - authoritative U.S. government production data with global coverage
Bioreactor,Controller System,0.88,"Consensus exists around the need for control systems in bioreactors to manage various parameters, though individual citation limits confidence due to lack of industry standard name.",Copper,0.7,Round 3 refinement with peer support: 0,740100,OTHER,THOUSAND METRIC TONS,3100.0,6.33,0.95,USGS Mineral Commodity Summaries 2024/2023 - authoritative U.S. government production data with global coverage
Bioreactor,Controller System,0.88,"Consensus exists around the need for control systems in bioreactors to manage various parameters, though individual citation limits confidence due to lack of industry standard name.",Copper,0.7,Round 3 refinement with peer support: 0,740100,CONGO,THOUSAND METRIC TONS,2500.0,5.1,0.95,USGS Mineral Commodity Summaries 2024/2023 - authoritative U.S. government production data with global coverage
Bioreactor,Controller System,0.88,"Consensus exists around the need for control systems in bioreactors to manage various parameters, though individual citation limits confidence due to lack of industry standard name.",Copper,0.7,Round 3 refinement with peer support: 0,740100,PERU,THOUSAND METRIC TONS,2600.0,5.31,0.95,USGS Mineral Commodity Summaries 2024/2023 - authoritative U.S. government production data with global coverage
Bioreactor,Controller System,0.88,"Consensus exists around the need for control systems in bioreactors to manage various parameters, though individual citation limits confidence due to lack of industry standard name.",Aluminum,0.7,Round 3 refinement with peer support: 0,280300,CHINA,THOUSAND METRIC TONS,41000.0,58.57,0.95,USGS Mineral Commodity Summaries 2024/2023 - authoritative U.S. government production data with global coverage
Bioreactor,Controller System,0.88,"Consensus exists around the need for control systems in bioreactors to manage various parameters, though individual citation limits confidence due to lack of industry standard name.",Aluminum,0.7,Round 3 refinement with peer support: 0,280300,OTHER,THOUSAND METRIC TONS,7000.0,10.0,0.95,USGS Mineral Commodity Summaries 2024/2023 - authoritative U.S. government production data with global coverage
Bioreactor,Controller System,0.88,"Consensus exists around the need for control systems in bioreactors to manage various parameters, though individual citation limits confidence due to lack of industry standard name.",Aluminum,0.7,Round 3 refinement with peer support: 0,280300,INDIA,THOUSAND METRIC TONS,4100.0,5.86,0.95,USGS Mineral Commodity Summaries 2024/2023 - authoritative U.S. government production data with global coverage
Bioreactor,Controller System,0.88,"Consensus exists around the need for control systems in bioreactors to manage various parameters, though individual citation limits confidence due to lack of industry standard name.",Aluminum,0.7,Round 3 refinement with peer support: 0,280300,RUSSIA,THOUSAND METRIC TONS,3800.0,5.43,0.95,USGS Mineral Commodity Summaries 2024/2023 - authoritative U.S. government production data with global coverage
Bioreactor,Controller System,0.88,"Consensus exists around the need for control systems in bioreactors to manage various parameters, though individual citation limits confidence due to lack of industry standard name.",Aluminum,0.7,Round 3 refinement with peer support: 0,280300,CANADA,THOUSAND METRIC TONS,3000.0,4.29,0.95,USGS Mineral Commodity Summaries 2024/2023 - authoritative U.S. government production data with global coverage
Flow Cytometer,Optical Sensor,0.95,High consensus among agents indicates the optical sensor is a primary component in flow cytometers.,Silicon,0.95,Round 3 refinement with peer support: 2,280469,CHINA,THOUSAND METRIC TONS,3600.0,40.0,0.95,USGS Mineral Commodity Summaries 2024/2023 - authoritative U.S. government production data with global coverage
Flow Cytometer,Optical Sensor,0.95,High consensus among agents indicates the optical sensor is a primary component in flow cytometers.,Silicon,0.95,Round 3 refinement with peer support: 2,280469,RUSSIA,THOUSAND METRIC TONS,570.0,6.33,0.95,USGS Mineral Commodity Summaries 2024/2023 - authoritative U.S. government production data with global coverage
Flow Cytometer,Optical Sensor,0.95,High consensus among agents indicates the optical sensor is a primary component in flow cytometers.,Silicon,0.95,Round 3 refinement with peer support: 2,280469,BRAZIL,THOUSAND METRIC TONS,190.0,2.11,0.95,USGS Mineral Commodity Summaries 2024/2023 - authoritative U.S. government production data with global coverage
Flow Cytometer,Optical Sensor,0.95,High consensus among agents indicates the optical sensor is a primary component in flow cytometers.,Silicon,0.95,Round 3 refinement with peer support: 2,280469,NORWAY,THOUSAND METRIC TONS,200.0,2.22,0.95,USGS Mineral Commodity Summaries 2024/2023 - authoritative U.S. government production data with global coverage
Flow Cytometer,Optical Sensor,0.95,High consensus among agents indicates the optical sensor is a primary component in flow cytometers.,Silicon,0.95,Round 3 refinement with peer support: 2,280469,OTHER,THOUSAND METRIC TONS,100.0,1.11,0.95,USGS Mineral Commodity Summaries 2024/2023 - authoritative U.S. government production data with global coverage
Flow Cytometer,Optical Sensor,0.95,High consensus among agents indicates the optical sensor is a primary component in flow cytometers.,Glass,0.7,Round 3 refinement with peer support: 0,700800,China,metric tons,154933333.33333334,41.67,0.84,Multi-agent debate consensus
Flow Cytometer,Optical Sensor,0.95,High consensus among agents indicates the optical sensor is a primary component in flow cytometers.,Glass,0.7,Round 3 refinement with peer support: 0,700800,United States,metric tons,118866666.66666667,19.67,0.853,Multi-agent debate consensus
Flow Cytometer,Optical Sensor,0.95,High consensus among agents indicates the optical sensor is a primary component in flow cytometers.,Glass,0.7,Round 3 refinement with peer support: 0,700800,India,metric tons,51666666.666666664,12.33,0.893,Multi-agent debate consensus
Flow Cytometer,Optical Sensor,0.95,High consensus among agents indicates the optical sensor is a primary component in flow cytometers.,Glass,0.7,Round 3 refinement with peer support: 0,700800,Germany,metric tons,20900000.0,5.67,0.82,Multi-agent debate consensus
Flow Cytometer,Optical Sensor,0.95,High consensus among agents indicates the optical sensor is a primary component in flow cytometers.,Glass,0.7,Round 3 refinement with peer support: 0,700800,Japan,metric tons,40350000.0,5.83,0.76,Multi-agent debate consensus
Flow Cytometer,Optical Sensor,0.95,High consensus among agents indicates the optical sensor is a primary component in flow cytometers.,Amino acids,0.7,Round 3 refinement with peer support: 0,292249,China,metric tons,1450000.0,44.0,0.783,Multi-agent debate consensus
Flow Cytometer,Optical Sensor,0.95,High consensus among agents indicates the optical sensor is a primary component in flow cytometers.,Amino acids,0.7,Round 3 refinement with peer support: 0,292249,Japan,metric tons,570000.0,15.0,0.833,Multi-agent debate consensus
Flow Cytometer,Optical Sensor,0.95,High consensus among agents indicates the optical sensor is a primary component in flow cytometers.,Amino acids,0.7,Round 3 refinement with peer support: 0,292249,United States,metric tons,315000.0,8.33,0.817,Multi-agent debate consensus
Flow Cytometer,Optical Sensor,0.95,High consensus among agents indicates the optical sensor is a primary component in flow cytometers.,Amino acids,0.7,Round 3 refinement with peer support: 0,292249,Germany,metric tons,161666.66666666666,4.67,0.767,Multi-agent debate consensus
Flow Cytometer,Optical Sensor,0.95,High consensus among agents indicates the optical sensor is a primary component in flow cytometers.,Amino acids,0.7,Round 3 refinement with peer support: 0,292249,South Korea,metric tons,208333.33333333334,5.33,0.767,Multi-agent debate consensus
Flow Cytometer,Microscope Lens,0.93,"Critical for imaging in cytometry analyses, with strong peer agreement on this component.",Glass,0.7,Round 3 refinement with peer support: 0,700800,China,metric tons,154933333.33333334,41.67,0.84,Multi-agent debate consensus
Flow Cytometer,Microscope Lens,0.93,"Critical for imaging in cytometry analyses, with strong peer agreement on this component.",Glass,0.7,Round 3 refinement with peer support: 0,700800,United States,metric tons,118866666.66666667,19.67,0.853,Multi-agent debate consensus
Flow Cytometer,Microscope Lens,0.93,"Critical for imaging in cytometry analyses, with strong peer agreement on this component.",Glass,0.7,Round 3 refinement with peer support: 0,700800,India,metric tons,51666666.666666664,12.33,0.893,Multi-agent debate consensus
Flow Cytometer,Microscope Lens,0.93,"Critical for imaging in cytometry analyses, with strong peer agreement on this component.",Glass,0.7,Round 3 refinement with peer support: 0,700800,Germany,metric tons,20900000.0,5.67,0.82,Multi-agent debate consensus
Flow Cytometer,Microscope Lens,0.93,"Critical for imaging in cytometry analyses, with strong peer agreement on this component.",Glass,0.7,Round 3 refinement with peer support: 0,700800,Japan,metric tons,40350000.0,5.83,0.76,Multi-agent debate consensus
Flow Cytometer,Microscope Lens,0.93,"Critical for imaging in cytometry analyses, with strong peer agreement on this component.",Silicon,0.7,Round 3 refinement with peer support: 0,280469,CHINA,THOUSAND METRIC TONS,3600.0,40.0,0.95,USGS Mineral Commodity Summaries 2024/2023 - authoritative U.S. government production data with global coverage
Flow Cytometer,Microscope Lens,0.93,"Critical for imaging in cytometry analyses, with strong peer agreement on this component.",Silicon,0.7,Round 3 refinement with peer support: 0,280469,RUSSIA,THOUSAND METRIC TONS,570.0,6.33,0.95,USGS Mineral Commodity Summaries 2024/2023 - authoritative U.S. government production data with global coverage
Flow Cytometer,Microscope Lens,0.93,"Critical for imaging in cytometry analyses, with strong peer agreement on this component.",Silicon,0.7,Round 3 refinement with peer support: 0,280469,BRAZIL,THOUSAND METRIC TONS,190.0,2.11,0.95,USGS Mineral Commodity Summaries 2024/2023 - authoritative U.S. government production data with global coverage
Flow Cytometer,Microscope Lens,0.93,"Critical for imaging in cytometry analyses, with strong peer agreement on this component.",Silicon,0.7,Round 3 refinement with peer support: 0,280469,NORWAY,THOUSAND METRIC TONS,200.0,2.22,0.95,USGS Mineral Commodity Summaries 2024/2023 - authoritative U.S. government production data with global coverage
Flow Cytometer,Microscope Lens,0.93,"Critical for imaging in cytometry analyses, with strong peer agreement on this component.",Silicon,0.7,Round 3 refinement with peer support: 0,280469,OTHER,THOUSAND METRIC TONS,100.0,1.11,0.95,USGS Mineral Commodity Summaries 2024/2023 - authoritative U.S. government production data with global coverage
Flow Cytometer,Microscope Lens,0.93,"Critical for imaging in cytometry analyses, with strong peer agreement on this component.",Boron nitride,0.7,Round 3 refinement with peer support: 0,285000,Japan,metric tons,5583.333333333333,20.33,0.733,Multi-agent debate consensus
Flow Cytometer,Microscope Lens,0.93,"Critical for imaging in cytometry analyses, with strong peer agreement on this component.",Boron nitride,0.7,Round 3 refinement with peer support: 0,285000,United States,metric tons,4066.6666666666665,14.6,0.7,Based on recent estimates from the USGS reports; strong producer but data may have limitations.
Flow Cytometer,Microscope Lens,0.93,"Critical for imaging in cytometry analyses, with strong peer agreement on this component.",Boron nitride,0.7,Round 3 refinement with peer support: 0,285000,Germany,metric tons,2073.3333333333335,6.27,0.667,Multi-agent debate consensus
Flow Cytometer,Microscope Lens,0.93,"Critical for imaging in cytometry analyses, with strong peer agreement on this component.",Boron nitride,0.7,Round 3 refinement with peer support: 0,285000,South Korea,metric tons,4756.666666666667,11.67,0.667,Multi-agent debate consensus
Flow Cytometer,Microscope Lens,0.93,"Critical for imaging in cytometry analyses, with strong peer agreement on this component.",Boron nitride,0.7,Round 3 refinement with peer support: 0,285000,China,metric tons,27475.0,31.5,0.7,Considered a minor producer with limited data available for confirmation; estimates based on recent partial reports.
Flow Cytometer,Photomultiplier Tubes,0.93,Strong consensus among agents on PMTs as critical for signal detection. Agents have provided detailed support with high confidence scores.,Boron nitride,0.85,Round 3 refinement with peer support: 1,285000,Japan,metric tons,5583.333333333333,20.33,0.733,Multi-agent debate consensus
Flow Cytometer,Photomultiplier Tubes,0.93,Strong consensus among agents on PMTs as critical for signal detection. Agents have provided detailed support with high confidence scores.,Boron nitride,0.85,Round 3 refinement with peer support: 1,285000,United States,metric tons,4066.6666666666665,14.6,0.7,Based on recent estimates from the USGS reports; strong producer but data may have limitations.
Flow Cytometer,Photomultiplier Tubes,0.93,Strong consensus among agents on PMTs as critical for signal detection. Agents have provided detailed support with high confidence scores.,Boron nitride,0.85,Round 3 refinement with peer support: 1,285000,Germany,metric tons,2073.3333333333335,6.27,0.667,Multi-agent debate consensus
Flow Cytometer,Photomultiplier Tubes,0.93,Strong consensus among agents on PMTs as critical for signal detection. Agents have provided detailed support with high confidence scores.,Boron nitride,0.85,Round 3 refinement with peer support: 1,285000,South Korea,metric tons,4756.666666666667,11.67,0.667,Multi-agent debate consensus
Flow Cytometer,Photomultiplier Tubes,0.93,Strong consensus among agents on PMTs as critical for signal detection. Agents have provided detailed support with high confidence scores.,Boron nitride,0.85,Round 3 refinement with peer support: 1,285000,China,metric tons,27475.0,31.5,0.7,Considered a minor producer with limited data available for confirmation; estimates based on recent partial reports.
Flow Cytometer,Control Electronics,0.86,"Multiple agents support its role, but some were uncertain about exact hardware components.",Copper,0.85,Round 3 refinement with peer support: 1,740100,CHINA,THOUSAND METRIC TONS,1700.0,3.47,0.95,USGS Mineral Commodity Summaries 2024/2023 - authoritative U.S. government production data with global coverage
Flow Cytometer,Control Electronics,0.86,"Multiple agents support its role, but some were uncertain about exact hardware components.",Copper,0.85,Round 3 refinement with peer support: 1,740100,CHILE,THOUSAND METRIC TONS,5000.0,10.2,0.95,USGS Mineral Commodity Summaries 2024/2023 - authoritative U.S. government production data with global coverage
Flow Cytometer,Control Electronics,0.86,"Multiple agents support its role, but some were uncertain about exact hardware components.",Copper,0.85,Round 3 refinement with peer support: 1,740100,OTHER,THOUSAND METRIC TONS,3100.0,6.33,0.95,USGS Mineral Commodity Summaries 2024/2023 - authoritative U.S. government production data with global coverage
Flow Cytometer,Control Electronics,0.86,"Multiple agents support its role, but some were uncertain about exact hardware components.",Copper,0.85,Round 3 refinement with peer support: 1,740100,CONGO,THOUSAND METRIC TONS,2500.0,5.1,0.95,USGS Mineral Commodity Summaries 2024/2023 - authoritative U.S. government production data with global coverage
Flow Cytometer,Control Electronics,0.86,"Multiple agents support its role, but some were uncertain about exact hardware components.",Copper,0.85,Round 3 refinement with peer support: 1,740100,PERU,THOUSAND METRIC TONS,2600.0,5.31,0.95,USGS Mineral Commodity Summaries 2024/2023 - authoritative U.S. government production data with global coverage
Flow Cytometer,Detection System,0.86,"Though peer Agent3 proposed a slightly lower confidence (0.92) and isolated, it is considered critical given that most agents recognized its importance in data analysis from optical sensors. The combined support provides moderate but strong consensus.",Boron,0.7,Round 3 refinement with peer support: 0,280450,Turkey,metric tons,291633.3333333333,58.0,0.84,Based on data from the Turkish Ministry of Energy and Natural Resources; very reliable official statistics
Flow Cytometer,Detection System,0.86,"Though peer Agent3 proposed a slightly lower confidence (0.92) and isolated, it is considered critical given that most agents recognized its importance in data analysis from optical sensors. The combined support provides moderate but strong consensus.",Boron,0.7,Round 3 refinement with peer support: 0,280450,China,metric tons,69885.14333333333,13.67,0.817,Largest producer in Asia; data from the China National Nuclear Corporation
Flow Cytometer,Detection System,0.86,"Though peer Agent3 proposed a slightly lower confidence (0.92) and isolated, it is considered critical given that most agents recognized its importance in data analysis from optical sensors. The combined support provides moderate but strong consensus.",Boron,0.7,Round 3 refinement with peer support: 0,280450,Romania,metric tons,15187.5,2.86,0.783,Multi-agent debate consensus
Flow Cytometer,Detection System,0.86,"Though peer Agent3 proposed a slightly lower confidence (0.92) and isolated, it is considered critical given that most agents recognized its importance in data analysis from optical sensors. The combined support provides moderate but strong consensus.",Boron,0.7,Round 3 refinement with peer support: 0,280450,Jordan,metric tons,77389.86666666667,13.47,0.783,Multi-agent debate consensus
Flow Cytometer,Detection System,0.86,"Though peer Agent3 proposed a slightly lower confidence (0.92) and isolated, it is considered critical given that most agents recognized its importance in data analysis from optical sensors. The combined support provides moderate but strong consensus.",Boron,0.7,Round 3 refinement with peer support: 0,280450,Uzbekistan,metric tons,61118.975,9.2,0.85,Primary producer based on reports from the United States Geological Survey; well-established industry
Freeze Dryer (Lyophilizer),Freezing Chamber,0.95,Strong consensus supported by multiple agents with an average confidence of 0.95.,Aluminum,0.95,Round 3 refinement with peer support: 2,280300,CHINA,THOUSAND METRIC TONS,41000.0,58.57,0.95,USGS Mineral Commodity Summaries 2024/2023 - authoritative U.S. government production data with global coverage
Freeze Dryer (Lyophilizer),Freezing Chamber,0.95,Strong consensus supported by multiple agents with an average confidence of 0.95.,Aluminum,0.95,Round 3 refinement with peer support: 2,280300,OTHER,THOUSAND METRIC TONS,7000.0,10.0,0.95,USGS Mineral Commodity Summaries 2024/2023 - authoritative U.S. government production data with global coverage
Freeze Dryer (Lyophilizer),Freezing Chamber,0.95,Strong consensus supported by multiple agents with an average confidence of 0.95.,Aluminum,0.95,Round 3 refinement with peer support: 2,280300,INDIA,THOUSAND METRIC TONS,4100.0,5.86,0.95,USGS Mineral Commodity Summaries 2024/2023 - authoritative U.S. government production data with global coverage
Freeze Dryer (Lyophilizer),Freezing Chamber,0.95,Strong consensus supported by multiple agents with an average confidence of 0.95.,Aluminum,0.95,Round 3 refinement with peer support: 2,280300,RUSSIA,THOUSAND METRIC TONS,3800.0,5.43,0.95,USGS Mineral Commodity Summaries 2024/2023 - authoritative U.S. government production data with global coverage
Freeze Dryer (Lyophilizer),Freezing Chamber,0.95,Strong consensus supported by multiple agents with an average confidence of 0.95.,Aluminum,0.95,Round 3 refinement with peer support: 2,280300,CANADA,THOUSAND METRIC TONS,3000.0,4.29,0.95,USGS Mineral Commodity Summaries 2024/2023 - authoritative U.S. government production data with global coverage
Freeze Dryer (Lyophilizer),Freezing Chamber,0.95,Strong consensus supported by multiple agents with an average confidence of 0.95.,Acrylic,0.85,Round 3 refinement with peer support: 1,390690,China,metric tons,1722428.281333333,39.0,0.867,Multi-agent debate consensus
Freeze Dryer (Lyophilizer),Freezing Chamber,0.95,Strong consensus supported by multiple agents with an average confidence of 0.95.,Acrylic,0.85,Round 3 refinement with peer support: 1,390690,South Korea,metric tons,657188.608,17.08,0.817,Multi-agent debate consensus
Freeze Dryer (Lyophilizer),Freezing Chamber,0.95,Strong consensus supported by multiple agents with an average confidence of 0.95.,Acrylic,0.85,Round 3 refinement with peer support: 1,390690,Japan,metric tons,643398.12,14.61,0.75,Multi-agent debate consensus
Freeze Dryer (Lyophilizer),Freezing Chamber,0.95,Strong consensus supported by multiple agents with an average confidence of 0.95.,Acrylic,0.85,Round 3 refinement with peer support: 1,390690,United States,metric tons,210479.68166666667,4.18,0.65,Multi-agent debate consensus
Freeze Dryer (Lyophilizer),Freezing Chamber,0.95,Strong consensus supported by multiple agents with an average confidence of 0.95.,Acrylic,0.85,Round 3 refinement with peer support: 1,390690,Taiwan,metric tons,295069.31233333336,9.2,0.717,Based on recent industry reports and data from polymer companies.
Freeze Dryer (Lyophilizer),Freezing Chamber,0.95,Strong consensus supported by multiple agents with an average confidence of 0.95.,Stainless steel,0.7,Round 3 refinement with peer support: 0,722000,China,tons,23282553.0,51.4,0.93,China dominates global stainless steel production based on recent industry reports and production statistics from the China Iron & Steel Association (CISA).
Freeze Dryer (Lyophilizer),Freezing Chamber,0.95,Strong consensus supported by multiple agents with an average confidence of 0.95.,Stainless steel,0.7,Round 3 refinement with peer support: 0,722000,Russia,tons,1952233.3333333333,5.23,0.783,Large nickel producing country with diversified mining operations. Data from the Federal Service for Supervision of Consumer Rights and Wellbeing.
Freeze Dryer (Lyophilizer),Freezing Chamber,0.95,Strong consensus supported by multiple agents with an average confidence of 0.95.,Stainless steel,0.7,Round 3 refinement with peer support: 0,722000,India,metric tons,5600000.0,8.5,0.85,Multi-agent debate consensus
Freeze Dryer (Lyophilizer),Freezing Chamber,0.95,Strong consensus supported by multiple agents with an average confidence of 0.95.,Stainless steel,0.7,Round 3 refinement with peer support: 0,722000,Japan,metric tons,5490000.0,7.5,0.9,Multi-agent debate consensus
Freeze Dryer (Lyophilizer),Freezing Chamber,0.95,Strong consensus supported by multiple agents with an average confidence of 0.95.,Stainless steel,0.7,Round 3 refinement with peer support: 0,722000,Germany,metric tons,3667500.0,5.0,0.845,Multi-agent debate consensus
Freeze Dryer (Lyophilizer),Freezing Chamber,0.95,Strong consensus supported by multiple agents with an average confidence of 0.95.,Borosilicate glass,0.7,Round 3 refinement with peer support: 0,700800,China,metric tons,51491666.666666664,41.67,0.833,Multi-agent debate consensus
Freeze Dryer (Lyophilizer),Freezing Chamber,0.95,Strong consensus supported by multiple agents with an average confidence of 0.95.,Borosilicate glass,0.7,Round 3 refinement with peer support: 0,700800,Germany,metric tons,20445000.0,14.0,0.817,Germany's reputation in precision and high-quality glass production supports this estimate.
Freeze Dryer (Lyophilizer),Freezing Chamber,0.95,Strong consensus supported by multiple agents with an average confidence of 0.95.,Borosilicate glass,0.7,Round 3 refinement with peer support: 0,700800,Japan,metric tons,25300000.0,12.67,0.85,Japanese manufacturers are known for their expertise in borosilicate glass.
Freeze Dryer (Lyophilizer),Freezing Chamber,0.95,Strong consensus supported by multiple agents with an average confidence of 0.95.,Borosilicate glass,0.7,Round 3 refinement with peer support: 0,700800,United States,metric tons,10150333.333333334,9.0,0.783,Multi-agent debate consensus
Freeze Dryer (Lyophilizer),Freezing Chamber,0.95,Strong consensus supported by multiple agents with an average confidence of 0.95.,Borosilicate glass,0.7,Round 3 refinement with peer support: 0,700800,Italy,metric tons,8432333.333333334,5.33,0.7,Historically important in specialized glass manufacturing but specific borosilicate data might exist elsewhere.
Freeze Dryer (Lyophilizer),Freezing Chamber,0.95,Strong consensus supported by multiple agents with an average confidence of 0.95.,Silver,0.7,Round 3 refinement with peer support: 0,710610,MEXICO,METRIC TONS,6400.0,24.62,0.95,USGS Mineral Commodity Summaries 2024/2023 - authoritative U.S. government production data with global coverage
Freeze Dryer (Lyophilizer),Freezing Chamber,0.95,Strong consensus supported by multiple agents with an average confidence of 0.95.,Silver,0.7,Round 3 refinement with peer support: 0,710610,CHINA,METRIC TONS,3400.0,13.08,0.95,USGS Mineral Commodity Summaries 2024/2023 - authoritative U.S. government production data with global coverage
Freeze Dryer (Lyophilizer),Freezing Chamber,0.95,Strong consensus supported by multiple agents with an average confidence of 0.95.,Silver,0.7,Round 3 refinement with peer support: 0,710610,PERU,METRIC TONS,3100.0,11.92,0.95,USGS Mineral Commodity Summaries 2024/2023 - authoritative U.S. government production data with global coverage
Freeze Dryer (Lyophilizer),Freezing Chamber,0.95,Strong consensus supported by multiple agents with an average confidence of 0.95.,Silver,0.7,Round 3 refinement with peer support: 0,710610,OTHER,METRIC TONS,3000.0,11.54,0.95,USGS Mineral Commodity Summaries 2024/2023 - authoritative U.S. government production data with global coverage
Freeze Dryer (Lyophilizer),Freezing Chamber,0.95,Strong consensus supported by multiple agents with an average confidence of 0.95.,Silver,0.7,Round 3 refinement with peer support: 0,710610,CHILE,METRIC TONS,1400.0,5.38,0.95,USGS Mineral Commodity Summaries 2024/2023 - authoritative U.S. government production data with global coverage
Freeze Dryer (Lyophilizer),Freezing Chamber,0.95,Strong consensus supported by multiple agents with an average confidence of 0.95.,Titanium,0.7,Round 3 refinement with peer support: 0,810810,Australia,metric tons,153160.0,34.63,0.907,Australian government data; dominant producer in the region
Freeze Dryer (Lyophilizer),Freezing Chamber,0.95,Strong consensus supported by multiple agents with an average confidence of 0.95.,Titanium,0.7,Round 3 refinement with peer support: 0,810810,China,metric tons,58177.0,14.27,0.9,USGS and industry reports; largest global producer
Freeze Dryer (Lyophilizer),Freezing Chamber,0.95,Strong consensus supported by multiple agents with an average confidence of 0.95.,Titanium,0.7,Round 3 refinement with peer support: 0,810810,Canada,metric tons,31428.0,11.45,0.85,Multi-agent debate consensus
Freeze Dryer (Lyophilizer),Freezing Chamber,0.95,Strong consensus supported by multiple agents with an average confidence of 0.95.,Titanium,0.7,Round 3 refinement with peer support: 0,810810,South Africa,metric tons,13334.666666666666,3.9,0.873,Multi-agent debate consensus
Freeze Dryer (Lyophilizer),Freezing Chamber,0.95,Strong consensus supported by multiple agents with an average confidence of 0.95.,Titanium,0.7,Round 3 refinement with peer support: 0,810810, ilva,metric tons,167500.0,23.0,0.85,Based on recent reports from the International Titanium Association; major producer with reliable data.
Freeze Dryer (Lyophilizer),Vacuum Pump,0.95,"Strong consensus among multiple agents (Agent2, Agent3) with high confidence ratings.",Aluminum,0.95,Round 3 refinement with peer support: 2,280300,CHINA,THOUSAND METRIC TONS,41000.0,58.57,0.95,USGS Mineral Commodity Summaries 2024/2023 - authoritative U.S. government production data with global coverage
Freeze Dryer (Lyophilizer),Vacuum Pump,0.95,"Strong consensus among multiple agents (Agent2, Agent3) with high confidence ratings.",Aluminum,0.95,Round 3 refinement with peer support: 2,280300,OTHER,THOUSAND METRIC TONS,7000.0,10.0,0.95,USGS Mineral Commodity Summaries 2024/2023 - authoritative U.S. government production data with global coverage
Freeze Dryer (Lyophilizer),Vacuum Pump,0.95,"Strong consensus among multiple agents (Agent2, Agent3) with high confidence ratings.",Aluminum,0.95,Round 3 refinement with peer support: 2,280300,INDIA,THOUSAND METRIC TONS,4100.0,5.86,0.95,USGS Mineral Commodity Summaries 2024/2023 - authoritative U.S. government production data with global coverage
Freeze Dryer (Lyophilizer),Vacuum Pump,0.95,"Strong consensus among multiple agents (Agent2, Agent3) with high confidence ratings.",Aluminum,0.95,Round 3 refinement with peer support: 2,280300,RUSSIA,THOUSAND METRIC TONS,3800.0,5.43,0.95,USGS Mineral Commodity Summaries 2024/2023 - authoritative U.S. government production data with global coverage
Freeze Dryer (Lyophilizer),Vacuum Pump,0.95,"Strong consensus among multiple agents (Agent2, Agent3) with high confidence ratings.",Aluminum,0.95,Round 3 refinement with peer support: 2,280300,CANADA,THOUSAND METRIC TONS,3000.0,4.29,0.95,USGS Mineral Commodity Summaries 2024/2023 - authoritative U.S. government production data with global coverage
Freeze Dryer (Lyophilizer),Vacuum Pump,0.95,"Strong consensus among multiple agents (Agent2, Agent3) with high confidence ratings.",Stainless steel,0.7,Round 3 refinement with peer support: 0,722000,China,tons,23282553.0,51.4,0.93,China dominates global stainless steel production based on recent industry reports and production statistics from the China Iron & Steel Association (CISA).
Freeze Dryer (Lyophilizer),Vacuum Pump,0.95,"Strong consensus among multiple agents (Agent2, Agent3) with high confidence ratings.",Stainless steel,0.7,Round 3 refinement with peer support: 0,722000,Russia,tons,1952233.3333333333,5.23,0.783,Large nickel producing country with diversified mining operations. Data from the Federal Service for Supervision of Consumer Rights and Wellbeing.
Freeze Dryer (Lyophilizer),Vacuum Pump,0.95,"Strong consensus among multiple agents (Agent2, Agent3) with high confidence ratings.",Stainless steel,0.7,Round 3 refinement with peer support: 0,722000,India,metric tons,5600000.0,8.5,0.85,Multi-agent debate consensus
Freeze Dryer (Lyophilizer),Vacuum Pump,0.95,"Strong consensus among multiple agents (Agent2, Agent3) with high confidence ratings.",Stainless steel,0.7,Round 3 refinement with peer support: 0,722000,Japan,metric tons,5490000.0,7.5,0.9,Multi-agent debate consensus
Freeze Dryer (Lyophilizer),Vacuum Pump,0.95,"Strong consensus among multiple agents (Agent2, Agent3) with high confidence ratings.",Stainless steel,0.7,Round 3 refinement with peer support: 0,722000,Germany,metric tons,3667500.0,5.0,0.845,Multi-agent debate consensus
Freeze Dryer (Lyophilizer),Vacuum Pump,0.95,"Strong consensus among multiple agents (Agent2, Agent3) with high confidence ratings.",Copper,0.7,Round 3 refinement with peer support: 0,740100,CHINA,THOUSAND METRIC TONS,1700.0,3.47,0.95,USGS Mineral Commodity Summaries 2024/2023 - authoritative U.S. government production data with global coverage
Freeze Dryer (Lyophilizer),Vacuum Pump,0.95,"Strong consensus among multiple agents (Agent2, Agent3) with high confidence ratings.",Copper,0.7,Round 3 refinement with peer support: 0,740100,CHILE,THOUSAND METRIC TONS,5000.0,10.2,0.95,USGS Mineral Commodity Summaries 2024/2023 - authoritative U.S. government production data with global coverage
Freeze Dryer (Lyophilizer),Vacuum Pump,0.95,"Strong consensus among multiple agents (Agent2, Agent3) with high confidence ratings.",Copper,0.7,Round 3 refinement with peer support: 0,740100,OTHER,THOUSAND METRIC TONS,3100.0,6.33,0.95,USGS Mineral Commodity Summaries 2024/2023 - authoritative U.S. government production data with global coverage
Freeze Dryer (Lyophilizer),Vacuum Pump,0.95,"Strong consensus among multiple agents (Agent2, Agent3) with high confidence ratings.",Copper,0.7,Round 3 refinement with peer support: 0,740100,CONGO,THOUSAND METRIC TONS,2500.0,5.1,0.95,USGS Mineral Commodity Summaries 2024/2023 - authoritative U.S. government production data with global coverage
Freeze Dryer (Lyophilizer),Vacuum Pump,0.95,"Strong consensus among multiple agents (Agent2, Agent3) with high confidence ratings.",Copper,0.7,Round 3 refinement with peer support: 0,740100,PERU,THOUSAND METRIC TONS,2600.0,5.31,0.95,USGS Mineral Commodity Summaries 2024/2023 - authoritative U.S. government production data with global coverage
Freeze Dryer (Lyophilizer),Vacuum Pump,0.95,"Strong consensus among multiple agents (Agent2, Agent3) with high confidence ratings.",Sodium hydroxide,0.7,Round 3 refinement with peer support: 0,281511,China,metric tons,10616666.666666666,47.33,0.867,Based on industry reports and USGS data; dominant producer in the global market.
Freeze Dryer (Lyophilizer),Vacuum Pump,0.95,"Strong consensus among multiple agents (Agent2, Agent3) with high confidence ratings.",Sodium hydroxide,0.7,Round 3 refinement with peer support: 0,281511,India,metric tons,1353333.3333333333,11.63,0.767,Multi-agent debate consensus
Freeze Dryer (Lyophilizer),Vacuum Pump,0.95,"Strong consensus among multiple agents (Agent2, Agent3) with high confidence ratings.",Sodium hydroxide,0.7,Round 3 refinement with peer support: 0,281511,United States,metric tons,1626666.6666666667,10.0,0.783,Significant production; USGS data and company reports.
Freeze Dryer (Lyophilizer),Vacuum Pump,0.95,"Strong consensus among multiple agents (Agent2, Agent3) with high confidence ratings.",Sodium hydroxide,0.7,Round 3 refinement with peer support: 0,281511,Brazil,metric tons,1080322.6666666667,6.33,0.733,Noted for its production especially in the chemicals sector; limited recent data.
Freeze Dryer (Lyophilizer),Vacuum Pump,0.95,"Strong consensus among multiple agents (Agent2, Agent3) with high confidence ratings.",Sodium hydroxide,0.7,Round 3 refinement with peer support: 0,281511,Japan,metric tons,2603333.3333333335,9.4,0.817,Second largest producer with reliable industry reports.
Freeze Dryer (Lyophilizer),Condenser,0.89,Shared support among two agents at a moderate to high level of 0.89.,Silver,0.775,Round 3 refinement with peer support: 1,710610,MEXICO,METRIC TONS,6400.0,24.62,0.95,USGS Mineral Commodity Summaries 2024/2023 - authoritative U.S. government production data with global coverage
Freeze Dryer (Lyophilizer),Condenser,0.89,Shared support among two agents at a moderate to high level of 0.89.,Silver,0.775,Round 3 refinement with peer support: 1,710610,CHINA,METRIC TONS,3400.0,13.08,0.95,USGS Mineral Commodity Summaries 2024/2023 - authoritative U.S. government production data with global coverage
Freeze Dryer (Lyophilizer),Condenser,0.89,Shared support among two agents at a moderate to high level of 0.89.,Silver,0.775,Round 3 refinement with peer support: 1,710610,PERU,METRIC TONS,3100.0,11.92,0.95,USGS Mineral Commodity Summaries 2024/2023 - authoritative U.S. government production data with global coverage
Freeze Dryer (Lyophilizer),Condenser,0.89,Shared support among two agents at a moderate to high level of 0.89.,Silver,0.775,Round 3 refinement with peer support: 1,710610,OTHER,METRIC TONS,3000.0,11.54,0.95,USGS Mineral Commodity Summaries 2024/2023 - authoritative U.S. government production data with global coverage
Freeze Dryer (Lyophilizer),Condenser,0.89,Shared support among two agents at a moderate to high level of 0.89.,Silver,0.775,Round 3 refinement with peer support: 1,710610,CHILE,METRIC TONS,1400.0,5.38,0.95,USGS Mineral Commodity Summaries 2024/2023 - authoritative U.S. government production data with global coverage
Freeze Dryer (Lyophilizer),Condenser,0.89,Shared support among two agents at a moderate to high level of 0.89.,Copper,0.7,Round 3 refinement with peer support: 0,740100,CHINA,THOUSAND METRIC TONS,1700.0,3.47,0.95,USGS Mineral Commodity Summaries 2024/2023 - authoritative U.S. government production data with global coverage
Freeze Dryer (Lyophilizer),Condenser,0.89,Shared support among two agents at a moderate to high level of 0.89.,Copper,0.7,Round 3 refinement with peer support: 0,740100,CHILE,THOUSAND METRIC TONS,5000.0,10.2,0.95,USGS Mineral Commodity Summaries 2024/2023 - authoritative U.S. government production data with global coverage
Freeze Dryer (Lyophilizer),Condenser,0.89,Shared support among two agents at a moderate to high level of 0.89.,Copper,0.7,Round 3 refinement with peer support: 0,740100,OTHER,THOUSAND METRIC TONS,3100.0,6.33,0.95,USGS Mineral Commodity Summaries 2024/2023 - authoritative U.S. government production data with global coverage
Freeze Dryer (Lyophilizer),Condenser,0.89,Shared support among two agents at a moderate to high level of 0.89.,Copper,0.7,Round 3 refinement with peer support: 0,740100,CONGO,THOUSAND METRIC TONS,2500.0,5.1,0.95,USGS Mineral Commodity Summaries 2024/2023 - authoritative U.S. government production data with global coverage
Freeze Dryer (Lyophilizer),Condenser,0.89,Shared support among two agents at a moderate to high level of 0.89.,Copper,0.7,Round 3 refinement with peer support: 0,740100,PERU,THOUSAND METRIC TONS,2600.0,5.31,0.95,USGS Mineral Commodity Summaries 2024/2023 - authoritative U.S. government production data with global coverage
Freeze Dryer (Lyophilizer),Condenser,0.89,Shared support among two agents at a moderate to high level of 0.89.,Bismuth telluride,0.7,Round 3 refinement with peer support: 0,284390,China,metric tons,1958.3333333333333,23.33,0.767,Multi-agent debate consensus
Freeze Dryer (Lyophilizer),Condenser,0.89,Shared support among two agents at a moderate to high level of 0.89.,Bismuth telluride,0.7,Round 3 refinement with peer support: 0,284390,Russia,metric tons,380.0,6.67,0.75,Multi-agent debate consensus
Freeze Dryer (Lyophilizer),Condenser,0.89,Shared support among two agents at a moderate to high level of 0.89.,Bismuth telluride,0.7,Round 3 refinement with peer support: 0,284390,Canada,metric tons,1339.3333333333333,8.27,0.75,Multi-agent debate consensus
Freeze Dryer (Lyophilizer),Condenser,0.89,Shared support among two agents at a moderate to high level of 0.89.,Bismuth telluride,0.7,Round 3 refinement with peer support: 0,284390,United States,metric tons,325.0,15.0,0.8,Multi-agent debate consensus
Freeze Dryer (Lyophilizer),Condenser,0.89,Shared support among two agents at a moderate to high level of 0.89.,Bismuth telluride,0.7,Round 3 refinement with peer support: 0,284390,Japan,metric tons,430.6666666666667,3.67,0.767,Multi-agent debate consensus
Freeze Dryer (Lyophilizer),Heating Elements,0.83,"Consensus among two agents at a moderate level of 0.83, as they strongly support the component.",Copper,0.7,Round 3 refinement with peer support: 0,740100,CHINA,THOUSAND METRIC TONS,1700.0,3.47,0.95,USGS Mineral Commodity Summaries 2024/2023 - authoritative U.S. government production data with global coverage
Freeze Dryer (Lyophilizer),Heating Elements,0.83,"Consensus among two agents at a moderate level of 0.83, as they strongly support the component.",Copper,0.7,Round 3 refinement with peer support: 0,740100,CHILE,THOUSAND METRIC TONS,5000.0,10.2,0.95,USGS Mineral Commodity Summaries 2024/2023 - authoritative U.S. government production data with global coverage
Freeze Dryer (Lyophilizer),Heating Elements,0.83,"Consensus among two agents at a moderate level of 0.83, as they strongly support the component.",Copper,0.7,Round 3 refinement with peer support: 0,740100,OTHER,THOUSAND METRIC TONS,3100.0,6.33,0.95,USGS Mineral Commodity Summaries 2024/2023 - authoritative U.S. government production data with global coverage
Freeze Dryer (Lyophilizer),Heating Elements,0.83,"Consensus among two agents at a moderate level of 0.83, as they strongly support the component.",Copper,0.7,Round 3 refinement with peer support: 0,740100,CONGO,THOUSAND METRIC TONS,2500.0,5.1,0.95,USGS Mineral Commodity Summaries 2024/2023 - authoritative U.S. government production data with global coverage
Freeze Dryer (Lyophilizer),Heating Elements,0.83,"Consensus among two agents at a moderate level of 0.83, as they strongly support the component.",Copper,0.7,Round 3 refinement with peer support: 0,740100,PERU,THOUSAND METRIC TONS,2600.0,5.31,0.95,USGS Mineral Commodity Summaries 2024/2023 - authoritative U.S. government production data with global coverage
Computer Graphics Processing Units (GPUs),Graphics Processing Unit (gpu),1.0,There is a strong consensus among three agents on the necessity of GPU as a primary component with an average confidence score of 0.99. This indicates high certainty that the GPU is essential for computer graphics processing units.,Aluminum,0.95,Round 3 refinement with peer support: 2,280300,CHINA,THOUSAND METRIC TONS,41000.0,58.57,0.95,USGS Mineral Commodity Summaries 2024/2023 - authoritative U.S. government production data with global coverage
Computer Graphics Processing Units (GPUs),Graphics Processing Unit (gpu),1.0,There is a strong consensus among three agents on the necessity of GPU as a primary component with an average confidence score of 0.99. This indicates high certainty that the GPU is essential for computer graphics processing units.,Aluminum,0.95,Round 3 refinement with peer support: 2,280300,OTHER,THOUSAND METRIC TONS,7000.0,10.0,0.95,USGS Mineral Commodity Summaries 2024/2023 - authoritative U.S. government production data with global coverage
Computer Graphics Processing Units (GPUs),Graphics Processing Unit (gpu),1.0,There is a strong consensus among three agents on the necessity of GPU as a primary component with an average confidence score of 0.99. This indicates high certainty that the GPU is essential for computer graphics processing units.,Aluminum,0.95,Round 3 refinement with peer support: 2,280300,INDIA,THOUSAND METRIC TONS,4100.0,5.86,0.95,USGS Mineral Commodity Summaries 2024/2023 - authoritative U.S. government production data with global coverage
Computer Graphics Processing Units (GPUs),Graphics Processing Unit (gpu),1.0,There is a strong consensus among three agents on the necessity of GPU as a primary component with an average confidence score of 0.99. This indicates high certainty that the GPU is essential for computer graphics processing units.,Aluminum,0.95,Round 3 refinement with peer support: 2,280300,RUSSIA,THOUSAND METRIC TONS,3800.0,5.43,0.95,USGS Mineral Commodity Summaries 2024/2023 - authoritative U.S. government production data with global coverage
Computer Graphics Processing Units (GPUs),Graphics Processing Unit (gpu),1.0,There is a strong consensus among three agents on the necessity of GPU as a primary component with an average confidence score of 0.99. This indicates high certainty that the GPU is essential for computer graphics processing units.,Aluminum,0.95,Round 3 refinement with peer support: 2,280300,CANADA,THOUSAND METRIC TONS,3000.0,4.29,0.95,USGS Mineral Commodity Summaries 2024/2023 - authoritative U.S. government production data with global coverage
Computer Graphics Processing Units (GPUs),Graphics Processing Unit (gpu),1.0,There is a strong consensus among three agents on the necessity of GPU as a primary component with an average confidence score of 0.99. This indicates high certainty that the GPU is essential for computer graphics processing units.,Silicon,0.85,Round 3 refinement with peer support: 1,280469,CHINA,THOUSAND METRIC TONS,3600.0,40.0,0.95,USGS Mineral Commodity Summaries 2024/2023 - authoritative U.S. government production data with global coverage
Computer Graphics Processing Units (GPUs),Graphics Processing Unit (gpu),1.0,There is a strong consensus among three agents on the necessity of GPU as a primary component with an average confidence score of 0.99. This indicates high certainty that the GPU is essential for computer graphics processing units.,Silicon,0.85,Round 3 refinement with peer support: 1,280469,RUSSIA,THOUSAND METRIC TONS,570.0,6.33,0.95,USGS Mineral Commodity Summaries 2024/2023 - authoritative U.S. government production data with global coverage
Computer Graphics Processing Units (GPUs),Graphics Processing Unit (gpu),1.0,There is a strong consensus among three agents on the necessity of GPU as a primary component with an average confidence score of 0.99. This indicates high certainty that the GPU is essential for computer graphics processing units.,Silicon,0.85,Round 3 refinement with peer support: 1,280469,BRAZIL,THOUSAND METRIC TONS,190.0,2.11,0.95,USGS Mineral Commodity Summaries 2024/2023 - authoritative U.S. government production data with global coverage
Computer Graphics Processing Units (GPUs),Graphics Processing Unit (gpu),1.0,There is a strong consensus among three agents on the necessity of GPU as a primary component with an average confidence score of 0.99. This indicates high certainty that the GPU is essential for computer graphics processing units.,Silicon,0.85,Round 3 refinement with peer support: 1,280469,NORWAY,THOUSAND METRIC TONS,200.0,2.22,0.95,USGS Mineral Commodity Summaries 2024/2023 - authoritative U.S. government production data with global coverage
Computer Graphics Processing Units (GPUs),Graphics Processing Unit (gpu),1.0,There is a strong consensus among three agents on the necessity of GPU as a primary component with an average confidence score of 0.99. This indicates high certainty that the GPU is essential for computer graphics processing units.,Silicon,0.85,Round 3 refinement with peer support: 1,280469,OTHER,THOUSAND METRIC TONS,100.0,1.11,0.95,USGS Mineral Commodity Summaries 2024/2023 - authoritative U.S. government production data with global coverage
Computer Graphics Processing Units (GPUs),Graphics Processing Unit (gpu),1.0,There is a strong consensus among three agents on the necessity of GPU as a primary component with an average confidence score of 0.99. This indicates high certainty that the GPU is essential for computer graphics processing units.,Boron nitride,0.7,Round 3 refinement with peer support: 0,285000,Japan,metric tons,5583.333333333333,20.33,0.733,Multi-agent debate consensus
Computer Graphics Processing Units (GPUs),Graphics Processing Unit (gpu),1.0,There is a strong consensus among three agents on the necessity of GPU as a primary component with an average confidence score of 0.99. This indicates high certainty that the GPU is essential for computer graphics processing units.,Boron nitride,0.7,Round 3 refinement with peer support: 0,285000,United States,metric tons,4066.6666666666665,14.6,0.7,Based on recent estimates from the USGS reports; strong producer but data may have limitations.
Computer Graphics Processing Units (GPUs),Graphics Processing Unit (gpu),1.0,There is a strong consensus among three agents on the necessity of GPU as a primary component with an average confidence score of 0.99. This indicates high certainty that the GPU is essential for computer graphics processing units.,Boron nitride,0.7,Round 3 refinement with peer support: 0,285000,Germany,metric tons,2073.3333333333335,6.27,0.667,Multi-agent debate consensus
Computer Graphics Processing Units (GPUs),Graphics Processing Unit (gpu),1.0,There is a strong consensus among three agents on the necessity of GPU as a primary component with an average confidence score of 0.99. This indicates high certainty that the GPU is essential for computer graphics processing units.,Boron nitride,0.7,Round 3 refinement with peer support: 0,285000,South Korea,metric tons,4756.666666666667,11.67,0.667,Multi-agent debate consensus
Computer Graphics Processing Units (GPUs),Graphics Processing Unit (gpu),1.0,There is a strong consensus among three agents on the necessity of GPU as a primary component with an average confidence score of 0.99. This indicates high certainty that the GPU is essential for computer graphics processing units.,Boron nitride,0.7,Round 3 refinement with peer support: 0,285000,China,metric tons,27475.0,31.5,0.7,Considered a minor producer with limited data available for confirmation; estimates based on recent partial reports.
Computer Graphics Processing Units (GPUs),Memory (vram),0.95,"VRAM is essential for storing graphic data temporarily within the GPU, allowing it to quickly access and manipulate visual information, making this a critical secondary component.",Gold,0.7,Round 3 refinement with peer support: 0,710812,OTHER,METRIC TONS,700.0,23.33,0.95,USGS Mineral Commodity Summaries 2024/2023 - authoritative U.S. government production data with global coverage
Computer Graphics Processing Units (GPUs),Memory (vram),0.95,"VRAM is essential for storing graphic data temporarily within the GPU, allowing it to quickly access and manipulate visual information, making this a critical secondary component.",Gold,0.7,Round 3 refinement with peer support: 0,710812,CHINA,METRIC TONS,370.0,12.33,0.95,USGS Mineral Commodity Summaries 2024/2023 - authoritative U.S. government production data with global coverage
Computer Graphics Processing Units (GPUs),Memory (vram),0.95,"VRAM is essential for storing graphic data temporarily within the GPU, allowing it to quickly access and manipulate visual information, making this a critical secondary component.",Gold,0.7,Round 3 refinement with peer support: 0,710812,RUSSIA,METRIC TONS,310.0,10.33,0.95,USGS Mineral Commodity Summaries 2024/2023 - authoritative U.S. government production data with global coverage
Computer Graphics Processing Units (GPUs),Memory (vram),0.95,"VRAM is essential for storing graphic data temporarily within the GPU, allowing it to quickly access and manipulate visual information, making this a critical secondary component.",Gold,0.7,Round 3 refinement with peer support: 0,710812,AUSTRALIA,METRIC TONS,310.0,10.33,0.95,USGS Mineral Commodity Summaries 2024/2023 - authoritative U.S. government production data with global coverage
Computer Graphics Processing Units (GPUs),Memory (vram),0.95,"VRAM is essential for storing graphic data temporarily within the GPU, allowing it to quickly access and manipulate visual information, making this a critical secondary component.",Gold,0.7,Round 3 refinement with peer support: 0,710812,CANADA,METRIC TONS,200.0,6.67,0.95,USGS Mineral Commodity Summaries 2024/2023 - authoritative U.S. government production data with global coverage
Computer Graphics Processing Units (GPUs),Memory (vram),0.95,"VRAM is essential for storing graphic data temporarily within the GPU, allowing it to quickly access and manipulate visual information, making this a critical secondary component.",Aluminum,0.7,Round 3 refinement with peer support: 0,280300,CHINA,THOUSAND METRIC TONS,41000.0,58.57,0.95,USGS Mineral Commodity Summaries 2024/2023 - authoritative U.S. government production data with global coverage
Computer Graphics Processing Units (GPUs),Memory (vram),0.95,"VRAM is essential for storing graphic data temporarily within the GPU, allowing it to quickly access and manipulate visual information, making this a critical secondary component.",Aluminum,0.7,Round 3 refinement with peer support: 0,280300,OTHER,THOUSAND METRIC TONS,7000.0,10.0,0.95,USGS Mineral Commodity Summaries 2024/2023 - authoritative U.S. government production data with global coverage
Computer Graphics Processing Units (GPUs),Memory (vram),0.95,"VRAM is essential for storing graphic data temporarily within the GPU, allowing it to quickly access and manipulate visual information, making this a critical secondary component.",Aluminum,0.7,Round 3 refinement with peer support: 0,280300,INDIA,THOUSAND METRIC TONS,4100.0,5.86,0.95,USGS Mineral Commodity Summaries 2024/2023 - authoritative U.S. government production data with global coverage
Computer Graphics Processing Units (GPUs),Memory (vram),0.95,"VRAM is essential for storing graphic data temporarily within the GPU, allowing it to quickly access and manipulate visual information, making this a critical secondary component.",Aluminum,0.7,Round 3 refinement with peer support: 0,280300,RUSSIA,THOUSAND METRIC TONS,3800.0,5.43,0.95,USGS Mineral Commodity Summaries 2024/2023 - authoritative U.S. government production data with global coverage
Computer Graphics Processing Units (GPUs),Memory (vram),0.95,"VRAM is essential for storing graphic data temporarily within the GPU, allowing it to quickly access and manipulate visual information, making this a critical secondary component.",Aluminum,0.7,Round 3 refinement with peer support: 0,280300,CANADA,THOUSAND METRIC TONS,3000.0,4.29,0.95,USGS Mineral Commodity Summaries 2024/2023 - authoritative U.S. government production data with global coverage
Computer Graphics Processing Units (GPUs),Memory (vram),0.95,"VRAM is essential for storing graphic data temporarily within the GPU, allowing it to quickly access and manipulate visual information, making this a critical secondary component.",Gallium,0.7,Round 3 refinement with peer support: 0,811299,CHINA,KILOGRAMS,600000.0,98.36,0.95,USGS Mineral Commodity Summaries 2024/2023 - authoritative U.S. government production data with global coverage
Computer Graphics Processing Units (GPUs),Memory (vram),0.95,"VRAM is essential for storing graphic data temporarily within the GPU, allowing it to quickly access and manipulate visual information, making this a critical secondary component.",Gallium,0.7,Round 3 refinement with peer support: 0,811299,RUSSIA,KILOGRAMS,5000.0,0.82,0.95,USGS Mineral Commodity Summaries 2024/2023 - authoritative U.S. government production data with global coverage
Computer Graphics Processing Units (GPUs),Memory (vram),0.95,"VRAM is essential for storing graphic data temporarily within the GPU, allowing it to quickly access and manipulate visual information, making this a critical secondary component.",Gallium,0.7,Round 3 refinement with peer support: 0,811299,JAPAN,KILOGRAMS,3000.0,0.49,0.95,USGS Mineral Commodity Summaries 2024/2023 - authoritative U.S. government production data with global coverage
Computer Graphics Processing Units (GPUs),Memory (vram),0.95,"VRAM is essential for storing graphic data temporarily within the GPU, allowing it to quickly access and manipulate visual information, making this a critical secondary component.",Gallium,0.7,Round 3 refinement with peer support: 0,811299,"KOREA, REPUBLIC OF",KILOGRAMS,2000.0,0.33,0.95,USGS Mineral Commodity Summaries 2024/2023 - authoritative U.S. government production data with global coverage
Computer Graphics Processing Units (GPUs),Memory (vram),0.95,"VRAM is essential for storing graphic data temporarily within the GPU, allowing it to quickly access and manipulate visual information, making this a critical secondary component.",Gallium,0.7,Round 3 refinement with peer support: 0,811299,OTHER,KILOGRAMS,0.0,0.0,0.95,USGS Mineral Commodity Summaries 2024/2023 - authoritative U.S. government production data with global coverage
Computer Graphics Processing Units (GPUs),Digital Signal Processor (dsp),0.95,"While not always necessary in basic GPUs, DSPs can handle complex signal processing tasks which are common in advanced graphics applications. Multiple agents proposed this and it has good industry support but is less universally present.",Silicon,0.85,Round 3 refinement with peer support: 1,280469,CHINA,THOUSAND METRIC TONS,3600.0,40.0,0.95,USGS Mineral Commodity Summaries 2024/2023 - authoritative U.S. government production data with global coverage
Computer Graphics Processing Units (GPUs),Digital Signal Processor (dsp),0.95,"While not always necessary in basic GPUs, DSPs can handle complex signal processing tasks which are common in advanced graphics applications. Multiple agents proposed this and it has good industry support but is less universally present.",Silicon,0.85,Round 3 refinement with peer support: 1,280469,RUSSIA,THOUSAND METRIC TONS,570.0,6.33,0.95,USGS Mineral Commodity Summaries 2024/2023 - authoritative U.S. government production data with global coverage
Computer Graphics Processing Units (GPUs),Digital Signal Processor (dsp),0.95,"While not always necessary in basic GPUs, DSPs can handle complex signal processing tasks which are common in advanced graphics applications. Multiple agents proposed this and it has good industry support but is less universally present.",Silicon,0.85,Round 3 refinement with peer support: 1,280469,BRAZIL,THOUSAND METRIC TONS,190.0,2.11,0.95,USGS Mineral Commodity Summaries 2024/2023 - authoritative U.S. government production data with global coverage
Computer Graphics Processing Units (GPUs),Digital Signal Processor (dsp),0.95,"While not always necessary in basic GPUs, DSPs can handle complex signal processing tasks which are common in advanced graphics applications. Multiple agents proposed this and it has good industry support but is less universally present.",Silicon,0.85,Round 3 refinement with peer support: 1,280469,NORWAY,THOUSAND METRIC TONS,200.0,2.22,0.95,USGS Mineral Commodity Summaries 2024/2023 - authoritative U.S. government production data with global coverage
Computer Graphics Processing Units (GPUs),Digital Signal Processor (dsp),0.95,"While not always necessary in basic GPUs, DSPs can handle complex signal processing tasks which are common in advanced graphics applications. Multiple agents proposed this and it has good industry support but is less universally present.",Silicon,0.85,Round 3 refinement with peer support: 1,280469,OTHER,THOUSAND METRIC TONS,100.0,1.11,0.95,USGS Mineral Commodity Summaries 2024/2023 - authoritative U.S. government production data with global coverage
Computer Graphics Processing Units (GPUs),Compute Cores,0.92,"The number of compute cores directly influences the performance capabilities of a GPU. While not as universally recognized as the GPU itself, their presence is crucial for the overall functionality and processing speed.",Silicon,0.85,Round 3 refinement with peer support: 1,280469,CHINA,THOUSAND METRIC TONS,3600.0,40.0,0.95,USGS Mineral Commodity Summaries 2024/2023 - authoritative U.S. government production data with global coverage
Computer Graphics Processing Units (GPUs),Compute Cores,0.92,"The number of compute cores directly influences the performance capabilities of a GPU. While not as universally recognized as the GPU itself, their presence is crucial for the overall functionality and processing speed.",Silicon,0.85,Round 3 refinement with peer support: 1,280469,RUSSIA,THOUSAND METRIC TONS,570.0,6.33,0.95,USGS Mineral Commodity Summaries 2024/2023 - authoritative U.S. government production data with global coverage
Computer Graphics Processing Units (GPUs),Compute Cores,0.92,"The number of compute cores directly influences the performance capabilities of a GPU. While not as universally recognized as the GPU itself, their presence is crucial for the overall functionality and processing speed.",Silicon,0.85,Round 3 refinement with peer support: 1,280469,BRAZIL,THOUSAND METRIC TONS,190.0,2.11,0.95,USGS Mineral Commodity Summaries 2024/2023 - authoritative U.S. government production data with global coverage
Computer Graphics Processing Units (GPUs),Compute Cores,0.92,"The number of compute cores directly influences the performance capabilities of a GPU. While not as universally recognized as the GPU itself, their presence is crucial for the overall functionality and processing speed.",Silicon,0.85,Round 3 refinement with peer support: 1,280469,NORWAY,THOUSAND METRIC TONS,200.0,2.22,0.95,USGS Mineral Commodity Summaries 2024/2023 - authoritative U.S. government production data with global coverage
Computer Graphics Processing Units (GPUs),Compute Cores,0.92,"The number of compute cores directly influences the performance capabilities of a GPU. While not as universally recognized as the GPU itself, their presence is crucial for the overall functionality and processing speed.",Silicon,0.85,Round 3 refinement with peer support: 1,280469,OTHER,THOUSAND METRIC TONS,100.0,1.11,0.95,USGS Mineral Commodity Summaries 2024/2023 - authoritative U.S. government production data with global coverage
Computer Graphics Processing Units (GPUs),Compute Cores,0.92,"The number of compute cores directly influences the performance capabilities of a GPU. While not as universally recognized as the GPU itself, their presence is crucial for the overall functionality and processing speed.",Copper,0.7,Round 3 refinement with peer support: 0,740100,CHINA,THOUSAND METRIC TONS,1700.0,3.47,0.95,USGS Mineral Commodity Summaries 2024/2023 - authoritative U.S. government production data with global coverage
Computer Graphics Processing Units (GPUs),Compute Cores,0.92,"The number of compute cores directly influences the performance capabilities of a GPU. While not as universally recognized as the GPU itself, their presence is crucial for the overall functionality and processing speed.",Copper,0.7,Round 3 refinement with peer support: 0,740100,CHILE,THOUSAND METRIC TONS,5000.0,10.2,0.95,USGS Mineral Commodity Summaries 2024/2023 - authoritative U.S. government production data with global coverage
Computer Graphics Processing Units (GPUs),Compute Cores,0.92,"The number of compute cores directly influences the performance capabilities of a GPU. While not as universally recognized as the GPU itself, their presence is crucial for the overall functionality and processing speed.",Copper,0.7,Round 3 refinement with peer support: 0,740100,OTHER,THOUSAND METRIC TONS,3100.0,6.33,0.95,USGS Mineral Commodity Summaries 2024/2023 - authoritative U.S. government production data with global coverage
Computer Graphics Processing Units (GPUs),Compute Cores,0.92,"The number of compute cores directly influences the performance capabilities of a GPU. While not as universally recognized as the GPU itself, their presence is crucial for the overall functionality and processing speed.",Copper,0.7,Round 3 refinement with peer support: 0,740100,CONGO,THOUSAND METRIC TONS,2500.0,5.1,0.95,USGS Mineral Commodity Summaries 2024/2023 - authoritative U.S. government production data with global coverage
Computer Graphics Processing Units (GPUs),Compute Cores,0.92,"The number of compute cores directly influences the performance capabilities of a GPU. While not as universally recognized as the GPU itself, their presence is crucial for the overall functionality and processing speed.",Copper,0.7,Round 3 refinement with peer support: 0,740100,PERU,THOUSAND METRIC TONS,2600.0,5.31,0.95,USGS Mineral Commodity Summaries 2024/2023 - authoritative U.S. government production data with global coverage
Computer Graphics Processing Units (GPUs),Memory Management Unit (mmu),0.85,"An MMU manages the virtual memory space of a GPU. High confidence based on multiple agent proposals, though some may implement without an explicit MMU depending on architecture choices.",Germanium,0.7,Round 3 refinement with peer support: 0,825600,China,kg,1004.3333333333334,44.33,0.833,Multi-agent debate consensus
Computer Graphics Processing Units (GPUs),Memory Management Unit (mmu),0.85,"An MMU manages the virtual memory space of a GPU. High confidence based on multiple agent proposals, though some may implement without an explicit MMU depending on architecture choices.",Germanium,0.7,Round 3 refinement with peer support: 0,825600,Japan,kg,236.0,16.17,0.75,Second largest producer with consistent output; industry reports confirm.
Computer Graphics Processing Units (GPUs),Memory Management Unit (mmu),0.85,"An MMU manages the virtual memory space of a GPU. High confidence based on multiple agent proposals, though some may implement without an explicit MMU depending on architecture choices.",Germanium,0.7,Round 3 refinement with peer support: 0,825600,Germany,kg,82.66666666666667,4.67,0.833,Primary production with significant refining capacity; comprehensive industry statistics.
Computer Graphics Processing Units (GPUs),Memory Management Unit (mmu),0.85,"An MMU manages the virtual memory space of a GPU. High confidence based on multiple agent proposals, though some may implement without an explicit MMU depending on architecture choices.",Germanium,0.7,Round 3 refinement with peer support: 0,825600,South Korea,kg,90.0,7.8,0.725,Fifth major producer with moderate growth potential.
Computer Graphics Processing Units (GPUs),Memory Management Unit (mmu),0.85,"An MMU manages the virtual memory space of a GPU. High confidence based on multiple agent proposals, though some may implement without an explicit MMU depending on architecture choices.",Germanium,0.7,Round 3 refinement with peer support: 0,825600,USA,kg,50.0,5.45,0.75,Third major producer with steady output; USGS data for 2023 is the most recent and reliable.
Computer Graphics Processing Units (GPUs),Shader Engines,0.75,These are critical for shader-based rendering and effects in modern GPUs. Moderate support from agents suggests it's a key component but its inclusion can vary based on specific design.,Aluminum,0.7,Round 3 refinement with peer support: 0,280300,CHINA,THOUSAND METRIC TONS,41000.0,58.57,0.95,USGS Mineral Commodity Summaries 2024/2023 - authoritative U.S. government production data with global coverage
Computer Graphics Processing Units (GPUs),Shader Engines,0.75,These are critical for shader-based rendering and effects in modern GPUs. Moderate support from agents suggests it's a key component but its inclusion can vary based on specific design.,Aluminum,0.7,Round 3 refinement with peer support: 0,280300,OTHER,THOUSAND METRIC TONS,7000.0,10.0,0.95,USGS Mineral Commodity Summaries 2024/2023 - authoritative U.S. government production data with global coverage
Computer Graphics Processing Units (GPUs),Shader Engines,0.75,These are critical for shader-based rendering and effects in modern GPUs. Moderate support from agents suggests it's a key component but its inclusion can vary based on specific design.,Aluminum,0.7,Round 3 refinement with peer support: 0,280300,INDIA,THOUSAND METRIC TONS,4100.0,5.86,0.95,USGS Mineral Commodity Summaries 2024/2023 - authoritative U.S. government production data with global coverage
Computer Graphics Processing Units (GPUs),Shader Engines,0.75,These are critical for shader-based rendering and effects in modern GPUs. Moderate support from agents suggests it's a key component but its inclusion can vary based on specific design.,Aluminum,0.7,Round 3 refinement with peer support: 0,280300,RUSSIA,THOUSAND METRIC TONS,3800.0,5.43,0.95,USGS Mineral Commodity Summaries 2024/2023 - authoritative U.S. government production data with global coverage
Computer Graphics Processing Units (GPUs),Shader Engines,0.75,These are critical for shader-based rendering and effects in modern GPUs. Moderate support from agents suggests it's a key component but its inclusion can vary based on specific design.,Aluminum,0.7,Round 3 refinement with peer support: 0,280300,CANADA,THOUSAND METRIC TONS,3000.0,4.29,0.95,USGS Mineral Commodity Summaries 2024/2023 - authoritative U.S. government production data with global coverage
RT-PCR (Reverse Transcription PCR),Reverse Transcriptase Enzyme,0.96,"Strong consensus among agents, high average confidence.",MgCl2,0.85,Round 3 refinement with peer support: 1,282570,China,metric tons,1075389.0,46.6,0.825,Based on recent industry reports from the Chinese Ministry of Industry and Information Technology; data updated as of Q4 2023.
RT-PCR (Reverse Transcription PCR),Reverse Transcriptase Enzyme,0.96,"Strong consensus among agents, high average confidence.",MgCl2,0.85,Round 3 refinement with peer support: 1,282570,Russia,metric tons,126384.0,8.65,0.8,Data from Russian mining industry reports; production stable but less detailed than leading producers.
RT-PCR (Reverse Transcription PCR),Reverse Transcriptase Enzyme,0.96,"Strong consensus among agents, high average confidence.",MgCl2,0.85,Round 3 refinement with peer support: 1,282570,Kazakhstan,metric tons,80173.5,12.55,0.675,"With significant salt resources, Kazakhstan is a notable producer, though data might be less comprehensive than for China."
RT-PCR (Reverse Transcription PCR),Reverse Transcriptase Enzyme,0.96,"Strong consensus among agents, high average confidence.",MgCl2,0.85,Round 3 refinement with peer support: 1,282570,India,metric tons,788544.0,21.6,0.9,Data from Indian Ministry of Chemicals and Fertilizers; consistent with previous years’ production.
RT-PCR (Reverse Transcription PCR),Reverse Transcriptase Enzyme,0.96,"Strong consensus among agents, high average confidence.",MgCl2,0.85,Round 3 refinement with peer support: 1,282570,Australia,metric tons,54948.5,3.65,0.625,Data from Australian mining reports; minor to moderate production but a known player in the market.
RT-PCR (Reverse Transcription PCR),Reverse Transcriptase Enzyme,0.96,"Strong consensus among agents, high average confidence.",Bovine serum albumin (BSA),0.7,Round 3 refinement with peer support: 0,350290,China,kg,866.6666666666666,22.67,0.75,"Emerging market with significant biotech industry, good reports from industry surveys."
RT-PCR (Reverse Transcription PCR),Reverse Transcriptase Enzyme,0.96,"Strong consensus among agents, high average confidence.",Bovine serum albumin (BSA),0.7,Round 3 refinement with peer support: 0,350290,Germany,kg,363.3333333333333,13.67,0.693,Multi-agent debate consensus
RT-PCR (Reverse Transcription PCR),Reverse Transcriptase Enzyme,0.96,"Strong consensus among agents, high average confidence.",Bovine serum albumin (BSA),0.7,Round 3 refinement with peer support: 0,350290,United States,kg,1625.0,34.0,0.75,The U.S. is a major producer due to its significant cattle population and strong biologics industry; data from industry reports.
RT-PCR (Reverse Transcription PCR),Reverse Transcriptase Enzyme,0.96,"Strong consensus among agents, high average confidence.",Bovine serum albumin (BSA),0.7,Round 3 refinement with peer support: 0,350290,India,kg,836.6666666666666,15.67,0.64,"Huge cattle population; data from the Ministry of Fisheries, Animal Husbandry & Dairying."
RT-PCR (Reverse Transcription PCR),Reverse Transcriptase Enzyme,0.96,"Strong consensus among agents, high average confidence.",Bovine serum albumin (BSA),0.7,Round 3 refinement with peer support: 0,350290,Brazil,kg,320.0,10.0,0.765,Agricultural production supporting local BSA manufacturing; data from agricultural ministry.
RT-PCR (Reverse Transcription PCR),Taq Dna Polymerase Or Equivalent,0.95,Agent 1's proposal received an average confidence of 0.95. Taq is a standard polymerase used in PCR reactions due to its thermostability and therefore can be assumed a primary component similar to reverse transcriptase enzyme.,Bovine serum albumin (BSA),0.7,Round 3 refinement with peer support: 0,350290,China,kg,866.6666666666666,22.67,0.75,"Emerging market with significant biotech industry, good reports from industry surveys."
RT-PCR (Reverse Transcription PCR),Taq Dna Polymerase Or Equivalent,0.95,Agent 1's proposal received an average confidence of 0.95. Taq is a standard polymerase used in PCR reactions due to its thermostability and therefore can be assumed a primary component similar to reverse transcriptase enzyme.,Bovine serum albumin (BSA),0.7,Round 3 refinement with peer support: 0,350290,Germany,kg,363.3333333333333,13.67,0.693,Multi-agent debate consensus
RT-PCR (Reverse Transcription PCR),Taq Dna Polymerase Or Equivalent,0.95,Agent 1's proposal received an average confidence of 0.95. Taq is a standard polymerase used in PCR reactions due to its thermostability and therefore can be assumed a primary component similar to reverse transcriptase enzyme.,Bovine serum albumin (BSA),0.7,Round 3 refinement with peer support: 0,350290,United States,kg,1625.0,34.0,0.75,The U.S. is a major producer due to its significant cattle population and strong biologics industry; data from industry reports.
RT-PCR (Reverse Transcription PCR),Taq Dna Polymerase Or Equivalent,0.95,Agent 1's proposal received an average confidence of 0.95. Taq is a standard polymerase used in PCR reactions due to its thermostability and therefore can be assumed a primary component similar to reverse transcriptase enzyme.,Bovine serum albumin (BSA),0.7,Round 3 refinement with peer support: 0,350290,India,kg,836.6666666666666,15.67,0.64,"Huge cattle population; data from the Ministry of Fisheries, Animal Husbandry & Dairying."
RT-PCR (Reverse Transcription PCR),Taq Dna Polymerase Or Equivalent,0.95,Agent 1's proposal received an average confidence of 0.95. Taq is a standard polymerase used in PCR reactions due to its thermostability and therefore can be assumed a primary component similar to reverse transcriptase enzyme.,Bovine serum albumin (BSA),0.7,Round 3 refinement with peer support: 0,350290,Brazil,kg,320.0,10.0,0.765,Agricultural production supporting local BSA manufacturing; data from agricultural ministry.
RT-PCR (Reverse Transcription PCR),Taq Dna Polymerase Or Equivalent,0.95,Agent 1's proposal received an average confidence of 0.95. Taq is a standard polymerase used in PCR reactions due to its thermostability and therefore can be assumed a primary component similar to reverse transcriptase enzyme.,Tris-HCl,0.7,Round 3 refinement with peer support: 0,382490,United States,kg,161366.0,22.33,0.75,US is a significant producer given its substantial chemical manufacturing sector; data from leading industry reports.
RT-PCR (Reverse Transcription PCR),Taq Dna Polymerase Or Equivalent,0.95,Agent 1's proposal received an average confidence of 0.95. Taq is a standard polymerase used in PCR reactions due to its thermostability and therefore can be assumed a primary component similar to reverse transcriptase enzyme.,Tris-HCl,0.7,Round 3 refinement with peer support: 0,382490,Germany,kg,79808.0,13.33,0.783,Germany has robust industrial and chemical manufacturing industries; data from German statistics office.
RT-PCR (Reverse Transcription PCR),Taq Dna Polymerase Or Equivalent,0.95,Agent 1's proposal received an average confidence of 0.95. Taq is a standard polymerase used in PCR reactions due to its thermostability and therefore can be assumed a primary component similar to reverse transcriptase enzyme.,Tris-HCl,0.7,Round 3 refinement with peer support: 0,382490,Japan,kg,73940.0,10.67,0.8,Japan is a leading chemical producer; data from industry associations and reports.
RT-PCR (Reverse Transcription PCR),Taq Dna Polymerase Or Equivalent,0.95,Agent 1's proposal received an average confidence of 0.95. Taq is a standard polymerase used in PCR reactions due to its thermostability and therefore can be assumed a primary component similar to reverse transcriptase enzyme.,Tris-HCl,0.7,Round 3 refinement with peer support: 0,382490,China,kg,33809.0,24.0,0.683,China produces a substantial volume of Tris-HCl due to its large chemical industry but exact figures can be hard to gauge; data from sector reports.
RT-PCR (Reverse Transcription PCR),Taq Dna Polymerase Or Equivalent,0.95,Agent 1's proposal received an average confidence of 0.95. Taq is a standard polymerase used in PCR reactions due to its thermostability and therefore can be assumed a primary component similar to reverse transcriptase enzyme.,Tris-HCl,0.7,Round 3 refinement with peer support: 0,382490,France,kg,59609.666666666664,8.0,0.733,France has a strong chemical sector; data from industry sources.
RT-PCR (Reverse Transcription PCR),"Dna Polymerase (e.g., Taq Dna Polymerase)",0.92,"Consensus on the need for polymerase in RT-PCR, moderate average confidence with support from multiple sources.",Bovine serum albumin (BSA),0.7,Round 3 refinement with peer support: 0,350290,China,kg,866.6666666666666,22.67,0.75,"Emerging market with significant biotech industry, good reports from industry surveys."
RT-PCR (Reverse Transcription PCR),"Dna Polymerase (e.g., Taq Dna Polymerase)",0.92,"Consensus on the need for polymerase in RT-PCR, moderate average confidence with support from multiple sources.",Bovine serum albumin (BSA),0.7,Round 3 refinement with peer support: 0,350290,Germany,kg,363.3333333333333,13.67,0.693,Multi-agent debate consensus
RT-PCR (Reverse Transcription PCR),"Dna Polymerase (e.g., Taq Dna Polymerase)",0.92,"Consensus on the need for polymerase in RT-PCR, moderate average confidence with support from multiple sources.",Bovine serum albumin (BSA),0.7,Round 3 refinement with peer support: 0,350290,United States,kg,1625.0,34.0,0.75,The U.S. is a major producer due to its significant cattle population and strong biologics industry; data from industry reports.
RT-PCR (Reverse Transcription PCR),"Dna Polymerase (e.g., Taq Dna Polymerase)",0.92,"Consensus on the need for polymerase in RT-PCR, moderate average confidence with support from multiple sources.",Bovine serum albumin (BSA),0.7,Round 3 refinement with peer support: 0,350290,India,kg,836.6666666666666,15.67,0.64,"Huge cattle population; data from the Ministry of Fisheries, Animal Husbandry & Dairying."
RT-PCR (Reverse Transcription PCR),"Dna Polymerase (e.g., Taq Dna Polymerase)",0.92,"Consensus on the need for polymerase in RT-PCR, moderate average confidence with support from multiple sources.",Bovine serum albumin (BSA),0.7,Round 3 refinement with peer support: 0,350290,Brazil,kg,320.0,10.0,0.765,Agricultural production supporting local BSA manufacturing; data from agricultural ministry.
RT-PCR (Reverse Transcription PCR),"Dna Polymerase (e.g., Taq Dna Polymerase)",0.92,"Consensus on the need for polymerase in RT-PCR, moderate average confidence with support from multiple sources.",Tris-HCl,0.7,Round 3 refinement with peer support: 0,382490,United States,kg,161366.0,22.33,0.75,US is a significant producer given its substantial chemical manufacturing sector; data from leading industry reports.
RT-PCR (Reverse Transcription PCR),"Dna Polymerase (e.g., Taq Dna Polymerase)",0.92,"Consensus on the need for polymerase in RT-PCR, moderate average confidence with support from multiple sources.",Tris-HCl,0.7,Round 3 refinement with peer support: 0,382490,Germany,kg,79808.0,13.33,0.783,Germany has robust industrial and chemical manufacturing industries; data from German statistics office.
RT-PCR (Reverse Transcription PCR),"Dna Polymerase (e.g., Taq Dna Polymerase)",0.92,"Consensus on the need for polymerase in RT-PCR, moderate average confidence with support from multiple sources.",Tris-HCl,0.7,Round 3 refinement with peer support: 0,382490,Japan,kg,73940.0,10.67,0.8,Japan is a leading chemical producer; data from industry associations and reports.
RT-PCR (Reverse Transcription PCR),"Dna Polymerase (e.g., Taq Dna Polymerase)",0.92,"Consensus on the need for polymerase in RT-PCR, moderate average confidence with support from multiple sources.",Tris-HCl,0.7,Round 3 refinement with peer support: 0,382490,China,kg,33809.0,24.0,0.683,China produces a substantial volume of Tris-HCl due to its large chemical industry but exact figures can be hard to gauge; data from sector reports.
RT-PCR (Reverse Transcription PCR),"Dna Polymerase (e.g., Taq Dna Polymerase)",0.92,"Consensus on the need for polymerase in RT-PCR, moderate average confidence with support from multiple sources.",Tris-HCl,0.7,Round 3 refinement with peer support: 0,382490,France,kg,59609.666666666664,8.0,0.733,France has a strong chemical sector; data from industry sources.
RT-PCR (Reverse Transcription PCR),Magnesium Chloride,0.85,"Agent 2's proposal received an average confidence of 0.85. While magnesium chloride is important for catalyzing the DNA polymerase activity, its absence would not entirely negate the RT-PCR process as other metal ions may be used without significant impact on efficiency.",MgCl2,0.85,Round 3 refinement with peer support: 1,282570,China,metric tons,1075389.0,46.6,0.825,Based on recent industry reports from the Chinese Ministry of Industry and Information Technology; data updated as of Q4 2023.
RT-PCR (Reverse Transcription PCR),Magnesium Chloride,0.85,"Agent 2's proposal received an average confidence of 0.85. While magnesium chloride is important for catalyzing the DNA polymerase activity, its absence would not entirely negate the RT-PCR process as other metal ions may be used without significant impact on efficiency.",MgCl2,0.85,Round 3 refinement with peer support: 1,282570,Russia,metric tons,126384.0,8.65,0.8,Data from Russian mining industry reports; production stable but less detailed than leading producers.
RT-PCR (Reverse Transcription PCR),Magnesium Chloride,0.85,"Agent 2's proposal received an average confidence of 0.85. While magnesium chloride is important for catalyzing the DNA polymerase activity, its absence would not entirely negate the RT-PCR process as other metal ions may be used without significant impact on efficiency.",MgCl2,0.85,Round 3 refinement with peer support: 1,282570,Kazakhstan,metric tons,80173.5,12.55,0.675,"With significant salt resources, Kazakhstan is a notable producer, though data might be less comprehensive than for China."
RT-PCR (Reverse Transcription PCR),Magnesium Chloride,0.85,"Agent 2's proposal received an average confidence of 0.85. While magnesium chloride is important for catalyzing the DNA polymerase activity, its absence would not entirely negate the RT-PCR process as other metal ions may be used without significant impact on efficiency.",MgCl2,0.85,Round 3 refinement with peer support: 1,282570,India,metric tons,788544.0,21.6,0.9,Data from Indian Ministry of Chemicals and Fertilizers; consistent with previous years’ production.
RT-PCR (Reverse Transcription PCR),Magnesium Chloride,0.85,"Agent 2's proposal received an average confidence of 0.85. While magnesium chloride is important for catalyzing the DNA polymerase activity, its absence would not entirely negate the RT-PCR process as other metal ions may be used without significant impact on efficiency.",MgCl2,0.85,Round 3 refinement with peer support: 1,282570,Australia,metric tons,54948.5,3.65,0.625,Data from Australian mining reports; minor to moderate production but a known player in the market.
MQ-9 Reaper Drone,Data Link Systems,1.0,"Universal agreement among Agents (Agent1 & Agent2) that the data link system is essential for command, control, and communication with the ground station.",Aluminum,0.95,Round 3 refinement with peer support: 2,280300,CHINA,THOUSAND METRIC TONS,41000.0,58.57,0.95,USGS Mineral Commodity Summaries 2024/2023 - authoritative U.S. government production data with global coverage
MQ-9 Reaper Drone,Data Link Systems,1.0,"Universal agreement among Agents (Agent1 & Agent2) that the data link system is essential for command, control, and communication with the ground station.",Aluminum,0.95,Round 3 refinement with peer support: 2,280300,OTHER,THOUSAND METRIC TONS,7000.0,10.0,0.95,USGS Mineral Commodity Summaries 2024/2023 - authoritative U.S. government production data with global coverage
MQ-9 Reaper Drone,Data Link Systems,1.0,"Universal agreement among Agents (Agent1 & Agent2) that the data link system is essential for command, control, and communication with the ground station.",Aluminum,0.95,Round 3 refinement with peer support: 2,280300,INDIA,THOUSAND METRIC TONS,4100.0,5.86,0.95,USGS Mineral Commodity Summaries 2024/2023 - authoritative U.S. government production data with global coverage
MQ-9 Reaper Drone,Data Link Systems,1.0,"Universal agreement among Agents (Agent1 & Agent2) that the data link system is essential for command, control, and communication with the ground station.",Aluminum,0.95,Round 3 refinement with peer support: 2,280300,RUSSIA,THOUSAND METRIC TONS,3800.0,5.43,0.95,USGS Mineral Commodity Summaries 2024/2023 - authoritative U.S. government production data with global coverage
MQ-9 Reaper Drone,Data Link Systems,1.0,"Universal agreement among Agents (Agent1 & Agent2) that the data link system is essential for command, control, and communication with the ground station.",Aluminum,0.95,Round 3 refinement with peer support: 2,280300,CANADA,THOUSAND METRIC TONS,3000.0,4.29,0.95,USGS Mineral Commodity Summaries 2024/2023 - authoritative U.S. government production data with global coverage
MQ-9 Reaper Drone,Data Link Systems,1.0,"Universal agreement among Agents (Agent1 & Agent2) that the data link system is essential for command, control, and communication with the ground station.",Silver,0.7,Round 3 refinement with peer support: 0,710610,MEXICO,METRIC TONS,6400.0,24.62,0.95,USGS Mineral Commodity Summaries 2024/2023 - authoritative U.S. government production data with global coverage
MQ-9 Reaper Drone,Data Link Systems,1.0,"Universal agreement among Agents (Agent1 & Agent2) that the data link system is essential for command, control, and communication with the ground station.",Silver,0.7,Round 3 refinement with peer support: 0,710610,CHINA,METRIC TONS,3400.0,13.08,0.95,USGS Mineral Commodity Summaries 2024/2023 - authoritative U.S. government production data with global coverage
MQ-9 Reaper Drone,Data Link Systems,1.0,"Universal agreement among Agents (Agent1 & Agent2) that the data link system is essential for command, control, and communication with the ground station.",Silver,0.7,Round 3 refinement with peer support: 0,710610,PERU,METRIC TONS,3100.0,11.92,0.95,USGS Mineral Commodity Summaries 2024/2023 - authoritative U.S. government production data with global coverage
MQ-9 Reaper Drone,Data Link Systems,1.0,"Universal agreement among Agents (Agent1 & Agent2) that the data link system is essential for command, control, and communication with the ground station.",Silver,0.7,Round 3 refinement with peer support: 0,710610,OTHER,METRIC TONS,3000.0,11.54,0.95,USGS Mineral Commodity Summaries 2024/2023 - authoritative U.S. government production data with global coverage
MQ-9 Reaper Drone,Data Link Systems,1.0,"Universal agreement among Agents (Agent1 & Agent2) that the data link system is essential for command, control, and communication with the ground station.",Silver,0.7,Round 3 refinement with peer support: 0,710610,CHILE,METRIC TONS,1400.0,5.38,0.95,USGS Mineral Commodity Summaries 2024/2023 - authoritative U.S. government production data with global coverage
MQ-9 Reaper Drone,Flight Control Systems,0.98,Wide agreement among peers that flight control systems are primary given their role in stability and operation of the drone.,Stainless steel,0.95,Round 3 refinement with peer support: 2,722000,China,tons,23282553.0,51.4,0.93,China dominates global stainless steel production based on recent industry reports and production statistics from the China Iron & Steel Association (CISA).
MQ-9 Reaper Drone,Flight Control Systems,0.98,Wide agreement among peers that flight control systems are primary given their role in stability and operation of the drone.,Stainless steel,0.95,Round 3 refinement with peer support: 2,722000,Russia,tons,1952233.3333333333,5.23,0.783,Large nickel producing country with diversified mining operations. Data from the Federal Service for Supervision of Consumer Rights and Wellbeing.
MQ-9 Reaper Drone,Flight Control Systems,0.98,Wide agreement among peers that flight control systems are primary given their role in stability and operation of the drone.,Stainless steel,0.95,Round 3 refinement with peer support: 2,722000,India,metric tons,5600000.0,8.5,0.85,Multi-agent debate consensus
MQ-9 Reaper Drone,Flight Control Systems,0.98,Wide agreement among peers that flight control systems are primary given their role in stability and operation of the drone.,Stainless steel,0.95,Round 3 refinement with peer support: 2,722000,Japan,metric tons,5490000.0,7.5,0.9,Multi-agent debate consensus
MQ-9 Reaper Drone,Flight Control Systems,0.98,Wide agreement among peers that flight control systems are primary given their role in stability and operation of the drone.,Stainless steel,0.95,Round 3 refinement with peer support: 2,722000,Germany,metric tons,3667500.0,5.0,0.845,Multi-agent debate consensus
MQ-9 Reaper Drone,Flight Control Systems,0.98,Wide agreement among peers that flight control systems are primary given their role in stability and operation of the drone.,Aluminum,0.85,Round 3 refinement with peer support: 1,280300,CHINA,THOUSAND METRIC TONS,41000.0,58.57,0.95,USGS Mineral Commodity Summaries 2024/2023 - authoritative U.S. government production data with global coverage
MQ-9 Reaper Drone,Flight Control Systems,0.98,Wide agreement among peers that flight control systems are primary given their role in stability and operation of the drone.,Aluminum,0.85,Round 3 refinement with peer support: 1,280300,OTHER,THOUSAND METRIC TONS,7000.0,10.0,0.95,USGS Mineral Commodity Summaries 2024/2023 - authoritative U.S. government production data with global coverage
MQ-9 Reaper Drone,Flight Control Systems,0.98,Wide agreement among peers that flight control systems are primary given their role in stability and operation of the drone.,Aluminum,0.85,Round 3 refinement with peer support: 1,280300,INDIA,THOUSAND METRIC TONS,4100.0,5.86,0.95,USGS Mineral Commodity Summaries 2024/2023 - authoritative U.S. government production data with global coverage
MQ-9 Reaper Drone,Flight Control Systems,0.98,Wide agreement among peers that flight control systems are primary given their role in stability and operation of the drone.,Aluminum,0.85,Round 3 refinement with peer support: 1,280300,RUSSIA,THOUSAND METRIC TONS,3800.0,5.43,0.95,USGS Mineral Commodity Summaries 2024/2023 - authoritative U.S. government production data with global coverage
MQ-9 Reaper Drone,Flight Control Systems,0.98,Wide agreement among peers that flight control systems are primary given their role in stability and operation of the drone.,Aluminum,0.85,Round 3 refinement with peer support: 1,280300,CANADA,THOUSAND METRIC TONS,3000.0,4.29,0.95,USGS Mineral Commodity Summaries 2024/2023 - authoritative U.S. government production data with global coverage
MQ-9 Reaper Drone,Aviation Propellers,0.98,"High support from Agent1, and while not in unanimous agreement, the critical importance of propellers for basic drone functionality justifies high confidence.",Stainless steel,0.775,Round 3 refinement with peer support: 1,722000,China,tons,23282553.0,51.4,0.93,China dominates global stainless steel production based on recent industry reports and production statistics from the China Iron & Steel Association (CISA).
MQ-9 Reaper Drone,Aviation Propellers,0.98,"High support from Agent1, and while not in unanimous agreement, the critical importance of propellers for basic drone functionality justifies high confidence.",Stainless steel,0.775,Round 3 refinement with peer support: 1,722000,Russia,tons,1952233.3333333333,5.23,0.783,Large nickel producing country with diversified mining operations. Data from the Federal Service for Supervision of Consumer Rights and Wellbeing.
MQ-9 Reaper Drone,Aviation Propellers,0.98,"High support from Agent1, and while not in unanimous agreement, the critical importance of propellers for basic drone functionality justifies high confidence.",Stainless steel,0.775,Round 3 refinement with peer support: 1,722000,India,metric tons,5600000.0,8.5,0.85,Multi-agent debate consensus
MQ-9 Reaper Drone,Aviation Propellers,0.98,"High support from Agent1, and while not in unanimous agreement, the critical importance of propellers for basic drone functionality justifies high confidence.",Stainless steel,0.775,Round 3 refinement with peer support: 1,722000,Japan,metric tons,5490000.0,7.5,0.9,Multi-agent debate consensus
MQ-9 Reaper Drone,Aviation Propellers,0.98,"High support from Agent1, and while not in unanimous agreement, the critical importance of propellers for basic drone functionality justifies high confidence.",Stainless steel,0.775,Round 3 refinement with peer support: 1,722000,Germany,metric tons,3667500.0,5.0,0.845,Multi-agent debate consensus
MQ-9 Reaper Drone,Aviation Propellers,0.98,"High support from Agent1, and while not in unanimous agreement, the critical importance of propellers for basic drone functionality justifies high confidence.",Aluminum,0.85,Round 3 refinement with peer support: 1,280300,CHINA,THOUSAND METRIC TONS,41000.0,58.57,0.95,USGS Mineral Commodity Summaries 2024/2023 - authoritative U.S. government production data with global coverage
MQ-9 Reaper Drone,Aviation Propellers,0.98,"High support from Agent1, and while not in unanimous agreement, the critical importance of propellers for basic drone functionality justifies high confidence.",Aluminum,0.85,Round 3 refinement with peer support: 1,280300,OTHER,THOUSAND METRIC TONS,7000.0,10.0,0.95,USGS Mineral Commodity Summaries 2024/2023 - authoritative U.S. government production data with global coverage
MQ-9 Reaper Drone,Aviation Propellers,0.98,"High support from Agent1, and while not in unanimous agreement, the critical importance of propellers for basic drone functionality justifies high confidence.",Aluminum,0.85,Round 3 refinement with peer support: 1,280300,INDIA,THOUSAND METRIC TONS,4100.0,5.86,0.95,USGS Mineral Commodity Summaries 2024/2023 - authoritative U.S. government production data with global coverage
MQ-9 Reaper Drone,Aviation Propellers,0.98,"High support from Agent1, and while not in unanimous agreement, the critical importance of propellers for basic drone functionality justifies high confidence.",Aluminum,0.85,Round 3 refinement with peer support: 1,280300,RUSSIA,THOUSAND METRIC TONS,3800.0,5.43,0.95,USGS Mineral Commodity Summaries 2024/2023 - authoritative U.S. government production data with global coverage
MQ-9 Reaper Drone,Aviation Propellers,0.98,"High support from Agent1, and while not in unanimous agreement, the critical importance of propellers for basic drone functionality justifies high confidence.",Aluminum,0.85,Round 3 refinement with peer support: 1,280300,CANADA,THOUSAND METRIC TONS,3000.0,4.29,0.95,USGS Mineral Commodity Summaries 2024/2023 - authoritative U.S. government production data with global coverage
MQ-9 Reaper Drone,Avionics,0.85,"Avionics encompass the integrated electronic systems including navigation, communication, and control surfaces that are vital for the operation of the MQ-9 Reaper Drone. While it is not as strongly supported by agents individually as other components, the combined confidence score reflects its critical nature.",Copper,0.7,Round 3 refinement with peer support: 0,740100,CHINA,THOUSAND METRIC TONS,1700.0,3.47,0.95,USGS Mineral Commodity Summaries 2024/2023 - authoritative U.S. government production data with global coverage
MQ-9 Reaper Drone,Avionics,0.85,"Avionics encompass the integrated electronic systems including navigation, communication, and control surfaces that are vital for the operation of the MQ-9 Reaper Drone. While it is not as strongly supported by agents individually as other components, the combined confidence score reflects its critical nature.",Copper,0.7,Round 3 refinement with peer support: 0,740100,CHILE,THOUSAND METRIC TONS,5000.0,10.2,0.95,USGS Mineral Commodity Summaries 2024/2023 - authoritative U.S. government production data with global coverage
MQ-9 Reaper Drone,Avionics,0.85,"Avionics encompass the integrated electronic systems including navigation, communication, and control surfaces that are vital for the operation of the MQ-9 Reaper Drone. While it is not as strongly supported by agents individually as other components, the combined confidence score reflects its critical nature.",Copper,0.7,Round 3 refinement with peer support: 0,740100,OTHER,THOUSAND METRIC TONS,3100.0,6.33,0.95,USGS Mineral Commodity Summaries 2024/2023 - authoritative U.S. government production data with global coverage
MQ-9 Reaper Drone,Avionics,0.85,"Avionics encompass the integrated electronic systems including navigation, communication, and control surfaces that are vital for the operation of the MQ-9 Reaper Drone. While it is not as strongly supported by agents individually as other components, the combined confidence score reflects its critical nature.",Copper,0.7,Round 3 refinement with peer support: 0,740100,CONGO,THOUSAND METRIC TONS,2500.0,5.1,0.95,USGS Mineral Commodity Summaries 2024/2023 - authoritative U.S. government production data with global coverage
MQ-9 Reaper Drone,Avionics,0.85,"Avionics encompass the integrated electronic systems including navigation, communication, and control surfaces that are vital for the operation of the MQ-9 Reaper Drone. While it is not as strongly supported by agents individually as other components, the combined confidence score reflects its critical nature.",Copper,0.7,Round 3 refinement with peer support: 0,740100,PERU,THOUSAND METRIC TONS,2600.0,5.31,0.95,USGS Mineral Commodity Summaries 2024/2023 - authoritative U.S. government production data with global coverage
MQ-9 Reaper Drone,Avionics,0.85,"Avionics encompass the integrated electronic systems including navigation, communication, and control surfaces that are vital for the operation of the MQ-9 Reaper Drone. While it is not as strongly supported by agents individually as other components, the combined confidence score reflects its critical nature.",Silver,0.7,Round 3 refinement with peer support: 0,710610,MEXICO,METRIC TONS,6400.0,24.62,0.95,USGS Mineral Commodity Summaries 2024/2023 - authoritative U.S. government production data with global coverage
MQ-9 Reaper Drone,Avionics,0.85,"Avionics encompass the integrated electronic systems including navigation, communication, and control surfaces that are vital for the operation of the MQ-9 Reaper Drone. While it is not as strongly supported by agents individually as other components, the combined confidence score reflects its critical nature.",Silver,0.7,Round 3 refinement with peer support: 0,710610,CHINA,METRIC TONS,3400.0,13.08,0.95,USGS Mineral Commodity Summaries 2024/2023 - authoritative U.S. government production data with global coverage
MQ-9 Reaper Drone,Avionics,0.85,"Avionics encompass the integrated electronic systems including navigation, communication, and control surfaces that are vital for the operation of the MQ-9 Reaper Drone. While it is not as strongly supported by agents individually as other components, the combined confidence score reflects its critical nature.",Silver,0.7,Round 3 refinement with peer support: 0,710610,PERU,METRIC TONS,3100.0,11.92,0.95,USGS Mineral Commodity Summaries 2024/2023 - authoritative U.S. government production data with global coverage
MQ-9 Reaper Drone,Avionics,0.85,"Avionics encompass the integrated electronic systems including navigation, communication, and control surfaces that are vital for the operation of the MQ-9 Reaper Drone. While it is not as strongly supported by agents individually as other components, the combined confidence score reflects its critical nature.",Silver,0.7,Round 3 refinement with peer support: 0,710610,OTHER,METRIC TONS,3000.0,11.54,0.95,USGS Mineral Commodity Summaries 2024/2023 - authoritative U.S. government production data with global coverage
MQ-9 Reaper Drone,Avionics,0.85,"Avionics encompass the integrated electronic systems including navigation, communication, and control surfaces that are vital for the operation of the MQ-9 Reaper Drone. While it is not as strongly supported by agents individually as other components, the combined confidence score reflects its critical nature.",Silver,0.7,Round 3 refinement with peer support: 0,710610,CHILE,METRIC TONS,1400.0,5.38,0.95,USGS Mineral Commodity Summaries 2024/2023 - authoritative U.S. government production data with global coverage
MQ-9 Reaper Drone,Avionics,0.85,"Avionics encompass the integrated electronic systems including navigation, communication, and control surfaces that are vital for the operation of the MQ-9 Reaper Drone. While it is not as strongly supported by agents individually as other components, the combined confidence score reflects its critical nature.",Bismuth telluride,0.7,Round 3 refinement with peer support: 0,284390,China,metric tons,1958.3333333333333,23.33,0.767,Multi-agent debate consensus
MQ-9 Reaper Drone,Avionics,0.85,"Avionics encompass the integrated electronic systems including navigation, communication, and control surfaces that are vital for the operation of the MQ-9 Reaper Drone. While it is not as strongly supported by agents individually as other components, the combined confidence score reflects its critical nature.",Bismuth telluride,0.7,Round 3 refinement with peer support: 0,284390,Russia,metric tons,380.0,6.67,0.75,Multi-agent debate consensus
MQ-9 Reaper Drone,Avionics,0.85,"Avionics encompass the integrated electronic systems including navigation, communication, and control surfaces that are vital for the operation of the MQ-9 Reaper Drone. While it is not as strongly supported by agents individually as other components, the combined confidence score reflects its critical nature.",Bismuth telluride,0.7,Round 3 refinement with peer support: 0,284390,Canada,metric tons,1339.3333333333333,8.27,0.75,Multi-agent debate consensus
MQ-9 Reaper Drone,Avionics,0.85,"Avionics encompass the integrated electronic systems including navigation, communication, and control surfaces that are vital for the operation of the MQ-9 Reaper Drone. While it is not as strongly supported by agents individually as other components, the combined confidence score reflects its critical nature.",Bismuth telluride,0.7,Round 3 refinement with peer support: 0,284390,United States,metric tons,325.0,15.0,0.8,Multi-agent debate consensus
MQ-9 Reaper Drone,Avionics,0.85,"Avionics encompass the integrated electronic systems including navigation, communication, and control surfaces that are vital for the operation of the MQ-9 Reaper Drone. While it is not as strongly supported by agents individually as other components, the combined confidence score reflects its critical nature.",Bismuth telluride,0.7,Round 3 refinement with peer support: 0,284390,Japan,metric tons,430.6666666666667,3.67,0.767,Multi-agent debate consensus
MQ-9 Reaper Drone,Avionics,0.85,"Avionics encompass the integrated electronic systems including navigation, communication, and control surfaces that are vital for the operation of the MQ-9 Reaper Drone. While it is not as strongly supported by agents individually as other components, the combined confidence score reflects its critical nature.",Aluminum nitride,0.7,Round 3 refinement with peer support: 0,285000,China,metric tons,12500.0,46.5,0.76,Multi-agent debate consensus
MQ-9 Reaper Drone,Avionics,0.85,"Avionics encompass the integrated electronic systems including navigation, communication, and control surfaces that are vital for the operation of the MQ-9 Reaper Drone. While it is not as strongly supported by agents individually as other components, the combined confidence score reflects its critical nature.",Aluminum nitride,0.7,Round 3 refinement with peer support: 0,285000,Japan,metric tons,14076.5,26.5,0.74,Multi-agent debate consensus
MQ-9 Reaper Drone,Avionics,0.85,"Avionics encompass the integrated electronic systems including navigation, communication, and control surfaces that are vital for the operation of the MQ-9 Reaper Drone. While it is not as strongly supported by agents individually as other components, the combined confidence score reflects its critical nature.",Aluminum nitride,0.7,Round 3 refinement with peer support: 0,285000,United States,metric tons,3226.5,7.5,0.71,Multi-agent debate consensus
MQ-9 Reaper Drone,Avionics,0.85,"Avionics encompass the integrated electronic systems including navigation, communication, and control surfaces that are vital for the operation of the MQ-9 Reaper Drone. While it is not as strongly supported by agents individually as other components, the combined confidence score reflects its critical nature.",Aluminum nitride,0.7,Round 3 refinement with peer support: 0,285000,South Korea,metric tons,8709.5,14.0,0.69,Multi-agent debate consensus
MQ-9 Reaper Drone,Avionics,0.85,"Avionics encompass the integrated electronic systems including navigation, communication, and control surfaces that are vital for the operation of the MQ-9 Reaper Drone. While it is not as strongly supported by agents individually as other components, the combined confidence score reflects its critical nature.",Aluminum nitride,0.7,Round 3 refinement with peer support: 0,285000,Germany,metric tons,2001.5,4.5,0.665,Multi-agent debate consensus
MQ-9 Reaper Drone,Propulsion System,0.95,The propulsion system includes the electric motors and associated components such as propellers and electronic speed controllers that are essential for the MQ-9 Reaper Drones to achieve stable flight. This is a multi-agent supported component with high confidence.,Stainless steel,0.85,Round 3 refinement with peer support: 1,722000,China,tons,23282553.0,51.4,0.93,China dominates global stainless steel production based on recent industry reports and production statistics from the China Iron & Steel Association (CISA).
MQ-9 Reaper Drone,Propulsion System,0.95,The propulsion system includes the electric motors and associated components such as propellers and electronic speed controllers that are essential for the MQ-9 Reaper Drones to achieve stable flight. This is a multi-agent supported component with high confidence.,Stainless steel,0.85,Round 3 refinement with peer support: 1,722000,Russia,tons,1952233.3333333333,5.23,0.783,Large nickel producing country with diversified mining operations. Data from the Federal Service for Supervision of Consumer Rights and Wellbeing.
MQ-9 Reaper Drone,Propulsion System,0.95,The propulsion system includes the electric motors and associated components such as propellers and electronic speed controllers that are essential for the MQ-9 Reaper Drones to achieve stable flight. This is a multi-agent supported component with high confidence.,Stainless steel,0.85,Round 3 refinement with peer support: 1,722000,India,metric tons,5600000.0,8.5,0.85,Multi-agent debate consensus
MQ-9 Reaper Drone,Propulsion System,0.95,The propulsion system includes the electric motors and associated components such as propellers and electronic speed controllers that are essential for the MQ-9 Reaper Drones to achieve stable flight. This is a multi-agent supported component with high confidence.,Stainless steel,0.85,Round 3 refinement with peer support: 1,722000,Japan,metric tons,5490000.0,7.5,0.9,Multi-agent debate consensus
MQ-9 Reaper Drone,Propulsion System,0.95,The propulsion system includes the electric motors and associated components such as propellers and electronic speed controllers that are essential for the MQ-9 Reaper Drones to achieve stable flight. This is a multi-agent supported component with high confidence.,Stainless steel,0.85,Round 3 refinement with peer support: 1,722000,Germany,metric tons,3667500.0,5.0,0.845,Multi-agent debate consensus
MQ-9 Reaper Drone,Propulsion System,0.95,The propulsion system includes the electric motors and associated components such as propellers and electronic speed controllers that are essential for the MQ-9 Reaper Drones to achieve stable flight. This is a multi-agent supported component with high confidence.,Aluminum,0.85,Round 3 refinement with peer support: 1,280300,CHINA,THOUSAND METRIC TONS,41000.0,58.57,0.95,USGS Mineral Commodity Summaries 2024/2023 - authoritative U.S. government production data with global coverage
MQ-9 Reaper Drone,Propulsion System,0.95,The propulsion system includes the electric motors and associated components such as propellers and electronic speed controllers that are essential for the MQ-9 Reaper Drones to achieve stable flight. This is a multi-agent supported component with high confidence.,Aluminum,0.85,Round 3 refinement with peer support: 1,280300,OTHER,THOUSAND METRIC TONS,7000.0,10.0,0.95,USGS Mineral Commodity Summaries 2024/2023 - authoritative U.S. government production data with global coverage
MQ-9 Reaper Drone,Propulsion System,0.95,The propulsion system includes the electric motors and associated components such as propellers and electronic speed controllers that are essential for the MQ-9 Reaper Drones to achieve stable flight. This is a multi-agent supported component with high confidence.,Aluminum,0.85,Round 3 refinement with peer support: 1,280300,INDIA,THOUSAND METRIC TONS,4100.0,5.86,0.95,USGS Mineral Commodity Summaries 2024/2023 - authoritative U.S. government production data with global coverage
MQ-9 Reaper Drone,Propulsion System,0.95,The propulsion system includes the electric motors and associated components such as propellers and electronic speed controllers that are essential for the MQ-9 Reaper Drones to achieve stable flight. This is a multi-agent supported component with high confidence.,Aluminum,0.85,Round 3 refinement with peer support: 1,280300,RUSSIA,THOUSAND METRIC TONS,3800.0,5.43,0.95,USGS Mineral Commodity Summaries 2024/2023 - authoritative U.S. government production data with global coverage
MQ-9 Reaper Drone,Propulsion System,0.95,The propulsion system includes the electric motors and associated components such as propellers and electronic speed controllers that are essential for the MQ-9 Reaper Drones to achieve stable flight. This is a multi-agent supported component with high confidence.,Aluminum,0.85,Round 3 refinement with peer support: 1,280300,CANADA,THOUSAND METRIC TONS,3000.0,4.29,0.95,USGS Mineral Commodity Summaries 2024/2023 - authoritative U.S. government production data with global coverage
MQ-9 Reaper Drone,Gnc System,0.95,Both Agents (Agent1 & Agent2) have included this component with high confidence; GNC is essential for precise positioning and guidance.,Stainless steel,0.7,Round 3 refinement with peer support: 0,722000,China,tons,23282553.0,51.4,0.93,China dominates global stainless steel production based on recent industry reports and production statistics from the China Iron & Steel Association (CISA).
MQ-9 Reaper Drone,Gnc System,0.95,Both Agents (Agent1 & Agent2) have included this component with high confidence; GNC is essential for precise positioning and guidance.,Stainless steel,0.7,Round 3 refinement with peer support: 0,722000,Russia,tons,1952233.3333333333,5.23,0.783,Large nickel producing country with diversified mining operations. Data from the Federal Service for Supervision of Consumer Rights and Wellbeing.
MQ-9 Reaper Drone,Gnc System,0.95,Both Agents (Agent1 & Agent2) have included this component with high confidence; GNC is essential for precise positioning and guidance.,Stainless steel,0.7,Round 3 refinement with peer support: 0,722000,India,metric tons,5600000.0,8.5,0.85,Multi-agent debate consensus
MQ-9 Reaper Drone,Gnc System,0.95,Both Agents (Agent1 & Agent2) have included this component with high confidence; GNC is essential for precise positioning and guidance.,Stainless steel,0.7,Round 3 refinement with peer support: 0,722000,Japan,metric tons,5490000.0,7.5,0.9,Multi-agent debate consensus
MQ-9 Reaper Drone,Gnc System,0.95,Both Agents (Agent1 & Agent2) have included this component with high confidence; GNC is essential for precise positioning and guidance.,Stainless steel,0.7,Round 3 refinement with peer support: 0,722000,Germany,metric tons,3667500.0,5.0,0.845,Multi-agent debate consensus
MQ-9 Reaper Drone,Gnc System,0.95,Both Agents (Agent1 & Agent2) have included this component with high confidence; GNC is essential for precise positioning and guidance.,Aluminum,0.7,Round 3 refinement with peer support: 0,280300,CHINA,THOUSAND METRIC TONS,41000.0,58.57,0.95,USGS Mineral Commodity Summaries 2024/2023 - authoritative U.S. government production data with global coverage
MQ-9 Reaper Drone,Gnc System,0.95,Both Agents (Agent1 & Agent2) have included this component with high confidence; GNC is essential for precise positioning and guidance.,Aluminum,0.7,Round 3 refinement with peer support: 0,280300,OTHER,THOUSAND METRIC TONS,7000.0,10.0,0.95,USGS Mineral Commodity Summaries 2024/2023 - authoritative U.S. government production data with global coverage
MQ-9 Reaper Drone,Gnc System,0.95,Both Agents (Agent1 & Agent2) have included this component with high confidence; GNC is essential for precise positioning and guidance.,Aluminum,0.7,Round 3 refinement with peer support: 0,280300,INDIA,THOUSAND METRIC TONS,4100.0,5.86,0.95,USGS Mineral Commodity Summaries 2024/2023 - authoritative U.S. government production data with global coverage
MQ-9 Reaper Drone,Gnc System,0.95,Both Agents (Agent1 & Agent2) have included this component with high confidence; GNC is essential for precise positioning and guidance.,Aluminum,0.7,Round 3 refinement with peer support: 0,280300,RUSSIA,THOUSAND METRIC TONS,3800.0,5.43,0.95,USGS Mineral Commodity Summaries 2024/2023 - authoritative U.S. government production data with global coverage
MQ-9 Reaper Drone,Gnc System,0.95,Both Agents (Agent1 & Agent2) have included this component with high confidence; GNC is essential for precise positioning and guidance.,Aluminum,0.7,Round 3 refinement with peer support: 0,280300,CANADA,THOUSAND METRIC TONS,3000.0,4.29,0.95,USGS Mineral Commodity Summaries 2024/2023 - authoritative U.S. government production data with global coverage
MQ-9 Reaper Drone,Digital Autopilot Systems,0.93,"Support from both Agent1 and Agent2; this system is critical for drone operation, especially for stabilization and guidance during flight.",Copper,0.85,Round 3 refinement with peer support: 1,740100,CHINA,THOUSAND METRIC TONS,1700.0,3.47,0.95,USGS Mineral Commodity Summaries 2024/2023 - authoritative U.S. government production data with global coverage
MQ-9 Reaper Drone,Digital Autopilot Systems,0.93,"Support from both Agent1 and Agent2; this system is critical for drone operation, especially for stabilization and guidance during flight.",Copper,0.85,Round 3 refinement with peer support: 1,740100,CHILE,THOUSAND METRIC TONS,5000.0,10.2,0.95,USGS Mineral Commodity Summaries 2024/2023 - authoritative U.S. government production data with global coverage
MQ-9 Reaper Drone,Digital Autopilot Systems,0.93,"Support from both Agent1 and Agent2; this system is critical for drone operation, especially for stabilization and guidance during flight.",Copper,0.85,Round 3 refinement with peer support: 1,740100,OTHER,THOUSAND METRIC TONS,3100.0,6.33,0.95,USGS Mineral Commodity Summaries 2024/2023 - authoritative U.S. government production data with global coverage
MQ-9 Reaper Drone,Digital Autopilot Systems,0.93,"Support from both Agent1 and Agent2; this system is critical for drone operation, especially for stabilization and guidance during flight.",Copper,0.85,Round 3 refinement with peer support: 1,740100,CONGO,THOUSAND METRIC TONS,2500.0,5.1,0.95,USGS Mineral Commodity Summaries 2024/2023 - authoritative U.S. government production data with global coverage
MQ-9 Reaper Drone,Digital Autopilot Systems,0.93,"Support from both Agent1 and Agent2; this system is critical for drone operation, especially for stabilization and guidance during flight.",Copper,0.85,Round 3 refinement with peer support: 1,740100,PERU,THOUSAND METRIC TONS,2600.0,5.31,0.95,USGS Mineral Commodity Summaries 2024/2023 - authoritative U.S. government production data with global coverage
MQ-9 Reaper Drone,Digital Autopilot Systems,0.93,"Support from both Agent1 and Agent2; this system is critical for drone operation, especially for stabilization and guidance during flight.",Silver,0.7,Round 3 refinement with peer support: 0,710610,MEXICO,METRIC TONS,6400.0,24.62,0.95,USGS Mineral Commodity Summaries 2024/2023 - authoritative U.S. government production data with global coverage
MQ-9 Reaper Drone,Digital Autopilot Systems,0.93,"Support from both Agent1 and Agent2; this system is critical for drone operation, especially for stabilization and guidance during flight.",Silver,0.7,Round 3 refinement with peer support: 0,710610,CHINA,METRIC TONS,3400.0,13.08,0.95,USGS Mineral Commodity Summaries 2024/2023 - authoritative U.S. government production data with global coverage
MQ-9 Reaper Drone,Digital Autopilot Systems,0.93,"Support from both Agent1 and Agent2; this system is critical for drone operation, especially for stabilization and guidance during flight.",Silver,0.7,Round 3 refinement with peer support: 0,710610,PERU,METRIC TONS,3100.0,11.92,0.95,USGS Mineral Commodity Summaries 2024/2023 - authoritative U.S. government production data with global coverage
MQ-9 Reaper Drone,Digital Autopilot Systems,0.93,"Support from both Agent1 and Agent2; this system is critical for drone operation, especially for stabilization and guidance during flight.",Silver,0.7,Round 3 refinement with peer support: 0,710610,OTHER,METRIC TONS,3000.0,11.54,0.95,USGS Mineral Commodity Summaries 2024/2023 - authoritative U.S. government production data with global coverage
MQ-9 Reaper Drone,Digital Autopilot Systems,0.93,"Support from both Agent1 and Agent2; this system is critical for drone operation, especially for stabilization and guidance during flight.",Silver,0.7,Round 3 refinement with peer support: 0,710610,CHILE,METRIC TONS,1400.0,5.38,0.95,USGS Mineral Commodity Summaries 2024/2023 - authoritative U.S. government production data with global coverage
MQ-9 Reaper Drone,Drone Propulsion Motors,0.92,Electric motors are a critical primary component of the MQ-9 Reaper Drone. They provide the necessary thrust for flight and are used in conjunction with other components like the propellers to enable vertical take-off and landing (VTOL) capabilities. This proposal is supported by two agents with a combined confidence score indicating strong agreement.,Stainless steel,0.7,Round 3 refinement with peer support: 0,722000,China,tons,23282553.0,51.4,0.93,China dominates global stainless steel production based on recent industry reports and production statistics from the China Iron & Steel Association (CISA).
MQ-9 Reaper Drone,Drone Propulsion Motors,0.92,Electric motors are a critical primary component of the MQ-9 Reaper Drone. They provide the necessary thrust for flight and are used in conjunction with other components like the propellers to enable vertical take-off and landing (VTOL) capabilities. This proposal is supported by two agents with a combined confidence score indicating strong agreement.,Stainless steel,0.7,Round 3 refinement with peer support: 0,722000,Russia,tons,1952233.3333333333,5.23,0.783,Large nickel producing country with diversified mining operations. Data from the Federal Service for Supervision of Consumer Rights and Wellbeing.
MQ-9 Reaper Drone,Drone Propulsion Motors,0.92,Electric motors are a critical primary component of the MQ-9 Reaper Drone. They provide the necessary thrust for flight and are used in conjunction with other components like the propellers to enable vertical take-off and landing (VTOL) capabilities. This proposal is supported by two agents with a combined confidence score indicating strong agreement.,Stainless steel,0.7,Round 3 refinement with peer support: 0,722000,India,metric tons,5600000.0,8.5,0.85,Multi-agent debate consensus
MQ-9 Reaper Drone,Drone Propulsion Motors,0.92,Electric motors are a critical primary component of the MQ-9 Reaper Drone. They provide the necessary thrust for flight and are used in conjunction with other components like the propellers to enable vertical take-off and landing (VTOL) capabilities. This proposal is supported by two agents with a combined confidence score indicating strong agreement.,Stainless steel,0.7,Round 3 refinement with peer support: 0,722000,Japan,metric tons,5490000.0,7.5,0.9,Multi-agent debate consensus
MQ-9 Reaper Drone,Drone Propulsion Motors,0.92,Electric motors are a critical primary component of the MQ-9 Reaper Drone. They provide the necessary thrust for flight and are used in conjunction with other components like the propellers to enable vertical take-off and landing (VTOL) capabilities. This proposal is supported by two agents with a combined confidence score indicating strong agreement.,Stainless steel,0.7,Round 3 refinement with peer support: 0,722000,Germany,metric tons,3667500.0,5.0,0.845,Multi-agent debate consensus
MQ-9 Reaper Drone,Inertial Measurement Unit,0.92,"Consensus on IMU's importance for navigation and orientation, though less critical than previously estimated due to potential redundancy with other systems.",Silicon,0.775,Round 3 refinement with peer support: 1,280469,CHINA,THOUSAND METRIC TONS,3600.0,40.0,0.95,USGS Mineral Commodity Summaries 2024/2023 - authoritative U.S. government production data with global coverage
MQ-9 Reaper Drone,Inertial Measurement Unit,0.92,"Consensus on IMU's importance for navigation and orientation, though less critical than previously estimated due to potential redundancy with other systems.",Silicon,0.775,Round 3 refinement with peer support: 1,280469,RUSSIA,THOUSAND METRIC TONS,570.0,6.33,0.95,USGS Mineral Commodity Summaries 2024/2023 - authoritative U.S. government production data with global coverage
MQ-9 Reaper Drone,Inertial Measurement Unit,0.92,"Consensus on IMU's importance for navigation and orientation, though less critical than previously estimated due to potential redundancy with other systems.",Silicon,0.775,Round 3 refinement with peer support: 1,280469,BRAZIL,THOUSAND METRIC TONS,190.0,2.11,0.95,USGS Mineral Commodity Summaries 2024/2023 - authoritative U.S. government production data with global coverage
MQ-9 Reaper Drone,Inertial Measurement Unit,0.92,"Consensus on IMU's importance for navigation and orientation, though less critical than previously estimated due to potential redundancy with other systems.",Silicon,0.775,Round 3 refinement with peer support: 1,280469,NORWAY,THOUSAND METRIC TONS,200.0,2.22,0.95,USGS Mineral Commodity Summaries 2024/2023 - authoritative U.S. government production data with global coverage
MQ-9 Reaper Drone,Inertial Measurement Unit,0.92,"Consensus on IMU's importance for navigation and orientation, though less critical than previously estimated due to potential redundancy with other systems.",Silicon,0.775,Round 3 refinement with peer support: 1,280469,OTHER,THOUSAND METRIC TONS,100.0,1.11,0.95,USGS Mineral Commodity Summaries 2024/2023 - authoritative U.S. government production data with global coverage
MQ-9 Reaper Drone,Inertial Measurement Unit,0.92,"Consensus on IMU's importance for navigation and orientation, though less critical than previously estimated due to potential redundancy with other systems.",Stainless steel,0.7,Round 3 refinement with peer support: 0,722000,China,tons,23282553.0,51.4,0.93,China dominates global stainless steel production based on recent industry reports and production statistics from the China Iron & Steel Association (CISA).
MQ-9 Reaper Drone,Inertial Measurement Unit,0.92,"Consensus on IMU's importance for navigation and orientation, though less critical than previously estimated due to potential redundancy with other systems.",Stainless steel,0.7,Round 3 refinement with peer support: 0,722000,Russia,tons,1952233.3333333333,5.23,0.783,Large nickel producing country with diversified mining operations. Data from the Federal Service for Supervision of Consumer Rights and Wellbeing.
MQ-9 Reaper Drone,Inertial Measurement Unit,0.92,"Consensus on IMU's importance for navigation and orientation, though less critical than previously estimated due to potential redundancy with other systems.",Stainless steel,0.7,Round 3 refinement with peer support: 0,722000,India,metric tons,5600000.0,8.5,0.85,Multi-agent debate consensus
MQ-9 Reaper Drone,Inertial Measurement Unit,0.92,"Consensus on IMU's importance for navigation and orientation, though less critical than previously estimated due to potential redundancy with other systems.",Stainless steel,0.7,Round 3 refinement with peer support: 0,722000,Japan,metric tons,5490000.0,7.5,0.9,Multi-agent debate consensus
MQ-9 Reaper Drone,Inertial Measurement Unit,0.92,"Consensus on IMU's importance for navigation and orientation, though less critical than previously estimated due to potential redundancy with other systems.",Stainless steel,0.7,Round 3 refinement with peer support: 0,722000,Germany,metric tons,3667500.0,5.0,0.845,Multi-agent debate consensus
MQ-9 Reaper Drone,Inertial Measurement Unit,0.92,"Consensus on IMU's importance for navigation and orientation, though less critical than previously estimated due to potential redundancy with other systems.",Aluminum nitride,0.7,Round 3 refinement with peer support: 0,285000,China,metric tons,12500.0,46.5,0.76,Multi-agent debate consensus
MQ-9 Reaper Drone,Inertial Measurement Unit,0.92,"Consensus on IMU's importance for navigation and orientation, though less critical than previously estimated due to potential redundancy with other systems.",Aluminum nitride,0.7,Round 3 refinement with peer support: 0,285000,Japan,metric tons,14076.5,26.5,0.74,Multi-agent debate consensus
MQ-9 Reaper Drone,Inertial Measurement Unit,0.92,"Consensus on IMU's importance for navigation and orientation, though less critical than previously estimated due to potential redundancy with other systems.",Aluminum nitride,0.7,Round 3 refinement with peer support: 0,285000,United States,metric tons,3226.5,7.5,0.71,Multi-agent debate consensus
MQ-9 Reaper Drone,Inertial Measurement Unit,0.92,"Consensus on IMU's importance for navigation and orientation, though less critical than previously estimated due to potential redundancy with other systems.",Aluminum nitride,0.7,Round 3 refinement with peer support: 0,285000,South Korea,metric tons,8709.5,14.0,0.69,Multi-agent debate consensus
MQ-9 Reaper Drone,Inertial Measurement Unit,0.92,"Consensus on IMU's importance for navigation and orientation, though less critical than previously estimated due to potential redundancy with other systems.",Aluminum nitride,0.7,Round 3 refinement with peer support: 0,285000,Germany,metric tons,2001.5,4.5,0.665,Multi-agent debate consensus
Javelin Anti-Tank Missile,Warhead,1.0,Strong consensus among peers (2 in agreement) confirms this as a primary component with high certainty.,Aluminum,0.7,Round 3 refinement with peer support: 0,280300,CHINA,THOUSAND METRIC TONS,41000.0,58.57,0.95,USGS Mineral Commodity Summaries 2024/2023 - authoritative U.S. government production data with global coverage
Javelin Anti-Tank Missile,Warhead,1.0,Strong consensus among peers (2 in agreement) confirms this as a primary component with high certainty.,Aluminum,0.7,Round 3 refinement with peer support: 0,280300,OTHER,THOUSAND METRIC TONS,7000.0,10.0,0.95,USGS Mineral Commodity Summaries 2024/2023 - authoritative U.S. government production data with global coverage
Javelin Anti-Tank Missile,Warhead,1.0,Strong consensus among peers (2 in agreement) confirms this as a primary component with high certainty.,Aluminum,0.7,Round 3 refinement with peer support: 0,280300,INDIA,THOUSAND METRIC TONS,4100.0,5.86,0.95,USGS Mineral Commodity Summaries 2024/2023 - authoritative U.S. government production data with global coverage
Javelin Anti-Tank Missile,Warhead,1.0,Strong consensus among peers (2 in agreement) confirms this as a primary component with high certainty.,Aluminum,0.7,Round 3 refinement with peer support: 0,280300,RUSSIA,THOUSAND METRIC TONS,3800.0,5.43,0.95,USGS Mineral Commodity Summaries 2024/2023 - authoritative U.S. government production data with global coverage
Javelin Anti-Tank Missile,Warhead,1.0,Strong consensus among peers (2 in agreement) confirms this as a primary component with high certainty.,Aluminum,0.7,Round 3 refinement with peer support: 0,280300,CANADA,THOUSAND METRIC TONS,3000.0,4.29,0.95,USGS Mineral Commodity Summaries 2024/2023 - authoritative U.S. government production data with global coverage
Javelin Anti-Tank Missile,Warhead,1.0,Strong consensus among peers (2 in agreement) confirms this as a primary component with high certainty.,Boron carbide,0.7,Round 3 refinement with peer support: 0,284920,United States,metric tons,1083.3333333333333,36.67,0.75,Multi-agent debate consensus
Javelin Anti-Tank Missile,Warhead,1.0,Strong consensus among peers (2 in agreement) confirms this as a primary component with high certainty.,Boron carbide,0.7,Round 3 refinement with peer support: 0,284920,Japan,metric tons,382.3333333333333,15.0,0.783,Significant player in manufacturing due to demand from ceramic and composite sectors; industry data.
Javelin Anti-Tank Missile,Warhead,1.0,Strong consensus among peers (2 in agreement) confirms this as a primary component with high certainty.,Boron carbide,0.7,Round 3 refinement with peer support: 0,284920,China,metric tons,483.3333333333333,27.33,0.733,Second-largest producer globally with substantial production capacity based on industry reports.
Javelin Anti-Tank Missile,Warhead,1.0,Strong consensus among peers (2 in agreement) confirms this as a primary component with high certainty.,Boron carbide,0.7,Round 3 refinement with peer support: 0,284920,Germany,metric tons,144.66666666666666,6.07,0.75,Multi-agent debate consensus
Javelin Anti-Tank Missile,Warhead,1.0,Strong consensus among peers (2 in agreement) confirms this as a primary component with high certainty.,Boron carbide,0.7,Round 3 refinement with peer support: 0,284920,South Korea,metric tons,96.66666666666667,4.23,0.667,Multi-agent debate consensus
Javelin Anti-Tank Missile,Warhead,1.0,Strong consensus among peers (2 in agreement) confirms this as a primary component with high certainty.,Antimony,0.7,Round 3 refinement with peer support: 0,811100,CHINA,METRIC TONS,40000.0,48.19,0.95,USGS Mineral Commodity Summaries 2024/2023 - authoritative U.S. government production data with global coverage
Javelin Anti-Tank Missile,Warhead,1.0,Strong consensus among peers (2 in agreement) confirms this as a primary component with high certainty.,Antimony,0.7,Round 3 refinement with peer support: 0,811100,TAJIKISTAN,METRIC TONS,21000.0,25.3,0.95,USGS Mineral Commodity Summaries 2024/2023 - authoritative U.S. government production data with global coverage
Javelin Anti-Tank Missile,Warhead,1.0,Strong consensus among peers (2 in agreement) confirms this as a primary component with high certainty.,Antimony,0.7,Round 3 refinement with peer support: 0,811100,TURKEY,METRIC TONS,6000.0,7.23,0.95,USGS Mineral Commodity Summaries 2024/2023 - authoritative U.S. government production data with global coverage
Javelin Anti-Tank Missile,Warhead,1.0,Strong consensus among peers (2 in agreement) confirms this as a primary component with high certainty.,Antimony,0.7,Round 3 refinement with peer support: 0,811100,BURMA,METRIC TONS,4600.0,5.54,0.95,USGS Mineral Commodity Summaries 2024/2023 - authoritative U.S. government production data with global coverage
Javelin Anti-Tank Missile,Warhead,1.0,Strong consensus among peers (2 in agreement) confirms this as a primary component with high certainty.,Antimony,0.7,Round 3 refinement with peer support: 0,811100,RUSSIA,METRIC TONS,4300.0,5.18,0.95,USGS Mineral Commodity Summaries 2024/2023 - authoritative U.S. government production data with global coverage
Javelin Anti-Tank Missile,Warhead,1.0,Strong consensus among peers (2 in agreement) confirms this as a primary component with high certainty.,Bismuth telluride,0.7,Round 3 refinement with peer support: 0,284390,China,metric tons,1958.3333333333333,23.33,0.767,Multi-agent debate consensus
Javelin Anti-Tank Missile,Warhead,1.0,Strong consensus among peers (2 in agreement) confirms this as a primary component with high certainty.,Bismuth telluride,0.7,Round 3 refinement with peer support: 0,284390,Russia,metric tons,380.0,6.67,0.75,Multi-agent debate consensus
Javelin Anti-Tank Missile,Warhead,1.0,Strong consensus among peers (2 in agreement) confirms this as a primary component with high certainty.,Bismuth telluride,0.7,Round 3 refinement with peer support: 0,284390,Canada,metric tons,1339.3333333333333,8.27,0.75,Multi-agent debate consensus
Javelin Anti-Tank Missile,Warhead,1.0,Strong consensus among peers (2 in agreement) confirms this as a primary component with high certainty.,Bismuth telluride,0.7,Round 3 refinement with peer support: 0,284390,United States,metric tons,325.0,15.0,0.8,Multi-agent debate consensus
Javelin Anti-Tank Missile,Warhead,1.0,Strong consensus among peers (2 in agreement) confirms this as a primary component with high certainty.,Bismuth telluride,0.7,Round 3 refinement with peer support: 0,284390,Japan,metric tons,430.6666666666667,3.67,0.767,Multi-agent debate consensus
Javelin Anti-Tank Missile,Guidance System,1.0,Strong consensus among peers (2 in agreement) confirms this as a primary component with high certainty.,Silicon,0.7,Round 3 refinement with peer support: 0,280469,CHINA,THOUSAND METRIC TONS,3600.0,40.0,0.95,USGS Mineral Commodity Summaries 2024/2023 - authoritative U.S. government production data with global coverage
Javelin Anti-Tank Missile,Guidance System,1.0,Strong consensus among peers (2 in agreement) confirms this as a primary component with high certainty.,Silicon,0.7,Round 3 refinement with peer support: 0,280469,RUSSIA,THOUSAND METRIC TONS,570.0,6.33,0.95,USGS Mineral Commodity Summaries 2024/2023 - authoritative U.S. government production data with global coverage
Javelin Anti-Tank Missile,Guidance System,1.0,Strong consensus among peers (2 in agreement) confirms this as a primary component with high certainty.,Silicon,0.7,Round 3 refinement with peer support: 0,280469,BRAZIL,THOUSAND METRIC TONS,190.0,2.11,0.95,USGS Mineral Commodity Summaries 2024/2023 - authoritative U.S. government production data with global coverage
Javelin Anti-Tank Missile,Guidance System,1.0,Strong consensus among peers (2 in agreement) confirms this as a primary component with high certainty.,Silicon,0.7,Round 3 refinement with peer support: 0,280469,NORWAY,THOUSAND METRIC TONS,200.0,2.22,0.95,USGS Mineral Commodity Summaries 2024/2023 - authoritative U.S. government production data with global coverage
Javelin Anti-Tank Missile,Guidance System,1.0,Strong consensus among peers (2 in agreement) confirms this as a primary component with high certainty.,Silicon,0.7,Round 3 refinement with peer support: 0,280469,OTHER,THOUSAND METRIC TONS,100.0,1.11,0.95,USGS Mineral Commodity Summaries 2024/2023 - authoritative U.S. government production data with global coverage
Javelin Anti-Tank Missile,Guidance System,1.0,Strong consensus among peers (2 in agreement) confirms this as a primary component with high certainty.,Aluminum,0.7,Round 3 refinement with peer support: 0,280300,CHINA,THOUSAND METRIC TONS,41000.0,58.57,0.95,USGS Mineral Commodity Summaries 2024/2023 - authoritative U.S. government production data with global coverage
Javelin Anti-Tank Missile,Guidance System,1.0,Strong consensus among peers (2 in agreement) confirms this as a primary component with high certainty.,Aluminum,0.7,Round 3 refinement with peer support: 0,280300,OTHER,THOUSAND METRIC TONS,7000.0,10.0,0.95,USGS Mineral Commodity Summaries 2024/2023 - authoritative U.S. government production data with global coverage
Javelin Anti-Tank Missile,Guidance System,1.0,Strong consensus among peers (2 in agreement) confirms this as a primary component with high certainty.,Aluminum,0.7,Round 3 refinement with peer support: 0,280300,INDIA,THOUSAND METRIC TONS,4100.0,5.86,0.95,USGS Mineral Commodity Summaries 2024/2023 - authoritative U.S. government production data with global coverage
Javelin Anti-Tank Missile,Guidance System,1.0,Strong consensus among peers (2 in agreement) confirms this as a primary component with high certainty.,Aluminum,0.7,Round 3 refinement with peer support: 0,280300,RUSSIA,THOUSAND METRIC TONS,3800.0,5.43,0.95,USGS Mineral Commodity Summaries 2024/2023 - authoritative U.S. government production data with global coverage
Javelin Anti-Tank Missile,Guidance System,1.0,Strong consensus among peers (2 in agreement) confirms this as a primary component with high certainty.,Aluminum,0.7,Round 3 refinement with peer support: 0,280300,CANADA,THOUSAND METRIC TONS,3000.0,4.29,0.95,USGS Mineral Commodity Summaries 2024/2023 - authoritative U.S. government production data with global coverage
Javelin Anti-Tank Missile,Guidance System,1.0,Strong consensus among peers (2 in agreement) confirms this as a primary component with high certainty.,Aluminum nitride,0.7,Round 3 refinement with peer support: 0,285000,China,metric tons,12500.0,46.5,0.76,Multi-agent debate consensus
Javelin Anti-Tank Missile,Guidance System,1.0,Strong consensus among peers (2 in agreement) confirms this as a primary component with high certainty.,Aluminum nitride,0.7,Round 3 refinement with peer support: 0,285000,Japan,metric tons,14076.5,26.5,0.74,Multi-agent debate consensus
Javelin Anti-Tank Missile,Guidance System,1.0,Strong consensus among peers (2 in agreement) confirms this as a primary component with high certainty.,Aluminum nitride,0.7,Round 3 refinement with peer support: 0,285000,United States,metric tons,3226.5,7.5,0.71,Multi-agent debate consensus
Javelin Anti-Tank Missile,Guidance System,1.0,Strong consensus among peers (2 in agreement) confirms this as a primary component with high certainty.,Aluminum nitride,0.7,Round 3 refinement with peer support: 0,285000,South Korea,metric tons,8709.5,14.0,0.69,Multi-agent debate consensus
Javelin Anti-Tank Missile,Guidance System,1.0,Strong consensus among peers (2 in agreement) confirms this as a primary component with high certainty.,Aluminum nitride,0.7,Round 3 refinement with peer support: 0,285000,Germany,metric tons,2001.5,4.5,0.665,Multi-agent debate consensus
